{
  "config": {
    "model_short": "llama",
    "task_name": "somo",
    "dataset": {
      "train": "cache/llama/somo_train/",
      "test": "cache/llama/somo_test/"
    },
    "mdl": {
      "batch_size": 64,
      "probe_type": "mlp",
      "probe_hidden_size": [
        6
      ],
      "num_classes": 2,
      "init_strategy": "gamma_second_zero",
      "init_gamma": 1.6,
      "optimizer": "adamw",
      "train_epochs": 10,
      "lr": 0.001,
      "seed": 42,
      "early_stopping_gap": 3,
      "split_num": 5,
      "split_ratio": 2.0
    },
    "out_dir": "init_results/llama/somo/hidden-6/seed-42/strategy-gamma_second_zero/gamma-1.6/opt-adamw/2026-04-25_03-11-21"
  },
  "train_meta": {
    "dataset": "compling/somo",
    "split": "train",
    "text_col": "text",
    "model": "meta-llama/Meta-Llama-3.1-8B",
    "max_len": 64,
    "hidden_size": 4096,
    "num_hidden_layers": 32,
    "num_states": 33,
    "memmap_file": "last_token_hidden_states.memmap",
    "dtype": "float32",
    "shape": [
      15000,
      33,
      4096
    ]
  },
  "test_meta": {
    "dataset": "compling/somo",
    "split": "test",
    "text_col": "text",
    "model": "meta-llama/Meta-Llama-3.1-8B",
    "max_len": 64,
    "hidden_size": 4096,
    "num_hidden_layers": 32,
    "num_states": 33,
    "memmap_file": "last_token_hidden_states.memmap",
    "dtype": "float32",
    "shape": [
      10000,
      33,
      4096
    ]
  },
  "splits": [
    484,
    968,
    1936,
    3872,
    7740
  ],
  "mdl_sum_ce": {
    "0": 10061.366182804108,
    "1": 10061.222875595093,
    "2": 10057.64444065094,
    "3": 10042.994556427002,
    "4": 9896.438003063202,
    "5": 9664.79888343811,
    "6": 9970.0650472641,
    "7": 9510.462525844574,
    "8": 9720.14933013916,
    "9": 9987.172400951385,
    "10": 8527.339221000671,
    "11": 8265.283950805664,
    "12": 8362.70903301239,
    "13": 8285.778039932251,
    "14": 9445.748784065247,
    "15": 8420.463180541992,
    "16": 8537.736220359802,
    "17": 8543.047472000122,
    "18": 8607.01497888565,
    "19": 8604.071901321411,
    "20": 8926.14733839035,
    "21": 8817.083463668823,
    "22": 8780.918310642242,
    "23": 8829.881285190582,
    "24": 8757.468906879425,
    "25": 9866.64516878128,
    "26": 8783.179975032806,
    "27": 9158.556076526642,
    "28": 8823.162799835205,
    "29": 9602.168943405151,
    "30": 9174.370484828949,
    "31": 8908.766167163849,
    "32": 8914.265358924866
  },
  "mdl_nll": {
    "0": 0.6931224981264885,
    "1": 0.6931126257643354,
    "2": 0.6928661091658129,
    "3": 0.6918568859484019,
    "4": 0.6817606780837147,
    "5": 0.6658031746650669,
    "6": 0.6868328084364907,
    "7": 0.6551710199672481,
    "8": 0.669616239331714,
    "9": 0.6880113254995444,
    "10": 0.5874441458391204,
    "11": 0.56939128897807,
    "12": 0.5761028542995584,
    "13": 0.570803116556369,
    "14": 0.6507129225726954,
    "15": 0.5800815087174147,
    "16": 0.5881603899393636,
    "17": 0.5885262794158255,
    "18": 0.5929329690607364,
    "19": 0.5927302219152254,
    "20": 0.6149178381365631,
    "21": 0.607404482203694,
    "22": 0.6049130828494242,
    "23": 0.6082861177452867,
    "24": 0.6032976651198281,
    "25": 0.6797082645895068,
    "26": 0.6050688877812624,
    "27": 0.6309283601905926,
    "28": 0.6078232846400665,
    "29": 0.6614886293335045,
    "30": 0.6320178068909444,
    "31": 0.6137204579198022,
    "32": 0.6140992944974418
  },
  "stopping_epochs_per_stage": {
    "0": [
      6,
      1,
      5,
      1
    ],
    "1": [
      1,
      1,
      3,
      1
    ],
    "2": [
      1,
      10,
      8,
      2
    ],
    "3": [
      7,
      1,
      3,
      10
    ],
    "4": [
      1,
      10,
      9,
      10
    ],
    "5": [
      10,
      10,
      10,
      10
    ],
    "6": [
      2,
      1,
      9,
      1
    ],
    "7": [
      5,
      1,
      10,
      9
    ],
    "8": [
      2,
      9,
      10,
      1
    ],
    "9": [
      6,
      10,
      1,
      1
    ],
    "10": [
      10,
      1,
      10,
      10
    ],
    "11": [
      10,
      10,
      10,
      10
    ],
    "12": [
      10,
      10,
      9,
      9
    ],
    "13": [
      10,
      10,
      9,
      9
    ],
    "14": [
      10,
      10,
      10,
      1
    ],
    "15": [
      10,
      10,
      10,
      10
    ],
    "16": [
      10,
      9,
      10,
      8
    ],
    "17": [
      1,
      10,
      10,
      10
    ],
    "18": [
      2,
      10,
      8,
      9
    ],
    "19": [
      10,
      9,
      10,
      8
    ],
    "20": [
      10,
      1,
      10,
      9
    ],
    "21": [
      9,
      1,
      10,
      9
    ],
    "22": [
      10,
      1,
      8,
      9
    ],
    "23": [
      1,
      10,
      10,
      10
    ],
    "24": [
      5,
      10,
      10,
      10
    ],
    "25": [
      6,
      1,
      9,
      1
    ],
    "26": [
      10,
      8,
      10,
      9
    ],
    "27": [
      9,
      10,
      1,
      8
    ],
    "28": [
      5,
      8,
      10,
      7
    ],
    "29": [
      4,
      9,
      10,
      1
    ],
    "30": [
      1,
      8,
      7,
      10
    ],
    "31": [
      8,
      1,
      9,
      9
    ],
    "32": [
      10,
      8,
      10,
      9
    ]
  },
  "test_acc": {
    "0": 0.5013,
    "1": 0.5013,
    "2": 0.5013,
    "3": 0.5519,
    "4": 0.6074,
    "5": 0.5013,
    "6": 0.5013,
    "7": 0.665,
    "8": 0.6951,
    "9": 0.7079,
    "10": 0.7254,
    "11": 0.7347,
    "12": 0.5013,
    "13": 0.7324,
    "14": 0.7299,
    "15": 0.7201,
    "16": 0.7254,
    "17": 0.7247,
    "18": 0.7229,
    "19": 0.7227,
    "20": 0.7217,
    "21": 0.7178,
    "22": 0.5013,
    "23": 0.6867,
    "24": 0.7091,
    "25": 0.695,
    "26": 0.6825,
    "27": 0.7034,
    "28": 0.7004,
    "29": 0.6783,
    "30": 0.5013,
    "31": 0.5013,
    "32": 0.6923
  },
  "test_loss": {
    "0": 0.6932809413909912,
    "1": 0.6931910762786865,
    "2": 0.6931969013214111,
    "3": 0.6850787117004394,
    "4": 0.6588584180831909,
    "5": 0.6932453548431396,
    "6": 0.6931512899398804,
    "7": 0.6152558898925782,
    "8": 0.5889317670822144,
    "9": 0.5767777456283569,
    "10": 0.5527906080245971,
    "11": 0.5389564182281494,
    "12": 0.693259389591217,
    "13": 0.5356073373317719,
    "14": 0.5418739256381988,
    "15": 0.5573495936393738,
    "16": 0.5563159509658814,
    "17": 0.5505356504917145,
    "18": 0.5532358029365539,
    "19": 0.5550815081119538,
    "20": 0.5589583753585815,
    "21": 0.5595451579093933,
    "22": 0.693209545135498,
    "23": 0.6151667894363403,
    "24": 0.5746556827545166,
    "25": 0.5874281579971313,
    "26": 0.5988376253128052,
    "27": 0.5747871412277221,
    "28": 0.5749355809211731,
    "29": 0.6280634292602539,
    "30": 0.6932108548164367,
    "31": 0.6931962732315063,
    "32": 0.5871081580638885
  },
  "drift_final_total_l2": {
    "0": 0.6737824082374573,
    "1": 0.6601364016532898,
    "2": 1.5407658815383911,
    "3": 8.626669883728027,
    "4": 13.182090759277344,
    "5": 0.7314040660858154,
    "6": 0.8708624839782715,
    "7": 9.94453239440918,
    "8": 9.212382316589355,
    "9": 11.819886207580566,
    "10": 11.311355590820312,
    "11": 11.42230224609375,
    "12": 0.7566199898719788,
    "13": 7.841732025146484,
    "14": 9.98430061340332,
    "15": 8.31231689453125,
    "16": 7.687372207641602,
    "17": 9.993597030639648,
    "18": 6.565254211425781,
    "19": 8.807311058044434,
    "20": 7.692977428436279,
    "21": 7.685336112976074,
    "22": 0.8373950123786926,
    "23": 8.511039733886719,
    "24": 5.817707061767578,
    "25": 9.35604476928711,
    "26": 7.480560779571533,
    "27": 6.8206329345703125,
    "28": 8.001047134399414,
    "29": 7.77482271194458,
    "30": 0.9415996074676514,
    "31": 0.7557405829429626,
    "32": 4.55854606628418
  },
  "probe_type": "mlp",
  "probe_hidden_size": [
    6
  ],