{
  "config": {
    "model_short": "llama",
    "task_name": "somo",
    "dataset": {
      "train": "cache/llama/somo_train/",
      "test": "cache/llama/somo_test/"
    },
    "mdl": {
      "batch_size": 64,
      "probe_type": "mlp",
      "probe_hidden_size": [
        2048
      ],
      "num_classes": 2,
      "init_strategy": "gamma",
      "init_gamma": 0.8,
      "optimizer": "adamw",
      "train_epochs": 10,
      "lr": 0.001,
      "seed": 242,
      "early_stopping_gap": 3,
      "split_num": 5,
      "split_ratio": 2.0
    },
    "out_dir": "init_results/llama/somo/hidden-2048/seed-242/strategy-gamma/gamma-0.8/opt-adamw/2026-04-22_03-37-37"
  },
  "train_meta": {
    "dataset": "compling/somo",
    "split": "train",
    "text_col": "text",
    "model": "meta-llama/Meta-Llama-3.1-8B",
    "max_len": 64,
    "hidden_size": 4096,
    "num_hidden_layers": 32,
    "num_states": 33,
    "memmap_file": "last_token_hidden_states.memmap",
    "dtype": "float32",
    "shape": [
      15000,
      33,
      4096
    ]
  },
  "test_meta": {
    "dataset": "compling/somo",
    "split": "test",
    "text_col": "text",
    "model": "meta-llama/Meta-Llama-3.1-8B",
    "max_len": 64,
    "hidden_size": 4096,
    "num_hidden_layers": 32,
    "num_states": 33,
    "memmap_file": "last_token_hidden_states.memmap",
    "dtype": "float32",
    "shape": [
      10000,
      33,
      4096
    ]
  },
  "splits": [
    484,
    968,
    1936,
    3872,
    7740
  ],
  "mdl_sum_ce": {
    "0": 10060.840213775635,
    "1": 10061.609683036804,
    "2": 10062.936314582825,
    "3": 10028.84869146347,
    "4": 9753.80124759674,
    "5": 9580.11229133606,
    "6": 9498.707480430603,
    "7": 9307.857022047043,
    "8": 8973.14858865738,
    "9": 8628.58379650116,
    "10": 8152.844557285309,
    "11": 8123.620019197464,
    "12": 8164.753249645233,
    "13": 8199.1850335598,
    "14": 8264.051076412201,
    "15": 8345.24194598198,
    "16": 8390.463991165161,
    "17": 8660.266358852386,
    "18": 8514.051093578339,
    "19": 8622.7496676445,
    "20": 8631.049818992615,
    "21": 8685.859202861786,
    "22": 8800.094022750854,
    "23": 8755.837859630585,
    "24": 8895.098753929138,
    "25": 8892.871181964874,
    "26": 8893.293749332428,
    "27": 8825.632225513458,
    "28": 8848.129758834839,
    "29": 8907.907974720001,
    "30": 8891.22427558899,
    "31": 8837.9992852211,
    "32": 9004.945994377136
  },
  "mdl_nll": {
    "0": 0.6930862643824494,
    "1": 0.6931392727360708,
    "2": 0.6932306637216055,
    "3": 0.6908823843664557,
    "4": 0.6719345031411367,
    "5": 0.6599691575734403,
    "6": 0.654361220751626,
    "7": 0.6412136278621551,
    "8": 0.6181557308251157,
    "9": 0.5944188341486056,
    "10": 0.5616453952387234,
    "11": 0.5596321313858821,
    "12": 0.5624657791158193,
    "13": 0.5648377675364976,
    "14": 0.5693063568760127,
    "15": 0.5748995553859175,
    "16": 0.5780148795236402,
    "17": 0.5966014300669872,
    "18": 0.5865287333685821,
    "19": 0.5940169239215005,
    "20": 0.5945887172080886,
    "21": 0.5983645083261081,
    "22": 0.6062340880925086,
    "23": 0.6031853030883566,
    "24": 0.6127789166388219,
    "25": 0.6126254603172275,
    "26": 0.6126545707724186,
    "27": 0.6079934021433906,
    "28": 0.6095432459930311,
    "29": 0.6136613374703775,
    "30": 0.6125120057584038,
    "31": 0.6088453627184555,
    "32": 0.620346238245876
  },
  "stopping_epochs_per_stage": {
    "0": [
      1,
      4,
      1,
      4
    ],
    "1": [
      2,
      1,
      2,
      5
    ],
    "2": [
      3,
      5,
      2,
      4
    ],
    "3": [
      3,
      1,
      2,
      6
    ],
    "4": [
      3,
      5,
      6,
      4
    ],
    "5": [
      4,
      2,
      5,
      6
    ],
    "6": [
      6,
      6,
      9,
      5
    ],
    "7": [
      10,
      9,
      5,
      5
    ],
    "8": [
      8,
      5,
      6,
      7
    ],
    "9": [
      9,
      4,
      2,
      2
    ],
    "10": [
      6,
      3,
      5,
      5
    ],
    "11": [
      6,
      4,
      5,
      6
    ],
    "12": [
      4,
      2,
      4,
      6
    ],
    "13": [
      3,
      2,
      3,
      4
    ],
    "14": [
      2,
      4,
      3,
      5
    ],
    "15": [
      3,
      2,
      4,
      7
    ],
    "16": [
      3,
      4,
      3,
      3
    ],
    "17": [
      2,
      4,
      6,
      7
    ],
    "18": [
      5,
      4,
      5,
      5
    ],
    "19": [
      5,
      7,
      5,
      6
    ],
    "20": [
      3,
      4,
      4,
      3
    ],
    "21": [
      5,
      5,
      5,
      4
    ],
    "22": [
      3,
      4,
      3,
      4
    ],
    "23": [
      3,
      5,
      4,
      3
    ],
    "24": [
      3,
      6,
      6,
      2
    ],
    "25": [
      3,
      5,
      5,
      6
    ],
    "26": [
      3,
      5,
      7,
      5
    ],
    "27": [
      3,
      4,
      4,
      7
    ],
    "28": [
      3,
      4,
      3,
      4
    ],
    "29": [
      4,
      3,
      4,
      3
    ],
    "30": [
      3,
      6,
      3,
      4
    ],
    "31": [
      3,
      5,
      4,
      3
    ],
    "32": [
      4,
      1,
      5,
      5
    ]
  },
  "test_acc": {
    "0": 0.5013,
    "1": 0.5046,
    "2": 0.5284,
    "3": 0.5419,
    "4": 0.6051,
    "5": 0.5967,
    "6": 0.6477,
    "7": 0.6679,
    "8": 0.6841,
    "9": 0.6741,
    "10": 0.729,
    "11": 0.7255,
    "12": 0.7243,
    "13": 0.7297,
    "14": 0.7085,
    "15": 0.7212,
    "16": 0.7154,
    "17": 0.6854,
    "18": 0.6813,
    "19": 0.7163,
    "20": 0.6935,
    "21": 0.7078,
    "22": 0.7099,
    "23": 0.7053,
    "24": 0.6881,
    "25": 0.7058,
    "26": 0.7015,
    "27": 0.6979,
    "28": 0.6489,
    "29": 0.6658,
    "30": 0.6952,
    "31": 0.7021,
    "32": 0.6775
  },
  "test_loss": {
    "0": 0.6932528841018677,
    "1": 0.6941642914772034,
    "2": 0.692486762714386,
    "3": 0.6914300242424011,
    "4": 0.6608934355735778,
    "5": 0.7057510080337525,
    "6": 0.6284541224479675,
    "7": 0.6182732800483703,
    "8": 0.6014403952598572,
    "9": 0.6383549401283264,
    "10": 0.5654318346977234,
    "11": 0.5642435704231262,
    "12": 0.5836777090549469,
    "13": 0.5586808845520019,
    "14": 0.647130326461792,
    "15": 0.5921775470256806,
    "16": 0.5857006885528564,
    "17": 0.6489398175239564,
    "18": 0.6013248644828796,
    "19": 0.5762355867385864,
    "20": 0.5918567597389222,
    "21": 0.584528169298172,
    "22": 0.5804183475017548,
    "23": 0.5867716060638428,
    "24": 0.6079228224754334,
    "25": 0.5866049998283386,
    "26": 0.5990526102542877,
    "27": 0.6026192343711853,
    "28": 0.6879135035037994,
    "29": 0.6177507463455201,
    "30": 0.599708412361145,
    "31": 0.5832064079284668,
    "32": 0.6105835289001464
  },
  "drift_final_total_l2": {
    "0": 13.443812370300293,
    "1": 25.130126953125,
    "2": 31.291584014892578,
    "3": 44.95869827270508,
    "4": 32.75575637817383,
    "5": 51.939815521240234,
    "6": 27.448911666870117,
    "7": 44.83155822753906,
    "8": 48.69956970214844,
    "9": 60.04615783691406,
    "10": 69.09849548339844,
    "11": 71.20817565917969,
    "12": 70.69275665283203,
    "13": 62.22459411621094,
    "14": 66.2297592163086,
    "15": 59.3858642578125,
    "16": 56.97500991821289,
    "17": 53.45823287963867,
    "18": 45.654476165771484,
    "19": 50.03997802734375,
    "20": 44.508941650390625,
    "21": 37.02505874633789,
    "22": 34.0224723815918,
    "23": 38.921077728271484,
    "24": 41.8905029296875,
    "25": 34.878414154052734,
    "26": 37.16483688354492,
    "27": 30.046682357788086,
    "28": 36.17383575439453,
    "29": 29.76627540588379,
    "30": 30.853031158447266,
    "31": 22.621234893798828,
    "32": 31.43006706237793
  },
  "probe_type": "mlp",
  "probe_hidden_size": [
    2048
  ],
  "init_strategy": "gamma",
  "init_gamma": 0.8,
  "effective_lr": 0.001,
  "lr_scaling_rule": "base_lr",