{
  "config": {
    "model_short": "llama",
    "task_name": "somo",
    "dataset": {
      "train": "cache/llama/somo_train/",
      "test": "cache/llama/somo_test/"
    },
    "mdl": {
      "batch_size": 64,
      "probe_type": "mlp",
      "probe_hidden_size": [
        512
      ],
      "num_classes": 2,
      "init_strategy": "gamma",
      "init_gamma": 0.6,
      "optimizer": "adamw",
      "train_epochs": 10,
      "lr": 0.001,
      "seed": 242,
      "early_stopping_gap": 3,
      "split_num": 5,
      "split_ratio": 2.0
    },
    "out_dir": "init_results/llama/somo/hidden-512/seed-242/strategy-gamma/gamma-0.6/opt-adamw/2026-04-22_02-57-41"
  },
  "train_meta": {
    "dataset": "compling/somo",
    "split": "train",
    "text_col": "text",
    "model": "meta-llama/Meta-Llama-3.1-8B",
    "max_len": 64,
    "hidden_size": 4096,
    "num_hidden_layers": 32,
    "num_states": 33,
    "memmap_file": "last_token_hidden_states.memmap",
    "dtype": "float32",
    "shape": [
      15000,
      33,
      4096
    ]
  },
  "test_meta": {
    "dataset": "compling/somo",
    "split": "test",
    "text_col": "text",
    "model": "meta-llama/Meta-Llama-3.1-8B",
    "max_len": 64,
    "hidden_size": 4096,
    "num_hidden_layers": 32,
    "num_states": 33,
    "memmap_file": "last_token_hidden_states.memmap",
    "dtype": "float32",
    "shape": [
      10000,
      33,
      4096
    ]
  },
  "splits": [
    484,
    968,
    1936,
    3872,
    7740
  ],
  "mdl_sum_ce": {
    "0": 10061.189572811127,
    "1": 10063.092434883118,
    "2": 10059.330750465393,
    "3": 10015.70655965805,
    "4": 9757.939063072205,
    "5": 9576.895812034607,
    "6": 9458.61244058609,
    "7": 9265.44429397583,
    "8": 9063.068997383118,
    "9": 8576.803819656372,
    "10": 8141.4664578437805,
    "11": 8123.653420686722,
    "12": 8096.893712759018,
    "13": 8186.901850938797,
    "14": 8263.630259037018,
    "15": 8530.175542354584,
    "16": 8490.413908958435,
    "17": 8513.542096614838,
    "18": 8512.709227085114,
    "19": 8653.173752307892,
    "20": 8666.912384986877,
    "21": 8665.10774230957,
    "22": 8761.164009571075,
    "23": 8777.745938777924,
    "24": 8767.612926483154,
    "25": 8837.841549396515,
    "26": 8845.09750032425,
    "27": 8793.561896800995,
    "28": 8850.200891494751,
    "29": 8883.484916687012,
    "30": 8842.20066165924,
    "31": 8803.59257531166,
    "32": 9032.794312477112
  },
  "mdl_nll": {
    "0": 0.6931103315521581,
    "1": 0.693241418771226,
    "2": 0.6929822782078667,
    "3": 0.6899770294611498,
    "4": 0.6722195551854646,
    "5": 0.6597475759186144,
    "6": 0.6515990934545391,
    "7": 0.638291836179101,
    "8": 0.6243503029335298,
    "9": 0.5908517373695489,
    "10": 0.5608615636431372,
    "11": 0.5596344323978177,
    "12": 0.5577909694653498,
    "13": 0.5639915852120968,
    "14": 0.5692773669769232,
    "15": 0.5876395386025478,
    "16": 0.584900379509399,
    "17": 0.5864936688216339,
    "18": 0.5864362928551332,
    "19": 0.5961128239396454,
    "20": 0.5970592714926204,
    "21": 0.5969349505586643,
    "22": 0.6035522189012865,
    "23": 0.6046945397339435,
    "24": 0.6039964815708979,
    "25": 0.6088344963761722,
    "26": 0.6093343552166057,
    "27": 0.6057840931937858,
    "28": 0.6096859252889743,
    "29": 0.6119788451837291,
    "30": 0.6091347934458006,
    "31": 0.6064751016334845,
    "32": 0.6222646949901565
  },
  "stopping_epochs_per_stage": {
    "0": [
      1,
      4,
      1,
      1
    ],
    "1": [
      2,
      3,
      1,
      3
    ],
    "2": [
      2,
      1,
      2,
      1
    ],
    "3": [
      2,
      4,
      2,
      5
    ],
    "4": [
      2,
      3,
      6,
      5
    ],
    "5": [
      7,
      9,
      5,
      4
    ],
    "6": [
      5,
      10,
      10,
      9
    ],
    "7": [
      3,
      5,
      5,
      5
    ],
    "8": [
      6,
      7,
      1,
      5
    ],
    "9": [
      8,
      5,
      5,
      5
    ],
    "10": [
      8,
      4,
      6,
      2
    ],
    "11": [
      5,
      8,
      3,
      4
    ],
    "12": [
      8,
      4,
      5,
      7
    ],
    "13": [
      7,
      2,
      4,
      5
    ],
    "14": [
      5,
      3,
      5,
      3
    ],
    "15": [
      9,
      3,
      2,
      1
    ],
    "16": [
      3,
      5,
      2,
      5
    ],
    "17": [
      6,
      4,
      2,
      7
    ],
    "18": [
      8,
      5,
      4,
      4
    ],
    "19": [
      5,
      5,
      7,
      2
    ],
    "20": [
      4,
      4,
      6,
      3
    ],
    "21": [
      7,
      3,
      6,
      5
    ],
    "22": [
      4,
      4,
      6,
      2
    ],
    "23": [
      4,
      6,
      4,
      6
    ],
    "24": [
      1,
      5,
      6,
      6
    ],
    "25": [
      5,
      6,
      4,
      6
    ],
    "26": [
      2,
      5,
      4,
      4
    ],
    "27": [
      4,
      5,
      4,
      5
    ],
    "28": [
      5,
      5,
      3,
      4
    ],
    "29": [
      6,
      5,
      5,
      2
    ],
    "30": [
      2,
      6,
      5,
      6
    ],
    "31": [
      4,
      3,
      5,
      5
    ],
    "32": [
      5,
      2,
      5,
      2
    ]
  },
  "test_acc": {
    "0": 0.5013,
    "1": 0.5008,
    "2": 0.5259,
    "3": 0.546,
    "4": 0.5749,
    "5": 0.6293,
    "6": 0.6453,
    "7": 0.6172,
    "8": 0.6866,
    "9": 0.7051,
    "10": 0.7263,
    "11": 0.7301,
    "12": 0.7209,
    "13": 0.7266,
    "14": 0.7274,
    "15": 0.7197,
    "16": 0.7239,
    "17": 0.694,
    "18": 0.7127,
    "19": 0.705,
    "20": 0.7157,
    "21": 0.7141,
    "22": 0.711,
    "23": 0.6696,
    "24": 0.7057,
    "25": 0.7018,
    "26": 0.6998,
    "27": 0.6391,
    "28": 0.6663,
    "29": 0.6866,
    "30": 0.6881,
    "31": 0.6885,
    "32": 0.6749
  },
  "test_loss": {
    "0": 0.6931388108253479,
    "1": 0.6934149930000305,
    "2": 0.6949493256568908,
    "3": 0.6892491060256958,
    "4": 0.7041779146194458,
    "5": 0.654794156074524,
    "6": 0.6332302125930787,
    "7": 0.6619838138580322,
    "8": 0.6062820261955261,
    "9": 0.5845923456192017,
    "10": 0.5619755662441254,
    "11": 0.5559885107517243,
    "12": 0.578899503660202,
    "13": 0.5504239839553833,
    "14": 0.5704829617500305,
    "15": 0.5880913975715637,
    "16": 0.5590195140838623,
    "17": 0.586352056312561,
    "18": 0.5693064909934997,
    "19": 0.6011682588577271,
    "20": 0.5632328434944153,
    "21": 0.5643623595714569,
    "22": 0.5690159267425537,
    "23": 0.6069550461769104,
    "24": 0.5795968045234681,
    "25": 0.5786936038017273,
    "26": 0.5969196339607239,
    "27": 0.6596233096122742,
    "28": 0.634925605392456,
    "29": 0.6161655620098114,
    "30": 0.6181480660915375,
    "31": 0.5904394437789917,
    "32": 0.6296908802509308
  },
  "drift_final_total_l2": {
    "0": 7.436749458312988,
    "1": 14.59949016571045,
    "2": 26.351490020751953,
    "3": 24.52269744873047,
    "4": 30.89435577392578,
    "5": 35.244285583496094,
    "6": 30.57455825805664,
    "7": 33.972564697265625,
    "8": 31.02497100830078,
    "9": 40.16502380371094,
    "10": 47.97897720336914,
    "11": 44.255096435546875,
    "12": 40.72852325439453,
    "13": 33.373775482177734,
    "14": 41.18235778808594,
    "15": 32.635257720947266,
    "16": 36.23231506347656,
    "17": 29.725933074951172,
    "18": 36.30002212524414,
    "19": 31.488317489624023,
    "20": 31.24347686767578,
    "21": 24.543949127197266,
    "22": 21.42031478881836,
    "23": 27.283954620361328,
    "24": 23.624473571777344,
    "25": 24.8061466217041,
    "26": 26.647174835205078,
    "27": 23.3153076171875,
    "28": 17.43544578552246,
    "29": 19.987592697143555,
    "30": 18.739364624023438,
    "31": 17.87632179260254,
    "32": 17.202709197998047
  },
  "probe_type": "mlp",
  "probe_hidden_size": [
    512
  ],
  "init_strategy": "gamma",
  "init_gamma": 0.6,
  "effective_lr": 0.001,