{
  "config": {
    "model_short": "llama",
    "task_name": "somo",
    "dataset": {
      "train": "cache/llama/somo_train/",
      "test": "cache/llama/somo_test/"
    },
    "mdl": {
      "batch_size": 64,
      "probe_type": "mlp",
      "probe_hidden_size": [
        128
      ],
      "num_classes": 2,
      "init_strategy": "ntk",
      "init_gamma": null,
      "optimizer": "sgd",
      "train_epochs": 10,
      "lr": 0.005,
      "seed": 342,
      "early_stopping_gap": 3,
      "split_num": 5,
      "split_ratio": 2.0
    },
    "out_dir": "init_results/llama/somo/hidden-128/seed-342/strategy-ntk/gamma-na/opt-sgd/2026-04-21_06-39-38"
  },
  "train_meta": {
    "dataset": "compling/somo",
    "split": "train",
    "text_col": "text",
    "model": "meta-llama/Meta-Llama-3.1-8B",
    "max_len": 64,
    "hidden_size": 4096,
    "num_hidden_layers": 32,
    "num_states": 33,
    "memmap_file": "last_token_hidden_states.memmap",
    "dtype": "float32",
    "shape": [
      15000,
      33,
      4096
    ]
  },
  "test_meta": {
    "dataset": "compling/somo",
    "split": "test",
    "text_col": "text",
    "model": "meta-llama/Meta-Llama-3.1-8B",
    "max_len": 64,
    "hidden_size": 4096,
    "num_hidden_layers": 32,
    "num_states": 33,
    "memmap_file": "last_token_hidden_states.memmap",
    "dtype": "float32",
    "shape": [
      10000,
      33,
      4096
    ]
  },
  "splits": [
    484,
    968,
    1936,
    3872,
    7740
  ],
  "mdl_sum_ce": {
    "0": 10061.103209495544,
    "1": 10060.445224761963,
    "2": 10060.894962787628,
    "3": 10059.688873291016,
    "4": 10047.310803890228,
    "5": 10036.61002111435,
    "6": 10014.69731426239,
    "7": 9998.230804920197,
    "8": 9958.854619503021,
    "9": 9858.147801399231,
    "10": 9719.257312774658,
    "11": 9686.814088344574,
    "12": 9651.916152477264,
    "13": 9535.542572498322,
    "14": 9550.224449634552,
    "15": 9576.417181968689,
    "16": 9481.463974952698,
    "17": 9512.376623153687,
    "18": 9566.778318405151,
    "19": 9504.094453334808,
    "20": 9532.752041816711,
    "21": 9375.8557138443,
    "22": 9302.008039951324,
    "23": 9547.744886398315,
    "24": 9330.287604808807,
    "25": 9347.115291118622,
    "26": 9370.946415424347,
    "27": 9269.256057739258,
    "28": 9193.900530338287,
    "29": 9280.514748096466,
    "30": 9326.930818080902,
    "31": 9103.028136730194,
    "32": 9334.515898227692
  },
  "mdl_nll": {
    "0": 0.6931043820264222,
    "1": 0.6930590537863022,
    "2": 0.693090036014579,
    "3": 0.6930069491107065,
    "4": 0.6921542300833721,
    "5": 0.6914170584950641,
    "6": 0.689907503049214,
    "7": 0.6887731334334662,
    "8": 0.6860605276593429,
    "9": 0.6791228851887042,
    "10": 0.669554788700376,
    "11": 0.6673197911507698,
    "12": 0.6649156897545649,
    "13": 0.6568987718723011,
    "14": 0.6579101990654831,
    "15": 0.6597146033320949,
    "16": 0.6531733242596237,
    "17": 0.6553028811761977,
    "18": 0.6590505868286822,
    "19": 0.6547323266281901,
    "20": 0.65670653360545,
    "21": 0.6458980238250412,
    "22": 0.6408106944028192,
    "23": 0.6577393831908457,
    "24": 0.6427588595211358,
    "25": 0.6439181104380423,
    "26": 0.6455598247054524,
    "27": 0.6385544266836083,
    "28": 0.6333632219852774,
    "29": 0.6393300322469321,
    "30": 0.6425276121576813,
    "31": 0.6271030681131299,
    "32": 0.6430501445458592
  },
  "stopping_epochs_per_stage": {
    "0": [
      10,
      10,
      3,
      10
    ],
    "1": [
      10,
      6,
      5,
      10
    ],
    "2": [
      10,
      4,
      1,
      10
    ],
    "3": [
      10,
      9,
      10,
      10
    ],
    "4": [
      10,
      5,
      10,
      10
    ],
    "5": [
      10,
      1,
      10,
      10
    ],
    "6": [
      9,
      3,
      10,
      10
    ],
    "7": [
      10,
      9,
      10,
      10
    ],
    "8": [
      10,
      10,
      10,
      10
    ],
    "9": [
      10,
      10,
      10,
      10
    ],
    "10": [
      10,
      10,
      10,
      10
    ],
    "11": [
      10,
      10,
      10,
      10
    ],
    "12": [
      10,
      10,
      10,
      10
    ],
    "13": [
      10,
      10,
      10,
      10
    ],
    "14": [
      10,
      10,
      10,
      10
    ],
    "15": [
      10,
      10,
      10,
      10
    ],
    "16": [
      10,
      10,
      10,
      10
    ],
    "17": [
      10,
      10,
      10,
      10
    ],
    "18": [
      10,
      10,
      9,
      10
    ],
    "19": [
      10,
      10,
      10,
      10
    ],
    "20": [
      10,
      9,
      9,
      9
    ],
    "21": [
      10,
      10,
      10,
      10
    ],
    "22": [
      10,
      10,
      10,
      10
    ],
    "23": [
      2,
      10,
      9,
      10
    ],
    "24": [
      10,
      10,
      10,
      10
    ],
    "25": [
      5,
      10,
      10,
      9
    ],
    "26": [
      8,
      8,
      10,
      10
    ],
    "27": [
      8,
      3,
      10,
      10
    ],
    "28": [
      10,
      9,
      10,
      10
    ],
    "29": [
      3,
      10,
      10,
      10
    ],
    "30": [
      4,
      10,
      10,
      5
    ],
    "31": [
      9,
      4,
      10,
      8
    ],
    "32": [
      7,
      8,
      4,
      5
    ]
  },
  "test_acc": {
    "0": 0.5013,
    "1": 0.5015,
    "2": 0.5017,
    "3": 0.4977,
    "4": 0.5416,
    "5": 0.5612,
    "6": 0.5758,
    "7": 0.5838,
    "8": 0.6053,
    "9": 0.648,
    "10": 0.672,
    "11": 0.683,
    "12": 0.6845,
    "13": 0.6884,
    "14": 0.687,
    "15": 0.6877,
    "16": 0.6867,
    "17": 0.6944,
    "18": 0.6829,
    "19": 0.6764,
    "20": 0.6803,
    "21": 0.6851,
    "22": 0.687,
    "23": 0.6892,
    "24": 0.6695,
    "25": 0.5966,
    "26": 0.6886,
    "27": 0.6885,
    "28": 0.6182,
    "29": 0.6025,
    "30": 0.6822,
    "31": 0.6371,
    "32": 0.639
  },
  "test_loss": {
    "0": 0.6932287786483765,
    "1": 0.6932290693283081,
    "2": 0.6931476575851441,
    "3": 0.6931646385192871,
    "4": 0.6903877762794495,
    "5": 0.6879937335968017,
    "6": 0.6854364667892456,
    "7": 0.6833779419898987,
    "8": 0.6752364018440247,
    "9": 0.6644278356552124,
    "10": 0.6395779909133911,
    "11": 0.6251397625923156,
    "12": 0.6220227903366089,
    "13": 0.6116014102935791,
    "14": 0.6205642426490784,
    "15": 0.612125971698761,
    "16": 0.6112439701080322,
    "17": 0.6095390639305115,
    "18": 0.6157297792434693,
    "19": 0.6109795763015747,
    "20": 0.6072765005111694,
    "21": 0.6034509635925293,
    "22": 0.596492172908783,
    "23": 0.5970382125854492,
    "24": 0.6161553146362305,
    "25": 0.6480858944892883,
    "26": 0.6006939894676209,
    "27": 0.5941479252815247,
    "28": 0.6553502822875976,
    "29": 0.6874997003555298,
    "30": 0.5954656950950623,
    "31": 0.6328905408859253,
    "32": 0.6329259347915649
  },
  "drift_final_total_l2": {
    "0": 0.024909457191824913,
    "1": 0.03743257373571396,
    "2": 0.047766782343387604,
    "3": 0.08004741370677948,
    "4": 0.18442127108573914,
    "5": 0.2510436177253723,
    "6": 0.3095262050628662,
    "7": 0.3566787540912628,
    "8": 0.45518192648887634,
    "9": 0.5860944390296936,
    "10": 0.7901784181594849,
    "11": 0.8724944591522217,
    "12": 0.8982588052749634,
    "13": 0.941351592540741,
    "14": 0.8981200456619263,
    "15": 0.9405533671379089,
    "16": 0.9437481760978699,
    "17": 0.9590199589729309,
    "18": 0.9437069892883301,
    "19": 0.9558995962142944,
    "20": 0.9645863771438599,
    "21": 0.9963816404342651,
    "22": 1.0155658721923828,
    "23": 1.0015891790390015,
    "24": 0.9545353651046753,
    "25": 1.0173768997192383,
    "26": 1.0145362615585327,
    "27": 1.0415855646133423,
    "28": 1.0520533323287964,
    "29": 1.0643503665924072,
    "30": 1.0724444389343262,
    "31": 1.0946086645126343,
    "32": 1.0053651332855225
  },
  "probe_type": "mlp",