{
  "config": {
    "model_short": "llama",
    "task_name": "somo",
    "dataset": {
      "train": "cache/llama/somo_train/",
      "test": "cache/llama/somo_test/"
    },
    "mdl": {
      "batch_size": 64,
      "probe_type": "mlp",
      "probe_hidden_size": [
        512
      ],
      "num_classes": 2,
      "init_strategy": "mf",
      "init_gamma": null,
      "optimizer": "sgd",
      "train_epochs": 10,
      "lr": 0.001,
      "seed": 342,
      "early_stopping_gap": 3,
      "split_num": 5,
      "split_ratio": 2.0
    },
    "out_dir": "init_results/llama/somo/hidden-512/seed-342/strategy-mf/gamma-na/opt-sgd/2026-04-21_06-40-13"
  },
  "train_meta": {
    "dataset": "compling/somo",
    "split": "train",
    "text_col": "text",
    "model": "meta-llama/Meta-Llama-3.1-8B",
    "max_len": 64,
    "hidden_size": 4096,
    "num_hidden_layers": 32,
    "num_states": 33,
    "memmap_file": "last_token_hidden_states.memmap",
    "dtype": "float32",
    "shape": [
      15000,
      33,
      4096
    ]
  },
  "test_meta": {
    "dataset": "compling/somo",
    "split": "test",
    "text_col": "text",
    "model": "meta-llama/Meta-Llama-3.1-8B",
    "max_len": 64,
    "hidden_size": 4096,
    "num_hidden_layers": 32,
    "num_states": 33,
    "memmap_file": "last_token_hidden_states.memmap",
    "dtype": "float32",
    "shape": [
      10000,
      33,
      4096
    ]
  },
  "splits": [
    484,
    968,
    1936,
    3872,
    7740
  ],
  "mdl_sum_ce": {
    "0": 10061.481077194214,
    "1": 10061.361209392548,
    "2": 10061.318979263306,
    "3": 10060.78078699112,
    "4": 10059.240696430206,
    "5": 10054.582274913788,
    "6": 10051.93809556961,
    "7": 10048.332799434662,
    "8": 10035.829009056091,
    "9": 10018.388140201569,
    "10": 9973.363631725311,
    "11": 9944.023613929749,
    "12": 9925.286704063416,
    "13": 9912.471202850342,
    "14": 9898.514164447784,
    "15": 9866.153937339783,
    "16": 9909.82746887207,
    "17": 9888.127326965332,
    "18": 9874.638973236084,
    "19": 9854.319605827332,
    "20": 9834.203855514526,
    "21": 9790.170424461365,
    "22": 9760.93690776825,
    "23": 9760.723596572876,
    "24": 9756.32299900055,
    "25": 9741.674230575562,
    "26": 9701.902226924896,
    "27": 9664.12102174759,
    "28": 9695.50160074234,
    "29": 9588.31318283081,
    "30": 9499.125472068787,
    "31": 9281.741435050964,
    "32": 9355.748720169067
  },
  "mdl_nll": {
    "0": 0.6931304131437183,
    "1": 0.6931221555106467,
    "2": 0.693119246298106,
    "3": 0.6930821705009038,
    "4": 0.6929760744302981,
    "5": 0.6926551580954662,
    "6": 0.6924730018992568,
    "7": 0.6922246348466976,
    "8": 0.6913632549639082,
    "9": 0.6901617622073277,
    "10": 0.6870600462748216,
    "11": 0.6850388270825123,
    "12": 0.6837480507070416,
    "13": 0.6828651972203321,
    "14": 0.6819037038059923,
    "15": 0.6796744239005086,
    "16": 0.6826830717051577,
    "17": 0.6811881597523651,
    "18": 0.6802589537914083,
    "19": 0.6788591627051069,
    "20": 0.6774733986989891,
    "21": 0.6744399575958504,
    "22": 0.6724260752113702,
    "23": 0.672411380309512,
    "24": 0.6721082253375964,
    "25": 0.6710990789870186,
    "26": 0.6683592054922083,
    "27": 0.6657564771112972,
    "28": 0.6679182695468683,
    "29": 0.6605341128982372,
    "30": 0.654390015987103,
    "31": 0.6394145380994051,
    "32": 0.6445128630593185
  },
  "stopping_epochs_per_stage": {
    "0": [
      10,
      10,
      10,
      10
    ],
    "1": [
      10,
      10,
      10,
      10
    ],
    "2": [
      10,
      9,
      10,
      10
    ],
    "3": [
      10,
      7,
      10,
      10
    ],
    "4": [
      10,
      3,
      10,
      10
    ],
    "5": [
      10,
      9,
      10,
      10
    ],
    "6": [
      10,
      6,
      10,
      10
    ],
    "7": [
      10,
      5,
      10,
      10
    ],
    "8": [
      10,
      6,
      10,
      10
    ],
    "9": [
      10,
      10,
      10,
      10
    ],
    "10": [
      10,
      10,
      10,
      10
    ],
    "11": [
      10,
      10,
      10,
      10
    ],
    "12": [
      10,
      10,
      10,
      10
    ],
    "13": [
      10,
      10,
      10,
      10
    ],
    "14": [
      10,
      10,
      10,
      10
    ],
    "15": [
      10,
      10,
      10,
      10
    ],
    "16": [
      10,
      10,
      10,
      10
    ],
    "17": [
      10,
      10,
      10,
      10
    ],
    "18": [
      10,
      10,
      10,
      10
    ],
    "19": [
      10,
      10,
      10,
      10
    ],
    "20": [
      10,
      10,
      10,
      10
    ],
    "21": [
      9,
      10,
      10,
      10
    ],
    "22": [
      10,
      10,
      10,
      10
    ],
    "23": [
      10,
      10,
      10,
      10
    ],
    "24": [
      10,
      10,
      10,
      9
    ],
    "25": [
      10,
      10,
      10,
      10
    ],
    "26": [
      9,
      10,
      10,
      10
    ],
    "27": [
      6,
      9,
      10,
      10
    ],
    "28": [
      10,
      9,
      9,
      10
    ],
    "29": [
      9,
      10,
      10,
      10
    ],
    "30": [
      9,
      9,
      10,
      9
    ],
    "31": [
      10,
      10,
      10,
      10
    ],
    "32": [
      1,
      9,
      10,
      4
    ]
  },
  "test_acc": {
    "0": 0.5013,
    "1": 0.5013,
    "2": 0.5013,
    "3": 0.5013,
    "4": 0.5108,
    "5": 0.528,
    "6": 0.5393,
    "7": 0.5757,
    "8": 0.6099,
    "9": 0.6332,
    "10": 0.6505,
    "11": 0.6647,
    "12": 0.6659,
    "13": 0.6753,
    "14": 0.6649,
    "15": 0.6702,
    "16": 0.6513,
    "17": 0.6654,
    "18": 0.6653,
    "19": 0.6571,
    "20": 0.6462,
    "21": 0.6545,
    "22": 0.6459,
    "23": 0.6272,
    "24": 0.6624,
    "25": 0.6392,
    "26": 0.6623,
    "27": 0.6567,
    "28": 0.6673,
    "29": 0.6617,
    "30": 0.638,
    "31": 0.6,
    "32": 0.6705
  },
  "test_loss": {
    "0": 0.6931568329811096,
    "1": 0.6931574268341064,
    "2": 0.6931648790359497,
    "3": 0.6931240800857544,
    "4": 0.6927068173408508,
    "5": 0.6918715114593506,
    "6": 0.6910098838806152,
    "7": 0.6903676188468933,
    "8": 0.6877418414115906,
    "9": 0.6827447543144226,
    "10": 0.67456327419281,
    "11": 0.6702982008934021,
    "12": 0.6662181649208069,
    "13": 0.6606248199462891,
    "14": 0.6620595243453979,
    "15": 0.6533160971641541,
    "16": 0.6603450933456421,
    "17": 0.6564771088600159,
    "18": 0.6537020907402039,
    "19": 0.6506909189224244,
    "20": 0.6552562106132507,
    "21": 0.646102527141571,
    "22": 0.6455598203659058,
    "23": 0.6460064897537231,
    "24": 0.641780314540863,
    "25": 0.6416268671035766,
    "26": 0.6359314347267151,
    "27": 0.6312428237915039,
    "28": 0.6243834756851196,
    "29": 0.6221721901893615,
    "30": 0.6294399487495422,
    "31": 0.6521257409095764,
    "32": 0.6044862225532531
  },
  "drift_final_total_l2": {
    "0": 0.1978994458913803,
    "1": 0.24370077252388,
    "2": 0.28159216046333313,
    "3": 0.4064406156539917,
    "4": 0.8108318448066711,
    "5": 1.3187912702560425,
    "6": 1.6513727903366089,
    "7": 1.8336809873580933,
    "8": 2.5082828998565674,
    "9": 3.5301592350006104,
    "10": 4.728785037994385,
    "11": 5.167530059814453,
    "12": 5.603757381439209,
    "13": 6.177351474761963,
    "14": 6.012483596801758,
    "15": 6.806947708129883,
    "16": 6.204063892364502,
    "17": 6.574321269989014,
    "18": 6.786909103393555,
    "19": 7.055927276611328,
    "20": 6.806232929229736,
    "21": 7.459027290344238,
    "22": 7.642330646514893,
    "23": 7.912836074829102,
    "24": 7.77146577835083,
    "25": 8.142424583435059,
    "26": 8.28106689453125,
    "27": 8.650747299194336,
    "28": 9.054220199584961,
    "29": 9.30428695678711,
    "30": 9.613430976867676,
    "31": 9.984842300415039,
    "32": 9.278900146484375
  },
  "probe_type": "mlp",
  "probe_hidden_size": [
    512
  ],