{
  "config": {
    "model_short": "llama",
    "task_name": "somo",
    "dataset": {
      "train": "cache/llama/somo_train/",
      "test": "cache/llama/somo_test/"
    },
    "mdl": {
      "batch_size": 64,
      "probe_type": "mlp",
      "probe_hidden_size": [
        16
      ],
      "num_classes": 2,
      "init_strategy": "mf",
      "init_gamma": null,
      "optimizer": "adamw",
      "train_epochs": 10,
      "lr": 0.001,
      "seed": 142,
      "early_stopping_gap": 3,
      "split_num": 5,
      "split_ratio": 2.0
    },
    "out_dir": "init_results/llama/somo/hidden-16/seed-142/strategy-mf/gamma-na/2026-04-20_22-27-34"
  },
  "train_meta": {
    "dataset": "compling/somo",
    "split": "train",
    "text_col": "text",
    "model": "meta-llama/Meta-Llama-3.1-8B",
    "max_len": 64,
    "hidden_size": 4096,
    "num_hidden_layers": 32,
    "num_states": 33,
    "memmap_file": "last_token_hidden_states.memmap",
    "dtype": "float32",
    "shape": [
      15000,
      33,
      4096
    ]
  },
  "test_meta": {
    "dataset": "compling/somo",
    "split": "test",
    "text_col": "text",
    "model": "meta-llama/Meta-Llama-3.1-8B",
    "max_len": 64,
    "hidden_size": 4096,
    "num_hidden_layers": 32,
    "num_states": 33,
    "memmap_file": "last_token_hidden_states.memmap",
    "dtype": "float32",
    "shape": [
      10000,
      33,
      4096
    ]
  },
  "splits": [
    484,
    968,
    1936,
    3872,
    7740
  ],
  "mdl_sum_ce": {
    "0": 10062.998795032501,
    "1": 10063.030977249146,
    "2": 10067.597940444946,
    "3": 10024.588084697723,
    "4": 9737.4232711792,
    "5": 9644.336391925812,
    "6": 9670.855955123901,
    "7": 9389.517278671265,
    "8": 8993.446577072144,
    "9": 8549.812308311462,
    "10": 8229.595066070557,
    "11": 8086.612449645996,
    "12": 8143.920657634735,
    "13": 8259.941375732422,
    "14": 8775.30327129364,
    "15": 9331.292294502258,
    "16": 8407.64002943039,
    "17": 8897.25649356842,
    "18": 8788.373314380646,
    "19": 9026.950031280518,
    "20": 9116.327948570251,
    "21": 8723.510066986084,
    "22": 8929.56163072586,
    "23": 9093.658159732819,
    "24": 9631.492364883423,
    "25": 8960.734479904175,
    "26": 8764.977892398834,
    "27": 8998.408064365387,
    "28": 9763.917042732239,
    "29": 8892.473970413208,
    "30": 8949.129267692566,
    "31": 9923.266582489014,
    "32": 10107.0629696846
  },
  "mdl_nll": {
    "0": 0.6932349679686209,
    "1": 0.6932371849854744,
    "2": 0.6935518008022146,
    "3": 0.6905888732913835,
    "4": 0.6708062325144116,
    "5": 0.6643935238306566,
    "6": 0.666220443312476,
    "7": 0.646839162212129,
    "8": 0.6195540491231843,
    "9": 0.588992305615284,
    "10": 0.5669326995088562,
    "11": 0.5570826983773765,
    "12": 0.5610306322426795,
    "13": 0.569023241645937,
    "14": 0.604526265589256,
    "15": 0.6428280720930186,
    "16": 0.5791981282330111,
    "17": 0.6129275622463778,
    "18": 0.6054266543387052,
    "19": 0.6218620853734168,
    "20": 0.6280192855173775,
    "21": 0.6009582575768865,
    "22": 0.6151530470326441,
    "23": 0.6264575750711504,
    "24": 0.6635087052137932,
    "25": 0.6173005290647682,
    "26": 0.6038149553870786,
    "27": 0.6198958435082245,
    "28": 0.6726313752226674,
    "29": 0.6125980966115464,
    "30": 0.6165010517837259,
    "31": 0.6836088855393369,
    "32": 0.6962705269829568
  },
  "stopping_epochs_per_stage": {
    "0": [
      1,
      2,
      8,
      1
    ],
    "1": [
      3,
      2,
      5,
      1
    ],
    "2": [
      1,
      1,
      4,
      1
    ],
    "3": [
      1,
      1,
      6,
      7
    ],
    "4": [
      6,
      8,
      4,
      9
    ],
    "5": [
      4,
      3,
      5,
      5
    ],
    "6": [
      7,
      3,
      10,
      5
    ],
    "7": [
      8,
      6,
      10,
      8
    ],
    "8": [
      4,
      3,
      9,
      8
    ],
    "9": [
      8,
      9,
      8,
      5
    ],
    "10": [
      5,
      3,
      10,
      7
    ],
    "11": [
      9,
      6,
      5,
      4
    ],
    "12": [
      10,
      9,
      6,
      5
    ],
    "13": [
      7,
      10,
      4,
      2
    ],
    "14": [
      4,
      3,
      9,
      5
    ],
    "15": [
      5,
      6,
      4,
      1
    ],
    "16": [
      5,
      7,
      7,
      6
    ],
    "17": [
      2,
      6,
      9,
      5
    ],
    "18": [
      4,
      8,
      10,
      3
    ],
    "19": [
      5,
      8,
      10,
      8
    ],
    "20": [
      6,
      5,
      6,
      8
    ],
    "21": [
      4,
      6,
      5,
      4
    ],
    "22": [
      5,
      6,
      10,
      4
    ],
    "23": [
      4,
      5,
      10,
      5
    ],
    "24": [
      4,
      7,
      4,
      1
    ],
    "25": [
      1,
      10,
      9,
      3
    ],
    "26": [
      4,
      7,
      4,
      5
    ],
    "27": [
      4,
      8,
      5,
      3
    ],
    "28": [
      6,
      8,
      7,
      1
    ],
    "29": [
      1,
      6,
      5,
      4
    ],
    "30": [
      3,
      3,
      4,
      4
    ],
    "31": [
      5,
      5,
      8,
      1
    ],
    "32": [
      2,
      6,
      10,
      4
    ]
  },
  "test_acc": {
    "0": 0.5013,
    "1": 0.5013,
    "2": 0.5013,
    "3": 0.5013,
    "4": 0.5013,
    "5": 0.6213,
    "6": 0.6386,
    "7": 0.6561,
    "8": 0.6879,
    "9": 0.689,
    "10": 0.7035,
    "11": 0.7253,
    "12": 0.7249,
    "13": 0.7323,
    "14": 0.7229,
    "15": 0.7085,
    "16": 0.7272,
    "17": 0.7189,
    "18": 0.7139,
    "19": 0.7125,
    "20": 0.6864,
    "21": 0.6997,
    "22": 0.5014,
    "23": 0.7067,
    "24": 0.706,
    "25": 0.7076,
    "26": 0.7047,
    "27": 0.5013,
    "28": 0.5013,
    "29": 0.5013,
    "30": 0.5013,
    "31": 0.5013,
    "32": 0.5013
  },
  "test_loss": {
    "0": 0.6931473693847656,
    "1": 0.6931760892868042,
    "2": 0.6931587727546692,
    "3": 0.6932439556121827,
    "4": 0.69316775598526,
    "5": 0.6507429667472839,
    "6": 0.6395340061187744,
    "7": 0.6313266788482667,
    "8": 0.5899780476570129,
    "9": 0.5916888972282409,
    "10": 0.5651996326446533,
    "11": 0.5513373129844665,
    "12": 0.5481027406215667,
    "13": 0.5385421435832978,
    "14": 0.5518826990127563,
    "15": 0.5654064538955689,
    "16": 0.5524488534927369,
    "17": 0.5654408086776733,
    "18": 0.556698011302948,
    "19": 0.5637100524425507,
    "20": 0.5868327129364014,
    "21": 0.5827219433784485,
    "22": 0.6932428121566773,
    "23": 0.5721289538860321,
    "24": 0.5744891013145447,
    "25": 0.5678151781082154,
    "26": 0.5750457838058471,
    "27": 0.693234263420105,
    "28": 0.693162188911438,
    "29": 0.6931898047447205,
    "30": 0.6932144360542297,
    "31": 0.6932237859725953,
    "32": 0.6931629133224487
  },
  "drift_final_total_l2": {
    "0": 19.078641891479492,
    "1": 21.38295555114746,
    "2": 23.064178466796875,
    "3": 22.915565490722656,
    "4": 19.35515022277832,
    "5": 96.1300048828125,
    "6": 82.29833221435547,
    "7": 83.8640365600586,
    "8": 108.57184600830078,
    "9": 59.9721794128418,
    "10": 108.48435974121094,
    "11": 59.527557373046875,
    "12": 114.94625854492188,
    "13": 85.58058166503906,
    "14": 64.48236846923828,
    "15": 76.84986877441406,
    "16": 83.84777069091797,
    "17": 85.83500671386719,
    "18": 61.608154296875,
    "19": 58.181087493896484,
    "20": 51.049293518066406,
    "21": 57.384803771972656,
    "22": 28.281526565551758,
    "23": 63.8365478515625,
    "24": 74.74259948730469,
    "25": 62.295867919921875,
    "26": 58.44264221191406,
    "27": 19.32021141052246,
    "28": 20.437685012817383,
    "29": 23.948450088500977,
    "30": 20.399656295776367,
    "31": 21.0238037109375,
    "32": 23.085107803344727
  },
  "probe_type": "mlp",
  "probe_hidden_size": [
    16
  ],
  "init_strategy": "mf",
  "init_gamma": null,
  "effective_lr": 0.016,
  "lr_scaling_rule": "base_lr*width",