{
  "config": {
    "model_short": "llama",
    "task_name": "somo",
    "dataset": {
      "train": "cache/llama/somo_train/",
      "test": "cache/llama/somo_test/"
    },
    "mdl": {
      "batch_size": 64,
      "probe_type": "mlp",
      "probe_hidden_size": [
        256
      ],
      "num_classes": 2,
      "init_strategy": "mf",
      "init_gamma": null,
      "optimizer": "sgd",
      "train_epochs": 10,
      "lr": 0.005,
      "seed": 42,
      "early_stopping_gap": 3,
      "split_num": 5,
      "split_ratio": 2.0
    },
    "out_dir": "init_results/llama/somo/hidden-256/seed-42/strategy-mf/gamma-na/opt-sgd/2026-04-21_06-07-53"
  },
  "train_meta": {
    "dataset": "compling/somo",
    "split": "train",
    "text_col": "text",
    "model": "meta-llama/Meta-Llama-3.1-8B",
    "max_len": 64,
    "hidden_size": 4096,
    "num_hidden_layers": 32,
    "num_states": 33,
    "memmap_file": "last_token_hidden_states.memmap",
    "dtype": "float32",
    "shape": [
      15000,
      33,
      4096
    ]
  },
  "test_meta": {
    "dataset": "compling/somo",
    "split": "test",
    "text_col": "text",
    "model": "meta-llama/Meta-Llama-3.1-8B",
    "max_len": 64,
    "hidden_size": 4096,
    "num_hidden_layers": 32,
    "num_states": 33,
    "memmap_file": "last_token_hidden_states.memmap",
    "dtype": "float32",
    "shape": [
      10000,
      33,
      4096
    ]
  },
  "splits": [
    484,
    968,
    1936,
    3872,
    7740
  ],
  "mdl_sum_ce": {
    "0": 10061.571817874908,
    "1": 10061.47441291809,
    "2": 10061.389243602753,
    "3": 10061.191475391388,
    "4": 10052.450608253479,
    "5": 10033.408272743225,
    "6": 10014.63494682312,
    "7": 10002.943007946014,
    "8": 9932.878005981445,
    "9": 9818.50641155243,
    "10": 9632.314890384674,
    "11": 9466.475569725037,
    "12": 9477.677366256714,
    "13": 9366.855947494507,
    "14": 9373.387672424316,
    "15": 9315.598135471344,
    "16": 9368.775650978088,
    "17": 9359.59858083725,
    "18": 9347.596226215363,
    "19": 9346.840265750885,
    "20": 9295.869025230408,
    "21": 9284.50549030304,
    "22": 9272.53868675232,
    "23": 9292.776616573334,
    "24": 9334.188090324402,
    "25": 9335.827982902527,
    "26": 9329.965724468231,
    "27": 9379.129693031311,
    "28": 9417.676149368286,
    "29": 9359.031801700592,
    "30": 9174.989747047424,
    "31": 9363.70197057724,
    "32": 9259.427594184875
  },
  "mdl_nll": {
    "0": 0.6931366642239535,
    "1": 0.69312995404506,
    "2": 0.6931240867734054,
    "3": 0.6931104626199633,
    "4": 0.6925083086424276,
    "5": 0.6911964916466813,
    "6": 0.6899032065874291,
    "7": 0.6890977547496565,
    "8": 0.684271011709937,
    "9": 0.6763920096136973,
    "10": 0.6635653685853317,
    "11": 0.652140780499107,
    "12": 0.6529124666751663,
    "13": 0.6452780344099275,
    "14": 0.6457280016825789,
    "15": 0.6417469093049976,
    "16": 0.6454102818254401,
    "17": 0.6447780780405932,
    "18": 0.6439512418169856,
    "19": 0.6438991640776306,
    "20": 0.6403877807405902,
    "21": 0.6396049524871203,
    "22": 0.6387805653590741,
    "23": 0.6401747462505741,
    "24": 0.643027562022899,
    "25": 0.6431405334046932,
    "26": 0.6427366853450146,
    "27": 0.6461235666183047,
    "28": 0.6487790127699288,
    "29": 0.6447390329085555,
    "30": 0.632060467556312,
    "31": 0.6450607585131745,
    "32": 0.6378773487313912
  },
  "stopping_epochs_per_stage": {
    "0": [
      5,
      1,
      10,
      2
    ],
    "1": [
      7,
      1,
      10,
      1
    ],
    "2": [
      6,
      1,
      9,
      1
    ],
    "3": [
      9,
      1,
      3,
      1
    ],
    "4": [
      10,
      9,
      9,
      10
    ],
    "5": [
      10,
      9,
      10,
      10
    ],
    "6": [
      10,
      4,
      10,
      10
    ],
    "7": [
      9,
      10,
      10,
      10
    ],
    "8": [
      10,
      9,
      10,
      10
    ],
    "9": [
      10,
      10,
      10,
      10
    ],
    "10": [
      10,
      10,
      10,
      10
    ],
    "11": [
      10,
      10,
      10,
      10
    ],
    "12": [
      10,
      10,
      10,
      10
    ],
    "13": [
      10,
      10,
      10,
      10
    ],
    "14": [
      10,
      10,
      10,
      10
    ],
    "15": [
      10,
      10,
      10,
      10
    ],
    "16": [
      10,
      10,
      10,
      10
    ],
    "17": [
      10,
      10,
      8,
      10
    ],
    "18": [
      10,
      10,
      10,
      10
    ],
    "19": [
      9,
      10,
      10,
      10
    ],
    "20": [
      9,
      10,
      10,
      10
    ],
    "21": [
      6,
      10,
      10,
      10
    ],
    "22": [
      9,
      10,
      10,
      10
    ],
    "23": [
      10,
      8,
      10,
      9
    ],
    "24": [
      5,
      9,
      10,
      9
    ],
    "25": [
      9,
      7,
      10,
      10
    ],
    "26": [
      1,
      6,
      10,
      8
    ],
    "27": [
      5,
      10,
      8,
      9
    ],
    "28": [
      1,
      8,
      2,
      10
    ],
    "29": [
      3,
      9,
      6,
      9
    ],
    "30": [
      6,
      9,
      9,
      10
    ],
    "31": [
      8,
      3,
      9,
      4
    ],
    "32": [
      5,
      9,
      8,
      5
    ]
  },
  "test_acc": {
    "0": 0.5013,
    "1": 0.5013,
    "2": 0.5013,
    "3": 0.5125,
    "4": 0.5605,
    "5": 0.5744,
    "6": 0.5816,
    "7": 0.597,
    "8": 0.635,
    "9": 0.6641,
    "10": 0.6902,
    "11": 0.6859,
    "12": 0.69,
    "13": 0.6979,
    "14": 0.6983,
    "15": 0.7023,
    "16": 0.6911,
    "17": 0.6984,
    "18": 0.6513,
    "19": 0.6622,
    "20": 0.7004,
    "21": 0.6682,
    "22": 0.6813,
    "23": 0.6912,
    "24": 0.6686,
    "25": 0.6629,
    "26": 0.5331,
    "27": 0.6814,
    "28": 0.6891,
    "29": 0.6806,
    "30": 0.6684,
    "31": 0.687,
    "32": 0.623
  },
  "test_loss": {
    "0": 0.6931860728263854,
    "1": 0.6931985557556153,
    "2": 0.6931791939735412,
    "3": 0.692876227760315,
    "4": 0.690533551311493,
    "5": 0.6852530235290527,
    "6": 0.6827335328102112,
    "7": 0.6803997884750366,
    "8": 0.6629004104614258,
    "9": 0.644108735370636,
    "10": 0.6070090484619141,
    "11": 0.6030024933815002,
    "12": 0.6024257839202881,
    "13": 0.5893863879203797,
    "14": 0.588442169380188,
    "15": 0.5853958436965943,
    "16": 0.5910916085243225,
    "17": 0.5887157787322999,
    "18": 0.6128947394371033,
    "19": 0.6089996662139893,
    "20": 0.585176113986969,
    "21": 0.6039391670227051,
    "22": 0.5938828252792359,
    "23": 0.5890302680015564,
    "24": 0.6047975380897522,
    "25": 0.6103205570220948,
    "26": 0.7668475936889648,
    "27": 0.5963910636901856,
    "28": 0.5898563220024109,
    "29": 0.5955579049110412,
    "30": 0.6039925713539124,
    "31": 0.592269919204712,
    "32": 0.6499734092712403
  },
  "drift_final_total_l2": {
    "0": 0.3967773914337158,
    "1": 0.41289180517196655,
    "2": 0.5946245193481445,
    "3": 1.16951322555542,
    "4": 2.8633580207824707,
    "5": 5.017087459564209,
    "6": 5.646332740783691,
    "7": 6.158576488494873,
    "8": 9.472808837890625,
    "9": 12.052773475646973,
    "10": 16.090652465820312,
    "11": 16.164669036865234,
    "12": 16.00346565246582,
    "13": 17.155502319335938,
    "14": 17.193117141723633,
    "15": 17.293569564819336,
    "16": 17.152935028076172,
    "17": 17.271181106567383,
    "18": 17.2215518951416,
    "19": 17.00349998474121,
    "20": 17.09355354309082,
    "21": 16.96895408630371,
    "22": 16.989395141601562,
    "23": 16.836219787597656,
    "24": 16.83795166015625,
    "25": 16.672836303710938,
    "26": 16.927539825439453,
    "27": 16.8642520904541,
    "28": 16.90098762512207,
    "29": 16.889780044555664,
    "30": 16.958444595336914,
    "31": 16.83124351501465,
    "32": 14.7814359664917
  },
  "probe_type": "mlp",
  "probe_hidden_size": [
    256
  ],
  "init_strategy": "mf",