{
  "config": {
    "model_short": "llama",
    "task_name": "somo",
    "dataset": {
      "train": "cache/llama/somo_train/",
      "test": "cache/llama/somo_test/"
    },
    "mdl": {
      "batch_size": 64,
      "probe_type": "mlp",
      "probe_hidden_size": [
        4096
      ],
      "num_classes": 2,
      "init_strategy": "mup",
      "init_gamma": null,
      "optimizer": "adam",
      "train_epochs": 20,
      "lr": 0.001953125,
      "seed": 342,
      "early_stopping_gap": 3,
      "split_num": 5,
      "split_ratio": 2.0
    },
    "out_dir": "muP_results/llama/somo/hidden-4096/seed-342/strategy-mup/opt-adam/2026-04-30_00-36-52"
  },
  "train_meta": {
    "dataset": "compling/somo",
    "split": "train",
    "text_col": "text",
    "model": "meta-llama/Meta-Llama-3.1-8B",
    "max_len": 64,
    "hidden_size": 4096,
    "num_hidden_layers": 32,
    "num_states": 33,
    "memmap_file": "last_token_hidden_states.memmap",
    "dtype": "float32",
    "shape": [
      15000,
      33,
      4096
    ]
  },
  "test_meta": {
    "dataset": "compling/somo",
    "split": "test",
    "text_col": "text",
    "model": "meta-llama/Meta-Llama-3.1-8B",
    "max_len": 64,
    "hidden_size": 4096,
    "num_hidden_layers": 32,
    "num_states": 33,
    "memmap_file": "last_token_hidden_states.memmap",
    "dtype": "float32",
    "shape": [
      10000,
      33,
      4096
    ]
  },
  "splits": [
    484,
    968,
    1936,
    3872,
    7740
  ],
  "mdl_sum_ce": {
    "0": 10061.151432991028,
    "1": 10062.477233886719,
    "2": 10051.228378295898,
    "3": 9991.647507667542,
    "4": 9712.693645954132,
    "5": 9425.55315732956,
    "6": 9378.069267749786,
    "7": 9132.239663124084,
    "8": 8834.644466876984,
    "9": 8426.606756210327,
    "10": 8013.529345989227,
    "11": 8000.061281204224,
    "12": 8033.805663108826,
    "13": 8005.203003406525,
    "14": 8094.4150421619415,
    "15": 8188.190863132477,
    "16": 8256.255013465881,
    "17": 8360.418956756592,
    "18": 8400.633872747421,
    "19": 8454.77204990387,
    "20": 8494.821459770203,
    "21": 8521.399824142456,
    "22": 8568.753069877625,
    "23": 8604.877786636353,
    "24": 8630.163969039917,
    "25": 8688.253235340118,
    "26": 8691.829636096954,
    "27": 8692.999794006348,
    "28": 8702.141102790833,
    "29": 8727.926694869995,
    "30": 8762.27470588684,
    "31": 8714.11063861847,
    "32": 8798.116890907288
  },
  "mdl_nll": {
    "0": 0.693107704118974,
    "1": 0.6931990378814218,
    "2": 0.6924241098302493,
    "3": 0.6883196133692161,
    "4": 0.6691026209668044,
    "5": 0.6493216559196445,
    "6": 0.6460505144495582,
    "7": 0.6291154355968644,
    "8": 0.6086142509559784,
    "9": 0.5805047365810366,
    "10": 0.5520480398173896,
    "11": 0.5511202315516825,
    "12": 0.553444865190743,
    "13": 0.5514744422297138,
    "14": 0.5576202150841789,
    "15": 0.5640803846192117,
    "16": 0.568769289988005,
    "17": 0.5759450920884949,
    "18": 0.578715477593512,
    "19": 0.5824450296158632,
    "20": 0.5852040134865116,
    "21": 0.5870349837518914,
    "22": 0.5902971252326829,
    "23": 0.5927857389526283,
    "24": 0.5945276914466738,
    "25": 0.5985294320294928,
    "26": 0.5987758084938657,
    "27": 0.5988564200886158,
    "28": 0.59948616029146,
    "29": 0.6012625168689718,
    "30": 0.6036287342165088,
    "31": 0.6003107356447003,
    "32": 0.6060978844659195
  },
  "stopping_epochs_per_stage": {
    "0": [
      1,
      4,
      2,
      1
    ],
    "1": [
      2,
      1,
      1,
      1
    ],
    "2": [
      4,
      3,
      1,
      20
    ],
    "3": [
      2,
      1,
      17,
      16
    ],
    "4": [
      2,
      14,
      20,
      19
    ],
    "5": [
      19,
      20,
      20,
      15
    ],
    "6": [
      1,
      19,
      11,
      16
    ],
    "7": [
      20,
      20,
      17,
      20
    ],
    "8": [
      20,
      16,
      13,
      14
    ],
    "9": [
      20,
      17,
      11,
      11
    ],
    "10": [
      20,
      19,
      8,
      11
    ],
    "11": [
      20,
      18,
      10,
      12
    ],
    "12": [
      20,
      19,
      9,
      8
    ],
    "13": [
      16,
      15,
      15,
      11
    ],
    "14": [
      18,
      11,
      9,
      13
    ],
    "15": [
      17,
      15,
      9,
      9
    ],
    "16": [
      18,
      10,
      15,
      12
    ],
    "17": [
      17,
      12,
      12,
      9
    ],
    "18": [
      20,
      14,
      15,
      11
    ],
    "19": [
      15,
      12,
      10,
      10
    ],
    "20": [
      12,
      12,
      8,
      8
    ],
    "21": [
      8,
      18,
      9,
      13
    ],
    "22": [
      9,
      9,
      10,
      13
    ],
    "23": [
      9,
      16,
      13,
      13
    ],
    "24": [
      4,
      14,
      10,
      8
    ],
    "25": [
      8,
      17,
      8,
      6
    ],
    "26": [
      5,
      9,
      12,
      8
    ],
    "27": [
      12,
      12,
      6,
      12
    ],
    "28": [
      13,
      20,
      10,
      9
    ],
    "29": [
      7,
      15,
      7,
      10
    ],
    "30": [
      2,
      7,
      5,
      6
    ],
    "31": [
      8,
      9,
      5,
      10
    ],
    "32": [
      4,
      7,
      6,
      10
    ]
  },
  "test_acc": {
    "0": 0.4982,
    "1": 0.5002,
    "2": 0.5254,
    "3": 0.5515,
    "4": 0.6062,
    "5": 0.6411,
    "6": 0.6536,
    "7": 0.6672,
    "8": 0.6943,
    "9": 0.7131,
    "10": 0.7231,
    "11": 0.7326,
    "12": 0.7329,
    "13": 0.7273,
    "14": 0.7307,
    "15": 0.7294,
    "16": 0.7326,
    "17": 0.7249,
    "18": 0.7238,
    "19": 0.7211,
    "20": 0.7116,
    "21": 0.7136,
    "22": 0.7145,
    "23": 0.7134,
    "24": 0.7039,
    "25": 0.7052,
    "26": 0.7058,
    "27": 0.7032,
    "28": 0.6998,
    "29": 0.6959,
    "30": 0.703,
    "31": 0.7045,
    "32": 0.691
  },
  "test_loss": {
    "0": 0.6933833841323852,
    "1": 0.6932237463951111,
    "2": 0.6914896563529969,
    "3": 0.6846942083358765,
    "4": 0.6594961900711059,
    "5": 0.6323028069496155,
    "6": 0.6270155960083008,
    "7": 0.6132312561035156,
    "8": 0.5870266516685486,
    "9": 0.5680189043998718,
    "10": 0.5506973777770996,
    "11": 0.5494777945518494,
    "12": 0.5456446619033813,
    "13": 0.5497613039016723,
    "14": 0.5423175328731537,
    "15": 0.5446326923370362,
    "16": 0.5445278720378876,
    "17": 0.5535045114040374,
    "18": 0.5541684584617614,
    "19": 0.5616516054153442,
    "20": 0.5742665081501007,
    "21": 0.5634189205646515,
    "22": 0.5666379336357117,
    "23": 0.5694278705596924,
    "24": 0.5958333662033081,
    "25": 0.583959785079956,
    "26": 0.5776192511558532,
    "27": 0.5916057633399964,
    "28": 0.5927735424041748,
    "29": 0.6036724814414978,
    "30": 0.5847749105453491,
    "31": 0.5789229590415954,
    "32": 0.5959287837982178
  },
  "drift_final_total_l2": {
    "0": 39.15666580200195,
    "1": 198.3177947998047,
    "2": 439.1829833984375,
    "3": 417.5970153808594,
    "4": 645.896484375,
    "5": 575.0089721679688,
    "6": 663.8909912109375,
    "7": 664.869873046875,
    "8": 686.6446533203125,
    "9": 642.322998046875,
    "10": 654.0762329101562,
    "11": 701.6532592773438,
    "12": 707.5106811523438,
    "13": 655.9302368164062,
    "14": 648.0205078125,
    "15": 652.3765258789062,
    "16": 546.5985717773438,
    "17": 590.590087890625,
    "18": 536.162353515625,
    "19": 556.353515625,
    "20": 539.5472412109375,
    "21": 470.1277160644531,
    "22": 542.7999877929688,
    "23": 494.5471496582031,
    "24": 501.74639892578125,
    "25": 496.447998046875,
    "26": 384.7735900878906,
    "27": 494.6319885253906,
    "28": 431.8724365234375,
    "29": 452.01776123046875,
    "30": 405.21588134765625,
    "31": 264.1503601074219,
    "32": 244.8462371826172
  },
  "probe_type": "mlp",
  "probe_hidden_size": [
    4096
  ],
  "init_strategy": "mup",
  "init_gamma": null,