{
  "config": {
    "model_short": "llama",
    "task_name": "somo",
    "dataset": {
      "train": "cache/llama/somo_train/",
      "test": "cache/llama/somo_test/"
    },
    "mdl": {
      "batch_size": 64,
      "probe_type": "mlp",
      "probe_hidden_size": [
        2048
      ],
      "num_classes": 2,
      "init_strategy": "gamma_second_zero",
      "init_gamma": 0.6,
      "optimizer": "adamw",
      "train_epochs": 10,
      "lr": 0.001,
      "seed": 442,
      "early_stopping_gap": 3,
      "split_num": 5,
      "split_ratio": 2.0
    },
    "out_dir": "init_results/llama/somo/hidden-2048/seed-442/strategy-gamma_second_zero/gamma-0.6/2026-04-21_01-29-06"
  },
  "train_meta": {
    "dataset": "compling/somo",
    "split": "train",
    "text_col": "text",
    "model": "meta-llama/Meta-Llama-3.1-8B",
    "max_len": 64,
    "hidden_size": 4096,
    "num_hidden_layers": 32,
    "num_states": 33,
    "memmap_file": "last_token_hidden_states.memmap",
    "dtype": "float32",
    "shape": [
      15000,
      33,
      4096
    ]
  },
  "test_meta": {
    "dataset": "compling/somo",
    "split": "test",
    "text_col": "text",
    "model": "meta-llama/Meta-Llama-3.1-8B",
    "max_len": 64,
    "hidden_size": 4096,
    "num_hidden_layers": 32,
    "num_states": 33,
    "memmap_file": "last_token_hidden_states.memmap",
    "dtype": "float32",
    "shape": [
      10000,
      33,
      4096
    ]
  },
  "splits": [
    484,
    968,
    1936,
    3872,
    7740
  ],
  "mdl_sum_ce": {
    "0": 10060.422529697418,
    "1": 10060.488670349121,
    "2": 10060.200770378113,
    "3": 10029.79019021988,
    "4": 9745.16065454483,
    "5": 9530.874600410461,
    "6": 9451.363892555237,
    "7": 9296.361015796661,
    "8": 8959.358389377594,
    "9": 8628.948462963104,
    "10": 8132.014163970947,
    "11": 8128.498195409775,
    "12": 8138.687234401703,
    "13": 8185.406043291092,
    "14": 8259.123439311981,
    "15": 8324.764145851135,
    "16": 8437.160607099533,
    "17": 8519.069785118103,
    "18": 8575.129482746124,
    "19": 8580.715031147003,
    "20": 8680.089351654053,
    "21": 8691.619501590729,
    "22": 8660.685517311096,
    "23": 8769.052810192108,
    "24": 8752.63784980774,
    "25": 8811.031076908112,
    "26": 8805.232314109802,
    "27": 8816.65333890915,
    "28": 8907.265795707703,
    "29": 8820.376996994019,
    "30": 8849.5455493927,
    "31": 8845.750627040863,
    "32": 8977.816104888916
  },
  "mdl_nll": {
    "0": 0.6930574903346252,
    "1": 0.6930620467311326,
    "2": 0.6930422134457228,
    "3": 0.6909472437462028,
    "4": 0.6713392569953727,
    "5": 0.6565771976033661,
    "6": 0.6510997445959794,
    "7": 0.6404216737253142,
    "8": 0.617205730874731,
    "9": 0.594443955839288,
    "10": 0.5602103998326637,
    "11": 0.559968186512109,
    "12": 0.560670104326378,
    "13": 0.5638885397692954,
    "14": 0.5689668944138868,
    "15": 0.5734888499484111,
    "16": 0.5812317861049554,
    "17": 0.586874468525634,
    "18": 0.5907363931348942,
    "19": 0.5911211787783827,
    "20": 0.5979670261541783,
    "21": 0.5987613324325385,
    "22": 0.5966303056841482,
    "23": 0.6040956744414514,
    "24": 0.6029648560076977,
    "25": 0.606987536298437,
    "26": 0.6065880624214524,
    "27": 0.6073748511235292,
    "28": 0.6136170980785135,
    "29": 0.6076313720717842,
    "30": 0.6096407790984224,
    "31": 0.6093793487903598,
    "32": 0.6184772736903359
  },
  "stopping_epochs_per_stage": {
    "0": [
      1,
      1,
      6,
      1
    ],
    "1": [
      3,
      1,
      4,
      1
    ],
    "2": [
      1,
      3,
      4,
      1
    ],
    "3": [
      1,
      3,
      1,
      6
    ],
    "4": [
      2,
      8,
      7,
      10
    ],
    "5": [
      4,
      6,
      6,
      3
    ],
    "6": [
      4,
      10,
      9,
      5
    ],
    "7": [
      4,
      7,
      6,
      4
    ],
    "8": [
      5,
      6,
      5,
      7
    ],
    "9": [
      3,
      5,
      3,
      3
    ],
    "10": [
      4,
      5,
      5,
      4
    ],
    "11": [
      5,
      4,
      6,
      3
    ],
    "12": [
      6,
      2,
      5,
      4
    ],
    "13": [
      4,
      4,
      4,
      3
    ],
    "14": [
      7,
      3,
      4,
      3
    ],
    "15": [
      5,
      2,
      2,
      4
    ],
    "16": [
      7,
      4,
      5,
      2
    ],
    "17": [
      3,
      6,
      2,
      3
    ],
    "18": [
      5,
      5,
      4,
      2
    ],
    "19": [
      2,
      5,
      5,
      3
    ],
    "20": [
      4,
      5,
      7,
      2
    ],
    "21": [
      5,
      8,
      7,
      5
    ],
    "22": [
      3,
      4,
      4,
      4
    ],
    "23": [
      1,
      6,
      5,
      6
    ],
    "24": [
      3,
      3,
      7,
      5
    ],
    "25": [
      1,
      7,
      5,
      5
    ],
    "26": [
      3,
      5,
      2,
      4
    ],
    "27": [
      1,
      4,
      6,
      7
    ],
    "28": [
      3,
      6,
      2,
      5
    ],
    "29": [
      4,
      3,
      4,
      5
    ],
    "30": [
      3,
      4,
      3,
      5
    ],
    "31": [
      5,
      4,
      5,
      6
    ],
    "32": [
      5,
      4,
      6,
      6
    ]
  },
  "test_acc": {
    "0": 0.5013,
    "1": 0.5036,
    "2": 0.5178,
    "3": 0.5553,
    "4": 0.6058,
    "5": 0.6411,
    "6": 0.6436,
    "7": 0.6502,
    "8": 0.6839,
    "9": 0.7038,
    "10": 0.7162,
    "11": 0.7235,
    "12": 0.7267,
    "13": 0.727,
    "14": 0.7313,
    "15": 0.7277,
    "16": 0.726,
    "17": 0.7204,
    "18": 0.7138,
    "19": 0.6934,
    "20": 0.6887,
    "21": 0.7122,
    "22": 0.6354,
    "23": 0.6884,
    "24": 0.702,
    "25": 0.6481,
    "26": 0.6912,
    "27": 0.6911,
    "28": 0.6927,
    "29": 0.6661,
    "30": 0.6809,
    "31": 0.6975,
    "32": 0.6825
  },
  "test_loss": {
    "0": 0.6931933230400086,
    "1": 0.6935505581855774,
    "2": 0.7013109884262085,
    "3": 0.6848218498229981,
    "4": 0.6671253702163696,
    "5": 0.641879658126831,
    "6": 0.6392441066741943,
    "7": 0.6381161920547486,
    "8": 0.6089191984176636,
    "9": 0.5912276725769043,
    "10": 0.5874446635246277,
    "11": 0.5796938157558441,
    "12": 0.5637535670757293,
    "13": 0.577684670972824,
    "14": 0.5768531223297119,
    "15": 0.5714733956813812,
    "16": 0.5728548690795898,
    "17": 0.5693217854499817,
    "18": 0.574238266658783,
    "19": 0.6213307587146759,
    "20": 0.6049614441871644,
    "21": 0.5787251007556915,
    "22": 0.7022436185836792,
    "23": 0.5961900094032287,
    "24": 0.5951501083374023,
    "25": 0.6481766884803772,
    "26": 0.6019249043464661,
    "27": 0.6338977254867554,
    "28": 0.6047943597793579,
    "29": 0.6505272827148437,
    "30": 0.6270676222801208,
    "31": 0.5891752650260925,
    "32": 0.6181412214279175
  },
  "drift_final_total_l2": {
    "0": 13.6132173538208,
    "1": 21.907913208007812,
    "2": 32.88882064819336,
    "3": 26.787458419799805,
    "4": 44.77091979980469,
    "5": 40.4836311340332,
    "6": 42.501014709472656,
    "7": 40.97781753540039,
    "8": 51.401329040527344,
    "9": 68.05943298339844,
    "10": 74.59201049804688,
    "11": 53.95918655395508,
    "12": 74.49053955078125,
    "13": 62.24851608276367,
    "14": 68.80049133300781,
    "15": 60.88039779663086,
    "16": 52.47358703613281,
    "17": 34.541133880615234,
    "18": 41.553138732910156,
    "19": 47.954444885253906,
    "20": 36.52365493774414,
    "21": 36.136474609375,
    "22": 39.826637268066406,
    "23": 38.11509704589844,
    "24": 44.295806884765625,
    "25": 31.29383659362793,
    "26": 37.012962341308594,
    "27": 37.69157028198242,
    "28": 32.36095428466797,
    "29": 31.920217514038086,
    "30": 32.294471740722656,
    "31": 27.51230812072754,
    "32": 27.3675479888916
  },
  "probe_type": "mlp",
  "probe_hidden_size": [
    2048
  ],
  "init_strategy": "gamma_second_zero",
  "init_gamma": 0.6,
  "effective_lr": 0.001,