{
  "config": {
    "model_short": "llama",
    "task_name": "somo",
    "dataset": {
      "train": "cache/llama/somo_train/",
      "test": "cache/llama/somo_test/"
    },
    "mdl": {
      "batch_size": 64,
      "probe_type": "mlp",
      "probe_hidden_size": [
        11
      ],
      "num_classes": 2,
      "init_strategy": "gamma_second_zero",
      "init_gamma": 1.0,
      "optimizer": "adamw",
      "train_epochs": 10,
      "lr": 0.001,
      "seed": 442,
      "early_stopping_gap": 3,
      "split_num": 5,
      "split_ratio": 2.0
    },
    "out_dir": "init_results/llama/somo/hidden-11/seed-442/strategy-gamma_second_zero/gamma-1.0/opt-adamw/2026-04-25_02-59-14"
  },
  "train_meta": {
    "dataset": "compling/somo",
    "split": "train",
    "text_col": "text",
    "model": "meta-llama/Meta-Llama-3.1-8B",
    "max_len": 64,
    "hidden_size": 4096,
    "num_hidden_layers": 32,
    "num_states": 33,
    "memmap_file": "last_token_hidden_states.memmap",
    "dtype": "float32",
    "shape": [
      15000,
      33,
      4096
    ]
  },
  "test_meta": {
    "dataset": "compling/somo",
    "split": "test",
    "text_col": "text",
    "model": "meta-llama/Meta-Llama-3.1-8B",
    "max_len": 64,
    "hidden_size": 4096,
    "num_hidden_layers": 32,
    "num_states": 33,
    "memmap_file": "last_token_hidden_states.memmap",
    "dtype": "float32",
    "shape": [
      10000,
      33,
      4096
    ]
  },
  "splits": [
    484,
    968,
    1936,
    3872,
    7740
  ],
  "mdl_sum_ce": {
    "0": 10059.928402900696,
    "1": 10060.888513088226,
    "2": 10061.879056453705,
    "3": 10061.214748859406,
    "4": 9998.230370521545,
    "5": 10060.595351219177,
    "6": 9521.698759555817,
    "7": 9566.316058158875,
    "8": 9125.779232025146,
    "9": 8606.267536640167,
    "10": 8292.69321346283,
    "11": 8214.01929473877,
    "12": 8296.057398796082,
    "13": 8127.7220578193665,
    "14": 8264.422146320343,
    "15": 8297.223216056824,
    "16": 8355.326343536377,
    "17": 8448.933985710144,
    "18": 8550.555892467499,
    "19": 8946.517612457275,
    "20": 8682.545523166656,
    "21": 8675.14820432663,
    "22": 9027.378264904022,
    "23": 8857.795413970947,
    "24": 8881.987128257751,
    "25": 8787.358136177063,
    "26": 8762.5744638443,
    "27": 8892.003141403198,
    "28": 8852.903817176819,
    "29": 8965.93562412262,
    "30": 8880.840026378632,
    "31": 8827.440298557281,
    "32": 9171.41485786438
  },
  "mdl_nll": {
    "0": 0.6930234501860496,
    "1": 0.693089591698004,
    "2": 0.6931578297364084,
    "3": 0.6931120659175672,
    "4": 0.6887731035079598,
    "5": 0.6930693959230626,
    "6": 0.6559450785034319,
    "7": 0.6590187419508732,
    "8": 0.6286703797206632,
    "9": 0.5928814781372395,
    "10": 0.5712794994118786,
    "11": 0.5658596923903809,
    "12": 0.5715112564615653,
    "13": 0.5599147187806122,
    "14": 0.5693319196969098,
    "15": 0.5715915690311948,
    "16": 0.575594264503746,
    "17": 0.5820428482853502,
    "18": 0.5890435307569233,
    "19": 0.6163211361571559,
    "20": 0.5981362305846415,
    "21": 0.5976266329792388,
    "22": 0.6218915861741542,
    "23": 0.6102091081545156,
    "24": 0.6118756632858743,
    "25": 0.6053567192185907,
    "26": 0.6036493843926908,
    "27": 0.6125656614358775,
    "28": 0.6098721284911007,
    "29": 0.6176588332958542,
    "30": 0.6117966400095503,
    "31": 0.6081179593935852,
    "32": 0.6318141952235037
  },
  "stopping_epochs_per_stage": {
    "0": [
      1,
      1,
      9,
      5
    ],
    "1": [
      1,
      6,
      1,
      4
    ],
    "2": [
      2,
      2,
      1,
      1
    ],
    "3": [
      1,
      5,
      3,
      1
    ],
    "4": [
      1,
      3,
      10,
      3
    ],
    "5": [
      1,
      5,
      4,
      7
    ],
    "6": [
      2,
      10,
      10,
      9
    ],
    "7": [
      1,
      2,
      1,
      10
    ],
    "8": [
      10,
      10,
      10,
      10
    ],
    "9": [
      10,
      10,
      10,
      10
    ],
    "10": [
      10,
      9,
      10,
      10
    ],
    "11": [
      10,
      10,
      9,
      9
    ],
    "12": [
      10,
      10,
      9,
      7
    ],
    "13": [
      8,
      10,
      9,
      9
    ],
    "14": [
      8,
      10,
      10,
      9
    ],
    "15": [
      9,
      10,
      6,
      8
    ],
    "16": [
      1,
      10,
      10,
      7
    ],
    "17": [
      1,
      10,
      7,
      10
    ],
    "18": [
      1,
      10,
      10,
      6
    ],
    "19": [
      1,
      1,
      10,
      10
    ],
    "20": [
      10,
      10,
      8,
      10
    ],
    "21": [
      1,
      10,
      9,
      10
    ],
    "22": [
      1,
      5,
      9,
      9
    ],
    "23": [
      1,
      5,
      9,
      9
    ],
    "24": [
      1,
      10,
      9,
      9
    ],
    "25": [
      1,
      9,
      8,
      5
    ],
    "26": [
      1,
      9,
      10,
      8
    ],
    "27": [
      1,
      4,
      7,
      5
    ],
    "28": [
      9,
      7,
      10,
      10
    ],
    "29": [
      4,
      8,
      9,
      5
    ],
    "30": [
      6,
      5,
      8,
      9
    ],
    "31": [
      9,
      10,
      9,
      9
    ],
    "32": [
      10,
      6,
      8,
      10
    ]
  },
  "test_acc": {
    "0": 0.5013,
    "1": 0.5013,
    "2": 0.5268,
    "3": 0.4982,
    "4": 0.5997,
    "5": 0.6381,
    "6": 0.6495,
    "7": 0.6544,
    "8": 0.6959,
    "9": 0.708,
    "10": 0.7287,
    "11": 0.7291,
    "12": 0.7315,
    "13": 0.7314,
    "14": 0.7062,
    "15": 0.7287,
    "16": 0.7222,
    "17": 0.7145,
    "18": 0.7228,
    "19": 0.7196,
    "20": 0.7147,
    "21": 0.7067,
    "22": 0.7133,
    "23": 0.5013,
    "24": 0.7043,
    "25": 0.7032,
    "26": 0.6862,
    "27": 0.7021,
    "28": 0.7065,
    "29": 0.7008,
    "30": 0.6985,
    "31": 0.6766,
    "32": 0.6978
  },
  "test_loss": {
    "0": 0.6931716831207275,
    "1": 0.6932127046585083,
    "2": 0.692139626121521,
    "3": 0.694297882270813,
    "4": 0.6615430166244507,
    "5": 0.6357602287292481,
    "6": 0.6278278784751892,
    "7": 0.6243729546546936,
    "8": 0.5916031094551086,
    "9": 0.5763380171775818,
    "10": 0.5380458375930787,
    "11": 0.5438104809761047,
    "12": 0.535138485622406,
    "13": 0.537196794462204,
    "14": 0.5690557485580444,
    "15": 0.536030899477005,
    "16": 0.5610740237236023,
    "17": 0.5632004802703857,
    "18": 0.5591544132232666,
    "19": 0.5597214597702026,
    "20": 0.5630773436546326,
    "21": 0.5700443222045899,
    "22": 0.5664724533081055,
    "23": 0.693228218460083,
    "24": 0.5738452217102051,
    "25": 0.5758285834312439,
    "26": 0.6084154780387878,
    "27": 0.5768288472175598,
    "28": 0.5735624873161316,
    "29": 0.584059521484375,
    "30": 0.5959375648498535,
    "31": 0.6060679839134216,
    "32": 0.5734823162078857
  },
  "drift_final_total_l2": {
    "0": 0.850745677947998,
    "1": 1.2597373723983765,
    "2": 14.38241195678711,
    "3": 6.3135576248168945,
    "4": 13.322290420532227,
    "5": 8.621294021606445,
    "6": 11.376483917236328,
    "7": 10.237858772277832,
    "8": 9.661846160888672,
    "9": 12.283690452575684,
    "10": 12.204229354858398,
    "11": 8.04598331451416,
    "12": 10.613948822021484,
    "13": 8.146255493164062,
    "14": 10.977108001708984,
    "15": 11.277044296264648,
    "16": 13.019328117370605,
    "17": 6.963655471801758,
    "18": 12.211389541625977,
    "19": 6.620935440063477,
    "20": 6.325815677642822,
    "21": 7.869087219238281,
    "22": 9.973306655883789,
    "23": 1.1382673978805542,
    "24": 7.3557634353637695,
    "25": 7.2669782638549805,
    "26": 5.923013687133789,
    "27": 5.962112903594971,
    "28": 9.182292938232422,
    "29": 8.229000091552734,
    "30": 9.31818962097168,
    "31": 9.309189796447754,
    "32": 7.6743903160095215
  },
  "probe_type": "mlp",
  "probe_hidden_size": [
    11
  ],