{
  "config": {
    "model_short": "llama",
    "task_name": "somo",
    "dataset": {
      "train": "cache/llama/somo_train/",
      "test": "cache/llama/somo_test/"
    },
    "mdl": {
      "batch_size": 64,
      "probe_type": "mlp",
      "probe_hidden_size": [
        4096
      ],
      "num_classes": 2,
      "init_strategy": "mup",
      "init_gamma": null,
      "optimizer": "adam",
      "train_epochs": 20,
      "lr": 0.0001220703125,
      "seed": 342,
      "early_stopping_gap": 3,
      "split_num": 5,
      "split_ratio": 2.0
    },
    "out_dir": "muP_results/llama/somo/hidden-4096/seed-342/strategy-mup/opt-adam/2026-04-30_00-40-20"
  },
  "train_meta": {
    "dataset": "compling/somo",
    "split": "train",
    "text_col": "text",
    "model": "meta-llama/Meta-Llama-3.1-8B",
    "max_len": 64,
    "hidden_size": 4096,
    "num_hidden_layers": 32,
    "num_states": 33,
    "memmap_file": "last_token_hidden_states.memmap",
    "dtype": "float32",
    "shape": [
      15000,
      33,
      4096
    ]
  },
  "test_meta": {
    "dataset": "compling/somo",
    "split": "test",
    "text_col": "text",
    "model": "meta-llama/Meta-Llama-3.1-8B",
    "max_len": 64,
    "hidden_size": 4096,
    "num_hidden_layers": 32,
    "num_states": 33,
    "memmap_file": "last_token_hidden_states.memmap",
    "dtype": "float32",
    "shape": [
      10000,
      33,
      4096
    ]
  },
  "splits": [
    484,
    968,
    1936,
    3872,
    7740
  ],
  "mdl_sum_ce": {
    "0": 10060.838317871094,
    "1": 10060.772234916687,
    "2": 10058.119280338287,
    "3": 10037.7894115448,
    "4": 9928.260709762573,
    "5": 9785.678744792938,
    "6": 9753.156284809113,
    "7": 9653.452766418457,
    "8": 9396.503778457642,
    "9": 9035.645324707031,
    "10": 8631.173254966736,
    "11": 8586.3864736557,
    "12": 8644.838975906372,
    "13": 8550.092833518982,
    "14": 8570.843062400818,
    "15": 8618.16039466858,
    "16": 8699.22068309784,
    "17": 8733.258605957031,
    "18": 8791.014598369598,
    "19": 8822.839878082275,
    "20": 8832.067266464233,
    "21": 8845.365387916565,
    "22": 8852.355535507202,
    "23": 8910.323648929596,
    "24": 8884.212032794952,
    "25": 8883.188680171967,
    "26": 8873.059193611145,
    "27": 8843.821558475494,
    "28": 8842.491755485535,
    "29": 8838.772660255432,
    "30": 8785.079648971558,
    "31": 8728.377494812012,
    "32": 8820.76467037201
  },
  "mdl_nll": {
    "0": 0.6930861337745311,
    "1": 0.6930815813527615,
    "2": 0.6928988206350433,
    "3": 0.691498306113585,
    "4": 0.6839529284763415,
    "5": 0.6741305280237626,
    "6": 0.6718900719763786,
    "7": 0.6650215463225722,
    "8": 0.647320458697826,
    "9": 0.6224610998007049,
    "10": 0.5945972206507809,
    "11": 0.5915118816241183,
    "12": 0.5955386453503977,
    "13": 0.5890116308569152,
    "14": 0.590441103775201,
    "15": 0.593700771195135,
    "16": 0.5992849740353982,
    "17": 0.6016298295644138,
    "18": 0.6056086110753375,
    "19": 0.6078010387215677,
    "20": 0.6084367089049486,
    "21": 0.6093528098592288,
    "22": 0.6098343576403419,
    "23": 0.6138277520618349,
    "24": 0.6120289358497487,
    "25": 0.6119584375979585,
    "26": 0.6112606223209662,
    "27": 0.6092464562190337,
    "28": 0.609154846754308,
    "29": 0.6088986401388421,
    "30": 0.6051997553714217,
    "31": 0.6012935722521364,
    "32": 0.6076580786974379
  },
  "stopping_epochs_per_stage": {
    "0": [
      20,
      2,
      4,
      2
    ],
    "1": [
      19,
      1,
      1,
      2
    ],
    "2": [
      15,
      1,
      1,
      20
    ],
    "3": [
      10,
      1,
      20,
      20
    ],
    "4": [
      20,
      1,
      20,
      20
    ],
    "5": [
      19,
      20,
      20,
      20
    ],
    "6": [
      20,
      20,
      20,
      20
    ],
    "7": [
      20,
      20,
      20,
      20
    ],
    "8": [
      20,
      20,
      20,
      20
    ],
    "9": [
      20,
      20,
      20,
      20
    ],
    "10": [
      20,
      20,
      20,
      20
    ],
    "11": [
      20,
      20,
      20,
      20
    ],
    "12": [
      20,
      20,
      20,
      20
    ],
    "13": [
      20,
      20,
      20,
      20
    ],
    "14": [
      20,
      20,
      20,
      20
    ],
    "15": [
      20,
      20,
      20,
      20
    ],
    "16": [
      20,
      20,
      20,
      20
    ],
    "17": [
      20,
      20,
      20,
      20
    ],
    "18": [
      20,
      20,
      20,
      20
    ],
    "19": [
      20,
      20,
      20,
      20
    ],
    "20": [
      19,
      20,
      20,
      20
    ],
    "21": [
      20,
      20,
      20,
      20
    ],
    "22": [
      20,
      20,
      20,
      19
    ],
    "23": [
      20,
      20,
      19,
      19
    ],
    "24": [
      20,
      19,
      20,
      20
    ],
    "25": [
      20,
      20,
      20,
      20
    ],
    "26": [
      20,
      20,
      20,
      19
    ],
    "27": [
      19,
      20,
      20,
      20
    ],
    "28": [
      20,
      20,
      19,
      19
    ],
    "29": [
      19,
      18,
      19,
      20
    ],
    "30": [
      20,
      20,
      20,
      19
    ],
    "31": [
      18,
      20,
      19,
      20
    ],
    "32": [
      12,
      19,
      19,
      12
    ]
  },
  "test_acc": {
    "0": 0.4982,
    "1": 0.4984,
    "2": 0.516,
    "3": 0.5426,
    "4": 0.5848,
    "5": 0.6196,
    "6": 0.6295,
    "7": 0.6451,
    "8": 0.6786,
    "9": 0.6986,
    "10": 0.7212,
    "11": 0.7223,
    "12": 0.718,
    "13": 0.7218,
    "14": 0.7188,
    "15": 0.7166,
    "16": 0.7188,
    "17": 0.7142,
    "18": 0.7124,
    "19": 0.7101,
    "20": 0.7104,
    "21": 0.7106,
    "22": 0.7105,
    "23": 0.7021,
    "24": 0.7044,
    "25": 0.7044,
    "26": 0.6988,
    "27": 0.7039,
    "28": 0.7065,
    "29": 0.7002,
    "30": 0.7041,
    "31": 0.6783,
    "32": 0.6934
  },
  "test_loss": {
    "0": 0.6932633823394775,
    "1": 0.6932377376556397,
    "2": 0.6925503831863403,
    "3": 0.6883190861701965,
    "4": 0.6703304928779602,
    "5": 0.6503185455322266,
    "6": 0.647012136554718,
    "7": 0.6348956672668457,
    "8": 0.6066108631134033,
    "9": 0.583885697555542,
    "10": 0.5548779018402099,
    "11": 0.5539196270942688,
    "12": 0.5582532314300537,
    "13": 0.5490907751560211,
    "14": 0.5520668989181519,
    "15": 0.555043371295929,
    "16": 0.557923927783966,
    "17": 0.5616279307365417,
    "18": 0.5632714787960053,
    "19": 0.5663245536804199,
    "20": 0.5677408750534058,
    "21": 0.5678989933013916,
    "22": 0.5694601795196533,
    "23": 0.573889834690094,
    "24": 0.575191213798523,
    "25": 0.5751200698852539,
    "26": 0.5822224561691284,
    "27": 0.5736160412788391,
    "28": 0.5746978411674499,
    "29": 0.5748464008331299,
    "30": 0.5739721833229064,
    "31": 0.5949952239990235,
    "32": 0.5795781274795532
  },
  "drift_final_total_l2": {
    "0": 15.3386869430542,
    "1": 48.60615921020508,
    "2": 78.6760482788086,
    "3": 100.71260070800781,
    "4": 149.88882446289062,
    "5": 166.51266479492188,
    "6": 158.78123474121094,
    "7": 172.36399841308594,
    "8": 187.01791381835938,
    "9": 202.4318084716797,
    "10": 205.73416137695312,
    "11": 198.13055419921875,
    "12": 196.42909240722656,
    "13": 186.81338500976562,
    "14": 176.8540496826172,
    "15": 169.24029541015625,
    "16": 164.57847595214844,
    "17": 152.4486846923828,
    "18": 146.994873046875,
    "19": 138.3660430908203,
    "20": 133.71353149414062,
    "21": 127.03182983398438,
    "22": 123.20832061767578,
    "23": 118.38249206542969,
    "24": 115.86223602294922,
    "25": 111.1756362915039,
    "26": 108.74271392822266,
    "27": 105.30758666992188,
    "28": 102.23003387451172,
    "29": 98.579833984375,
    "30": 93.08253479003906,
    "31": 83.98003387451172,
    "32": 61.332618713378906
  },
  "probe_type": "mlp",