{
  "config": {
    "model_short": "llama",
    "task_name": "somo",
    "dataset": {
      "train": "cache/llama/somo_train/",
      "test": "cache/llama/somo_test/"
    },
    "mdl": {
      "batch_size": 64,
      "probe_type": "mlp",
      "probe_hidden_size": [
        128
      ],
      "num_classes": 2,
      "init_strategy": "gamma_first_zero",
      "init_gamma": 0.6,
      "optimizer": "adamw",
      "train_epochs": 10,
      "lr": 0.001,
      "seed": 42,
      "early_stopping_gap": 3,
      "split_num": 5,
      "split_ratio": 2.0
    },
    "out_dir": "init_results/llama/somo/hidden-128/seed-42/strategy-gamma_first_zero/gamma-0.6/2026-04-20_23-06-15"
  },
  "train_meta": {
    "dataset": "compling/somo",
    "split": "train",
    "text_col": "text",
    "model": "meta-llama/Meta-Llama-3.1-8B",
    "max_len": 64,
    "hidden_size": 4096,
    "num_hidden_layers": 32,
    "num_states": 33,
    "memmap_file": "last_token_hidden_states.memmap",
    "dtype": "float32",
    "shape": [
      15000,
      33,
      4096
    ]
  },
  "test_meta": {
    "dataset": "compling/somo",
    "split": "test",
    "text_col": "text",
    "model": "meta-llama/Meta-Llama-3.1-8B",
    "max_len": 64,
    "hidden_size": 4096,
    "num_hidden_layers": 32,
    "num_states": 33,
    "memmap_file": "last_token_hidden_states.memmap",
    "dtype": "float32",
    "shape": [
      10000,
      33,
      4096
    ]
  },
  "splits": [
    484,
    968,
    1936,
    3872,
    7740
  ],
  "mdl_sum_ce": {
    "0": 10061.36618423462,
    "1": 10061.088082790375,
    "2": 10061.221069335938,
    "3": 10061.078345775604,
    "4": 10060.940205574036,
    "5": 10061.560132026672,
    "6": 10060.902234077454,
    "7": 10061.392279624939,
    "8": 10061.201950073242,
    "9": 10061.206582069397,
    "10": 10061.41386795044,
    "11": 10061.035724163055,
    "12": 10061.499879837036,
    "13": 10061.565209388733,
    "14": 10061.35458278656,
    "15": 10061.300087451935,
    "16": 10061.363564014435,
    "17": 10061.669765472412,
    "18": 10061.423137187958,
    "19": 10061.295258522034,
    "20": 10061.311160087585,
    "21": 10061.622574806213,
    "22": 10061.53402042389,
    "23": 10061.254217624664,
    "24": 10061.211121559143,
    "25": 10061.14671087265,
    "26": 10061.352747917175,
    "27": 10061.743025779724,
    "28": 10061.157067775726,
    "29": 10061.535387039185,
    "30": 10061.529183864594,
    "31": 10061.398516654968,
    "32": 10061.128333091736
  },
  "mdl_nll": {
    "0": 0.6931224982250358,
    "1": 0.6931033399552476,
    "2": 0.693112501332043,
    "3": 0.6931026691771566,
    "4": 0.6930931527675693,
    "5": 0.693135859191697,
    "6": 0.6930905369301084,
    "7": 0.6931242959234596,
    "8": 0.6931111842155719,
    "9": 0.6931115033114768,
    "10": 0.6931257831324359,
    "11": 0.693099732995526,
    "12": 0.6931317084484042,
    "13": 0.6931362089686369,
    "14": 0.6931216990070653,
    "15": 0.693117944850643,
    "16": 0.6931223177193742,
    "17": 0.6931434117850932,
    "18": 0.6931264216855854,
    "19": 0.6931176121880707,
    "20": 0.6931187076389904,
    "21": 0.6931401608436355,
    "22": 0.6931340603764046,
    "23": 0.6931147849011204,
    "24": 0.6931118160346613,
    "25": 0.6931073788145943,
    "26": 0.6931215726038286,
    "27": 0.6931484586511245,
    "28": 0.6931080922964815,
    "29": 0.6931341545218507,
    "30": 0.693133727188247,
    "31": 0.6931247255893475,
    "32": 0.6931061127784331
  },
  "stopping_epochs_per_stage": {
    "0": [
      1,
      1,
      1,
      1
    ],
    "1": [
      1,
      1,
      9,
      1
    ],
    "2": [
      7,
      1,
      4,
      1
    ],
    "3": [
      1,
      1,
      9,
      1
    ],
    "4": [
      1,
      1,
      4,
      1
    ],
    "5": [
      1,
      1,
      2,
      1
    ],
    "6": [
      1,
      1,
      5,
      1
    ],
    "7": [
      1,
      1,
      8,
      1
    ],
    "8": [
      6,
      1,
      4,
      1
    ],
    "9": [
      5,
      1,
      2,
      1
    ],
    "10": [
      1,
      1,
      4,
      1
    ],
    "11": [
      1,
      1,
      9,
      1
    ],
    "12": [
      3,
      1,
      2,
      1
    ],
    "13": [
      6,
      1,
      7,
      1
    ],
    "14": [
      1,
      1,
      4,
      1
    ],
    "15": [
      3,
      1,
      4,
      1
    ],
    "16": [
      1,
      1,
      6,
      1
    ],
    "17": [
      5,
      1,
      5,
      1
    ],
    "18": [
      1,
      1,
      2,
      1
    ],
    "19": [
      3,
      1,
      2,
      1
    ],
    "20": [
      2,
      1,
      6,
      1
    ],
    "21": [
      8,
      1,
      8,
      1
    ],
    "22": [
      2,
      1,
      6,
      2
    ],
    "23": [
      2,
      1,
      1,
      1
    ],
    "24": [
      6,
      1,
      1,
      1
    ],
    "25": [
      1,
      1,
      5,
      1
    ],
    "26": [
      2,
      1,
      5,
      1
    ],
    "27": [
      4,
      1,
      4,
      1
    ],
    "28": [
      3,
      1,
      6,
      1
    ],
    "29": [
      2,
      1,
      1,
      1
    ],
    "30": [
      1,
      1,
      4,
      1
    ],
    "31": [
      2,
      1,
      5,
      1
    ],
    "32": [
      3,
      1,
      6,
      1
    ]
  },
  "test_acc": {
    "0": 0.5013,
    "1": 0.5013,
    "2": 0.5013,
    "3": 0.5013,
    "4": 0.5013,
    "5": 0.5013,
    "6": 0.5013,
    "7": 0.5013,
    "8": 0.5013,
    "9": 0.5013,
    "10": 0.5013,
    "11": 0.5013,
    "12": 0.5013,
    "13": 0.5013,
    "14": 0.5013,
    "15": 0.5013,
    "16": 0.5013,
    "17": 0.5013,
    "18": 0.5013,
    "19": 0.5013,
    "20": 0.5013,
    "21": 0.5013,
    "22": 0.5013,
    "23": 0.5013,
    "24": 0.5013,
    "25": 0.5013,
    "26": 0.5013,
    "27": 0.5013,
    "28": 0.5013,
    "29": 0.5013,
    "30": 0.5013,
    "31": 0.5013,
    "32": 0.5013
  },
  "test_loss": {
    "0": 0.6931716207504273,
    "1": 0.6931902680397034,
    "2": 0.6932597892761231,
    "3": 0.6931446817398071,
    "4": 0.6931705561637879,
    "5": 0.6931797561645507,
    "6": 0.6931729583740235,
    "7": 0.6931630162239075,
    "8": 0.6932405323028564,
    "9": 0.6931679753303528,
    "10": 0.6931438590049743,
    "11": 0.6932196183204651,
    "12": 0.6932226254463196,
    "13": 0.6931621643066406,
    "14": 0.6932100760459899,
    "15": 0.6932627756118774,
    "16": 0.6931799519538879,
    "17": 0.6931691843032837,
    "18": 0.6932634078979493,
    "19": 0.6932281390190125,
    "20": 0.6931698209762573,
    "21": 0.6931438855171204,
    "22": 0.693162296962738,
    "23": 0.6932288046836853,
    "24": 0.6931670772552491,
    "25": 0.6932103561401367,
    "26": 0.6931839047431946,
    "27": 0.6931529494285583,
    "28": 0.6931904560089112,
    "29": 0.693226203250885,
    "30": 0.6932653246879578,
    "31": 0.6932062521934509,
    "32": 0.6931663510322571
  },
  "drift_final_total_l2": {
    "0": 0.01485170517116785,
    "1": 0.02006218396127224,
    "2": 0.025509556755423546,
    "3": 0.006961664650589228,
    "4": 0.015250960364937782,
    "5": 0.01671142876148224,
    "6": 0.015689680352807045,
    "7": 0.019277367740869522,
    "8": 0.023707212880253792,
    "9": 0.014796699397265911,
    "10": 0.009497929364442825,
    "11": 0.021193116903305054,
    "12": 0.02396346442401409,
    "13": 0.014757286757230759,
    "14": 0.022412173449993134,
    "15": 0.026200709864497185,
    "16": 0.017497587949037552,
    "17": 0.01587427593767643,
    "18": 0.025888876989483833,
    "19": 0.022880660369992256,
    "20": 0.014465671963989735,
    "21": 0.005869846325367689,
    "22": 0.01244578417390585,
    "23": 0.022217130288481712,
    "24": 0.018809976056218147,
    "25": 0.020377807319164276,
    "26": 0.01829182170331478,
    "27": 0.012863345444202423,
    "28": 0.019120028242468834,
    "29": 0.021953344345092773,
    "30": 0.026063423603773117,
    "31": 0.01983966864645481,
    "32": 0.01371542178094387
  },
  "probe_type": "mlp",