{
  "config": {
    "model_short": "llama",
    "task_name": "somo",
    "dataset": {
      "train": "cache/llama/somo_train/",
      "test": "cache/llama/somo_test/"
    },
    "mdl": {
      "batch_size": 64,
      "probe_type": "mlp",
      "probe_hidden_size": [
        1448
      ],
      "num_classes": 2,
      "init_strategy": "gamma_second_zero",
      "init_gamma": 0.5,
      "optimizer": "adamw",
      "train_epochs": 10,
      "lr": 0.001,
      "seed": 42,
      "early_stopping_gap": 3,
      "split_num": 5,
      "split_ratio": 2.0
    },
    "out_dir": "init_results/llama/somo/hidden-1448/seed-42/strategy-gamma_second_zero/gamma-0.5/opt-adamw/2026-04-25_02-59-18"
  },
  "train_meta": {
    "dataset": "compling/somo",
    "split": "train",
    "text_col": "text",
    "model": "meta-llama/Meta-Llama-3.1-8B",
    "max_len": 64,
    "hidden_size": 4096,
    "num_hidden_layers": 32,
    "num_states": 33,
    "memmap_file": "last_token_hidden_states.memmap",
    "dtype": "float32",
    "shape": [
      15000,
      33,
      4096
    ]
  },
  "test_meta": {
    "dataset": "compling/somo",
    "split": "test",
    "text_col": "text",
    "model": "meta-llama/Meta-Llama-3.1-8B",
    "max_len": 64,
    "hidden_size": 4096,
    "num_hidden_layers": 32,
    "num_states": 33,
    "memmap_file": "last_token_hidden_states.memmap",
    "dtype": "float32",
    "shape": [
      10000,
      33,
      4096
    ]
  },
  "splits": [
    484,
    968,
    1936,
    3872,
    7740
  ],
  "mdl_sum_ce": {
    "0": 10061.388705730438,
    "1": 10061.595399856567,
    "2": 10069.695568084717,
    "3": 10058.954095840454,
    "4": 9756.92322921753,
    "5": 9525.92411184311,
    "6": 9466.370770454407,
    "7": 9261.79612827301,
    "8": 8972.682994365692,
    "9": 8631.32511138916,
    "10": 8154.088778495789,
    "11": 8320.022585868835,
    "12": 8168.076722145081,
    "13": 8189.000044822693,
    "14": 8248.305960178375,
    "15": 8341.953520774841,
    "16": 8393.112659931183,
    "17": 8466.255297660828,
    "18": 8515.488233566284,
    "19": 8609.592988967896,
    "20": 8603.222867012024,
    "21": 8672.25344467163,
    "22": 8733.65192079544,
    "23": 8750.688168048859,
    "24": 8692.245698928833,
    "25": 8871.27789402008,
    "26": 8798.167637825012,
    "27": 8830.194571018219,
    "28": 8843.32408618927,
    "29": 8891.000276088715,
    "30": 8881.381828308105,
    "31": 8781.447228908539,
    "32": 8935.133201599121
  },
  "mdl_nll": {
    "0": 0.6931240497196499,
    "1": 0.6931382887749082,
    "2": 0.6936963053241056,
    "3": 0.692956330658615,
    "4": 0.6721495748978733,
    "5": 0.6562361609150668,
    "6": 0.6521335609296229,
    "7": 0.6380405158633928,
    "8": 0.6181236562665812,
    "9": 0.5946076819639818,
    "10": 0.5617311090173456,
    "11": 0.5731622062461309,
    "12": 0.5626947314787187,
    "13": 0.5641361287422633,
    "14": 0.5682216836716985,
    "15": 0.5746730174135327,
    "16": 0.5781973449938814,
    "17": 0.5832361048264555,
    "18": 0.5866277372255638,
    "19": 0.593110566889494,
    "20": 0.592671732365116,
    "21": 0.5974272144303961,
    "22": 0.6016569248274621,
    "23": 0.6028305434037516,
    "24": 0.5988044708548383,
    "25": 0.6111379094805787,
    "26": 0.606101380395771,
    "27": 0.6083076998496982,
    "28": 0.609212185601355,
    "29": 0.6124965745445519,
    "30": 0.6118339644742425,
    "31": 0.6049495197649861,
    "32": 0.6155368697712263
  },
  "stopping_epochs_per_stage": {
    "0": [
      1,
      2,
      5,
      6
    ],
    "1": [
      1,
      8,
      2,
      3
    ],
    "2": [
      1,
      4,
      1,
      5
    ],
    "3": [
      2,
      4,
      1,
      1
    ],
    "4": [
      2,
      6,
      6,
      8
    ],
    "5": [
      8,
      7,
      3,
      7
    ],
    "6": [
      1,
      8,
      7,
      6
    ],
    "7": [
      3,
      8,
      3,
      9
    ],
    "8": [
      8,
      5,
      6,
      3
    ],
    "9": [
      4,
      4,
      3,
      5
    ],
    "10": [
      6,
      4,
      3,
      4
    ],
    "11": [
      4,
      2,
      4,
      4
    ],
    "12": [
      8,
      4,
      2,
      3
    ],
    "13": [
      7,
      4,
      3,
      5
    ],
    "14": [
      4,
      5,
      3,
      3
    ],
    "15": [
      4,
      3,
      3,
      6
    ],
    "16": [
      10,
      5,
      2,
      5
    ],
    "17": [
      5,
      3,
      4,
      3
    ],
    "18": [
      3,
      4,
      4,
      5
    ],
    "19": [
      3,
      6,
      4,
      3
    ],
    "20": [
      5,
      5,
      4,
      6
    ],
    "21": [
      6,
      4,
      3,
      4
    ],
    "22": [
      3,
      5,
      3,
      3
    ],
    "23": [
      1,
      3,
      5,
      6
    ],
    "24": [
      2,
      5,
      4,
      5
    ],
    "25": [
      2,
      6,
      4,
      3
    ],
    "26": [
      1,
      6,
      6,
      5
    ],
    "27": [
      1,
      3,
      4,
      6
    ],
    "28": [
      2,
      5,
      5,
      6
    ],
    "29": [
      1,
      3,
      4,
      4
    ],
    "30": [
      2,
      3,
      2,
      3
    ],
    "31": [
      1,
      3,
      5,
      4
    ],
    "32": [
      2,
      4,
      7,
      7
    ]
  },
  "test_acc": {
    "0": 0.5013,
    "1": 0.5026,
    "2": 0.531,
    "3": 0.5492,
    "4": 0.5985,
    "5": 0.631,
    "6": 0.6528,
    "7": 0.6574,
    "8": 0.6851,
    "9": 0.7024,
    "10": 0.7247,
    "11": 0.7083,
    "12": 0.7247,
    "13": 0.7287,
    "14": 0.6562,
    "15": 0.7212,
    "16": 0.7134,
    "17": 0.6774,
    "18": 0.7231,
    "19": 0.7188,
    "20": 0.721,
    "21": 0.7061,
    "22": 0.6598,
    "23": 0.6935,
    "24": 0.6945,
    "25": 0.7003,
    "26": 0.6919,
    "27": 0.6945,
    "28": 0.6619,
    "29": 0.631,
    "30": 0.6833,
    "31": 0.6824,
    "32": 0.6828
  },
  "test_loss": {
    "0": 0.6931610330581665,
    "1": 0.6942171182632446,
    "2": 0.6936279225349427,
    "3": 0.6861014591217041,
    "4": 0.6741664519309998,
    "5": 0.6544872992515564,
    "6": 0.6293527740478516,
    "7": 0.6348178650856018,
    "8": 0.6082750572204589,
    "9": 0.5908189301490784,
    "10": 0.5811897912979126,
    "11": 0.6048349946975708,
    "12": 0.5740275086402893,
    "13": 0.5664512877464294,
    "14": 0.6527214375495911,
    "15": 0.591939866733551,
    "16": 0.5973538685798645,
    "17": 0.6255091816902161,
    "18": 0.5767100374221802,
    "19": 0.5829048676490783,
    "20": 0.5751134324073791,
    "21": 0.589637296295166,
    "22": 0.720951626586914,
    "23": 0.6078591382980346,
    "24": 0.5946670742034912,
    "25": 0.5893444717407227,
    "26": 0.61826039352417,
    "27": 0.6003869285583496,
    "28": 0.6800983667373657,
    "29": 0.6934778023719788,
    "30": 0.647757371711731,
    "31": 0.6090883125305175,
    "32": 0.6000522583007812
  },
  "drift_final_total_l2": {
    "0": 10.79995059967041,
    "1": 24.67557716369629,
    "2": 33.71050262451172,
    "3": 27.18267250061035,
    "4": 49.076786041259766,
    "5": 55.05369186401367,
    "6": 45.78508758544922,
    "7": 55.82782745361328,
    "8": 60.994911193847656,
    "9": 64.27705383300781,
    "10": 57.569393157958984,
    "11": 56.886356353759766,
    "12": 68.33390808105469,
    "13": 62.450218200683594,
    "14": 56.792545318603516,
    "15": 67.29134368896484,
    "16": 56.41897201538086,
    "17": 50.94058609008789,
    "18": 48.009254455566406,
    "19": 52.9709358215332,
    "20": 46.16596984863281,
    "21": 40.82499694824219,
    "22": 49.82356262207031,
    "23": 41.776126861572266,
    "24": 42.84418487548828,
    "25": 37.209739685058594,
    "26": 36.952945709228516,
    "27": 39.40073776245117,
    "28": 44.0311279296875,
    "29": 34.287139892578125,
    "30": 35.97701644897461,
    "31": 28.23631477355957,
    "32": 23.69269371032715
  },
  "probe_type": "mlp",
  "probe_hidden_size": [
    1448
  ],
  "init_strategy": "gamma_second_zero",
  "init_gamma": 0.5,