{
  "config": {
    "model_short": "llama",
    "task_name": "somo",
    "dataset": {
      "train": "cache/llama/somo_train/",
      "test": "cache/llama/somo_test/"
    },
    "mdl": {
      "batch_size": 64,
      "probe_type": "mlp",
      "probe_hidden_size": [
        128
      ],
      "num_classes": 2,
      "init_strategy": "mf",
      "init_gamma": null,
      "optimizer": "sgd",
      "train_epochs": 10,
      "lr": 0.005,
      "seed": 142,
      "early_stopping_gap": 3,
      "split_num": 5,
      "split_ratio": 2.0
    },
    "out_dir": "init_results/llama/somo/hidden-128/seed-142/strategy-mf/gamma-na/opt-sgd/2026-04-21_06-18-46"
  },
  "train_meta": {
    "dataset": "compling/somo",
    "split": "train",
    "text_col": "text",
    "model": "meta-llama/Meta-Llama-3.1-8B",
    "max_len": 64,
    "hidden_size": 4096,
    "num_hidden_layers": 32,
    "num_states": 33,
    "memmap_file": "last_token_hidden_states.memmap",
    "dtype": "float32",
    "shape": [
      15000,
      33,
      4096
    ]
  },
  "test_meta": {
    "dataset": "compling/somo",
    "split": "test",
    "text_col": "text",
    "model": "meta-llama/Meta-Llama-3.1-8B",
    "max_len": 64,
    "hidden_size": 4096,
    "num_hidden_layers": 32,
    "num_states": 33,
    "memmap_file": "last_token_hidden_states.memmap",
    "dtype": "float32",
    "shape": [
      10000,
      33,
      4096
    ]
  },
  "splits": [
    484,
    968,
    1936,
    3872,
    7740
  ],
  "mdl_sum_ce": {
    "0": 10061.079151153564,
    "1": 10060.665526866913,
    "2": 10060.855516910553,
    "3": 10060.306967258453,
    "4": 10051.98984336853,
    "5": 10027.22033405304,
    "6": 10018.68573474884,
    "7": 10000.41918516159,
    "8": 9950.80837726593,
    "9": 9803.009776592255,
    "10": 9650.49262046814,
    "11": 9477.550827980042,
    "12": 9546.370379447937,
    "13": 9357.542174339294,
    "14": 9358.461069107056,
    "15": 9311.216378211975,
    "16": 9373.481258869171,
    "17": 9378.06281375885,
    "18": 9406.828701496124,
    "19": 9351.450510978699,
    "20": 9296.580547332764,
    "21": 9214.409898281097,
    "22": 9277.170941829681,
    "23": 9331.374903678894,
    "24": 9293.236429214478,
    "25": 9325.618598461151,
    "26": 9313.41106081009,
    "27": 9359.112968921661,
    "28": 9199.680491924286,
    "29": 9346.257439613342,
    "30": 9253.353652954102,
    "31": 9070.619140625,
    "32": 9248.580136299133
  },
  "mdl_nll": {
    "0": 0.6931027246592425,
    "1": 0.6930742302884343,
    "2": 0.6930873186077813,
    "3": 0.6930495292958427,
    "4": 0.6924765667793146,
    "5": 0.6907702076366106,
    "6": 0.690182263347261,
    "7": 0.6889238898568194,
    "8": 0.6855062260447734,
    "9": 0.6753244541603923,
    "10": 0.6648176233444572,
    "11": 0.6529037495163985,
    "12": 0.6576446940925832,
    "13": 0.6446364132226022,
    "14": 0.6446997154248454,
    "15": 0.6414450522328448,
    "16": 0.6457344488060879,
    "17": 0.6460500698373416,
    "18": 0.6480317374962885,
    "19": 0.6442167615719687,
    "20": 0.6404367971433428,
    "21": 0.6347761021136055,
    "22": 0.6390996791009701,
    "23": 0.6428337629979949,
    "24": 0.6402064225140863,
    "25": 0.6424372140025594,
    "26": 0.641596242822409,
    "27": 0.644744624477932,
    "28": 0.6337614006561233,
    "29": 0.6438590134757056,
    "30": 0.6374589179494421,
    "31": 0.6248704285357537,
    "32": 0.6371300727679204
  },
  "stopping_epochs_per_stage": {
    "0": [
      5,
      10,
      10,
      1
    ],
    "1": [
      2,
      10,
      10,
      1
    ],
    "2": [
      7,
      10,
      10,
      1
    ],
    "3": [
      10,
      10,
      10,
      1
    ],
    "4": [
      10,
      10,
      10,
      10
    ],
    "5": [
      10,
      10,
      10,
      10
    ],
    "6": [
      10,
      10,
      9,
      10
    ],
    "7": [
      10,
      10,
      10,
      10
    ],
    "8": [
      10,
      10,
      10,
      10
    ],
    "9": [
      9,
      10,
      10,
      10
    ],
    "10": [
      10,
      10,
      10,
      10
    ],
    "11": [
      10,
      10,
      10,
      10
    ],
    "12": [
      10,
      10,
      10,
      10
    ],
    "13": [
      10,
      10,
      10,
      10
    ],
    "14": [
      10,
      10,
      10,
      10
    ],
    "15": [
      10,
      10,
      10,
      10
    ],
    "16": [
      10,
      10,
      10,
      10
    ],
    "17": [
      9,
      10,
      10,
      10
    ],
    "18": [
      10,
      10,
      9,
      10
    ],
    "19": [
      8,
      9,
      10,
      10
    ],
    "20": [
      4,
      10,
      10,
      10
    ],
    "21": [
      10,
      10,
      10,
      10
    ],
    "22": [
      10,
      5,
      10,
      10
    ],
    "23": [
      9,
      9,
      10,
      9
    ],
    "24": [
      9,
      10,
      10,
      9
    ],
    "25": [
      8,
      9,
      10,
      9
    ],
    "26": [
      4,
      9,
      10,
      9
    ],
    "27": [
      4,
      10,
      9,
      9
    ],
    "28": [
      5,
      9,
      10,
      10
    ],
    "29": [
      3,
      10,
      10,
      6
    ],
    "30": [
      9,
      2,
      8,
      10
    ],
    "31": [
      10,
      6,
      10,
      10
    ],
    "32": [
      10,
      9,
      3,
      10
    ]
  },
  "test_acc": {
    "0": 0.5013,
    "1": 0.5013,
    "2": 0.5013,
    "3": 0.511,
    "4": 0.542,
    "5": 0.554,
    "6": 0.5804,
    "7": 0.6007,
    "8": 0.6365,
    "9": 0.6645,
    "10": 0.6998,
    "11": 0.6952,
    "12": 0.6962,
    "13": 0.7013,
    "14": 0.7015,
    "15": 0.699,
    "16": 0.6945,
    "17": 0.6858,
    "18": 0.6948,
    "19": 0.6847,
    "20": 0.698,
    "21": 0.6905,
    "22": 0.6722,
    "23": 0.6783,
    "24": 0.6603,
    "25": 0.6703,
    "26": 0.6562,
    "27": 0.6779,
    "28": 0.6883,
    "29": 0.6354,
    "30": 0.6925,
    "31": 0.6911,
    "32": 0.6764
  },
  "test_loss": {
    "0": 0.6931812788009644,
    "1": 0.6931819987297058,
    "2": 0.6931755984306336,
    "3": 0.692976637172699,
    "4": 0.6910418863296509,
    "5": 0.6864004709243774,
    "6": 0.6832017463684082,
    "7": 0.6788708937644958,
    "8": 0.6632445638656617,
    "9": 0.6437254774093628,
    "10": 0.6005833288192749,
    "11": 0.603399556350708,
    "12": 0.5989014620780945,
    "13": 0.5878083132743835,
    "14": 0.5899683290481568,
    "15": 0.5851040717124939,
    "16": 0.5915580342292786,
    "17": 0.5941435027122498,
    "18": 0.5880231942176819,
    "19": 0.5968643265724182,
    "20": 0.5863418128013611,
    "21": 0.5871821688652039,
    "22": 0.6047117178916931,
    "23": 0.597721583366394,
    "24": 0.6142943562507629,
    "25": 0.6066792161941529,
    "26": 0.6119858488082885,
    "27": 0.5999476246833801,
    "28": 0.5914586247444152,
    "29": 0.6292192328453063,
    "30": 0.5897586226463318,
    "31": 0.5863432106018066,
    "32": 0.5972983183860778
  },
  "drift_final_total_l2": {
    "0": 0.2865558862686157,
    "1": 0.2979327440261841,
    "2": 0.4444619417190552,
    "3": 0.6708086729049683,
    "4": 1.860467553138733,
    "5": 3.3684182167053223,
    "6": 3.8443918228149414,
    "7": 4.578563213348389,
    "8": 6.672855377197266,
    "9": 8.468036651611328,
    "10": 11.642739295959473,
    "11": 11.35346508026123,
    "12": 11.601580619812012,
    "13": 12.091466903686523,
    "14": 12.162705421447754,
    "15": 12.17888355255127,
    "16": 12.049938201904297,
    "17": 12.218667984008789,
    "18": 12.168258666992188,
    "19": 11.941956520080566,
    "20": 12.095354080200195,
    "21": 12.121950149536133,
    "22": 11.998162269592285,
    "23": 11.84152603149414,
    "24": 11.866670608520508,
    "25": 10.982768058776855,
    "26": 11.797268867492676,
    "27": 11.79051685333252,
    "28": 12.024848937988281,
    "29": 11.31933307647705,
    "30": 11.264668464660645,
    "31": 11.78689193725586,
    "32": 10.536234855651855
  },
  "probe_type": "mlp",
  "probe_hidden_size": [
    128
  ],