{
  "config": {
    "model_short": "llama",
    "task_name": "somo",
    "dataset": {
      "train": "cache/llama/somo_train/",
      "test": "cache/llama/somo_test/"
    },
    "mdl": {
      "batch_size": 64,
      "probe_type": "mlp",
      "probe_hidden_size": [
        6
      ],
      "num_classes": 2,
      "init_strategy": "gamma_second_zero",
      "init_gamma": 0.5,
      "optimizer": "adamw",
      "train_epochs": 10,
      "lr": 0.001,
      "seed": 442,
      "early_stopping_gap": 3,
      "split_num": 5,
      "split_ratio": 2.0
    },
    "out_dir": "init_results/llama/somo/hidden-6/seed-442/strategy-gamma_second_zero/gamma-0.5/opt-adamw/2026-04-25_02-49-55"
  },
  "train_meta": {
    "dataset": "compling/somo",
    "split": "train",
    "text_col": "text",
    "model": "meta-llama/Meta-Llama-3.1-8B",
    "max_len": 64,
    "hidden_size": 4096,
    "num_hidden_layers": 32,
    "num_states": 33,
    "memmap_file": "last_token_hidden_states.memmap",
    "dtype": "float32",
    "shape": [
      15000,
      33,
      4096
    ]
  },
  "test_meta": {
    "dataset": "compling/somo",
    "split": "test",
    "text_col": "text",
    "model": "meta-llama/Meta-Llama-3.1-8B",
    "max_len": 64,
    "hidden_size": 4096,
    "num_hidden_layers": 32,
    "num_states": 33,
    "memmap_file": "last_token_hidden_states.memmap",
    "dtype": "float32",
    "shape": [
      10000,
      33,
      4096
    ]
  },
  "splits": [
    484,
    968,
    1936,
    3872,
    7740
  ],
  "mdl_sum_ce": {
    "0": 10060.825645446777,
    "1": 10061.052447795868,
    "2": 10060.77048110962,
    "3": 10058.542867183685,
    "4": 9894.559530258179,
    "5": 9888.895873069763,
    "6": 9583.173590660095,
    "7": 9369.932938575745,
    "8": 9034.500046730042,
    "9": 8803.8223695755,
    "10": 8227.384740829468,
    "11": 8137.810111999512,
    "12": 8305.830370903015,
    "13": 8313.456776618958,
    "14": 8254.612238883972,
    "15": 8259.2865152359,
    "16": 8363.7830119133,
    "17": 9475.754090309143,
    "18": 8570.092199802399,
    "19": 8545.816264629364,
    "20": 9544.63846731186,
    "21": 8753.179856300354,
    "22": 9172.318837165833,
    "23": 8690.490718841553,
    "24": 8940.464359283447,
    "25": 8955.2760887146,
    "26": 8789.61978673935,
    "27": 8840.477315425873,
    "28": 8871.24315738678,
    "29": 8928.645721912384,
    "30": 8975.086215019226,
    "31": 9072.56253528595,
    "32": 9085.20564699173
  },
  "mdl_nll": {
    "0": 0.6930852607775405,
    "1": 0.6931008850782494,
    "2": 0.6930814605338674,
    "3": 0.6929280013215545,
    "4": 0.6816312710290837,
    "5": 0.6812411045101794,
    "6": 0.6601800489570195,
    "7": 0.6454900067908339,
    "8": 0.6223822021720888,
    "9": 0.6064909320457083,
    "10": 0.5667804313054193,
    "11": 0.5606096798015646,
    "12": 0.5721845116356444,
    "13": 0.5727098909216697,
    "14": 0.5686561200664075,
    "15": 0.5689781286329499,
    "16": 0.5761768401703844,
    "17": 0.6527799731543912,
    "18": 0.5903893772252962,
    "19": 0.5887170201590909,
    "20": 0.6575253835293372,
    "21": 0.6030021945646428,
    "22": 0.6318764699067121,
    "23": 0.5986835711519394,
    "24": 0.6159041305651314,
    "25": 0.6169245032181455,
    "26": 0.6055125231978058,
    "27": 0.60901607298332,
    "28": 0.6111355164912359,
    "29": 0.6150899505313023,
    "30": 0.6182892129387728,
    "31": 0.625004308024659,
    "32": 0.6258752856841919
  },
  "stopping_epochs_per_stage": {
    "0": [
      1,
      6,
      7,
      1
    ],
    "1": [
      1,
      5,
      2,
      4
    ],
    "2": [
      1,
      2,
      10,
      2
    ],
    "3": [
      1,
      2,
      10,
      2
    ],
    "4": [
      1,
      2,
      2,
      9
    ],
    "5": [
      1,
      10,
      9,
      7
    ],
    "6": [
      1,
      10,
      10,
      9
    ],
    "7": [
      1,
      10,
      9,
      9
    ],
    "8": [
      1,
      10,
      10,
      10
    ],
    "9": [
      1,
      3,
      10,
      10
    ],
    "10": [
      10,
      10,
      9,
      8
    ],
    "11": [
      10,
      9,
      9,
      8
    ],
    "12": [
      9,
      10,
      9,
      9
    ],
    "13": [
      1,
      8,
      10,
      8
    ],
    "14": [
      10,
      9,
      10,
      8
    ],
    "15": [
      1,
      10,
      10,
      9
    ],
    "16": [
      10,
      10,
      10,
      9
    ],
    "17": [
      1,
      9,
      10,
      5
    ],
    "18": [
      1,
      10,
      10,
      10
    ],
    "19": [
      10,
      9,
      8,
      8
    ],
    "20": [
      3,
      10,
      10,
      3
    ],
    "21": [
      1,
      9,
      10,
      8
    ],
    "22": [
      1,
      10,
      2,
      7
    ],
    "23": [
      1,
      10,
      9,
      10
    ],
    "24": [
      10,
      9,
      10,
      9
    ],
    "25": [
      10,
      9,
      10,
      8
    ],
    "26": [
      1,
      7,
      7,
      8
    ],
    "27": [
      1,
      5,
      9,
      9
    ],
    "28": [
      1,
      9,
      10,
      9
    ],
    "29": [
      6,
      9,
      10,
      9
    ],
    "30": [
      2,
      10,
      9,
      8
    ],
    "31": [
      1,
      9,
      8,
      10
    ],
    "32": [
      7,
      8,
      7,
      10
    ]
  },
  "test_acc": {
    "0": 0.5013,
    "1": 0.5013,
    "2": 0.5092,
    "3": 0.5013,
    "4": 0.6057,
    "5": 0.6299,
    "6": 0.6408,
    "7": 0.5013,
    "8": 0.6892,
    "9": 0.7064,
    "10": 0.7102,
    "11": 0.7208,
    "12": 0.7344,
    "13": 0.7277,
    "14": 0.7252,
    "15": 0.5013,
    "16": 0.7301,
    "17": 0.7211,
    "18": 0.7183,
    "19": 0.7198,
    "20": 0.7131,
    "21": 0.7192,
    "22": 0.7098,
    "23": 0.7127,
    "24": 0.7046,
    "25": 0.6993,
    "26": 0.6947,
    "27": 0.7001,
    "28": 0.7044,
    "29": 0.6884,
    "30": 0.6959,
    "31": 0.6976,
    "32": 0.6936
  },
  "test_loss": {
    "0": 0.6932290267944335,
    "1": 0.6932206084251403,
    "2": 0.6932700471878052,
    "3": 0.6932239768028259,
    "4": 0.6582982833862304,
    "5": 0.6425339274406433,
    "6": 0.6351287912368775,
    "7": 0.6932121898651123,
    "8": 0.5941174870491028,
    "9": 0.5741598830223084,
    "10": 0.5788158111572266,
    "11": 0.553872124671936,
    "12": 0.5378087404251098,
    "13": 0.5446728779792785,
    "14": 0.5493319321632385,
    "15": 0.6932070436477661,
    "16": 0.5377518286705018,
    "17": 0.5551087441444397,
    "18": 0.5528747986793519,
    "19": 0.5553410870552064,
    "20": 0.562921715259552,
    "21": 0.5582491392612458,
    "22": 0.5655874757766723,
    "23": 0.5642954007148743,
    "24": 0.5800296938896179,
    "25": 0.5786314920425415,
    "26": 0.5853448046684265,
    "27": 0.5784705179214478,
    "28": 0.5734981870651246,
    "29": 0.6003567267417907,
    "30": 0.5880543523788452,
    "31": 0.5849570062637329,
    "32": 0.5779540321350097
  },
  "drift_final_total_l2": {
    "0": 0.7898674011230469,
    "1": 0.9246535301208496,
    "2": 8.562667846679688,
    "3": 0.9784843325614929,
    "4": 8.849743843078613,
    "5": 11.243836402893066,
    "6": 8.366859436035156,
    "7": 0.8720110654830933,
    "8": 10.296122550964355,
    "9": 10.828703880310059,
    "10": 11.85418701171875,
    "11": 11.892727851867676,
    "12": 12.440657615661621,
    "13": 11.916428565979004,
    "14": 7.680793285369873,
    "15": 0.7893085479736328,
    "16": 10.749640464782715,
    "17": 8.840346336364746,
    "18": 8.385644912719727,
    "19": 8.601507186889648,
    "20": 7.940267086029053,
    "21": 8.918636322021484,
    "22": 6.432535648345947,
    "23": 8.230814933776855,
    "24": 8.6165132522583,
    "25": 9.642208099365234,
    "26": 7.414667129516602,
    "27": 7.934929847717285,
    "28": 5.7502241134643555,
    "29": 6.600630760192871,
    "30": 8.855098724365234,
    "31": 8.706015586853027,
    "32": 7.8645195960998535
  },
  "probe_type": "mlp",
  "probe_hidden_size": [
    6
  ],
  "init_strategy": "gamma_second_zero",