{
  "config": {
    "model_short": "llama",
    "task_name": "somo",
    "dataset": {
      "train": "cache/llama/somo_train/",
      "test": "cache/llama/somo_test/"
    },
    "mdl": {
      "batch_size": 64,
      "probe_type": "mlp",
      "probe_hidden_size": [
        4096
      ],
      "num_classes": 2,
      "init_strategy": "mup",
      "init_gamma": null,
      "optimizer": "adam",
      "train_epochs": 20,
      "lr": 0.0001220703125,
      "seed": 242,
      "early_stopping_gap": 3,
      "split_num": 5,
      "split_ratio": 2.0
    },
    "out_dir": "muP_results/llama/somo/hidden-4096/seed-242/strategy-mup/opt-adam/2026-04-30_00-27-00"
  },
  "train_meta": {
    "dataset": "compling/somo",
    "split": "train",
    "text_col": "text",
    "model": "meta-llama/Meta-Llama-3.1-8B",
    "max_len": 64,
    "hidden_size": 4096,
    "num_hidden_layers": 32,
    "num_states": 33,
    "memmap_file": "last_token_hidden_states.memmap",
    "dtype": "float32",
    "shape": [
      15000,
      33,
      4096
    ]
  },
  "test_meta": {
    "dataset": "compling/somo",
    "split": "test",
    "text_col": "text",
    "model": "meta-llama/Meta-Llama-3.1-8B",
    "max_len": 64,
    "hidden_size": 4096,
    "num_hidden_layers": 32,
    "num_states": 33,
    "memmap_file": "last_token_hidden_states.memmap",
    "dtype": "float32",
    "shape": [
      10000,
      33,
      4096
    ]
  },
  "splits": [
    484,
    968,
    1936,
    3872,
    7740
  ],
  "mdl_sum_ce": {
    "0": 10061.402584075928,
    "1": 10061.229922294617,
    "2": 10058.313617706299,
    "3": 10042.758959770203,
    "4": 9925.379158496857,
    "5": 9787.081537723541,
    "6": 9752.618800163269,
    "7": 9643.541045188904,
    "8": 9382.148711204529,
    "9": 9036.198900699615,
    "10": 8642.742150783539,
    "11": 8599.544734954834,
    "12": 8643.91310453415,
    "13": 8570.03724193573,
    "14": 8580.005527496338,
    "15": 8629.860385894775,
    "16": 8725.42342710495,
    "17": 8750.120270252228,
    "18": 8787.788597106934,
    "19": 8824.697530269623,
    "20": 8855.963252544403,
    "21": 8852.767270088196,
    "22": 8842.60722064972,
    "23": 8907.022093296051,
    "24": 8894.339646339417,
    "25": 8891.89934873581,
    "26": 8868.448366641998,
    "27": 8873.87806224823,
    "28": 8838.334243774414,
    "29": 8839.628385543823,
    "30": 8799.992476940155,
    "31": 8796.899056434631,
    "32": 8788.558789253235
  },
  "mdl_nll": {
    "0": 0.6931250057919487,
    "1": 0.693113111207951,
    "2": 0.6929122084393978,
    "3": 0.6918406558122212,
    "4": 0.6837544198468488,
    "5": 0.6742271657290949,
    "6": 0.6718530449272023,
    "7": 0.6643387327906382,
    "8": 0.6463315452744922,
    "9": 0.6224992353747324,
    "10": 0.5953941961134981,
    "11": 0.5924183476822013,
    "12": 0.5954748625333528,
    "13": 0.5903855912052721,
    "14": 0.5910723014257604,
    "15": 0.5945067777552201,
    "16": 0.6010900680011677,
    "17": 0.6027914212077864,
    "18": 0.6053863734573528,
    "19": 0.6079290114542314,
    "20": 0.6100828914676497,
    "21": 0.6098627218302698,
    "22": 0.6091628010918793,
    "23": 0.6136003095409239,
    "24": 0.6127266220955784,
    "25": 0.6125585112107887,
    "26": 0.6109429847507577,
    "27": 0.6113170337729561,
    "28": 0.6088684378461294,
    "29": 0.6089575906271578,
    "30": 0.6062270926522565,
    "31": 0.6060139884565053,
    "32": 0.6054394316101704
  },
  "stopping_epochs_per_stage": {
    "0": [
      20,
      1,
      1,
      7
    ],
    "1": [
      14,
      1,
      1,
      20
    ],
    "2": [
      1,
      1,
      1,
      20
    ],
    "3": [
      5,
      5,
      1,
      20
    ],
    "4": [
      20,
      12,
      20,
      20
    ],
    "5": [
      20,
      19,
      20,
      19
    ],
    "6": [
      20,
      20,
      20,
      20
    ],
    "7": [
      20,
      20,
      20,
      20
    ],
    "8": [
      20,
      19,
      20,
      20
    ],
    "9": [
      20,
      20,
      20,
      20
    ],
    "10": [
      20,
      20,
      20,
      19
    ],
    "11": [
      20,
      20,
      20,
      20
    ],
    "12": [
      20,
      20,
      20,
      20
    ],
    "13": [
      20,
      20,
      20,
      19
    ],
    "14": [
      20,
      20,
      20,
      20
    ],
    "15": [
      20,
      20,
      20,
      20
    ],
    "16": [
      20,
      20,
      20,
      20
    ],
    "17": [
      20,
      20,
      20,
      20
    ],
    "18": [
      20,
      20,
      20,
      20
    ],
    "19": [
      20,
      20,
      20,
      20
    ],
    "20": [
      20,
      20,
      20,
      20
    ],
    "21": [
      20,
      20,
      20,
      19
    ],
    "22": [
      20,
      19,
      19,
      20
    ],
    "23": [
      20,
      20,
      20,
      20
    ],
    "24": [
      20,
      20,
      20,
      19
    ],
    "25": [
      20,
      20,
      20,
      20
    ],
    "26": [
      20,
      20,
      20,
      20
    ],
    "27": [
      20,
      20,
      20,
      20
    ],
    "28": [
      20,
      20,
      19,
      19
    ],
    "29": [
      20,
      20,
      20,
      19
    ],
    "30": [
      20,
      19,
      19,
      19
    ],
    "31": [
      19,
      20,
      19,
      12
    ],
    "32": [
      8,
      20,
      20,
      20
    ]
  },
  "test_acc": {
    "0": 0.4982,
    "1": 0.5006,
    "2": 0.5091,
    "3": 0.5452,
    "4": 0.5922,
    "5": 0.6234,
    "6": 0.6299,
    "7": 0.6462,
    "8": 0.6789,
    "9": 0.6986,
    "10": 0.7206,
    "11": 0.7217,
    "12": 0.7201,
    "13": 0.7245,
    "14": 0.7192,
    "15": 0.7178,
    "16": 0.7138,
    "17": 0.7134,
    "18": 0.7098,
    "19": 0.7118,
    "20": 0.7083,
    "21": 0.7108,
    "22": 0.7099,
    "23": 0.7092,
    "24": 0.7064,
    "25": 0.7022,
    "26": 0.7032,
    "27": 0.6989,
    "28": 0.7041,
    "29": 0.7017,
    "30": 0.7052,
    "31": 0.7016,
    "32": 0.6983
  },
  "test_loss": {
    "0": 0.6932847137451172,
    "1": 0.6931859754562378,
    "2": 0.6926447357177734,
    "3": 0.6884434377670288,
    "4": 0.6697387372970581,
    "5": 0.6495570184707642,
    "6": 0.6473684736251831,
    "7": 0.6343292371749878,
    "8": 0.6068379224777222,
    "9": 0.5849215184211731,
    "10": 0.5527266562461853,
    "11": 0.5537027034759522,
    "12": 0.5533581513404846,
    "13": 0.5483570337295532,
    "14": 0.5504522698879242,
    "15": 0.5525762326717377,
    "16": 0.5598481326103211,
    "17": 0.5620335315704346,
    "18": 0.5643304150104522,
    "19": 0.5664709281921386,
    "20": 0.5673087912559509,
    "21": 0.5687775661468506,
    "22": 0.5696883811950684,
    "23": 0.5710749663352966,
    "24": 0.5731446805953979,
    "25": 0.5766130173683166,
    "26": 0.5746810108184814,
    "27": 0.5754797048568726,
    "28": 0.5742570762634277,
    "29": 0.5737637287139893,
    "30": 0.5725059633255005,
    "31": 0.5726911567687988,
    "32": 0.5760365081787109
  },
  "drift_final_total_l2": {
    "0": 13.633293151855469,
    "1": 50.5994987487793,
    "2": 79.2158432006836,
    "3": 99.72542572021484,
    "4": 148.90089416503906,
    "5": 165.91600036621094,
    "6": 157.82301330566406,
    "7": 172.2441864013672,
    "8": 187.17984008789062,
    "9": 203.5643768310547,
    "10": 206.56886291503906,
    "11": 199.99603271484375,
    "12": 195.6910858154297,
    "13": 186.4169921875,
    "14": 178.27064514160156,
    "15": 168.27792358398438,
    "16": 165.5865936279297,
    "17": 151.7045440673828,
    "18": 146.3183135986328,
    "19": 139.99386596679688,
    "20": 134.3566131591797,
    "21": 127.3094482421875,
    "22": 123.53180694580078,
    "23": 117.47394561767578,
    "24": 114.97333526611328,
    "25": 111.84624481201172,
    "26": 108.84244537353516,
    "27": 105.24523162841797,
    "28": 101.8747329711914,
    "29": 97.5758056640625,
    "30": 93.0414047241211,
    "31": 83.79521942138672,
    "32": 62.180389404296875
  },
  "probe_type": "mlp",