{
  "config": {
    "model_short": "llama",
    "task_name": "somo",
    "dataset": {
      "train": "cache/llama/somo_train/",
      "test": "cache/llama/somo_test/"
    },
    "mdl": {
      "batch_size": 64,
      "probe_type": "mlp",
      "probe_hidden_size": [
        64
      ],
      "num_classes": 2,
      "init_strategy": "gamma_second_zero",
      "init_gamma": 0.4,
      "optimizer": "adamw",
      "train_epochs": 10,
      "lr": 0.001,
      "seed": 142,
      "early_stopping_gap": 3,
      "split_num": 5,
      "split_ratio": 2.0
    },
    "out_dir": "init_results/llama/somo/hidden-64/seed-142/strategy-gamma_second_zero/gamma-0.4/opt-adamw/2026-04-25_02-50-20"
  },
  "train_meta": {
    "dataset": "compling/somo",
    "split": "train",
    "text_col": "text",
    "model": "meta-llama/Meta-Llama-3.1-8B",
    "max_len": 64,
    "hidden_size": 4096,
    "num_hidden_layers": 32,
    "num_states": 33,
    "memmap_file": "last_token_hidden_states.memmap",
    "dtype": "float32",
    "shape": [
      15000,
      33,
      4096
    ]
  },
  "test_meta": {
    "dataset": "compling/somo",
    "split": "test",
    "text_col": "text",
    "model": "meta-llama/Meta-Llama-3.1-8B",
    "max_len": 64,
    "hidden_size": 4096,
    "num_hidden_layers": 32,
    "num_states": 33,
    "memmap_file": "last_token_hidden_states.memmap",
    "dtype": "float32",
    "shape": [
      10000,
      33,
      4096
    ]
  },
  "splits": [
    484,
    968,
    1936,
    3872,
    7740
  ],
  "mdl_sum_ce": {
    "0": 10060.368343353271,
    "1": 10060.28987789154,
    "2": 10061.896126747131,
    "3": 9999.111441612244,
    "4": 9732.114545822144,
    "5": 9459.73201084137,
    "6": 9405.113280296326,
    "7": 9226.727789878845,
    "8": 8831.537027359009,
    "9": 8476.5260887146,
    "10": 8098.485020637512,
    "11": 8053.0973110198975,
    "12": 8113.599992275238,
    "13": 8176.406289100647,
    "14": 8192.365257263184,
    "15": 8268.723460197449,
    "16": 8347.313235759735,
    "17": 8445.014968395233,
    "18": 8534.031576156616,
    "19": 8582.783241271973,
    "20": 8626.35559797287,
    "21": 8676.674110889435,
    "22": 8768.094486236572,
    "23": 8733.679712295532,
    "24": 8828.362609386444,
    "25": 8793.744877815247,
    "26": 8812.870140075684,
    "27": 8797.959020614624,
    "28": 8894.639842033386,
    "29": 8911.536791801453,
    "30": 8869.890763759613,
    "31": 8835.736889839172,
    "32": 9014.37813949585
  },
  "mdl_nll": {
    "0": 0.6930537574644028,
    "1": 0.6930483520178796,
    "2": 0.6931590057004086,
    "3": 0.6888338000559551,
    "4": 0.6704405170723439,
    "5": 0.6516762200910285,
    "6": 0.6479135629854179,
    "7": 0.6356246755221029,
    "8": 0.6084001809974517,
    "9": 0.5839436544994902,
    "10": 0.5579005938714185,
    "11": 0.5547738571934346,
    "12": 0.5589418567287985,
    "13": 0.563268551191833,
    "14": 0.5643679565488553,
    "15": 0.5696282350645804,
    "16": 0.5750422455056307,
    "17": 0.5817728691371751,
    "18": 0.5879051788479345,
    "19": 0.5912636567423514,
    "20": 0.5942653346633281,
    "21": 0.5977317519212892,
    "22": 0.6040296559821281,
    "23": 0.6016588393700422,
    "24": 0.6081814969265944,
    "25": 0.605796698664594,
    "26": 0.6071142284427999,
    "27": 0.6060870088601973,
    "28": 0.6127473024272104,
    "29": 0.6139113248692101,
    "30": 0.6110423507687802,
    "31": 0.6086895074289868,
    "32": 0.6209960140187276
  },
  "stopping_epochs_per_stage": {
    "0": [
      1,
      8,
      2,
      1
    ],
    "1": [
      1,
      3,
      4,
      3
    ],
    "2": [
      4,
      2,
      1,
      1
    ],
    "3": [
      6,
      1,
      10,
      9
    ],
    "4": [
      9,
      4,
      10,
      8
    ],
    "5": [
      9,
      10,
      9,
      6
    ],
    "6": [
      10,
      7,
      9,
      8
    ],
    "7": [
      10,
      10,
      9,
      8
    ],
    "8": [
      9,
      10,
      7,
      8
    ],
    "9": [
      9,
      10,
      5,
      6
    ],
    "10": [
      10,
      5,
      4,
      6
    ],
    "11": [
      10,
      8,
      7,
      4
    ],
    "12": [
      6,
      6,
      7,
      6
    ],
    "13": [
      8,
      8,
      5,
      6
    ],
    "14": [
      8,
      7,
      4,
      5
    ],
    "15": [
      6,
      9,
      4,
      6
    ],
    "16": [
      9,
      10,
      4,
      4
    ],
    "17": [
      8,
      10,
      4,
      7
    ],
    "18": [
      9,
      7,
      7,
      3
    ],
    "19": [
      7,
      7,
      7,
      5
    ],
    "20": [
      8,
      7,
      4,
      6
    ],
    "21": [
      7,
      7,
      6,
      3
    ],
    "22": [
      6,
      5,
      6,
      8
    ],
    "23": [
      2,
      8,
      6,
      7
    ],
    "24": [
      5,
      6,
      6,
      3
    ],
    "25": [
      6,
      6,
      5,
      6
    ],
    "26": [
      5,
      7,
      7,
      4
    ],
    "27": [
      10,
      6,
      4,
      6
    ],
    "28": [
      6,
      7,
      5,
      4
    ],
    "29": [
      2,
      7,
      4,
      5
    ],
    "30": [
      3,
      7,
      5,
      4
    ],
    "31": [
      8,
      5,
      4,
      3
    ],
    "32": [
      6,
      7,
      5,
      4
    ]
  },
  "test_acc": {
    "0": 0.5013,
    "1": 0.498,
    "2": 0.5211,
    "3": 0.5553,
    "4": 0.6032,
    "5": 0.6088,
    "6": 0.6497,
    "7": 0.6624,
    "8": 0.6873,
    "9": 0.6794,
    "10": 0.6964,
    "11": 0.6756,
    "12": 0.7301,
    "13": 0.73,
    "14": 0.7329,
    "15": 0.7134,
    "16": 0.7155,
    "17": 0.7063,
    "18": 0.7186,
    "19": 0.72,
    "20": 0.6909,
    "21": 0.7075,
    "22": 0.7052,
    "23": 0.7077,
    "24": 0.7027,
    "25": 0.704,
    "26": 0.7028,
    "27": 0.7054,
    "28": 0.6944,
    "29": 0.7034,
    "30": 0.6795,
    "31": 0.669,
    "32": 0.6737
  },
  "test_loss": {
    "0": 0.6932191539764404,
    "1": 0.6933966766357422,
    "2": 0.6930019552230835,
    "3": 0.685110069847107,
    "4": 0.6637829767227172,
    "5": 0.6749829984664917,
    "6": 0.6296249797821045,
    "7": 0.6219156405448913,
    "8": 0.600088582611084,
    "9": 0.6149637060165405,
    "10": 0.6149796563148499,
    "11": 0.6294694437026978,
    "12": 0.5557036005973816,
    "13": 0.5482644736289978,
    "14": 0.5478097083091736,
    "15": 0.5728161597251892,
    "16": 0.5664233290672303,
    "17": 0.5834353363037109,
    "18": 0.5661400189876556,
    "19": 0.5627872866153717,
    "20": 0.6238421647071838,
    "21": 0.5862532538414001,
    "22": 0.582151613521576,
    "23": 0.5762229396820069,
    "24": 0.5901127742767334,
    "25": 0.5828434589385987,
    "26": 0.5895247447013855,
    "27": 0.6016049194335937,
    "28": 0.6064548396587371,
    "29": 0.5818865200996399,
    "30": 0.6248995119094849,
    "31": 0.6324956839561462,
    "32": 0.6256851552009582
  },
  "drift_final_total_l2": {
    "0": 2.3255836963653564,
    "1": 10.276320457458496,
    "2": 16.75786018371582,
    "3": 19.249691009521484,
    "4": 18.34902000427246,
    "5": 24.36533546447754,
    "6": 22.032411575317383,
    "7": 25.006839752197266,
    "8": 28.560375213623047,
    "9": 26.784282684326172,
    "10": 27.784875869750977,
    "11": 29.237110137939453,
    "12": 28.168115615844727,
    "13": 27.53555679321289,
    "14": 27.398681640625,
    "15": 24.6020565032959,
    "16": 23.252098083496094,
    "17": 23.333850860595703,
    "18": 21.533100128173828,
    "19": 24.22132110595703,
    "20": 23.844701766967773,
    "21": 21.40215492248535,
    "22": 23.367502212524414,
    "23": 23.131832122802734,
    "24": 22.59552001953125,
    "25": 22.5413818359375,
    "26": 22.29779052734375,
    "27": 21.473098754882812,
    "28": 22.420597076416016,
    "29": 14.110542297363281,
    "30": 19.815799713134766,
    "31": 17.519407272338867,
    "32": 14.710957527160645
  },
  "probe_type": "mlp",
  "probe_hidden_size": [
    64
  ],
  "init_strategy": "gamma_second_zero",
  "init_gamma": 0.4,