{
  "config": {
    "model_short": "llama",
    "task_name": "somo",
    "dataset": {
      "train": "cache/llama/somo_train/",
      "test": "cache/llama/somo_test/"
    },
    "mdl": {
      "batch_size": 64,
      "probe_type": "mlp",
      "probe_hidden_size": [
        512
      ],
      "num_classes": 2,
      "init_strategy": "mf",
      "init_gamma": null,
      "optimizer": "sgd",
      "train_epochs": 10,
      "lr": 0.005,
      "seed": 42,
      "early_stopping_gap": 3,
      "split_num": 5,
      "split_ratio": 2.0
    },
    "out_dir": "init_results/llama/somo/hidden-512/seed-42/strategy-mf/gamma-na/opt-sgd/2026-04-21_06-09-25"
  },
  "train_meta": {
    "dataset": "compling/somo",
    "split": "train",
    "text_col": "text",
    "model": "meta-llama/Meta-Llama-3.1-8B",
    "max_len": 64,
    "hidden_size": 4096,
    "num_hidden_layers": 32,
    "num_states": 33,
    "memmap_file": "last_token_hidden_states.memmap",
    "dtype": "float32",
    "shape": [
      15000,
      33,
      4096
    ]
  },
  "test_meta": {
    "dataset": "compling/somo",
    "split": "test",
    "text_col": "text",
    "model": "meta-llama/Meta-Llama-3.1-8B",
    "max_len": 64,
    "hidden_size": 4096,
    "num_hidden_layers": 32,
    "num_states": 33,
    "memmap_file": "last_token_hidden_states.memmap",
    "dtype": "float32",
    "shape": [
      10000,
      33,
      4096
    ]
  },
  "splits": [
    484,
    968,
    1936,
    3872,
    7740
  ],
  "mdl_sum_ce": {
    "0": 10061.529346942902,
    "1": 10061.54203414917,
    "2": 10061.414261817932,
    "3": 10061.449670791626,
    "4": 10052.677757263184,
    "5": 10035.329168319702,
    "6": 10024.462178230286,
    "7": 10005.08010005951,
    "8": 9931.746012210846,
    "9": 9842.420730113983,
    "10": 9629.621440887451,
    "11": 9459.603461742401,
    "12": 9477.601249217987,
    "13": 9385.337085723877,
    "14": 9339.877884864807,
    "15": 9311.409031867981,
    "16": 9381.467360973358,
    "17": 9407.006722450256,
    "18": 9344.606803894043,
    "19": 9316.192083835602,
    "20": 9286.009145736694,
    "21": 9285.173615932465,
    "22": 9264.761499404907,
    "23": 9255.661092758179,
    "24": 9384.123212337494,
    "25": 9413.80013847351,
    "26": 9329.159144878387,
    "27": 9261.043246746063,
    "28": 9392.035618782043,
    "29": 9271.09870672226,
    "30": 9145.75931930542,
    "31": 9549.001762390137,
    "32": 9248.911834716797
  },
  "mdl_nll": {
    "0": 0.6931337384226303,
    "1": 0.6931346124379423,
    "2": 0.693125810265771,
    "3": 0.6931282495723082,
    "4": 0.6925239568244133,
    "5": 0.6913288211848789,
    "6": 0.6905801996576388,
    "7": 0.6892449779594592,
    "8": 0.6841930292236736,
    "9": 0.6780394550918974,
    "10": 0.6633798181928527,
    "11": 0.6516673644077157,
    "12": 0.6529072230103325,
    "13": 0.6465511908048964,
    "14": 0.6434195291309457,
    "15": 0.6414583240471191,
    "16": 0.6462846073968971,
    "17": 0.6480440012710289,
    "18": 0.6437453020042742,
    "19": 0.6417878261115736,
    "20": 0.6397085385599817,
    "21": 0.6396509793284971,
    "22": 0.6382447988016607,
    "23": 0.6376178763266863,
    "24": 0.64646756767274,
    "25": 0.6485119963125868,
    "26": 0.6426811204793599,
    "27": 0.6379886502305087,
    "28": 0.6470126494063133,
    "29": 0.6386813658530077,
    "30": 0.6300467979681331,
    "31": 0.6578259687510427,
    "32": 0.6371529233064754
  },
  "stopping_epochs_per_stage": {
    "0": [
      5,
      1,
      10,
      2
    ],
    "1": [
      7,
      1,
      10,
      1
    ],
    "2": [
      6,
      1,
      9,
      1
    ],
    "3": [
      9,
      1,
      3,
      1
    ],
    "4": [
      10,
      9,
      9,
      10
    ],
    "5": [
      10,
      9,
      10,
      10
    ],
    "6": [
      6,
      1,
      7,
      10
    ],
    "7": [
      4,
      1,
      9,
      10
    ],
    "8": [
      10,
      10,
      10,
      10
    ],
    "9": [
      10,
      10,
      10,
      10
    ],
    "10": [
      10,
      10,
      10,
      10
    ],
    "11": [
      10,
      10,
      10,
      10
    ],
    "12": [
      10,
      10,
      10,
      10
    ],
    "13": [
      10,
      10,
      10,
      10
    ],
    "14": [
      10,
      10,
      10,
      10
    ],
    "15": [
      10,
      10,
      9,
      10
    ],
    "16": [
      10,
      10,
      10,
      10
    ],
    "17": [
      10,
      9,
      10,
      10
    ],
    "18": [
      9,
      9,
      10,
      10
    ],
    "19": [
      10,
      9,
      10,
      10
    ],
    "20": [
      9,
      10,
      10,
      10
    ],
    "21": [
      9,
      8,
      9,
      10
    ],
    "22": [
      9,
      10,
      10,
      10
    ],
    "23": [
      9,
      10,
      10,
      10
    ],
    "24": [
      10,
      10,
      10,
      9
    ],
    "25": [
      3,
      10,
      8,
      10
    ],
    "26": [
      4,
      9,
      9,
      10
    ],
    "27": [
      10,
      8,
      8,
      10
    ],
    "28": [
      3,
      10,
      10,
      7
    ],
    "29": [
      10,
      10,
      9,
      9
    ],
    "30": [
      8,
      9,
      10,
      10
    ],
    "31": [
      3,
      9,
      9,
      2
    ],
    "32": [
      10,
      9,
      10,
      5
    ]
  },
  "test_acc": {
    "0": 0.5013,
    "1": 0.5013,
    "2": 0.5013,
    "3": 0.51,
    "4": 0.5595,
    "5": 0.5711,
    "6": 0.5817,
    "7": 0.6005,
    "8": 0.6346,
    "9": 0.6534,
    "10": 0.696,
    "11": 0.6947,
    "12": 0.6778,
    "13": 0.6984,
    "14": 0.7041,
    "15": 0.6878,
    "16": 0.696,
    "17": 0.692,
    "18": 0.6653,
    "19": 0.6737,
    "20": 0.6442,
    "21": 0.6958,
    "22": 0.6912,
    "23": 0.6766,
    "24": 0.5562,
    "25": 0.6592,
    "26": 0.6655,
    "27": 0.6662,
    "28": 0.5468,
    "29": 0.6654,
    "30": 0.6934,
    "31": 0.6564,
    "32": 0.5491
  },
  "test_loss": {
    "0": 0.6931804545402527,
    "1": 0.6931986764907837,
    "2": 0.6931739787101746,
    "3": 0.692902290058136,
    "4": 0.6906545068740845,
    "5": 0.6860432809829712,
    "6": 0.6835119032859802,
    "7": 0.6787916306495666,
    "8": 0.6625765207290649,
    "9": 0.6455775485992432,
    "10": 0.6056939880371094,
    "11": 0.6010947960853577,
    "12": 0.6032243741035461,
    "13": 0.5847174508094788,
    "14": 0.5862839385986328,
    "15": 0.588130705356598,
    "16": 0.5906786840438842,
    "17": 0.5894454300880432,
    "18": 0.6018596225738525,
    "19": 0.6017638781547546,
    "20": 0.6230352665424347,
    "21": 0.5866383067131042,
    "22": 0.5867422524452209,
    "23": 0.603094638633728,
    "24": 0.7039208994865418,
    "25": 0.6143044889926911,
    "26": 0.6081725584030151,
    "27": 0.6089402584075928,
    "28": 0.7323432703971863,
    "29": 0.6067211278915405,
    "30": 0.5870242868423462,
    "31": 0.6192261981964111,
    "32": 0.7810865968704224
  },
  "drift_final_total_l2": {
    "0": 0.5689643025398254,
    "1": 0.5661424398422241,
    "2": 0.8633497357368469,
    "3": 1.5920108556747437,
    "4": 3.9188382625579834,
    "5": 6.699034690856934,
    "6": 7.577384948730469,
    "7": 9.252781867980957,
    "8": 13.367009162902832,
    "9": 17.03564453125,
    "10": 22.712059020996094,
    "11": 23.278301239013672,
    "12": 23.00430679321289,
    "13": 24.447629928588867,
    "14": 24.63854217529297,
    "15": 24.464582443237305,
    "16": 24.039785385131836,
    "17": 24.30097198486328,
    "18": 24.488527297973633,
    "19": 24.053852081298828,
    "20": 24.25547981262207,
    "21": 24.01568603515625,
    "22": 24.036014556884766,
    "23": 23.49331283569336,
    "24": 23.855066299438477,
    "25": 23.6793270111084,
    "26": 22.509916305541992,
    "27": 23.75299835205078,
    "28": 24.04507827758789,
    "29": 23.722002029418945,
    "30": 23.9035701751709,
    "31": 23.776634216308594,
    "32": 21.33896255493164
  },
  "probe_type": "mlp",
  "probe_hidden_size": [
    512
  ],
  "init_strategy": "mf",