{
  "config": {
    "model_short": "llama",
    "task_name": "somo",
    "dataset": {
      "train": "cache/llama/somo_train/",
      "test": "cache/llama/somo_test/"
    },
    "mdl": {
      "batch_size": 64,
      "probe_type": "mlp",
      "probe_hidden_size": [
        4
      ],
      "num_classes": 2,
      "init_strategy": "mup",
      "init_gamma": null,
      "optimizer": "adamw",
      "train_epochs": 10,
      "lr": 0.001,
      "seed": 42,
      "early_stopping_gap": 3,
      "split_num": 5,
      "split_ratio": 2.0
    },
    "out_dir": "init_results/llama/somo/hidden-4/seed-42/strategy-mup/gamma-na/2026-04-20_21-55-08"
  },
  "train_meta": {
    "dataset": "compling/somo",
    "split": "train",
    "text_col": "text",
    "model": "meta-llama/Meta-Llama-3.1-8B",
    "max_len": 64,
    "hidden_size": 4096,
    "num_hidden_layers": 32,
    "num_states": 33,
    "memmap_file": "last_token_hidden_states.memmap",
    "dtype": "float32",
    "shape": [
      15000,
      33,
      4096
    ]
  },
  "test_meta": {
    "dataset": "compling/somo",
    "split": "test",
    "text_col": "text",
    "model": "meta-llama/Meta-Llama-3.1-8B",
    "max_len": 64,
    "hidden_size": 4096,
    "num_hidden_layers": 32,
    "num_states": 33,
    "memmap_file": "last_token_hidden_states.memmap",
    "dtype": "float32",
    "shape": [
      10000,
      33,
      4096
    ]
  },
  "splits": [
    484,
    968,
    1936,
    3872,
    7740
  ],
  "mdl_sum_ce": {
    "0": 10061.339614868164,
    "1": 10062.624319553375,
    "2": 10061.353465080261,
    "3": 10044.604571342468,
    "4": 10057.807278633118,
    "5": 9645.326932430267,
    "6": 9761.014810085297,
    "7": 9613.506269454956,
    "8": 9309.714755058289,
    "9": 8937.583258152008,
    "10": 8301.490255832672,
    "11": 8426.44741821289,
    "12": 8162.964160442352,
    "13": 8271.599562644958,
    "14": 8431.756167411804,
    "15": 8586.083006858826,
    "16": 8416.015772342682,
    "17": 8780.80640411377,
    "18": 9075.482929706573,
    "19": 8964.157972335815,
    "20": 9692.252494812012,
    "21": 9224.203929424286,
    "22": 8887.35357618332,
    "23": 9633.3985080719,
    "24": 9241.478855133057,
    "25": 9414.250495433807,
    "26": 8975.621602535248,
    "27": 9273.135036468506,
    "28": 9754.306614875793,
    "29": 8929.282802581787,
    "30": 10061.343266487122,
    "31": 9140.128291130066,
    "32": 9355.81375169754
  },
  "mdl_nll": {
    "0": 0.6931206678746324,
    "1": 0.6932091705396373,
    "2": 0.6931216220088359,
    "3": 0.6919677990729174,
    "4": 0.692877326993188,
    "5": 0.6644617616719666,
    "6": 0.672431441863137,
    "7": 0.662269652070471,
    "8": 0.6413416061627368,
    "9": 0.6157056529451645,
    "10": 0.5718855232731243,
    "11": 0.5804937598658646,
    "12": 0.562342529652959,
    "13": 0.5698263683277045,
    "14": 0.5808594769503861,
    "15": 0.5914909759478386,
    "16": 0.5797751289847535,
    "17": 0.6049053736644923,
    "18": 0.6252054925397199,
    "19": 0.6175363717508828,
    "20": 0.667694440259852,
    "21": 0.6354508080341889,
    "22": 0.6122453552068972,
    "23": 0.6636400184673394,
    "24": 0.6366408690502243,
    "25": 0.6485430211789617,
    "26": 0.6183260955177217,
    "27": 0.6388216475935868,
    "28": 0.6719693176409337,
    "29": 0.6151338387008671,
    "30": 0.6931209194328412,
    "31": 0.6296588792456645,
    "32": 0.6445173430488799
  },
  "stopping_epochs_per_stage": {
    "0": [
      1,
      1,
      1,
      1
    ],
    "1": [
      1,
      1,
      3,
      1
    ],
    "2": [
      3,
      1,
      8,
      1
    ],
    "3": [
      4,
      1,
      1,
      10
    ],
    "4": [
      2,
      1,
      8,
      1
    ],
    "5": [
      1,
      10,
      9,
      9
    ],
    "6": [
      1,
      5,
      9,
      10
    ],
    "7": [
      9,
      10,
      9,
      10
    ],
    "8": [
      1,
      10,
      10,
      10
    ],
    "9": [
      10,
      10,
      10,
      9
    ],
    "10": [
      10,
      10,
      10,
      10
    ],
    "11": [
      10,
      10,
      9,
      10
    ],
    "12": [
      10,
      10,
      10,
      9
    ],
    "13": [
      10,
      10,
      10,
      10
    ],
    "14": [
      10,
      10,
      10,
      10
    ],
    "15": [
      1,
      9,
      9,
      10
    ],
    "16": [
      9,
      10,
      10,
      10
    ],
    "17": [
      10,
      10,
      10,
      9
    ],
    "18": [
      2,
      3,
      6,
      10
    ],
    "19": [
      10,
      1,
      10,
      10
    ],
    "20": [
      4,
      1,
      10,
      1
    ],
    "21": [
      1,
      3,
      9,
      10
    ],
    "22": [
      10,
      9,
      10,
      10
    ],
    "23": [
      7,
      10,
      10,
      4
    ],
    "24": [
      1,
      2,
      3,
      10
    ],
    "25": [
      9,
      1,
      2,
      10
    ],
    "26": [
      3,
      1,
      10,
      10
    ],
    "27": [
      10,
      1,
      6,
      10
    ],
    "28": [
      8,
      1,
      10,
      1
    ],
    "29": [
      2,
      1,
      10,
      8
    ],
    "30": [
      2,
      1,
      9,
      1
    ],
    "31": [
      1,
      10,
      6,
      10
    ],
    "32": [
      1,
      1,
      4,
      10
    ]
  },
  "test_acc": {
    "0": 0.5013,
    "1": 0.4995,
    "2": 0.5013,
    "3": 0.5013,
    "4": 0.6008,
    "5": 0.6135,
    "6": 0.6383,
    "7": 0.6346,
    "8": 0.6886,
    "9": 0.7024,
    "10": 0.7301,
    "11": 0.73,
    "12": 0.7272,
    "13": 0.7363,
    "14": 0.7309,
    "15": 0.725,
    "16": 0.7169,
    "17": 0.7263,
    "18": 0.5013,
    "19": 0.7216,
    "20": 0.7174,
    "21": 0.7198,
    "22": 0.7167,
    "23": 0.5013,
    "24": 0.7081,
    "25": 0.5013,
    "26": 0.7021,
    "27": 0.687,
    "28": 0.7037,
    "29": 0.6996,
    "30": 0.5013,
    "31": 0.6964,
    "32": 0.5041
  },
  "test_loss": {
    "0": 0.6932161499023437,
    "1": 0.6935639865875244,
    "2": 0.6931959163665772,
    "3": 0.6932018491744996,
    "4": 0.6592897879600524,
    "5": 0.6600663077354432,
    "6": 0.6351603324890137,
    "7": 0.651649520778656,
    "8": 0.5998023734092712,
    "9": 0.5786404784202576,
    "10": 0.5380023307800293,
    "11": 0.540370142364502,
    "12": 0.5407925779819489,
    "13": 0.5323127559185028,
    "14": 0.5359915204524994,
    "15": 0.5417681473731994,
    "16": 0.5572417329788208,
    "17": 0.5460574018478394,
    "18": 0.6932314753532409,
    "19": 0.5561605169296264,
    "20": 0.5582765398025513,
    "21": 0.5588942824840546,
    "22": 0.5607188209533691,
    "23": 0.6932184453964233,
    "24": 0.5719651292800904,
    "25": 0.6932448048591614,
    "26": 0.5840284664154053,
    "27": 0.5910157829284668,
    "28": 0.5743230673789979,
    "29": 0.5735839592933655,
    "30": 0.6932030658721924,
    "31": 0.5847723052978515,
    "32": 0.6957995584487915
  },
  "drift_final_total_l2": {
    "0": 1.1649906635284424,
    "1": 4.851564884185791,
    "2": 1.0637060403823853,
    "3": 0.8479629755020142,
    "4": 12.443716049194336,
    "5": 6.477052688598633,
    "6": 12.156856536865234,
    "7": 9.156498908996582,
    "8": 10.083327293395996,
    "9": 12.549168586730957,
    "10": 11.3279447555542,
    "11": 9.986469268798828,
    "12": 13.333308219909668,
    "13": 11.830489158630371,
    "14": 8.111967086791992,
    "15": 10.777196884155273,
    "16": 11.381184577941895,
    "17": 9.098706245422363,
    "18": 0.7842239141464233,
    "19": 7.31989860534668,
    "20": 10.183330535888672,
    "21": 5.349399089813232,
    "22": 9.063497543334961,
    "23": 0.8274855017662048,
    "24": 8.528892517089844,
    "25": 0.800544023513794,
    "26": 7.253101348876953,
    "27": 8.139993667602539,
    "28": 6.495020389556885,
    "29": 5.860265731811523,
    "30": 0.7501235008239746,
    "31": 5.382521629333496,
    "32": 1.8935564756393433
  },
  "probe_type": "mlp",
  "probe_hidden_size": [
    4
  ],
  "init_strategy": "mup",
  "init_gamma": null,