{
  "config": {
    "model_short": "llama",
    "task_name": "somo",
    "dataset": {
      "train": "cache/llama/somo_train/",
      "test": "cache/llama/somo_test/"
    },
    "mdl": {
      "batch_size": 64,
      "probe_type": "mlp",
      "probe_hidden_size": [
        32
      ],
      "num_classes": 2,
      "init_strategy": "mf",
      "init_gamma": null,
      "optimizer": "sgd",
      "train_epochs": 10,
      "lr": 0.05,
      "seed": 142,
      "early_stopping_gap": 3,
      "split_num": 5,
      "split_ratio": 2.0
    },
    "out_dir": "init_results/llama/somo/hidden-32/seed-142/strategy-mf/gamma-na/opt-sgd/2026-04-22_02-19-26"
  },
  "train_meta": {
    "dataset": "compling/somo",
    "split": "train",
    "text_col": "text",
    "model": "meta-llama/Meta-Llama-3.1-8B",
    "max_len": 64,
    "hidden_size": 4096,
    "num_hidden_layers": 32,
    "num_states": 33,
    "memmap_file": "last_token_hidden_states.memmap",
    "dtype": "float32",
    "shape": [
      15000,
      33,
      4096
    ]
  },
  "test_meta": {
    "dataset": "compling/somo",
    "split": "test",
    "text_col": "text",
    "model": "meta-llama/Meta-Llama-3.1-8B",
    "max_len": 64,
    "hidden_size": 4096,
    "num_hidden_layers": 32,
    "num_states": 33,
    "memmap_file": "last_token_hidden_states.memmap",
    "dtype": "float32",
    "shape": [
      10000,
      33,
      4096
    ]
  },
  "splits": [
    484,
    968,
    1936,
    3872,
    7740
  ],
  "mdl_sum_ce": {
    "0": 10059.993060588837,
    "1": 10060.810712337494,
    "2": 10060.189821243286,
    "3": 10058.626687049866,
    "4": 9988.143383979797,
    "5": 9865.301586151123,
    "6": 9759.071558475494,
    "7": 9690.074702739716,
    "8": 9451.177289009094,
    "9": 8890.130511760712,
    "10": 8407.908058166504,
    "11": 8569.0814037323,
    "12": 8433.061750411987,
    "13": 8483.776571273804,
    "14": 8502.338082790375,
    "15": 8542.306297779083,
    "16": 8676.146706104279,
    "17": 8952.531998634338,
    "18": 8781.51500415802,
    "19": 8894.211574554443,
    "20": 9100.648983478546,
    "21": 8927.253940105438,
    "22": 9148.336481571198,
    "23": 9762.915704727173,
    "24": 9124.791464805603,
    "25": 9366.860939025879,
    "26": 9430.621870994568,
    "27": 9904.604902744293,
    "28": 9492.623139858246,
    "29": 9680.730163574219,
    "30": 9821.183909416199,
    "31": 9695.337369441986,
    "32": 10037.831679344177
  },
  "mdl_nll": {
    "0": 0.693027904421937,
    "1": 0.69308423204309,
    "2": 0.6930414591652856,
    "3": 0.6929337756303297,
    "4": 0.6880782160360841,
    "5": 0.6796157058522405,
    "6": 0.6722975722289539,
    "7": 0.6675444132501871,
    "8": 0.651086889570756,
    "9": 0.6124366569137993,
    "10": 0.5792165925989601,
    "11": 0.5903197439881717,
    "12": 0.5809494179120961,
    "13": 0.5844431366267432,
    "14": 0.5857218298973804,
    "15": 0.5884752202934062,
    "16": 0.5976954192686883,
    "17": 0.6167354642211587,
    "18": 0.6049541887681193,
    "19": 0.6127177992941887,
    "20": 0.6269391694322504,
    "21": 0.6149940713767869,
    "22": 0.6302243373912371,
    "23": 0.6725623935469257,
    "24": 0.6286023329295676,
    "25": 0.6452783782740341,
    "26": 0.6496708370759553,
    "27": 0.6823232917294222,
    "28": 0.653942073564222,
    "29": 0.6669006726077582,
    "30": 0.6765764611061035,
    "31": 0.6679069557344989,
    "32": 0.6915012179212027
  },
  "stopping_epochs_per_stage": {
    "0": [
      5,
      10,
      9,
      1
    ],
    "1": [
      4,
      10,
      10,
      1
    ],
    "2": [
      10,
      7,
      10,
      1
    ],
    "3": [
      10,
      10,
      10,
      5
    ],
    "4": [
      2,
      10,
      10,
      10
    ],
    "5": [
      10,
      9,
      10,
      9
    ],
    "6": [
      8,
      3,
      9,
      10
    ],
    "7": [
      10,
      10,
      10,
      10
    ],
    "8": [
      10,
      10,
      10,
      10
    ],
    "9": [
      10,
      10,
      10,
      8
    ],
    "10": [
      10,
      10,
      10,
      10
    ],
    "11": [
      9,
      9,
      8,
      5
    ],
    "12": [
      10,
      9,
      7,
      9
    ],
    "13": [
      10,
      9,
      6,
      10
    ],
    "14": [
      10,
      8,
      10,
      5
    ],
    "15": [
      9,
      8,
      9,
      8
    ],
    "16": [
      9,
      9,
      10,
      6
    ],
    "17": [
      10,
      10,
      8,
      4
    ],
    "18": [
      10,
      10,
      6,
      9
    ],
    "19": [
      8,
      6,
      9,
      10
    ],
    "20": [
      8,
      8,
      10,
      5
    ],
    "21": [
      10,
      10,
      10,
      10
    ],
    "22": [
      10,
      9,
      9,
      7
    ],
    "23": [
      10,
      8,
      8,
      2
    ],
    "24": [
      9,
      10,
      9,
      8
    ],
    "25": [
      10,
      8,
      9,
      7
    ],
    "26": [
      10,
      10,
      10,
      5
    ],
    "27": [
      2,
      8,
      9,
      1
    ],
    "28": [
      1,
      9,
      10,
      9
    ],
    "29": [
      1,
      9,
      10,
      10
    ],
    "30": [
      4,
      10,
      9,
      3
    ],
    "31": [
      8,
      9,
      10,
      2
    ],
    "32": [
      10,
      3,
      1,
      2
    ]
  },
  "test_acc": {
    "0": 0.5013,
    "1": 0.5013,
    "2": 0.5013,
    "3": 0.5298,
    "4": 0.5865,
    "5": 0.57,
    "6": 0.6137,
    "7": 0.6446,
    "8": 0.6897,
    "9": 0.6955,
    "10": 0.6809,
    "11": 0.631,
    "12": 0.678,
    "13": 0.7094,
    "14": 0.7188,
    "15": 0.6889,
    "16": 0.722,
    "17": 0.7094,
    "18": 0.5992,
    "19": 0.7118,
    "20": 0.6843,
    "21": 0.7016,
    "22": 0.6759,
    "23": 0.601,
    "24": 0.6833,
    "25": 0.6888,
    "26": 0.5913,
    "27": 0.5065,
    "28": 0.6809,
    "29": 0.6586,
    "30": 0.5495,
    "31": 0.5028,
    "32": 0.5025
  },
  "test_loss": {
    "0": 0.693171660232544,
    "1": 0.6931772757530212,
    "2": 0.6931225397109986,
    "3": 0.6919766154289245,
    "4": 0.6734842749595642,
    "5": 0.6767515622138977,
    "6": 0.6506726317405701,
    "7": 0.6294771507263184,
    "8": 0.5958181074142456,
    "9": 0.5831590804100036,
    "10": 0.5867205299377442,
    "11": 0.6561664262771606,
    "12": 0.5940804092407227,
    "13": 0.5576275352478027,
    "14": 0.5525388160705567,
    "15": 0.5842796394348144,
    "16": 0.5502047029018402,
    "17": 0.5652046895027161,
    "18": 0.7397227147579193,
    "19": 0.5655024218559265,
    "20": 0.5873683819770813,
    "21": 0.580361754322052,
    "22": 0.6006633806228637,
    "23": 0.6686557019233703,
    "24": 0.5906103384017944,
    "25": 0.5862696278572083,
    "26": 0.6741155941009521,
    "27": 0.9721577074050903,
    "28": 0.5903664336204529,
    "29": 0.6137899192810059,
    "30": 0.7622933804512024,
    "31": 0.7810488761901856,
    "32": 0.6939846988677979
  },
  "drift_final_total_l2": {
    "0": 0.4579988420009613,
    "1": 0.41424983739852905,
    "2": 1.2302619218826294,
    "3": 2.180908679962158,
    "4": 8.136263847351074,
    "5": 13.130029678344727,
    "6": 13.157193183898926,
    "7": 15.265700340270996,
    "8": 17.249401092529297,
    "9": 18.15179443359375,
    "10": 18.737302780151367,
    "11": 18.652299880981445,
    "12": 18.979148864746094,
    "13": 19.0355167388916,
    "14": 19.028146743774414,
    "15": 19.0593318939209,
    "16": 18.828250885009766,
    "17": 18.805253982543945,
    "18": 19.037134170532227,
    "19": 18.940200805664062,
    "20": 19.20860481262207,
    "21": 18.890748977661133,
    "22": 18.891450881958008,
    "23": 18.049142837524414,
    "24": 18.442583084106445,
    "25": 18.854848861694336,
    "26": 18.642244338989258,
    "27": 16.745962142944336,
    "28": 18.293149948120117,
    "29": 17.800067901611328,
    "30": 11.26144790649414,
    "31": 12.972886085510254,
    "32": 99.30201721191406
  },
  "probe_type": "mlp",
  "probe_hidden_size": [
    32
  ],
  "init_strategy": "mf",