{
  "config": {
    "model_short": "llama",
    "task_name": "somo",
    "dataset": {
      "train": "cache/llama/somo_train/",
      "test": "cache/llama/somo_test/"
    },
    "mdl": {
      "batch_size": 64,
      "probe_type": "mlp",
      "probe_hidden_size": [
        1024
      ],
      "num_classes": 2,
      "init_strategy": "gamma",
      "init_gamma": 0.6,
      "optimizer": "adamw",
      "train_epochs": 10,
      "lr": 0.001,
      "seed": 442,
      "early_stopping_gap": 3,
      "split_num": 5,
      "split_ratio": 2.0
    },
    "out_dir": "init_results/llama/somo/hidden-1024/seed-442/strategy-gamma/gamma-0.6/opt-adamw/2026-04-22_03-31-02"
  },
  "train_meta": {
    "dataset": "compling/somo",
    "split": "train",
    "text_col": "text",
    "model": "meta-llama/Meta-Llama-3.1-8B",
    "max_len": 64,
    "hidden_size": 4096,
    "num_hidden_layers": 32,
    "num_states": 33,
    "memmap_file": "last_token_hidden_states.memmap",
    "dtype": "float32",
    "shape": [
      15000,
      33,
      4096
    ]
  },
  "test_meta": {
    "dataset": "compling/somo",
    "split": "test",
    "text_col": "text",
    "model": "meta-llama/Meta-Llama-3.1-8B",
    "max_len": 64,
    "hidden_size": 4096,
    "num_hidden_layers": 32,
    "num_states": 33,
    "memmap_file": "last_token_hidden_states.memmap",
    "dtype": "float32",
    "shape": [
      10000,
      33,
      4096
    ]
  },
  "splits": [
    484,
    968,
    1936,
    3872,
    7740
  ],
  "mdl_sum_ce": {
    "0": 10061.559407711029,
    "1": 10066.312135696411,
    "2": 10064.225250720978,
    "3": 10008.871532917023,
    "4": 9775.46730709076,
    "5": 9455.184588432312,
    "6": 9446.744209766388,
    "7": 9335.9249625206,
    "8": 8991.632647037506,
    "9": 8549.859560012817,
    "10": 8132.471037864685,
    "11": 8242.217325210571,
    "12": 8198.986103773117,
    "13": 8117.545220851898,
    "14": 8192.130140304565,
    "15": 8286.071362257004,
    "16": 8407.963549613953,
    "17": 8534.739307165146,
    "18": 8607.14872789383,
    "19": 8600.044792175293,
    "20": 8595.193752288818,
    "21": 8691.451390743256,
    "22": 8654.283137321472,
    "23": 8754.305338859558,
    "24": 8723.603699207306,
    "25": 8867.953300952911,
    "26": 8837.459126472473,
    "27": 8845.481134414673,
    "28": 8823.249606609344,
    "29": 8874.853267669678,
    "30": 8823.437757492065,
    "31": 8811.617752075195,
    "32": 8980.455617427826
  },
  "mdl_nll": {
    "0": 0.6931358092939535,
    "1": 0.693463222354396,
    "2": 0.6933194578892931,
    "3": 0.6895061678779982,
    "4": 0.6734270671735161,
    "5": 0.6513629504293409,
    "6": 0.6507814969527685,
    "7": 0.6431472142822127,
    "8": 0.6194290883878139,
    "9": 0.5889955607614231,
    "10": 0.5602418736473329,
    "11": 0.567802240645534,
    "12": 0.5648240633627113,
    "13": 0.5592136415577224,
    "14": 0.5643517594588431,
    "15": 0.5708233233850237,
    "16": 0.5792204153770979,
    "17": 0.5879539340841241,
    "18": 0.5929421829632012,
    "19": 0.5924527963747102,
    "20": 0.5921186106564356,
    "21": 0.598749751360103,
    "22": 0.596189248919914,
    "23": 0.6030797284968007,
    "24": 0.6009647078539064,
    "25": 0.6109088799223554,
    "26": 0.6088081514516722,
    "27": 0.6093607835777537,
    "28": 0.6078292647154412,
    "29": 0.6113842151880461,
    "30": 0.6078422263359097,
    "31": 0.6070279520580874,
    "32": 0.6186591083926581
  },
  "stopping_epochs_per_stage": {
    "0": [
      2,
      6,
      4,
      1
    ],
    "1": [
      4,
      1,
      1,
      2
    ],
    "2": [
      2,
      2,
      3,
      2
    ],
    "3": [
      2,
      2,
      8,
      4
    ],
    "4": [
      2,
      9,
      5,
      9
    ],
    "5": [
      2,
      8,
      5,
      4
    ],
    "6": [
      3,
      9,
      7,
      6
    ],
    "7": [
      3,
      10,
      4,
      4
    ],
    "8": [
      3,
      9,
      4,
      7
    ],
    "9": [
      7,
      6,
      4,
      4
    ],
    "10": [
      7,
      4,
      5,
      5
    ],
    "11": [
      3,
      3,
      2,
      4
    ],
    "12": [
      7,
      3,
      5,
      3
    ],
    "13": [
      6,
      4,
      2,
      3
    ],
    "14": [
      5,
      5,
      4,
      4
    ],
    "15": [
      7,
      7,
      4,
      4
    ],
    "16": [
      5,
      8,
      5,
      5
    ],
    "17": [
      7,
      5,
      5,
      7
    ],
    "18": [
      2,
      4,
      5,
      2
    ],
    "19": [
      5,
      3,
      7,
      7
    ],
    "20": [
      3,
      5,
      6,
      5
    ],
    "21": [
      3,
      7,
      6,
      5
    ],
    "22": [
      4,
      4,
      3,
      6
    ],
    "23": [
      3,
      6,
      3,
      6
    ],
    "24": [
      6,
      5,
      7,
      6
    ],
    "25": [
      2,
      4,
      7,
      3
    ],
    "26": [
      4,
      6,
      7,
      5
    ],
    "27": [
      1,
      8,
      3,
      4
    ],
    "28": [
      8,
      7,
      4,
      5
    ],
    "29": [
      2,
      6,
      5,
      7
    ],
    "30": [
      2,
      3,
      4,
      4
    ],
    "31": [
      8,
      4,
      6,
      5
    ],
    "32": [
      8,
      3,
      7,
      4
    ]
  },
  "test_acc": {
    "0": 0.4982,
    "1": 0.509,
    "2": 0.525,
    "3": 0.5492,
    "4": 0.5914,
    "5": 0.6225,
    "6": 0.6114,
    "7": 0.645,
    "8": 0.6859,
    "9": 0.7054,
    "10": 0.7263,
    "11": 0.7103,
    "12": 0.7304,
    "13": 0.7321,
    "14": 0.7187,
    "15": 0.7186,
    "16": 0.7159,
    "17": 0.7111,
    "18": 0.7138,
    "19": 0.7154,
    "20": 0.6939,
    "21": 0.7138,
    "22": 0.7015,
    "23": 0.6732,
    "24": 0.6596,
    "25": 0.6963,
    "26": 0.7012,
    "27": 0.6926,
    "28": 0.7015,
    "29": 0.6954,
    "30": 0.6861,
    "31": 0.6906,
    "32": 0.6932
  },
  "test_loss": {
    "0": 0.6932809142112732,
    "1": 0.693424372291565,
    "2": 0.6944388075828553,
    "3": 0.6860167290687561,
    "4": 0.6741015390396118,
    "5": 0.6573905477523804,
    "6": 0.6632630781173706,
    "7": 0.6423304986953735,
    "8": 0.5927241898536683,
    "9": 0.5812319051742554,
    "10": 0.5596387636184692,
    "11": 0.5773778460979462,
    "12": 0.5567430272579194,
    "13": 0.5563012065887452,
    "14": 0.5779743677616119,
    "15": 0.5880300792217255,
    "16": 0.574733158159256,
    "17": 0.5964639577388764,
    "18": 0.5664515612602233,
    "19": 0.5666271814346313,
    "20": 0.592997512435913,
    "21": 0.5765977530002594,
    "22": 0.6113425912380218,
    "23": 0.6206973141670227,
    "24": 0.6533965412139893,
    "25": 0.607174026107788,
    "26": 0.5971237157821655,
    "27": 0.6122962397575379,
    "28": 0.587714964056015,
    "29": 0.5962926135540009,
    "30": 0.613856435918808,
    "31": 0.5839252172470093,
    "32": 0.5879753892898559
  },
  "drift_final_total_l2": {
    "0": 11.249161720275879,
    "1": 19.916309356689453,
    "2": 23.927019119262695,
    "3": 27.627098083496094,
    "4": 29.573585510253906,
    "5": 36.55411911010742,
    "6": 36.97755432128906,
    "7": 33.94788360595703,
    "8": 29.5914363861084,
    "9": 50.123573303222656,
    "10": 48.38236999511719,
    "11": 55.08717346191406,
    "12": 43.4185791015625,
    "13": 51.250099182128906,
    "14": 54.15235137939453,
    "15": 52.613197326660156,
    "16": 38.18992233276367,
    "17": 44.875850677490234,
    "18": 39.141357421875,
    "19": 27.975160598754883,
    "20": 30.532791137695312,
    "21": 34.3453369140625,
    "22": 35.454341888427734,
    "23": 27.390520095825195,
    "24": 33.25239181518555,
    "25": 32.397796630859375,
    "26": 29.020401000976562,
    "27": 31.355348587036133,
    "28": 26.87917137145996,
    "29": 32.56230926513672,
    "30": 22.19569206237793,
    "31": 18.653635025024414,
    "32": 18.80167579650879
  },
  "probe_type": "mlp",
  "probe_hidden_size": [
    1024
  ],
  "init_strategy": "gamma",
  "init_gamma": 0.6,
  "effective_lr": 0.001,