{
  "config": {
    "model_short": "llama",
    "task_name": "somo",
    "dataset": {
      "train": "cache/llama/somo_train/",
      "test": "cache/llama/somo_test/"
    },
    "mdl": {
      "batch_size": 64,
      "probe_type": "mlp",
      "probe_hidden_size": [
        256
      ],
      "num_classes": 2,
      "init_strategy": "mup",
      "init_gamma": null,
      "optimizer": "adam",
      "train_epochs": 20,
      "lr": 3.0517578125e-05,
      "seed": 242,
      "early_stopping_gap": 3,
      "split_num": 5,
      "split_ratio": 2.0
    },
    "out_dir": "muP_results/llama/somo/hidden-256/seed-242/strategy-mup/opt-adam/2026-04-28_20-03-34"
  },
  "train_meta": {
    "dataset": "compling/somo",
    "split": "train",
    "text_col": "text",
    "model": "meta-llama/Meta-Llama-3.1-8B",
    "max_len": 64,
    "hidden_size": 4096,
    "num_hidden_layers": 32,
    "num_states": 33,
    "memmap_file": "last_token_hidden_states.memmap",
    "dtype": "float32",
    "shape": [
      15000,
      33,
      4096
    ]
  },
  "test_meta": {
    "dataset": "compling/somo",
    "split": "test",
    "text_col": "text",
    "model": "meta-llama/Meta-Llama-3.1-8B",
    "max_len": 64,
    "hidden_size": 4096,
    "num_hidden_layers": 32,
    "num_states": 33,
    "memmap_file": "last_token_hidden_states.memmap",
    "dtype": "float32",
    "shape": [
      10000,
      33,
      4096
    ]
  },
  "splits": [
    484,
    968,
    1936,
    3872,
    7740
  ],
  "mdl_sum_ce": {
    "0": 10061.242716789246,
    "1": 10060.818222999573,
    "2": 10060.43556022644,
    "3": 10055.855544567108,
    "4": 10019.449048519135,
    "5": 9975.376725196838,
    "6": 9958.011688232422,
    "7": 9924.641891479492,
    "8": 9815.824559211731,
    "9": 9651.867262363434,
    "10": 9402.20137500763,
    "11": 9334.108184814453,
    "12": 9367.365822315216,
    "13": 9243.460018157959,
    "14": 9303.203329086304,
    "15": 9287.30581855774,
    "16": 9383.549932956696,
    "17": 9399.945333480835,
    "18": 9435.705359458923,
    "19": 9444.859893798828,
    "20": 9457.847387313843,
    "21": 9440.929840564728,
    "22": 9422.695537567139,
    "23": 9446.017904281616,
    "24": 9462.027225017548,
    "25": 9436.991124629974,
    "26": 9417.580739974976,
    "27": 9384.48128604889,
    "28": 9332.65060377121,
    "29": 9314.633005142212,
    "30": 9289.456404685974,
    "31": 9149.05875825882,
    "32": 8992.36188364029
  },
  "mdl_nll": {
    "0": 0.6931139926143046,
    "1": 0.6930847494488546,
    "2": 0.6930583880012704,
    "3": 0.6927428730068275,
    "4": 0.6902348476521861,
    "5": 0.6871987272800247,
    "6": 0.6860024585445317,
    "7": 0.6837036298897418,
    "8": 0.6762072581435472,
    "9": 0.6649123217390076,
    "10": 0.6477129632824215,
    "11": 0.6430220573721723,
    "12": 0.6453131594320209,
    "13": 0.6367773503828851,
    "14": 0.6408930372751656,
    "15": 0.639797865703895,
    "16": 0.6464280747421256,
    "17": 0.6475575457068639,
    "18": 0.6500210360608242,
    "19": 0.6506516873655848,
    "20": 0.651546389316192,
    "21": 0.6503809479584409,
    "22": 0.6491247959194777,
    "23": 0.6507314621301747,
    "24": 0.6518343362508644,
    "25": 0.6501096117821696,
    "26": 0.64877244006441,
    "27": 0.6464922351921252,
    "28": 0.6429216453410864,
    "29": 0.641680421957992,
    "30": 0.6399460185096427,
    "31": 0.6302740946720047,
    "32": 0.6194793251336655
  },
  "stopping_epochs_per_stage": {
    "0": [
      20,
      1,
      1,
      15
    ],
    "1": [
      19,
      2,
      1,
      20
    ],
    "2": [
      20,
      1,
      1,
      20
    ],
    "3": [
      15,
      1,
      1,
      20
    ],
    "4": [
      20,
      9,
      20,
      20
    ],
    "5": [
      20,
      2,
      20,
      20
    ],
    "6": [
      20,
      20,
      20,
      20
    ],
    "7": [
      20,
      20,
      20,
      20
    ],
    "8": [
      20,
      20,
      20,
      20
    ],
    "9": [
      20,
      20,
      20,
      20
    ],
    "10": [
      20,
      20,
      20,
      20
    ],
    "11": [
      20,
      20,
      20,
      20
    ],
    "12": [
      20,
      20,
      20,
      20
    ],
    "13": [
      20,
      20,
      20,
      20
    ],
    "14": [
      20,
      20,
      20,
      20
    ],
    "15": [
      20,
      20,
      20,
      20
    ],
    "16": [
      20,
      20,
      20,
      20
    ],
    "17": [
      20,
      20,
      20,
      20
    ],
    "18": [
      20,
      20,
      20,
      20
    ],
    "19": [
      20,
      20,
      20,
      20
    ],
    "20": [
      20,
      20,
      20,
      20
    ],
    "21": [
      20,
      20,
      20,
      20
    ],
    "22": [
      20,
      20,
      20,
      20
    ],
    "23": [
      20,
      20,
      20,
      20
    ],
    "24": [
      20,
      20,
      20,
      20
    ],
    "25": [
      20,
      20,
      20,
      20
    ],
    "26": [
      20,
      20,
      20,
      20
    ],
    "27": [
      20,
      19,
      20,
      20
    ],
    "28": [
      20,
      20,
      20,
      20
    ],
    "29": [
      20,
      20,
      20,
      20
    ],
    "30": [
      20,
      20,
      20,
      20
    ],
    "31": [
      20,
      19,
      20,
      20
    ],
    "32": [
      20,
      20,
      20,
      20
    ]
  },
  "test_acc": {
    "0": 0.4982,
    "1": 0.4977,
    "2": 0.5016,
    "3": 0.5296,
    "4": 0.5717,
    "5": 0.6007,
    "6": 0.6058,
    "7": 0.6191,
    "8": 0.6482,
    "9": 0.6742,
    "10": 0.7016,
    "11": 0.6985,
    "12": 0.7004,
    "13": 0.7021,
    "14": 0.6998,
    "15": 0.7002,
    "16": 0.6958,
    "17": 0.6954,
    "18": 0.6915,
    "19": 0.6861,
    "20": 0.688,
    "21": 0.6875,
    "22": 0.6865,
    "23": 0.686,
    "24": 0.6845,
    "25": 0.6787,
    "26": 0.681,
    "27": 0.6746,
    "28": 0.6754,
    "29": 0.6798,
    "30": 0.6733,
    "31": 0.6851,
    "32": 0.6873
  },
  "test_loss": {
    "0": 0.693296467590332,
    "1": 0.6932261194229126,
    "2": 0.6929998313903809,
    "3": 0.691493660068512,
    "4": 0.6844187984466553,
    "5": 0.6751173337936401,
    "6": 0.6739300107002258,
    "7": 0.6673670415878296,
    "8": 0.651200923538208,
    "9": 0.6302051574707032,
    "10": 0.6000911590576172,
    "11": 0.594433163356781,
    "12": 0.5959806211471558,
    "13": 0.5916124668121338,
    "14": 0.5914257013320923,
    "15": 0.5918334380149841,
    "16": 0.5994221145629883,
    "17": 0.6008076831817627,
    "18": 0.6045548774719238,
    "19": 0.6085870759010314,
    "20": 0.6071401334762573,
    "21": 0.6070218217849731,
    "22": 0.6068720932960511,
    "23": 0.6072394830703736,
    "24": 0.6092400745391846,
    "25": 0.6105455198287963,
    "26": 0.6084264348983764,
    "27": 0.6090444604873657,
    "28": 0.6087795673370361,
    "29": 0.604566191482544,
    "30": 0.60456725025177,
    "31": 0.5968622356414794,
    "32": 0.589356043434143
  },
  "drift_final_total_l2": {
    "0": 2.533616065979004,
    "1": 4.769105434417725,
    "2": 6.4207844734191895,
    "3": 8.028253555297852,
    "4": 12.656475067138672,
    "5": 14.843816757202148,
    "6": 14.61314582824707,
    "7": 15.531203269958496,
    "8": 18.43338394165039,
    "9": 22.795801162719727,
    "10": 26.055870056152344,
    "11": 24.83751678466797,
    "12": 23.671466827392578,
    "13": 24.244970321655273,
    "14": 22.6115665435791,
    "15": 21.50465202331543,
    "16": 20.46123504638672,
    "17": 18.782161712646484,
    "18": 17.602012634277344,
    "19": 16.76870346069336,
    "20": 15.496240615844727,
    "21": 14.928852081298828,
    "22": 14.694024085998535,
    "23": 13.371024131774902,
    "24": 13.188314437866211,
    "25": 13.353598594665527,
    "26": 12.526031494140625,
    "27": 12.548761367797852,
    "28": 12.355289459228516,
    "29": 11.687768936157227,
    "30": 11.114990234375,
    "31": 10.151516914367676,
    "32": 6.384704113006592
  },
  "probe_type": "mlp",