{
  "config": {
    "model_short": "llama",
    "task_name": "somo",
    "dataset": {
      "train": "cache/llama/somo_train/",
      "test": "cache/llama/somo_test/"
    },
    "mdl": {
      "batch_size": 64,
      "probe_type": "mlp",
      "probe_hidden_size": [
        32
      ],
      "num_classes": 2,
      "init_strategy": "gamma_second_zero",
      "init_gamma": 1.1,
      "optimizer": "adamw",
      "train_epochs": 10,
      "lr": 0.001,
      "seed": 142,
      "early_stopping_gap": 3,
      "split_num": 5,
      "split_ratio": 2.0
    },
    "out_dir": "init_results/llama/somo/hidden-32/seed-142/strategy-gamma_second_zero/gamma-1.1/opt-adamw/2026-04-25_03-07-10"
  },
  "train_meta": {
    "dataset": "compling/somo",
    "split": "train",
    "text_col": "text",
    "model": "meta-llama/Meta-Llama-3.1-8B",
    "max_len": 64,
    "hidden_size": 4096,
    "num_hidden_layers": 32,
    "num_states": 33,
    "memmap_file": "last_token_hidden_states.memmap",
    "dtype": "float32",
    "shape": [
      15000,
      33,
      4096
    ]
  },
  "test_meta": {
    "dataset": "compling/somo",
    "split": "test",
    "text_col": "text",
    "model": "meta-llama/Meta-Llama-3.1-8B",
    "max_len": 64,
    "hidden_size": 4096,
    "num_hidden_layers": 32,
    "num_states": 33,
    "memmap_file": "last_token_hidden_states.memmap",
    "dtype": "float32",
    "shape": [
      10000,
      33,
      4096
    ]
  },
  "splits": [
    484,
    968,
    1936,
    3872,
    7740
  ],
  "mdl_sum_ce": {
    "0": 10060.795254707336,
    "1": 10060.67074394226,
    "2": 10046.525825023651,
    "3": 10014.05457496643,
    "4": 9726.055167198181,
    "5": 9474.963165283203,
    "6": 9560.195665359497,
    "7": 9276.308690071106,
    "8": 8882.020018577576,
    "9": 8531.096548080444,
    "10": 8055.527603149414,
    "11": 8084.088379383087,
    "12": 8066.666056632996,
    "13": 8106.506064414978,
    "14": 8175.415781021118,
    "15": 8348.539978027344,
    "16": 8388.500739097595,
    "17": 8479.493619918823,
    "18": 8534.622327804565,
    "19": 8544.102463722229,
    "20": 8608.716652870178,
    "21": 8676.653284072876,
    "22": 8644.453179836273,
    "23": 8951.299266815186,
    "24": 8773.689683914185,
    "25": 8782.241164684296,
    "26": 8766.006116867065,
    "27": 8765.914199829102,
    "28": 8758.250631332397,
    "29": 8781.481175422668,
    "30": 8852.488573551178,
    "31": 8856.20402431488,
    "32": 9174.81953382492
  },
  "mdl_nll": {
    "0": 0.693083167174658,
    "1": 0.693074589690153,
    "2": 0.6921001532807696,
    "3": 0.689863225059688,
    "4": 0.6700230895011147,
    "5": 0.652725486723836,
    "6": 0.658597111143531,
    "7": 0.6390402790073785,
    "8": 0.6118779290836026,
    "9": 0.5877029862276415,
    "10": 0.5549412788061046,
    "11": 0.5569088164358699,
    "12": 0.5557086013111736,
    "13": 0.5584531595766725,
    "14": 0.56320031558426,
    "15": 0.5751267551685962,
    "16": 0.5778796320678972,
    "17": 0.5841480862440633,
    "18": 0.5879458754343184,
    "19": 0.5885989572693737,
    "20": 0.5930501965328037,
    "21": 0.5977303171722841,
    "22": 0.5955120680515482,
    "23": 0.6166505419409745,
    "24": 0.6044151063594781,
    "25": 0.6050042136045947,
    "26": 0.603885789257858,
    "27": 0.6038794571389571,
    "28": 0.6033515177275005,
    "29": 0.6049518583234134,
    "30": 0.6098435225648373,
    "31": 0.6100994781148306,
    "32": 0.6320487416523092
  },
  "stopping_epochs_per_stage": {
    "0": [
      1,
      8,
      3,
      1
    ],
    "1": [
      3,
      4,
      4,
      1
    ],
    "2": [
      4,
      1,
      8,
      10
    ],
    "3": [
      10,
      6,
      9,
      10
    ],
    "4": [
      10,
      2,
      10,
      9
    ],
    "5": [
      10,
      10,
      10,
      10
    ],
    "6": [
      10,
      10,
      10,
      8
    ],
    "7": [
      8,
      9,
      10,
      6
    ],
    "8": [
      10,
      10,
      10,
      8
    ],
    "9": [
      9,
      10,
      10,
      8
    ],
    "10": [
      10,
      10,
      8,
      7
    ],
    "11": [
      10,
      9,
      8,
      8
    ],
    "12": [
      10,
      9,
      7,
      9
    ],
    "13": [
      10,
      10,
      5,
      6
    ],
    "14": [
      9,
      7,
      4,
      6
    ],
    "15": [
      10,
      10,
      9,
      5
    ],
    "16": [
      9,
      10,
      3,
      5
    ],
    "17": [
      10,
      10,
      10,
      5
    ],
    "18": [
      8,
      9,
      6,
      9
    ],
    "19": [
      9,
      10,
      5,
      6
    ],
    "20": [
      4,
      10,
      8,
      7
    ],
    "21": [
      10,
      9,
      6,
      8
    ],
    "22": [
      9,
      10,
      9,
      6
    ],
    "23": [
      10,
      4,
      8,
      8
    ],
    "24": [
      8,
      7,
      8,
      8
    ],
    "25": [
      10,
      4,
      9,
      6
    ],
    "26": [
      10,
      6,
      10,
      6
    ],
    "27": [
      4,
      7,
      7,
      6
    ],
    "28": [
      9,
      9,
      5,
      5
    ],
    "29": [
      10,
      5,
      6,
      5
    ],
    "30": [
      8,
      4,
      7,
      5
    ],
    "31": [
      4,
      5,
      5,
      9
    ],
    "32": [
      3,
      9,
      9,
      8
    ]
  },
  "test_acc": {
    "0": 0.5013,
    "1": 0.4926,
    "2": 0.5013,
    "3": 0.5505,
    "4": 0.6019,
    "5": 0.6258,
    "6": 0.6426,
    "7": 0.6644,
    "8": 0.6913,
    "9": 0.706,
    "10": 0.7301,
    "11": 0.7314,
    "12": 0.7218,
    "13": 0.7298,
    "14": 0.7331,
    "15": 0.7186,
    "16": 0.7075,
    "17": 0.7169,
    "18": 0.723,
    "19": 0.7226,
    "20": 0.6531,
    "21": 0.6963,
    "22": 0.6702,
    "23": 0.7148,
    "24": 0.6908,
    "25": 0.6773,
    "26": 0.7016,
    "27": 0.7061,
    "28": 0.6906,
    "29": 0.6902,
    "30": 0.6964,
    "31": 0.6806,
    "32": 0.7003
  },
  "test_loss": {
    "0": 0.6931521862030029,
    "1": 0.694790037536621,
    "2": 0.693162454032898,
    "3": 0.6875912763595581,
    "4": 0.6594375411987304,
    "5": 0.6470112411499024,
    "6": 0.6302506105422974,
    "7": 0.6127616857528686,
    "8": 0.586591116809845,
    "9": 0.5750489867210388,
    "10": 0.542980938911438,
    "11": 0.5410029397964478,
    "12": 0.5620890879154206,
    "13": 0.5373260995864868,
    "14": 0.5393225454807281,
    "15": 0.54818130941391,
    "16": 0.5768095303535461,
    "17": 0.5652955702781677,
    "18": 0.5482952508926392,
    "19": 0.5577150694847107,
    "20": 0.6277275119781495,
    "21": 0.5881706638336182,
    "22": 0.6291391673088074,
    "23": 0.5654237560749054,
    "24": 0.5822045330047607,
    "25": 0.6179736445426941,
    "26": 0.577119244003296,
    "27": 0.5819380688667297,
    "28": 0.5966138984680176,
    "29": 0.6150090314865112,
    "30": 0.5957780673980713,
    "31": 0.5941534953117371,
    "32": 0.5828182872772216
  },
  "drift_final_total_l2": {
    "0": 1.988377332687378,
    "1": 6.876337051391602,
    "2": 2.2506392002105713,
    "3": 17.10140037536621,
    "4": 14.450074195861816,
    "5": 11.232645034790039,
    "6": 13.57062816619873,
    "7": 11.914595603942871,
    "8": 16.240766525268555,
    "9": 14.575905799865723,
    "10": 19.119834899902344,
    "11": 15.489452362060547,
    "12": 17.81776237487793,
    "13": 15.817154884338379,
    "14": 15.087660789489746,
    "15": 12.865382194519043,
    "16": 15.320016860961914,
    "17": 16.814590454101562,
    "18": 12.125398635864258,
    "19": 10.262089729309082,
    "20": 15.805428504943848,
    "21": 15.751157760620117,
    "22": 12.588020324707031,
    "23": 6.65445613861084,
    "24": 9.757816314697266,
    "25": 15.486750602722168,
    "26": 11.138810157775879,
    "27": 9.966401100158691,
    "28": 12.801920890808105,
    "29": 10.560656547546387,
    "30": 10.295787811279297,
    "31": 6.6356282234191895,
    "32": 10.016201972961426
  },
  "probe_type": "mlp",
  "probe_hidden_size": [
    32
  ],