{
  "config": {
    "model_short": "llama",
    "task_name": "somo",
    "dataset": {
      "train": "cache/llama/somo_train/",
      "test": "cache/llama/somo_test/"
    },
    "mdl": {
      "batch_size": 64,
      "probe_type": "mlp",
      "probe_hidden_size": [
        1024
      ],
      "num_classes": 2,
      "init_strategy": "gamma_second_zero",
      "init_gamma": 1.0,
      "optimizer": "adamw",
      "train_epochs": 10,
      "lr": 0.001,
      "seed": 42,
      "early_stopping_gap": 3,
      "split_num": 5,
      "split_ratio": 2.0
    },
    "out_dir": "init_results/llama/somo/hidden-1024/seed-42/strategy-gamma_second_zero/gamma-1.0/2026-04-21_01-18-19"
  },
  "train_meta": {
    "dataset": "compling/somo",
    "split": "train",
    "text_col": "text",
    "model": "meta-llama/Meta-Llama-3.1-8B",
    "max_len": 64,
    "hidden_size": 4096,
    "num_hidden_layers": 32,
    "num_states": 33,
    "memmap_file": "last_token_hidden_states.memmap",
    "dtype": "float32",
    "shape": [
      15000,
      33,
      4096
    ]
  },
  "test_meta": {
    "dataset": "compling/somo",
    "split": "test",
    "text_col": "text",
    "model": "meta-llama/Meta-Llama-3.1-8B",
    "max_len": 64,
    "hidden_size": 4096,
    "num_hidden_layers": 32,
    "num_states": 33,
    "memmap_file": "last_token_hidden_states.memmap",
    "dtype": "float32",
    "shape": [
      10000,
      33,
      4096
    ]
  },
  "splits": [
    484,
    968,
    1936,
    3872,
    7740
  ],
  "mdl_sum_ce": {
    "0": 10061.582728385925,
    "1": 10059.855260848999,
    "2": 10059.006851673126,
    "3": 10037.567299365997,
    "4": 9781.009481430054,
    "5": 9513.738315582275,
    "6": 9461.047181129456,
    "7": 9260.614980220795,
    "8": 8926.40340089798,
    "9": 8550.918996810913,
    "10": 8111.457358837128,
    "11": 8077.54360294342,
    "12": 8126.619544029236,
    "13": 8165.815083503723,
    "14": 8211.87316942215,
    "15": 8307.809176921844,
    "16": 8350.436407089233,
    "17": 8447.509234905243,
    "18": 8541.47959280014,
    "19": 8584.825869083405,
    "20": 8613.842464923859,
    "21": 8643.679831504822,
    "22": 8636.182604312897,
    "23": 8653.457233428955,
    "24": 8745.274489402771,
    "25": 8863.904760837555,
    "26": 8774.701200008392,
    "27": 8777.018099308014,
    "28": 8776.600796699524,
    "29": 8840.812027931213,
    "30": 8899.985736846924,
    "31": 8743.051067829132,
    "32": 8941.396673202515
  },
  "mdl_nll": {
    "0": 0.6931374158436157,
    "1": 0.6930184114665885,
    "2": 0.6929599649816152,
    "3": 0.6914830049163679,
    "4": 0.6738088647995353,
    "5": 0.6553966874884455,
    "6": 0.6517668215162205,
    "7": 0.6379591471631851,
    "8": 0.6149354781549999,
    "9": 0.5890685448340393,
    "10": 0.5587942517799068,
    "11": 0.5564579500512139,
    "12": 0.5598387671554999,
    "13": 0.5625389283207305,
    "14": 0.5657118468877205,
    "15": 0.5723208305953323,
    "16": 0.5752573992208069,
    "17": 0.5819446979130093,
    "18": 0.5884182689997342,
    "19": 0.5914043723534999,
    "20": 0.5934033111686318,
    "21": 0.5954587924707097,
    "22": 0.5949423122287749,
    "23": 0.5961323528126864,
    "24": 0.602457597781949,
    "25": 0.6106299780130583,
    "26": 0.6044847891987043,
    "27": 0.6046443992358786,
    "28": 0.6046156514673136,
    "29": 0.6090391311608717,
    "30": 0.6131155784545965,
    "31": 0.6023044273786947,
    "32": 0.6159683572060151
  },
  "stopping_epochs_per_stage": {
    "0": [
      3,
      1,
      1,
      1
    ],
    "1": [
      1,
      2,
      1,
      1
    ],
    "2": [
      3,
      5,
      1,
      1
    ],
    "3": [
      3,
      4,
      6,
      3
    ],
    "4": [
      6,
      9,
      5,
      5
    ],
    "5": [
      6,
      8,
      7,
      10
    ],
    "6": [
      5,
      9,
      10,
      9
    ],
    "7": [
      10,
      7,
      6,
      6
    ],
    "8": [
      9,
      4,
      6,
      6
    ],
    "9": [
      10,
      6,
      6,
      4
    ],
    "10": [
      5,
      5,
      4,
      8
    ],
    "11": [
      9,
      3,
      5,
      5
    ],
    "12": [
      8,
      4,
      4,
      6
    ],
    "13": [
      7,
      4,
      6,
      4
    ],
    "14": [
      7,
      5,
      3,
      5
    ],
    "15": [
      8,
      4,
      5,
      5
    ],
    "16": [
      9,
      5,
      5,
      7
    ],
    "17": [
      6,
      5,
      4,
      7
    ],
    "18": [
      2,
      6,
      5,
      4
    ],
    "19": [
      1,
      6,
      6,
      7
    ],
    "20": [
      2,
      7,
      4,
      5
    ],
    "21": [
      3,
      5,
      6,
      5
    ],
    "22": [
      5,
      9,
      4,
      4
    ],
    "23": [
      4,
      6,
      6,
      5
    ],
    "24": [
      1,
      5,
      6,
      3
    ],
    "25": [
      3,
      7,
      4,
      4
    ],
    "26": [
      2,
      6,
      6,
      5
    ],
    "27": [
      2,
      7,
      4,
      6
    ],
    "28": [
      3,
      6,
      4,
      6
    ],
    "29": [
      1,
      6,
      5,
      4
    ],
    "30": [
      1,
      4,
      5,
      6
    ],
    "31": [
      4,
      4,
      5,
      4
    ],
    "32": [
      2,
      5,
      6,
      7
    ]
  },
  "test_acc": {
    "0": 0.5013,
    "1": 0.5046,
    "2": 0.5264,
    "3": 0.5339,
    "4": 0.5921,
    "5": 0.6403,
    "6": 0.6488,
    "7": 0.6552,
    "8": 0.6631,
    "9": 0.7058,
    "10": 0.7265,
    "11": 0.7256,
    "12": 0.7337,
    "13": 0.7299,
    "14": 0.7194,
    "15": 0.7249,
    "16": 0.7284,
    "17": 0.7217,
    "18": 0.7151,
    "19": 0.7082,
    "20": 0.6877,
    "21": 0.7166,
    "22": 0.6864,
    "23": 0.6499,
    "24": 0.68,
    "25": 0.7079,
    "26": 0.6907,
    "27": 0.6924,
    "28": 0.6889,
    "29": 0.6861,
    "30": 0.6977,
    "31": 0.6982,
    "32": 0.6865
  },
  "test_loss": {
    "0": 0.6931439257621765,
    "1": 0.6935246841430664,
    "2": 0.6928977993965149,
    "3": 0.7040599749565124,
    "4": 0.6744758819580078,
    "5": 0.6343760115623475,
    "6": 0.6351424971580505,
    "7": 0.6257115993499756,
    "8": 0.6267551347732544,
    "9": 0.5849187747955322,
    "10": 0.5733064366817474,
    "11": 0.5706947268009186,
    "12": 0.5651734469413757,
    "13": 0.5455332231998443,
    "14": 0.5892931411743164,
    "15": 0.5730953206062317,
    "16": 0.5679735797882081,
    "17": 0.5736478076457977,
    "18": 0.5805072257041931,
    "19": 0.5831517371177674,
    "20": 0.5960031630516053,
    "21": 0.5692966788768768,
    "22": 0.6121071371078491,
    "23": 0.6649945008277893,
    "24": 0.612621280002594,
    "25": 0.5786123112678527,
    "26": 0.6063342656135559,
    "27": 0.6223498711585999,
    "28": 0.6246854253768921,
    "29": 0.6041365034103393,
    "30": 0.6005445581912995,
    "31": 0.5897377836704254,
    "32": 0.5921382855415345
  },
  "drift_final_total_l2": {
    "0": 10.05600643157959,
    "1": 17.909866333007812,
    "2": 20.01222801208496,
    "3": 28.513263702392578,
    "4": 33.86699295043945,
    "5": 24.07046127319336,
    "6": 34.12868118286133,
    "7": 45.027400970458984,
    "8": 42.47955322265625,
    "9": 41.82308578491211,
    "10": 60.16005325317383,
    "11": 64.74937438964844,
    "12": 46.10076904296875,
    "13": 37.66633224487305,
    "14": 51.39863586425781,
    "15": 52.198333740234375,
    "16": 57.13112258911133,
    "17": 42.31334686279297,
    "18": 36.729183197021484,
    "19": 32.54598617553711,
    "20": 36.734474182128906,
    "21": 26.48030662536621,
    "22": 30.98961067199707,
    "23": 28.6445369720459,
    "24": 36.7264518737793,
    "25": 26.834360122680664,
    "26": 33.9847297668457,
    "27": 31.175905227661133,
    "28": 33.60349655151367,
    "29": 24.13725471496582,
    "30": 22.931909561157227,
    "31": 27.26017189025879,
    "32": 20.140491485595703
  },
  "probe_type": "mlp",
  "probe_hidden_size": [
    1024
  ],
  "init_strategy": "gamma_second_zero",
  "init_gamma": 1.0,