{
  "config": {
    "model_short": "llama",
    "task_name": "somo",
    "dataset": {
      "train": "cache/llama/somo_train/",
      "test": "cache/llama/somo_test/"
    },
    "mdl": {
      "batch_size": 64,
      "probe_type": "mlp",
      "probe_hidden_size": [
        256
      ],
      "num_classes": 2,
      "init_strategy": "gamma_second_zero",
      "init_gamma": 0.4,
      "optimizer": "adamw",
      "train_epochs": 10,
      "lr": 0.001,
      "seed": 42,
      "early_stopping_gap": 3,
      "split_num": 5,
      "split_ratio": 2.0
    },
    "out_dir": "init_results/llama/somo/hidden-256/seed-42/strategy-gamma_second_zero/gamma-0.4/2026-04-20_23-56-53"
  },
  "train_meta": {
    "dataset": "compling/somo",
    "split": "train",
    "text_col": "text",
    "model": "meta-llama/Meta-Llama-3.1-8B",
    "max_len": 64,
    "hidden_size": 4096,
    "num_hidden_layers": 32,
    "num_states": 33,
    "memmap_file": "last_token_hidden_states.memmap",
    "dtype": "float32",
    "shape": [
      15000,
      33,
      4096
    ]
  },
  "test_meta": {
    "dataset": "compling/somo",
    "split": "test",
    "text_col": "text",
    "model": "meta-llama/Meta-Llama-3.1-8B",
    "max_len": 64,
    "hidden_size": 4096,
    "num_hidden_layers": 32,
    "num_states": 33,
    "memmap_file": "last_token_hidden_states.memmap",
    "dtype": "float32",
    "shape": [
      10000,
      33,
      4096
    ]
  },
  "splits": [
    484,
    968,
    1936,
    3872,
    7740
  ],
  "mdl_sum_ce": {
    "0": 10061.5727186203,
    "1": 10061.84235906601,
    "2": 10055.987552642822,
    "3": 10036.290680885315,
    "4": 9773.612030506134,
    "5": 9514.713157653809,
    "6": 9429.409046649933,
    "7": 9221.413345336914,
    "8": 8919.538148403168,
    "9": 8548.83196592331,
    "10": 8071.8091197013855,
    "11": 8098.986451625824,
    "12": 8077.797657012939,
    "13": 8136.438385009766,
    "14": 8180.352454662323,
    "15": 8322.607762336731,
    "16": 8335.349190711975,
    "17": 8548.261288166046,
    "18": 8433.186151504517,
    "19": 8583.525367736816,
    "20": 8559.113111019135,
    "21": 8620.856178283691,
    "22": 8728.747609615326,
    "23": 8676.243003368378,
    "24": 8755.979765415192,
    "25": 8831.651338100433,
    "26": 8812.399479866028,
    "27": 8850.750163078308,
    "28": 8835.043471813202,
    "29": 8790.467569351196,
    "30": 8803.989727973938,
    "31": 8813.201875209808,
    "32": 8979.64493227005
  },
  "mdl_nll": {
    "0": 0.6931367262758542,
    "1": 0.6931553016716733,
    "2": 0.6927519669773231,
    "3": 0.69139505930596,
    "4": 0.673299258094939,
    "5": 0.6554638438725412,
    "6": 0.6495872862117616,
    "7": 0.6352585660882415,
    "8": 0.6144625343347456,
    "9": 0.5889247703171197,
    "10": 0.5560629043608009,
    "11": 0.5579351372021096,
    "12": 0.556475451709351,
    "13": 0.5605151822134036,
    "14": 0.5635404005691873,
    "15": 0.5733402977636216,
    "16": 0.5742180484094774,
    "17": 0.5888854566110531,
    "18": 0.5809579878413141,
    "19": 0.5913147814643714,
    "20": 0.5896330332749473,
    "21": 0.593886482383831,
    "22": 0.6013190692763383,
    "23": 0.5977020531391828,
    "24": 0.6031950789070812,
    "25": 0.6084080558074149,
    "26": 0.6070818048957032,
    "27": 0.6097237643344109,
    "28": 0.6086417382070268,
    "29": 0.6055709265190959,
    "30": 0.6065024612823049,
    "31": 0.6071370815107335,
    "32": 0.6186032606964763
  },
  "stopping_epochs_per_stage": {
    "0": [
      1,
      2,
      1,
      1
    ],
    "1": [
      1,
      4,
      2,
      2
    ],
    "2": [
      3,
      6,
      2,
      4
    ],
    "3": [
      2,
      8,
      1,
      8
    ],
    "4": [
      5,
      3,
      5,
      9
    ],
    "5": [
      9,
      9,
      6,
      5
    ],
    "6": [
      9,
      9,
      8,
      6
    ],
    "7": [
      10,
      8,
      7,
      8
    ],
    "8": [
      9,
      7,
      3,
      6
    ],
    "9": [
      6,
      5,
      4,
      4
    ],
    "10": [
      8,
      6,
      5,
      4
    ],
    "11": [
      9,
      4,
      3,
      6
    ],
    "12": [
      10,
      5,
      4,
      6
    ],
    "13": [
      8,
      3,
      4,
      5
    ],
    "14": [
      8,
      4,
      2,
      3
    ],
    "15": [
      8,
      5,
      2,
      3
    ],
    "16": [
      7,
      4,
      4,
      7
    ],
    "17": [
      5,
      6,
      4,
      2
    ],
    "18": [
      6,
      5,
      5,
      4
    ],
    "19": [
      6,
      4,
      4,
      4
    ],
    "20": [
      6,
      6,
      6,
      4
    ],
    "21": [
      2,
      8,
      5,
      4
    ],
    "22": [
      2,
      4,
      7,
      4
    ],
    "23": [
      3,
      6,
      6,
      7
    ],
    "24": [
      1,
      5,
      5,
      3
    ],
    "25": [
      4,
      5,
      6,
      4
    ],
    "26": [
      2,
      6,
      5,
      5
    ],
    "27": [
      1,
      5,
      7,
      5
    ],
    "28": [
      1,
      7,
      4,
      3
    ],
    "29": [
      2,
      6,
      5,
      5
    ],
    "30": [
      4,
      5,
      4,
      4
    ],
    "31": [
      1,
      5,
      4,
      4
    ],
    "32": [
      2,
      4,
      4,
      6
    ]
  },
  "test_acc": {
    "0": 0.4982,
    "1": 0.4928,
    "2": 0.5222,
    "3": 0.5482,
    "4": 0.5964,
    "5": 0.6164,
    "6": 0.6507,
    "7": 0.6539,
    "8": 0.6837,
    "9": 0.705,
    "10": 0.7136,
    "11": 0.7284,
    "12": 0.7326,
    "13": 0.6874,
    "14": 0.733,
    "15": 0.7244,
    "16": 0.7016,
    "17": 0.7241,
    "18": 0.7044,
    "19": 0.7188,
    "20": 0.7041,
    "21": 0.7013,
    "22": 0.7035,
    "23": 0.7092,
    "24": 0.6899,
    "25": 0.6936,
    "26": 0.6936,
    "27": 0.6986,
    "28": 0.6836,
    "29": 0.691,
    "30": 0.6966,
    "31": 0.6996,
    "32": 0.6894
  },
  "test_loss": {
    "0": 0.6932700050354004,
    "1": 0.694785251045227,
    "2": 0.6946010202407837,
    "3": 0.6888104594230652,
    "4": 0.6712517882347107,
    "5": 0.6584782083511352,
    "6": 0.6309439471244812,
    "7": 0.6324058289527893,
    "8": 0.601110131072998,
    "9": 0.5912848863601684,
    "10": 0.5801311625480652,
    "11": 0.55705288271904,
    "12": 0.5527540708065033,
    "13": 0.6393658318519593,
    "14": 0.567818036031723,
    "15": 0.5714324069976806,
    "16": 0.5929447971343994,
    "17": 0.5608300850391388,
    "18": 0.6030169104576111,
    "19": 0.578529078578949,
    "20": 0.6010924355506897,
    "21": 0.585795450592041,
    "22": 0.5904147320747376,
    "23": 0.578558997297287,
    "24": 0.6044226308822632,
    "25": 0.6106880692481995,
    "26": 0.5996548102378845,
    "27": 0.6037444473266601,
    "28": 0.6210685846328735,
    "29": 0.611579993724823,
    "30": 0.6153466428756714,
    "31": 0.5900931784152985,
    "32": 0.6071121536254883
  },
  "drift_final_total_l2": {
    "0": 6.939613342285156,
    "1": 14.313633918762207,
    "2": 23.479650497436523,
    "3": 27.78850746154785,
    "4": 31.36052894592285,
    "5": 41.782833099365234,
    "6": 38.31045150756836,
    "7": 40.63804626464844,
    "8": 40.912925720214844,
    "9": 45.03528594970703,
    "10": 47.93782424926758,
    "11": 46.54853057861328,
    "12": 44.06418991088867,
    "13": 46.410831451416016,
    "14": 45.586944580078125,
    "15": 45.79408264160156,
    "16": 41.298423767089844,
    "17": 37.203304290771484,
    "18": 35.622283935546875,
    "19": 36.076778411865234,
    "20": 38.50969314575195,
    "21": 34.600425720214844,
    "22": 34.632102966308594,
    "23": 33.81244659423828,
    "24": 30.29350471496582,
    "25": 33.74528503417969,
    "26": 30.997766494750977,
    "27": 31.251169204711914,
    "28": 30.030372619628906,
    "29": 30.587501525878906,
    "30": 30.51682472229004,
    "31": 25.925880432128906,
    "32": 21.42312240600586
  },
  "probe_type": "mlp",
  "probe_hidden_size": [
    256
  ],
  "init_strategy": "gamma_second_zero",
  "init_gamma": 0.4,
  "effective_lr": 0.001,