{
  "config": {
    "model_short": "llama",
    "task_name": "somo",
    "dataset": {
      "train": "cache/llama/somo_train/",
      "test": "cache/llama/somo_test/"
    },
    "mdl": {
      "batch_size": 64,
      "probe_type": "mlp",
      "probe_hidden_size": [
        4
      ],
      "num_classes": 2,
      "init_strategy": "standard",
      "init_gamma": null,
      "optimizer": "adamw",
      "train_epochs": 10,
      "lr": 0.001,
      "seed": 342,
      "early_stopping_gap": 3,
      "split_num": 5,
      "split_ratio": 2.0
    },
    "out_dir": "init_results/llama/somo/hidden-4/seed-342/strategy-standard/gamma-na/2026-04-21_00-31-22"
  },
  "train_meta": {
    "dataset": "compling/somo",
    "split": "train",
    "text_col": "text",
    "model": "meta-llama/Meta-Llama-3.1-8B",
    "max_len": 64,
    "hidden_size": 4096,
    "num_hidden_layers": 32,
    "num_states": 33,
    "memmap_file": "last_token_hidden_states.memmap",
    "dtype": "float32",
    "shape": [
      15000,
      33,
      4096
    ]
  },
  "test_meta": {
    "dataset": "compling/somo",
    "split": "test",
    "text_col": "text",
    "model": "meta-llama/Meta-Llama-3.1-8B",
    "max_len": 64,
    "hidden_size": 4096,
    "num_hidden_layers": 32,
    "num_states": 33,
    "memmap_file": "last_token_hidden_states.memmap",
    "dtype": "float32",
    "shape": [
      10000,
      33,
      4096
    ]
  },
  "splits": [
    484,
    968,
    1936,
    3872,
    7740
  ],
  "mdl_sum_ce": {
    "0": 10070.46922492981,
    "1": 10061.758533000946,
    "2": 10053.86738395691,
    "3": 10018.14117717743,
    "4": 9820.04864692688,
    "5": 9607.184754371643,
    "6": 9790.768443107605,
    "7": 9547.982336521149,
    "8": 9142.87278175354,
    "9": 8619.390888214111,
    "10": 8329.206903457642,
    "11": 8261.427988529205,
    "12": 9527.540460586548,
    "13": 8244.215795516968,
    "14": 9561.181780338287,
    "15": 8457.625599384308,
    "16": 8407.411640644073,
    "17": 8607.982807159424,
    "18": 8588.09079360962,
    "19": 8708.55244064331,
    "20": 8571.961591720581,
    "21": 8783.523851394653,
    "22": 8908.059607982635,
    "23": 9690.697547912598,
    "24": 8744.128057479858,
    "25": 8944.562617778778,
    "26": 8832.257362365723,
    "27": 8814.172615528107,
    "28": 8747.04045677185,
    "29": 8881.32490491867,
    "30": 8933.76990699768,
    "31": 9212.84740638733,
    "32": 9953.783878326416
  },
  "mdl_nll": {
    "0": 0.693749602158295,
    "1": 0.6931495269358602,
    "2": 0.6926059096140059,
    "3": 0.69014474904777,
    "4": 0.6764982534394378,
    "5": 0.6618341660493003,
    "6": 0.6744811548021221,
    "7": 0.657755741011377,
    "8": 0.6298479458358736,
    "9": 0.5937855392817657,
    "10": 0.5737949093040535,
    "11": 0.5691256536600444,
    "12": 0.6563475103738322,
    "13": 0.5679399142681846,
    "14": 0.6586650441125852,
    "15": 0.5826416092163342,
    "16": 0.579182394643433,
    "17": 0.5929996422678027,
    "18": 0.5916292913756971,
    "19": 0.5999278341583983,
    "20": 0.5905181587021618,
    "21": 0.6050925772523184,
    "22": 0.6136717834102119,
    "23": 0.6675873207434967,
    "24": 0.6023786206585738,
    "25": 0.6161864575488274,
    "26": 0.60844980451679,
    "27": 0.6072039553270947,
    "28": 0.602579254393211,
    "29": 0.6118300430503355,
    "30": 0.6154429530860899,
    "31": 0.6346684628263523,
    "32": 0.6857112068287694
  },
  "stopping_epochs_per_stage": {
    "0": [
      10,
      3,
      9,
      9
    ],
    "1": [
      5,
      2,
      1,
      5
    ],
    "2": [
      3,
      10,
      3,
      9
    ],
    "3": [
      6,
      1,
      9,
      10
    ],
    "4": [
      9,
      5,
      10,
      10
    ],
    "5": [
      10,
      10,
      10,
      10
    ],
    "6": [
      10,
      1,
      10,
      10
    ],
    "7": [
      6,
      9,
      5,
      10
    ],
    "8": [
      10,
      10,
      10,
      10
    ],
    "9": [
      10,
      9,
      10,
      10
    ],
    "10": [
      10,
      9,
      8,
      10
    ],
    "11": [
      10,
      10,
      9,
      10
    ],
    "12": [
      10,
      10,
      10,
      3
    ],
    "13": [
      10,
      10,
      10,
      10
    ],
    "14": [
      10,
      10,
      10,
      6
    ],
    "15": [
      9,
      10,
      9,
      8
    ],
    "16": [
      10,
      9,
      10,
      8
    ],
    "17": [
      10,
      10,
      9,
      10
    ],
    "18": [
      10,
      10,
      10,
      10
    ],
    "19": [
      10,
      10,
      10,
      9
    ],
    "20": [
      7,
      8,
      10,
      8
    ],
    "21": [
      10,
      9,
      9,
      9
    ],
    "22": [
      10,
      10,
      10,
      7
    ],
    "23": [
      7,
      10,
      9,
      8
    ],
    "24": [
      10,
      9,
      10,
      8
    ],
    "25": [
      10,
      10,
      9,
      9
    ],
    "26": [
      7,
      10,
      9,
      10
    ],
    "27": [
      10,
      9,
      8,
      9
    ],
    "28": [
      8,
      9,
      7,
      8
    ],
    "29": [
      10,
      10,
      10,
      9
    ],
    "30": [
      10,
      10,
      6,
      9
    ],
    "31": [
      1,
      9,
      9,
      9
    ],
    "32": [
      8,
      4,
      9,
      9
    ]
  },
  "test_acc": {
    "0": 0.5013,
    "1": 0.5013,
    "2": 0.5259,
    "3": 0.5487,
    "4": 0.6093,
    "5": 0.6273,
    "6": 0.5013,
    "7": 0.6648,
    "8": 0.6917,
    "9": 0.7043,
    "10": 0.7193,
    "11": 0.7347,
    "12": 0.7328,
    "13": 0.7291,
    "14": 0.7314,
    "15": 0.7285,
    "16": 0.7318,
    "17": 0.7225,
    "18": 0.7189,
    "19": 0.708,
    "20": 0.7202,
    "21": 0.7156,
    "22": 0.6932,
    "23": 0.7076,
    "24": 0.5013,
    "25": 0.5013,
    "26": 0.5085,
    "27": 0.7061,
    "28": 0.6847,
    "29": 0.6913,
    "30": 0.5013,
    "31": 0.7021,
    "32": 0.5013
  },
  "test_loss": {
    "0": 0.6932160018920899,
    "1": 0.6938178580284119,
    "2": 0.6919591949462891,
    "3": 0.685218878364563,
    "4": 0.6572220355987549,
    "5": 0.6462672730445862,
    "6": 0.6932153269767761,
    "7": 0.6149786352157592,
    "8": 0.5901841658592224,
    "9": 0.5767898170471192,
    "10": 0.5589777691364288,
    "11": 0.5424053559780121,
    "12": 0.537294924211502,
    "13": 0.538310709142685,
    "14": 0.5535127278327941,
    "15": 0.539419010925293,
    "16": 0.5446903535842895,
    "17": 0.5532293350696563,
    "18": 0.5575503121852875,
    "19": 0.5771846183776855,
    "20": 0.5598749811172485,
    "21": 0.5585854956150055,
    "22": 0.5976712632179261,
    "23": 0.575484987449646,
    "24": 0.6931455889701843,
    "25": 0.6931516139984131,
    "26": 0.6923985243797303,
    "27": 0.5745144147872925,
    "28": 0.6018994669914246,
    "29": 0.5933827382087707,
    "30": 0.6931604177474976,
    "31": 0.5752614413261413,
    "32": 0.6931729702949524
  },
  "drift_final_total_l2": {
    "0": 0.49237310886383057,
    "1": 4.358851909637451,
    "2": 9.261239051818848,
    "3": 9.537094116210938,
    "4": 6.132819175720215,
    "5": 10.462288856506348,
    "6": 0.8521909117698669,
    "7": 9.243890762329102,
    "8": 6.922826290130615,
    "9": 8.109817504882812,
    "10": 8.022022247314453,
    "11": 9.266169548034668,
    "12": 6.845391273498535,
    "13": 8.668037414550781,
    "14": 8.555970191955566,
    "15": 5.429006099700928,
    "16": 5.855973720550537,
    "17": 6.438746929168701,
    "18": 7.051793098449707,
    "19": 6.5804829597473145,
    "20": 6.2358598709106445,
    "21": 4.8157639503479,
    "22": 4.646124362945557,
    "23": 4.8949174880981445,
    "24": 0.7896546721458435,
    "25": 0.8520992398262024,
    "26": 2.0793216228485107,
    "27": 3.67166805267334,
    "28": 5.193528652191162,
    "29": 3.64294171333313,
    "30": 0.7588574886322021,
    "31": 3.669893264770508,
    "32": 0.7844183444976807
  },
  "probe_type": "mlp",
  "probe_hidden_size": [
    4
  ],
  "init_strategy": "standard",
  "init_gamma": null,