{
  "config": {
    "model_short": "llama",
    "task_name": "somo",
    "dataset": {
      "train": "cache/llama/somo_train/",
      "test": "cache/llama/somo_test/"
    },
    "mdl": {
      "batch_size": 64,
      "probe_type": "mlp",
      "probe_hidden_size": [
        1024
      ],
      "num_classes": 2,
      "init_strategy": "gamma_second_zero",
      "init_gamma": 1.2,
      "optimizer": "adamw",
      "train_epochs": 10,
      "lr": 0.001,
      "seed": 442,
      "early_stopping_gap": 3,
      "split_num": 5,
      "split_ratio": 2.0
    },
    "out_dir": "init_results/llama/somo/hidden-1024/seed-442/strategy-gamma_second_zero/gamma-1.2/opt-adamw/2026-04-25_03-24-47"
  },
  "train_meta": {
    "dataset": "compling/somo",
    "split": "train",
    "text_col": "text",
    "model": "meta-llama/Meta-Llama-3.1-8B",
    "max_len": 64,
    "hidden_size": 4096,
    "num_hidden_layers": 32,
    "num_states": 33,
    "memmap_file": "last_token_hidden_states.memmap",
    "dtype": "float32",
    "shape": [
      15000,
      33,
      4096
    ]
  },
  "test_meta": {
    "dataset": "compling/somo",
    "split": "test",
    "text_col": "text",
    "model": "meta-llama/Meta-Llama-3.1-8B",
    "max_len": 64,
    "hidden_size": 4096,
    "num_hidden_layers": 32,
    "num_states": 33,
    "memmap_file": "last_token_hidden_states.memmap",
    "dtype": "float32",
    "shape": [
      10000,
      33,
      4096
    ]
  },
  "splits": [
    484,
    968,
    1936,
    3872,
    7740
  ],
  "mdl_sum_ce": {
    "0": 10061.54148054123,
    "1": 10060.154592990875,
    "2": 10062.358075141907,
    "3": 10037.421925544739,
    "4": 9738.989630699158,
    "5": 9516.566508293152,
    "6": 9508.588145256042,
    "7": 9279.56695652008,
    "8": 8944.173588752747,
    "9": 8547.459549427032,
    "10": 8230.149227619171,
    "11": 8206.444122314453,
    "12": 8135.201243400574,
    "13": 8145.083091259003,
    "14": 8169.313958644867,
    "15": 8275.029215097427,
    "16": 8373.221665382385,
    "17": 8529.101586818695,
    "18": 8514.903262138367,
    "19": 8557.779391288757,
    "20": 8655.47036933899,
    "21": 8763.153586864471,
    "22": 8680.292463302612,
    "23": 8742.00788974762,
    "24": 8725.57038450241,
    "25": 8788.077715873718,
    "26": 8805.807221889496,
    "27": 8778.415444374084,
    "28": 8901.299033641815,
    "29": 8896.37857246399,
    "30": 8851.12716960907,
    "31": 8791.122334003448,
    "32": 8985.583745479584
  },
  "mdl_nll": {
    "0": 0.6931345743001673,
    "1": 0.6930390323085475,
    "2": 0.6931908290949234,
    "3": 0.6914729901863281,
    "4": 0.6709141382405042,
    "5": 0.6555915202737085,
    "6": 0.6550418948233703,
    "7": 0.6392647393579554,
    "8": 0.6161596575332562,
    "9": 0.5888302252291976,
    "10": 0.5669708754215467,
    "11": 0.5653378425402626,
    "12": 0.560429956144983,
    "13": 0.5611107117152799,
    "14": 0.5627799640841049,
    "15": 0.5700626353745817,
    "16": 0.576827064300247,
    "17": 0.5875655543413265,
    "18": 0.5865874388356549,
    "19": 0.5895411539879276,
    "20": 0.596271036741457,
    "21": 0.603689279888707,
    "22": 0.5979810184143436,
    "23": 0.6022325633609548,
    "24": 0.6011001918229822,
    "25": 0.6054062907049957,
    "26": 0.6066276675316544,
    "27": 0.6047406616405404,
    "28": 0.6132060508157767,
    "29": 0.6128670826993655,
    "30": 0.6097497361262793,
    "31": 0.6056160329294191,
    "32": 0.6190123825764386
  },
  "stopping_epochs_per_stage": {
    "0": [
      1,
      1,
      3,
      1
    ],
    "1": [
      1,
      1,
      6,
      2
    ],
    "2": [
      1,
      2,
      1,
      1
    ],
    "3": [
      2,
      1,
      3,
      8
    ],
    "4": [
      1,
      10,
      9,
      9
    ],
    "5": [
      2,
      9,
      4,
      4
    ],
    "6": [
      1,
      9,
      7,
      8
    ],
    "7": [
      7,
      6,
      7,
      4
    ],
    "8": [
      5,
      5,
      6,
      5
    ],
    "9": [
      6,
      7,
      5,
      4
    ],
    "10": [
      4,
      3,
      5,
      7
    ],
    "11": [
      1,
      3,
      4,
      2
    ],
    "12": [
      6,
      5,
      6,
      3
    ],
    "13": [
      7,
      4,
      6,
      4
    ],
    "14": [
      8,
      3,
      6,
      4
    ],
    "15": [
      6,
      4,
      4,
      3
    ],
    "16": [
      2,
      8,
      6,
      6
    ],
    "17": [
      4,
      3,
      7,
      6
    ],
    "18": [
      6,
      6,
      4,
      6
    ],
    "19": [
      3,
      4,
      5,
      4
    ],
    "20": [
      3,
      5,
      4,
      6
    ],
    "21": [
      3,
      5,
      3,
      3
    ],
    "22": [
      3,
      5,
      7,
      6
    ],
    "23": [
      1,
      6,
      5,
      3
    ],
    "24": [
      4,
      6,
      6,
      5
    ],
    "25": [
      4,
      7,
      7,
      3
    ],
    "26": [
      2,
      4,
      4,
      4
    ],
    "27": [
      4,
      6,
      5,
      6
    ],
    "28": [
      2,
      5,
      5,
      4
    ],
    "29": [
      4,
      2,
      5,
      2
    ],
    "30": [
      2,
      4,
      4,
      4
    ],
    "31": [
      5,
      7,
      6,
      2
    ],
    "32": [
      3,
      4,
      4,
      3
    ]
  },
  "test_acc": {
    "0": 0.5013,
    "1": 0.5043,
    "2": 0.5266,
    "3": 0.543,
    "4": 0.5906,
    "5": 0.6384,
    "6": 0.6373,
    "7": 0.6651,
    "8": 0.6905,
    "9": 0.7005,
    "10": 0.7085,
    "11": 0.7291,
    "12": 0.7238,
    "13": 0.7174,
    "14": 0.7285,
    "15": 0.7241,
    "16": 0.7214,
    "17": 0.7026,
    "18": 0.7034,
    "19": 0.6386,
    "20": 0.6957,
    "21": 0.7079,
    "22": 0.7106,
    "23": 0.6964,
    "24": 0.7005,
    "25": 0.69,
    "26": 0.7039,
    "27": 0.6962,
    "28": 0.7017,
    "29": 0.6789,
    "30": 0.6925,
    "31": 0.6955,
    "32": 0.6813
  },
  "test_loss": {
    "0": 0.6931688642501831,
    "1": 0.693292648601532,
    "2": 0.6932453828811646,
    "3": 0.6896584056854248,
    "4": 0.6709390794754029,
    "5": 0.6428763076782227,
    "6": 0.6479450687408447,
    "7": 0.6197297050476074,
    "8": 0.6000342224121094,
    "9": 0.5849369562149048,
    "10": 0.5725418671607971,
    "11": 0.558312508392334,
    "12": 0.5634924248695373,
    "13": 0.5691669151306152,
    "14": 0.5602942763328552,
    "15": 0.5916514845371247,
    "16": 0.5714156614780426,
    "17": 0.6398729390621185,
    "18": 0.5792138792514802,
    "19": 0.6891690721511841,
    "20": 0.5905036618232727,
    "21": 0.5805718362808228,
    "22": 0.5697376249313354,
    "23": 0.5961095027923584,
    "24": 0.5957164294242859,
    "25": 0.595900495147705,
    "26": 0.5986043244361877,
    "27": 0.6006042491912842,
    "28": 0.6009587452411652,
    "29": 0.6381134099960327,
    "30": 0.6154794308185577,
    "31": 0.5958020832061768,
    "32": 0.6145517839431762
  },
  "drift_final_total_l2": {
    "0": 10.417719841003418,
    "1": 15.856547355651855,
    "2": 19.680038452148438,
    "3": 30.51337242126465,
    "4": 28.26679229736328,
    "5": 35.12086868286133,
    "6": 46.137001037597656,
    "7": 32.66959762573242,
    "8": 39.691505432128906,
    "9": 30.570158004760742,
    "10": 59.790428161621094,
    "11": 44.07740783691406,
    "12": 34.779075622558594,
    "13": 38.02763366699219,
    "14": 42.789451599121094,
    "15": 64.00655364990234,
    "16": 48.50305938720703,
    "17": 41.172325134277344,
    "18": 28.568429946899414,
    "19": 28.240938186645508,
    "20": 31.058456420898438,
    "21": 28.447399139404297,
    "22": 27.242965698242188,
    "23": 33.182621002197266,
    "24": 30.727266311645508,
    "25": 23.3719425201416,
    "26": 30.287343978881836,
    "27": 28.121458053588867,
    "28": 29.454174041748047,
    "29": 30.33567237854004,
    "30": 23.992544174194336,
    "31": 21.72659683227539,
    "32": 23.83881378173828
  },
  "probe_type": "mlp",
  "probe_hidden_size": [
    1024
  ],
  "init_strategy": "gamma_second_zero",
  "init_gamma": 1.2,