{
  "config": {
    "model_short": "llama",
    "task_name": "somo",
    "dataset": {
      "train": "cache/llama/somo_train/",
      "test": "cache/llama/somo_test/"
    },
    "mdl": {
      "batch_size": 64,
      "probe_type": "mlp",
      "probe_hidden_size": [
        256
      ],
      "num_classes": 2,
      "init_strategy": "gamma_second_zero",
      "init_gamma": 0.9,
      "optimizer": "adamw",
      "train_epochs": 10,
      "lr": 0.001,
      "seed": 42,
      "early_stopping_gap": 3,
      "split_num": 5,
      "split_ratio": 2.0
    },
    "out_dir": "init_results/llama/somo/hidden-256/seed-42/strategy-gamma_second_zero/gamma-0.9/opt-adamw/2026-04-25_03-08-56"
  },
  "train_meta": {
    "dataset": "compling/somo",
    "split": "train",
    "text_col": "text",
    "model": "meta-llama/Meta-Llama-3.1-8B",
    "max_len": 64,
    "hidden_size": 4096,
    "num_hidden_layers": 32,
    "num_states": 33,
    "memmap_file": "last_token_hidden_states.memmap",
    "dtype": "float32",
    "shape": [
      15000,
      33,
      4096
    ]
  },
  "test_meta": {
    "dataset": "compling/somo",
    "split": "test",
    "text_col": "text",
    "model": "meta-llama/Meta-Llama-3.1-8B",
    "max_len": 64,
    "hidden_size": 4096,
    "num_hidden_layers": 32,
    "num_states": 33,
    "memmap_file": "last_token_hidden_states.memmap",
    "dtype": "float32",
    "shape": [
      10000,
      33,
      4096
    ]
  },
  "splits": [
    484,
    968,
    1936,
    3872,
    7740
  ],
  "mdl_sum_ce": {
    "0": 10061.578766822815,
    "1": 10060.069898605347,
    "2": 10060.629997730255,
    "3": 10042.69445514679,
    "4": 9739.482127189636,
    "5": 9527.109423160553,
    "6": 9469.684927940369,
    "7": 9214.236631393433,
    "8": 8952.403972148895,
    "9": 8513.386469364166,
    "10": 8059.145065784454,
    "11": 8078.684115409851,
    "12": 8138.147783279419,
    "13": 8097.141863822937,
    "14": 8161.57056760788,
    "15": 8297.521308898926,
    "16": 8382.637685775757,
    "17": 8467.873287677765,
    "18": 8436.389304161072,
    "19": 8576.806462287903,
    "20": 8553.914268493652,
    "21": 8562.761366844177,
    "22": 8592.051831245422,
    "23": 8669.352049827576,
    "24": 8692.308414459229,
    "25": 8779.965695381165,
    "26": 8760.70946931839,
    "27": 8754.814845085144,
    "28": 8779.185453891754,
    "29": 8795.33294057846,
    "30": 8858.093365192413,
    "31": 8740.859411239624,
    "32": 8915.057391166687
  },
  "mdl_nll": {
    "0": 0.6931371429335089,
    "1": 0.6930331977545706,
    "2": 0.6930717827039306,
    "3": 0.6918362121208865,
    "4": 0.6709480660780957,
    "5": 0.6563178164205397,
    "6": 0.6523618715858617,
    "7": 0.6347641658441329,
    "8": 0.6167266445404309,
    "9": 0.5864829477379558,
    "10": 0.5551904840027869,
    "11": 0.5565365193861843,
    "12": 0.5606329418076205,
    "13": 0.5578080644683754,
    "14": 0.5622465257376605,
    "15": 0.5716121044984104,
    "16": 0.5774757292488121,
    "17": 0.5833475673517335,
    "18": 0.5811786514302199,
    "19": 0.5908519194191171,
    "20": 0.5892748876063414,
    "21": 0.5898843597991305,
    "22": 0.5919021652828205,
    "23": 0.5972273387866889,
    "24": 0.5988087912964473,
    "25": 0.604847457659215,
    "26": 0.6035209058499855,
    "27": 0.6031148281265599,
    "28": 0.6047937072121627,
    "29": 0.6059060995162897,
    "30": 0.6102296338655562,
    "31": 0.6021534452493541,
    "32": 0.6141538572035469
  },
  "stopping_epochs_per_stage": {
    "0": [
      3,
      1,
      2,
      3
    ],
    "1": [
      2,
      1,
      2,
      1
    ],
    "2": [
      4,
      1,
      2,
      1
    ],
    "3": [
      8,
      6,
      4,
      7
    ],
    "4": [
      10,
      9,
      6,
      8
    ],
    "5": [
      10,
      10,
      8,
      10
    ],
    "6": [
      10,
      9,
      8,
      7
    ],
    "7": [
      10,
      10,
      10,
      10
    ],
    "8": [
      9,
      8,
      5,
      8
    ],
    "9": [
      9,
      6,
      8,
      3
    ],
    "10": [
      9,
      5,
      6,
      6
    ],
    "11": [
      8,
      7,
      3,
      7
    ],
    "12": [
      10,
      6,
      6,
      5
    ],
    "13": [
      8,
      5,
      3,
      5
    ],
    "14": [
      8,
      5,
      5,
      5
    ],
    "15": [
      8,
      5,
      4,
      7
    ],
    "16": [
      6,
      5,
      5,
      3
    ],
    "17": [
      7,
      4,
      7,
      4
    ],
    "18": [
      7,
      7,
      7,
      7
    ],
    "19": [
      10,
      8,
      6,
      3
    ],
    "20": [
      4,
      5,
      10,
      5
    ],
    "21": [
      3,
      5,
      8,
      9
    ],
    "22": [
      1,
      7,
      5,
      6
    ],
    "23": [
      4,
      5,
      8,
      7
    ],
    "24": [
      4,
      7,
      8,
      6
    ],
    "25": [
      1,
      5,
      4,
      6
    ],
    "26": [
      2,
      7,
      3,
      5
    ],
    "27": [
      1,
      4,
      5,
      4
    ],
    "28": [
      2,
      8,
      4,
      4
    ],
    "29": [
      3,
      7,
      8,
      4
    ],
    "30": [
      1,
      5,
      3,
      4
    ],
    "31": [
      3,
      7,
      5,
      4
    ],
    "32": [
      2,
      6,
      3,
      4
    ]
  },
  "test_acc": {
    "0": 0.5013,
    "1": 0.4946,
    "2": 0.5013,
    "3": 0.5515,
    "4": 0.6082,
    "5": 0.6387,
    "6": 0.6491,
    "7": 0.5765,
    "8": 0.6869,
    "9": 0.7055,
    "10": 0.69,
    "11": 0.7221,
    "12": 0.7289,
    "13": 0.7203,
    "14": 0.7267,
    "15": 0.7006,
    "16": 0.6972,
    "17": 0.7227,
    "18": 0.7178,
    "19": 0.7163,
    "20": 0.6988,
    "21": 0.7174,
    "22": 0.7103,
    "23": 0.6961,
    "24": 0.6939,
    "25": 0.7014,
    "26": 0.7005,
    "27": 0.6889,
    "28": 0.699,
    "29": 0.6717,
    "30": 0.6986,
    "31": 0.6994,
    "32": 0.6759
  },
  "test_loss": {
    "0": 0.6932274213790893,
    "1": 0.6937516523361206,
    "2": 0.6932205972671509,
    "3": 0.685475841331482,
    "4": 0.6633854473114014,
    "5": 0.6479100029945374,
    "6": 0.6295068284034729,
    "7": 0.7170385698318481,
    "8": 0.5941691222190857,
    "9": 0.5835939497947693,
    "10": 0.5866789794921875,
    "11": 0.5688173254966736,
    "12": 0.5479467497825623,
    "13": 0.5549333418846131,
    "14": 0.5508288749694824,
    "15": 0.5791197406768799,
    "16": 0.6114237341403961,
    "17": 0.5594927597045899,
    "18": 0.5531816438198089,
    "19": 0.5684902775764465,
    "20": 0.5979710078239441,
    "21": 0.5642054920196533,
    "22": 0.5733496496200562,
    "23": 0.6019813371181488,
    "24": 0.5798576245307923,
    "25": 0.588707969379425,
    "26": 0.5810256712913513,
    "27": 0.5880667646408081,
    "28": 0.5839023283004761,
    "29": 0.6243631622314453,
    "30": 0.5908198105812072,
    "31": 0.58518473777771,
    "32": 0.5999632943153381
  },
  "drift_final_total_l2": {
    "0": 4.638937950134277,
    "1": 13.676324844360352,
    "2": 5.752422332763672,
    "3": 13.043130874633789,
    "4": 21.80975341796875,
    "5": 37.084388732910156,
    "6": 24.424318313598633,
    "7": 18.857892990112305,
    "8": 26.143016815185547,
    "9": 27.6632137298584,
    "10": 26.10444450378418,
    "11": 33.16355514526367,
    "12": 24.071720123291016,
    "13": 34.544952392578125,
    "14": 31.00118637084961,
    "15": 42.1204833984375,
    "16": 23.365022659301758,
    "17": 24.0087890625,
    "18": 24.42509651184082,
    "19": 23.77396583557129,
    "20": 28.66097068786621,
    "21": 23.84592628479004,
    "22": 22.953609466552734,
    "23": 18.168107986450195,
    "24": 12.968477249145508,
    "25": 18.763874053955078,
    "26": 14.556612968444824,
    "27": 14.409721374511719,
    "28": 14.24841022491455,
    "29": 18.494035720825195,
    "30": 19.805889129638672,
    "31": 13.410975456237793,
    "32": 19.94507598876953
  },
  "probe_type": "mlp",
  "probe_hidden_size": [
    256
  ],
  "init_strategy": "gamma_second_zero",
  "init_gamma": 0.9,