{
  "config": {
    "model_short": "llama",
    "task_name": "somo",
    "dataset": {
      "train": "cache/llama/somo_train/",
      "test": "cache/llama/somo_test/"
    },
    "mdl": {
      "batch_size": 64,
      "probe_type": "mlp",
      "probe_hidden_size": [
        32
      ],
      "num_classes": 2,
      "init_strategy": "mup",
      "init_gamma": null,
      "optimizer": "adam",
      "train_epochs": 20,
      "lr": 0.00048828125,
      "seed": 442,
      "early_stopping_gap": 3,
      "split_num": 5,
      "split_ratio": 2.0
    },
    "out_dir": "muP_results/llama/somo/hidden-32/seed-442/strategy-mup/opt-adam/2026-04-28_20-09-03"
  },
  "train_meta": {
    "dataset": "compling/somo",
    "split": "train",
    "text_col": "text",
    "model": "meta-llama/Meta-Llama-3.1-8B",
    "max_len": 64,
    "hidden_size": 4096,
    "num_hidden_layers": 32,
    "num_states": 33,
    "memmap_file": "last_token_hidden_states.memmap",
    "dtype": "float32",
    "shape": [
      15000,
      33,
      4096
    ]
  },
  "test_meta": {
    "dataset": "compling/somo",
    "split": "test",
    "text_col": "text",
    "model": "meta-llama/Meta-Llama-3.1-8B",
    "max_len": 64,
    "hidden_size": 4096,
    "num_hidden_layers": 32,
    "num_states": 33,
    "memmap_file": "last_token_hidden_states.memmap",
    "dtype": "float32",
    "shape": [
      10000,
      33,
      4096
    ]
  },
  "splits": [
    484,
    968,
    1936,
    3872,
    7740
  ],
  "mdl_sum_ce": {
    "0": 10060.970120429993,
    "1": 10060.49693107605,
    "2": 10060.459280967712,
    "3": 10030.926874160767,
    "4": 9835.519951343536,
    "5": 9574.279183387756,
    "6": 9517.388851165771,
    "7": 9290.073303222656,
    "8": 8997.637356758118,
    "9": 8637.486353874207,
    "10": 8149.718432426453,
    "11": 8111.930769920349,
    "12": 8138.294892311096,
    "13": 8127.993194580078,
    "14": 8162.126581668854,
    "15": 8243.867323875427,
    "16": 8324.075981616974,
    "17": 8398.631984710693,
    "18": 8475.49649810791,
    "19": 8537.616261959076,
    "20": 8520.706496238708,
    "21": 8557.52997303009,
    "22": 8556.655530452728,
    "23": 8619.162552833557,
    "24": 8675.754442214966,
    "25": 8722.112411022186,
    "26": 8723.681580543518,
    "27": 8670.185276031494,
    "28": 8673.517351150513,
    "29": 8717.856860637665,
    "30": 8743.527352333069,
    "31": 8667.779194831848,
    "32": 8837.801579475403
  },
  "mdl_nll": {
    "0": 0.6930952135870758,
    "1": 0.6930626158084906,
    "2": 0.6930600221113056,
    "3": 0.6910255493359581,
    "4": 0.6775640638842337,
    "5": 0.6595673176762026,
    "6": 0.6556481710640515,
    "7": 0.6399885163421505,
    "8": 0.6198427498455579,
    "9": 0.5950321268857954,
    "10": 0.5614300380563828,
    "11": 0.5588268648333115,
    "12": 0.5606430760754406,
    "13": 0.5599333972568254,
    "14": 0.5622848292690035,
    "15": 0.5679159082306026,
    "16": 0.5734414426575485,
    "17": 0.5785775685251235,
    "18": 0.583872726516114,
    "19": 0.588152126064968,
    "20": 0.5869872207384065,
    "21": 0.5895239716884879,
    "22": 0.5894637317754704,
    "23": 0.5937698093712839,
    "24": 0.597668396404999,
    "25": 0.6008619737546285,
    "26": 0.600970073060314,
    "27": 0.5972847393242969,
    "28": 0.5975142843173403,
    "29": 0.600568811011137,
    "30": 0.6023372383806193,
    "31": 0.5971189855905104,
    "32": 0.6088317428682422
  },
  "stopping_epochs_per_stage": {
    "0": [
      1,
      15,
      1,
      1
    ],
    "1": [
      1,
      2,
      4,
      1
    ],
    "2": [
      1,
      2,
      9,
      1
    ],
    "3": [
      1,
      1,
      9,
      19
    ],
    "4": [
      1,
      20,
      19,
      20
    ],
    "5": [
      1,
      20,
      20,
      20
    ],
    "6": [
      10,
      20,
      19,
      18
    ],
    "7": [
      20,
      20,
      20,
      19
    ],
    "8": [
      20,
      20,
      19,
      20
    ],
    "9": [
      20,
      20,
      20,
      17
    ],
    "10": [
      19,
      19,
      20,
      19
    ],
    "11": [
      19,
      20,
      20,
      19
    ],
    "12": [
      19,
      20,
      20,
      20
    ],
    "13": [
      20,
      20,
      19,
      18
    ],
    "14": [
      20,
      19,
      19,
      18
    ],
    "15": [
      19,
      18,
      19,
      20
    ],
    "16": [
      20,
      20,
      20,
      20
    ],
    "17": [
      19,
      18,
      20,
      18
    ],
    "18": [
      20,
      20,
      20,
      14
    ],
    "19": [
      19,
      20,
      15,
      15
    ],
    "20": [
      19,
      20,
      16,
      19
    ],
    "21": [
      20,
      19,
      20,
      20
    ],
    "22": [
      20,
      19,
      20,
      18
    ],
    "23": [
      19,
      20,
      19,
      17
    ],
    "24": [
      13,
      19,
      16,
      20
    ],
    "25": [
      16,
      20,
      18,
      10
    ],
    "26": [
      15,
      19,
      15,
      10
    ],
    "27": [
      15,
      20,
      20,
      15
    ],
    "28": [
      12,
      18,
      20,
      16
    ],
    "29": [
      18,
      10,
      20,
      11
    ],
    "30": [
      17,
      20,
      12,
      12
    ],
    "31": [
      10,
      10,
      11,
      10
    ],
    "32": [
      9,
      9,
      15,
      13
    ]
  },
  "test_acc": {
    "0": 0.4982,
    "1": 0.4997,
    "2": 0.5229,
    "3": 0.5514,
    "4": 0.6064,
    "5": 0.6385,
    "6": 0.6482,
    "7": 0.665,
    "8": 0.6783,
    "9": 0.7111,
    "10": 0.732,
    "11": 0.7321,
    "12": 0.7315,
    "13": 0.7326,
    "14": 0.7301,
    "15": 0.7265,
    "16": 0.728,
    "17": 0.7205,
    "18": 0.7254,
    "19": 0.7116,
    "20": 0.7238,
    "21": 0.718,
    "22": 0.7132,
    "23": 0.7181,
    "24": 0.7136,
    "25": 0.706,
    "26": 0.6949,
    "27": 0.7002,
    "28": 0.7024,
    "29": 0.6988,
    "30": 0.7025,
    "31": 0.6966,
    "32": 0.6964
  },
  "test_loss": {
    "0": 0.6933261790275573,
    "1": 0.6933931856155395,
    "2": 0.6918044012069702,
    "3": 0.685474179649353,
    "4": 0.6572603246688843,
    "5": 0.6338208415985107,
    "6": 0.6284056312561035,
    "7": 0.6145416508674622,
    "8": 0.5977232454299927,
    "9": 0.5681603165626525,
    "10": 0.5387622116088867,
    "11": 0.5374517717838287,
    "12": 0.5341802022457123,
    "13": 0.5317341834068299,
    "14": 0.5376271763324737,
    "15": 0.540703113079071,
    "16": 0.5450961992263794,
    "17": 0.554646347618103,
    "18": 0.5471909873485565,
    "19": 0.5599935246944427,
    "20": 0.5553275938987732,
    "21": 0.5568918743133545,
    "22": 0.5620215909004211,
    "23": 0.5618927125930786,
    "24": 0.5646085702896119,
    "25": 0.5726516538619996,
    "26": 0.5894073864936828,
    "27": 0.5801077403545379,
    "28": 0.5778306043624878,
    "29": 0.5820484552383423,
    "30": 0.5752476185798645,
    "31": 0.5874126243591309,
    "32": 0.5820452070236206
  },
  "drift_final_total_l2": {
    "0": 4.362025737762451,
    "1": 14.690317153930664,
    "2": 17.055330276489258,
    "3": 22.859535217285156,
    "4": 30.22687339782715,
    "5": 32.664676666259766,
    "6": 31.05672836303711,
    "7": 30.49869155883789,
    "8": 28.852561950683594,
    "9": 33.526161193847656,
    "10": 32.565391540527344,
    "11": 32.079620361328125,
    "12": 31.582353591918945,
    "13": 30.597309112548828,
    "14": 29.8391170501709,
    "15": 28.371265411376953,
    "16": 28.101648330688477,
    "17": 26.547216415405273,
    "18": 24.953033447265625,
    "19": 23.966453552246094,
    "20": 21.995384216308594,
    "21": 21.88782501220703,
    "22": 21.855113983154297,
    "23": 19.908935546875,
    "24": 21.407760620117188,
    "25": 19.13250160217285,
    "26": 18.297225952148438,
    "27": 20.046890258789062,
    "28": 19.80008888244629,
    "29": 16.14716911315918,
    "30": 17.928924560546875,
    "31": 15.619471549987793,
    "32": 13.872910499572754
  },
  "probe_type": "mlp",