{
  "config": {
    "model_short": "llama",
    "task_name": "somo",
    "dataset": {
      "train": "cache/llama/somo_train/",
      "test": "cache/llama/somo_test/"
    },
    "mdl": {
      "batch_size": 64,
      "probe_type": "mlp",
      "probe_hidden_size": [
        32
      ],
      "num_classes": 2,
      "init_strategy": "gamma",
      "init_gamma": 2.0,
      "optimizer": "adamw",
      "train_epochs": 10,
      "lr": 0.001,
      "seed": 142,
      "early_stopping_gap": 3,
      "split_num": 5,
      "split_ratio": 2.0
    },
    "out_dir": "init_results/llama/somo/hidden-32/seed-142/strategy-gamma/gamma-2.0/opt-adamw/2026-04-22_03-55-29"
  },
  "train_meta": {
    "dataset": "compling/somo",
    "split": "train",
    "text_col": "text",
    "model": "meta-llama/Meta-Llama-3.1-8B",
    "max_len": 64,
    "hidden_size": 4096,
    "num_hidden_layers": 32,
    "num_states": 33,
    "memmap_file": "last_token_hidden_states.memmap",
    "dtype": "float32",
    "shape": [
      15000,
      33,
      4096
    ]
  },
  "test_meta": {
    "dataset": "compling/somo",
    "split": "test",
    "text_col": "text",
    "model": "meta-llama/Meta-Llama-3.1-8B",
    "max_len": 64,
    "hidden_size": 4096,
    "num_hidden_layers": 32,
    "num_states": 33,
    "memmap_file": "last_token_hidden_states.memmap",
    "dtype": "float32",
    "shape": [
      10000,
      33,
      4096
    ]
  },
  "splits": [
    484,
    968,
    1936,
    3872,
    7740
  ],
  "mdl_sum_ce": {
    "0": 10060.463423728943,
    "1": 10060.347004890442,
    "2": 10060.355993270874,
    "3": 10020.186768054962,
    "4": 9704.502849578857,
    "5": 9505.579452991486,
    "6": 9638.203479290009,
    "7": 9299.627911567688,
    "8": 8829.43227481842,
    "9": 8644.665888786316,
    "10": 8045.119081020355,
    "11": 8032.399327278137,
    "12": 8084.366328716278,
    "13": 8270.648287296295,
    "14": 8174.523651123047,
    "15": 8348.72617816925,
    "16": 8376.773480892181,
    "17": 8496.84097480774,
    "18": 8548.00972700119,
    "19": 8766.981790542603,
    "20": 8582.558766841888,
    "21": 8613.763861656189,
    "22": 8904.36847114563,
    "23": 8788.713116168976,
    "24": 9115.391794204712,
    "25": 8835.86991405487,
    "26": 8810.51989364624,
    "27": 8819.935570716858,
    "28": 8876.657040119171,
    "29": 8971.407740592957,
    "30": 8865.364515304565,
    "31": 8867.844950675964,
    "32": 8925.86407995224
  },
  "mdl_nll": {
    "0": 0.6930603075040606,
    "1": 0.6930522874683412,
    "2": 0.6930529066733861,
    "3": 0.6902856687830643,
    "4": 0.6685383610897532,
    "5": 0.6548346275138802,
    "6": 0.6639710305380276,
    "7": 0.6406467285455834,
    "8": 0.6082551856446969,
    "9": 0.5955267214650259,
    "10": 0.554224240907988,
    "11": 0.5533479834167909,
    "12": 0.5569279642268034,
    "13": 0.5697608354433932,
    "14": 0.5631388572005406,
    "15": 0.575139582403503,
    "16": 0.5770717470992134,
    "17": 0.5853431368701942,
    "18": 0.5888681266878748,
    "19": 0.6039530029307387,
    "20": 0.5912481928108217,
    "21": 0.5933978962287262,
    "22": 0.6134175028345019,
    "23": 0.6054500631144238,
    "24": 0.6279547943100517,
    "25": 0.6086986714008591,
    "26": 0.6069523211384844,
    "27": 0.6076009624357163,
    "28": 0.6115084761724422,
    "29": 0.618035804670223,
    "30": 0.6107305397702236,
    "31": 0.6109014157258174,
    "32": 0.6148983246040397
  },
  "stopping_epochs_per_stage": {
    "0": [
      1,
      9,
      3,
      1
    ],
    "1": [
      4,
      9,
      1,
      1
    ],
    "2": [
      1,
      2,
      6,
      1
    ],
    "3": [
      10,
      1,
      9,
      7
    ],
    "4": [
      10,
      5,
      9,
      9
    ],
    "5": [
      10,
      10,
      10,
      10
    ],
    "6": [
      10,
      4,
      5,
      9
    ],
    "7": [
      10,
      10,
      8,
      5
    ],
    "8": [
      10,
      10,
      9,
      8
    ],
    "9": [
      10,
      10,
      10,
      9
    ],
    "10": [
      10,
      10,
      8,
      6
    ],
    "11": [
      10,
      8,
      9,
      9
    ],
    "12": [
      10,
      7,
      7,
      5
    ],
    "13": [
      10,
      8,
      10,
      10
    ],
    "14": [
      9,
      9,
      10,
      4
    ],
    "15": [
      10,
      9,
      8,
      9
    ],
    "16": [
      9,
      9,
      10,
      6
    ],
    "17": [
      10,
      10,
      4,
      8
    ],
    "18": [
      9,
      10,
      8,
      8
    ],
    "19": [
      10,
      6,
      10,
      4
    ],
    "20": [
      10,
      9,
      7,
      6
    ],
    "21": [
      1,
      9,
      7,
      6
    ],
    "22": [
      10,
      6,
      8,
      6
    ],
    "23": [
      9,
      8,
      9,
      8
    ],
    "24": [
      10,
      9,
      10,
      9
    ],
    "25": [
      2,
      10,
      7,
      7
    ],
    "26": [
      3,
      10,
      10,
      8
    ],
    "27": [
      4,
      9,
      4,
      4
    ],
    "28": [
      4,
      4,
      10,
      6
    ],
    "29": [
      8,
      4,
      6,
      7
    ],
    "30": [
      9,
      8,
      7,
      7
    ],
    "31": [
      9,
      10,
      6,
      7
    ],
    "32": [
      5,
      5,
      4,
      6
    ]
  },
  "test_acc": {
    "0": 0.5013,
    "1": 0.5013,
    "2": 0.515,
    "3": 0.5256,
    "4": 0.6006,
    "5": 0.6395,
    "6": 0.6454,
    "7": 0.6537,
    "8": 0.6943,
    "9": 0.7018,
    "10": 0.7189,
    "11": 0.7352,
    "12": 0.7061,
    "13": 0.7321,
    "14": 0.7341,
    "15": 0.7306,
    "16": 0.7231,
    "17": 0.7201,
    "18": 0.7203,
    "19": 0.7184,
    "20": 0.7231,
    "21": 0.7137,
    "22": 0.7131,
    "23": 0.7018,
    "24": 0.7074,
    "25": 0.7052,
    "26": 0.5013,
    "27": 0.6925,
    "28": 0.7029,
    "29": 0.6986,
    "30": 0.5013,
    "31": 0.6997,
    "32": 0.6785
  },
  "test_loss": {
    "0": 0.6931443967819214,
    "1": 0.6933322556495667,
    "2": 0.6926193130493165,
    "3": 0.6903781249046326,
    "4": 0.6646799605369568,
    "5": 0.635124625301361,
    "6": 0.6305293895721436,
    "7": 0.6205950394630432,
    "8": 0.5860232306480407,
    "9": 0.5760254379272461,
    "10": 0.5641034499168396,
    "11": 0.5387498476505279,
    "12": 0.5820930963516235,
    "13": 0.537493167257309,
    "14": 0.5369585643768311,
    "15": 0.5469366036891937,
    "16": 0.5474553705215454,
    "17": 0.5553627772808075,
    "18": 0.5523336487293243,
    "19": 0.5580237134933471,
    "20": 0.5594546352863312,
    "21": 0.5640244857788086,
    "22": 0.5700420418262482,
    "23": 0.5777618022918701,
    "24": 0.5696044454574585,
    "25": 0.5754477235794068,
    "26": 0.6932241658210755,
    "27": 0.606734261417389,
    "28": 0.5859393525123596,
    "29": 0.5761540548801423,
    "30": 0.6932354397773742,
    "31": 0.5750748299121856,
    "32": 0.5943922295570373
  },
  "drift_final_total_l2": {
    "0": 3.1449501514434814,
    "1": 2.82676362991333,
    "2": 7.544825077056885,
    "3": 6.195224761962891,
    "4": 14.114306449890137,
    "5": 18.618602752685547,
    "6": 10.917510032653809,
    "7": 8.397087097167969,
    "8": 13.759420394897461,
    "9": 9.932661056518555,
    "10": 17.674013137817383,
    "11": 13.81010627746582,
    "12": 17.728031158447266,
    "13": 15.567145347595215,
    "14": 16.588037490844727,
    "15": 16.823923110961914,
    "16": 17.729873657226562,
    "17": 13.586813926696777,
    "18": 10.304319381713867,
    "19": 13.067937850952148,
    "20": 10.443077087402344,
    "21": 12.665205001831055,
    "22": 14.699853897094727,
    "23": 10.656055450439453,
    "24": 9.821925163269043,
    "25": 12.86363697052002,
    "26": 2.497814655303955,
    "27": 13.228199005126953,
    "28": 9.574901580810547,
    "29": 7.148411750793457,
    "30": 1.9488035440444946,
    "31": 9.004712104797363,
    "32": 11.721535682678223
  },
  "probe_type": "mlp",
  "probe_hidden_size": [
    32
  ],
  "init_strategy": "gamma",
  "init_gamma": 2.0,