{
  "config": {
    "model_short": "llama",
    "task_name": "somo",
    "dataset": {
      "train": "cache/llama/somo_train/",
      "test": "cache/llama/somo_test/"
    },
    "mdl": {
      "batch_size": 64,
      "probe_type": "mlp",
      "probe_hidden_size": [
        2048
      ],
      "num_classes": 2,
      "init_strategy": "standard",
      "init_gamma": null,
      "optimizer": "adamw",
      "train_epochs": 10,
      "lr": 0.001,
      "seed": 342,
      "early_stopping_gap": 3,
      "split_num": 5,
      "split_ratio": 2.0
    },
    "out_dir": "init_results/llama/somo/hidden-2048/seed-342/strategy-standard/gamma-na/2026-04-21_01-02-04"
  },
  "train_meta": {
    "dataset": "compling/somo",
    "split": "train",
    "text_col": "text",
    "model": "meta-llama/Meta-Llama-3.1-8B",
    "max_len": 64,
    "hidden_size": 4096,
    "num_hidden_layers": 32,
    "num_states": 33,
    "memmap_file": "last_token_hidden_states.memmap",
    "dtype": "float32",
    "shape": [
      15000,
      33,
      4096
    ]
  },
  "test_meta": {
    "dataset": "compling/somo",
    "split": "test",
    "text_col": "text",
    "model": "meta-llama/Meta-Llama-3.1-8B",
    "max_len": 64,
    "hidden_size": 4096,
    "num_hidden_layers": 32,
    "num_states": 33,
    "memmap_file": "last_token_hidden_states.memmap",
    "dtype": "float32",
    "shape": [
      10000,
      33,
      4096
    ]
  },
  "splits": [
    484,
    968,
    1936,
    3872,
    7740
  ],
  "mdl_sum_ce": {
    "0": 10061.567511558533,
    "1": 10062.360510349274,
    "2": 10059.4765625,
    "3": 10016.642189502716,
    "4": 9745.472789764404,
    "5": 9513.781484603882,
    "6": 9447.661420822144,
    "7": 9325.034591674805,
    "8": 8984.734676361084,
    "9": 8502.696324825287,
    "10": 8133.338448762894,
    "11": 8174.090425491333,
    "12": 8143.862983703613,
    "13": 8115.342657089233,
    "14": 8300.88744878769,
    "15": 8309.329931735992,
    "16": 8451.940731525421,
    "17": 8467.472229480743,
    "18": 8631.796020507812,
    "19": 8604.53482913971,
    "20": 8627.024574756622,
    "21": 8748.726004123688,
    "22": 8695.417157173157,
    "23": 8768.103692054749,
    "24": 8876.689043998718,
    "25": 8902.393333435059,
    "26": 8891.086981773376,
    "27": 8810.717131614685,
    "28": 8834.489130496979,
    "29": 8829.401931285858,
    "30": 8966.949631690979,
    "31": 8759.315102100372,
    "32": 9108.325824737549
  },
  "mdl_nll": {
    "0": 0.6931363675639661,
    "1": 0.6931909968551442,
    "2": 0.6929923231262055,
    "3": 0.6900414845344941,
    "4": 0.6713607598349686,
    "5": 0.6553996613808131,
    "6": 0.6508446831649314,
    "7": 0.6423969820663271,
    "8": 0.6189538906283469,
    "9": 0.5857465090124888,
    "10": 0.5603016291514807,
    "11": 0.5631090125028474,
    "12": 0.5610266591143299,
    "13": 0.5590619080386631,
    "14": 0.5718439961964514,
    "15": 0.5724255946359873,
    "16": 0.5822499815049201,
    "17": 0.5833199386525726,
    "18": 0.5946401226582951,
    "19": 0.5927621127817381,
    "20": 0.5943114201403019,
    "21": 0.6026953709095955,
    "22": 0.5990229510314933,
    "23": 0.6040302901663508,
    "24": 0.6115106809037419,
    "25": 0.6132814365827404,
    "26": 0.6125025476559228,
    "27": 0.6069659087637562,
    "28": 0.6086035499102355,
    "29": 0.6082530952938728,
    "30": 0.617728687771492,
    "31": 0.6034248485877909,
    "32": 0.6274680231976818
  },
  "stopping_epochs_per_stage": {
    "0": [
      2,
      1,
      3,
      1
    ],
    "1": [
      3,
      1,
      4,
      3
    ],
    "2": [
      1,
      1,
      3,
      7
    ],
    "3": [
      2,
      1,
      5,
      5
    ],
    "4": [
      6,
      5,
      5,
      7
    ],
    "5": [
      6,
      5,
      6,
      6
    ],
    "6": [
      10,
      5,
      6,
      8
    ],
    "7": [
      2,
      5,
      4,
      5
    ],
    "8": [
      4,
      10,
      6,
      7
    ],
    "9": [
      7,
      5,
      3,
      4
    ],
    "10": [
      7,
      8,
      5,
      5
    ],
    "11": [
      8,
      6,
      5,
      2
    ],
    "12": [
      9,
      6,
      3,
      4
    ],
    "13": [
      7,
      5,
      4,
      4
    ],
    "14": [
      7,
      5,
      4,
      4
    ],
    "15": [
      4,
      6,
      5,
      4
    ],
    "16": [
      7,
      3,
      2,
      3
    ],
    "17": [
      3,
      4,
      3,
      6
    ],
    "18": [
      6,
      4,
      3,
      5
    ],
    "19": [
      5,
      5,
      3,
      5
    ],
    "20": [
      6,
      4,
      5,
      5
    ],
    "21": [
      4,
      7,
      2,
      5
    ],
    "22": [
      4,
      9,
      4,
      6
    ],
    "23": [
      2,
      3,
      6,
      5
    ],
    "24": [
      5,
      5,
      2,
      5
    ],
    "25": [
      7,
      5,
      4,
      2
    ],
    "26": [
      7,
      5,
      2,
      5
    ],
    "27": [
      7,
      5,
      3,
      5
    ],
    "28": [
      7,
      5,
      3,
      4
    ],
    "29": [
      2,
      7,
      3,
      4
    ],
    "30": [
      2,
      3,
      5,
      5
    ],
    "31": [
      3,
      4,
      5,
      5
    ],
    "32": [
      8,
      4,
      6,
      4
    ]
  },
  "test_acc": {
    "0": 0.5013,
    "1": 0.5005,
    "2": 0.5204,
    "3": 0.5495,
    "4": 0.6021,
    "5": 0.6278,
    "6": 0.6427,
    "7": 0.6587,
    "8": 0.6854,
    "9": 0.7004,
    "10": 0.7239,
    "11": 0.7208,
    "12": 0.7271,
    "13": 0.7204,
    "14": 0.7295,
    "15": 0.7223,
    "16": 0.7135,
    "17": 0.7209,
    "18": 0.7203,
    "19": 0.7062,
    "20": 0.6953,
    "21": 0.7014,
    "22": 0.7108,
    "23": 0.6854,
    "24": 0.7015,
    "25": 0.6973,
    "26": 0.7089,
    "27": 0.6825,
    "28": 0.6991,
    "29": 0.695,
    "30": 0.6964,
    "31": 0.6822,
    "32": 0.6724
  },
  "test_loss": {
    "0": 0.6934506492614746,
    "1": 0.6937162020683288,
    "2": 0.6931881000518799,
    "3": 0.6863320224761963,
    "4": 0.6625977508544922,
    "5": 0.6504442777633667,
    "6": 0.6424392725944519,
    "7": 0.636381430053711,
    "8": 0.6017178621292114,
    "9": 0.604767303276062,
    "10": 0.5801441191196441,
    "11": 0.5764066464424134,
    "12": 0.5721202946662903,
    "13": 0.5830178857803344,
    "14": 0.577126739025116,
    "15": 0.5832716330528259,
    "16": 0.5673427603721619,
    "17": 0.5725837217330932,
    "18": 0.5889826906204224,
    "19": 0.5812326788902282,
    "20": 0.6082024726390839,
    "21": 0.609810767698288,
    "22": 0.581752714061737,
    "23": 0.6165995173454285,
    "24": 0.611428927898407,
    "25": 0.598915655708313,
    "26": 0.5947294569969177,
    "27": 0.6059081359863281,
    "28": 0.5828718757629394,
    "29": 0.613075687122345,
    "30": 0.6042871455669403,
    "31": 0.6079840793609619,
    "32": 0.6162777283668518
  },
  "drift_final_total_l2": {
    "0": 13.452932357788086,
    "1": 28.117961883544922,
    "2": 33.57208251953125,
    "3": 39.29252243041992,
    "4": 41.154083251953125,
    "5": 47.84777069091797,
    "6": 48.021488189697266,
    "7": 50.903350830078125,
    "8": 60.29145431518555,
    "9": 63.1181755065918,
    "10": 66.88275909423828,
    "11": 54.35408020019531,
    "12": 57.608795166015625,
    "13": 59.852081298828125,
    "14": 60.73369598388672,
    "15": 57.44085693359375,
    "16": 41.17236328125,
    "17": 49.00896072387695,
    "18": 46.72171401977539,
    "19": 44.50376510620117,
    "20": 45.05820846557617,
    "21": 46.586185455322266,
    "22": 44.95302200317383,
    "23": 39.734642028808594,
    "24": 39.58971405029297,
    "25": 29.48387908935547,
    "26": 37.770172119140625,
    "27": 30.970726013183594,
    "28": 35.58991622924805,
    "29": 41.40870666503906,
    "30": 33.90266799926758,
    "31": 31.826305389404297,
    "32": 31.174293518066406
  },
  "probe_type": "mlp",
  "probe_hidden_size": [
    2048
  ],
  "init_strategy": "standard",
  "init_gamma": null,
  "effective_lr": 0.001,