{
  "config": {
    "model_short": "llama",
    "task_name": "somo",
    "dataset": {
      "train": "cache/llama/somo_train/",
      "test": "cache/llama/somo_test/"
    },
    "mdl": {
      "batch_size": 64,
      "probe_type": "mlp",
      "probe_hidden_size": [
        256
      ],
      "num_classes": 2,
      "init_strategy": "gamma_second_zero",
      "init_gamma": 0.7,
      "optimizer": "adamw",
      "train_epochs": 10,
      "lr": 0.001,
      "seed": 442,
      "early_stopping_gap": 3,
      "split_num": 5,
      "split_ratio": 2.0
    },
    "out_dir": "init_results/llama/somo/hidden-256/seed-442/strategy-gamma_second_zero/gamma-0.7/2026-04-21_02-17-18"
  },
  "train_meta": {
    "dataset": "compling/somo",
    "split": "train",
    "text_col": "text",
    "model": "meta-llama/Meta-Llama-3.1-8B",
    "max_len": 64,
    "hidden_size": 4096,
    "num_hidden_layers": 32,
    "num_states": 33,
    "memmap_file": "last_token_hidden_states.memmap",
    "dtype": "float32",
    "shape": [
      15000,
      33,
      4096
    ]
  },
  "test_meta": {
    "dataset": "compling/somo",
    "split": "test",
    "text_col": "text",
    "model": "meta-llama/Meta-Llama-3.1-8B",
    "max_len": 64,
    "hidden_size": 4096,
    "num_hidden_layers": 32,
    "num_states": 33,
    "memmap_file": "last_token_hidden_states.memmap",
    "dtype": "float32",
    "shape": [
      10000,
      33,
      4096
    ]
  },
  "splits": [
    484,
    968,
    1936,
    3872,
    7740
  ],
  "mdl_sum_ce": {
    "0": 10060.720368385315,
    "1": 10060.711508274078,
    "2": 10059.945012569427,
    "3": 10038.75184392929,
    "4": 9748.482003211975,
    "5": 9498.938971996307,
    "6": 9549.967761039734,
    "7": 9220.578391075134,
    "8": 8946.951726436615,
    "9": 8518.556296348572,
    "10": 8151.379459857941,
    "11": 8096.464603900909,
    "12": 8133.3810176849365,
    "13": 8176.8572607040405,
    "14": 8195.162138462067,
    "15": 8290.044171571732,
    "16": 8331.003715515137,
    "17": 8406.271796703339,
    "18": 8466.923503875732,
    "19": 8542.812726020813,
    "20": 8699.041903495789,
    "21": 8618.548658370972,
    "22": 8648.49503993988,
    "23": 8765.059336185455,
    "24": 8741.229769706726,
    "25": 8760.1155834198,
    "26": 8791.508557319641,
    "27": 8800.326282978058,
    "28": 8823.934279441833,
    "29": 8849.2426943779,
    "30": 8885.352986812592,
    "31": 8710.541414260864,
    "32": 9020.476326465607
  },
  "mdl_nll": {
    "0": 0.6930780082932843,
    "1": 0.6930773979246403,
    "2": 0.6930245944178443,
    "3": 0.6915646076005298,
    "4": 0.6715680630484965,
    "5": 0.6543771680901287,
    "6": 0.657892515916212,
    "7": 0.6352010465055893,
    "8": 0.616351042052674,
    "9": 0.5868390945404086,
    "10": 0.561544465407684,
    "11": 0.5577614083701371,
    "12": 0.5603045617032886,
    "13": 0.5632996184006641,
    "14": 0.5645606322996739,
    "15": 0.571097008237237,
    "16": 0.5739186907905165,
    "17": 0.5791038713628643,
    "18": 0.5832821372193258,
    "19": 0.5885101078823928,
    "20": 0.599272657997781,
    "21": 0.5937275184879424,
    "22": 0.5957905097781676,
    "23": 0.6038205660089181,
    "24": 0.6021789590594328,
    "25": 0.6034799933466382,
    "26": 0.6056426396610389,
    "27": 0.6062500883837185,
    "28": 0.607876431485384,
    "29": 0.6096199155675047,
    "30": 0.6121075356029617,
    "31": 0.6000648535588912,
    "32": 0.6214161150775425
  },
  "stopping_epochs_per_stage": {
    "0": [
      1,
      1,
      2,
      1
    ],
    "1": [
      1,
      4,
      5,
      1
    ],
    "2": [
      1,
      1,
      5,
      3
    ],
    "3": [
      1,
      2,
      10,
      6
    ],
    "4": [
      1,
      10,
      10,
      10
    ],
    "5": [
      1,
      10,
      8,
      4
    ],
    "6": [
      1,
      10,
      8,
      5
    ],
    "7": [
      1,
      10,
      8,
      8
    ],
    "8": [
      10,
      10,
      9,
      6
    ],
    "9": [
      8,
      7,
      7,
      4
    ],
    "10": [
      9,
      5,
      4,
      6
    ],
    "11": [
      10,
      7,
      5,
      5
    ],
    "12": [
      6,
      7,
      5,
      4
    ],
    "13": [
      7,
      4,
      4,
      2
    ],
    "14": [
      8,
      5,
      6,
      4
    ],
    "15": [
      9,
      7,
      6,
      3
    ],
    "16": [
      6,
      6,
      8,
      4
    ],
    "17": [
      6,
      3,
      7,
      7
    ],
    "18": [
      8,
      5,
      6,
      6
    ],
    "19": [
      9,
      7,
      8,
      7
    ],
    "20": [
      5,
      7,
      4,
      2
    ],
    "21": [
      6,
      4,
      8,
      8
    ],
    "22": [
      3,
      5,
      5,
      4
    ],
    "23": [
      2,
      7,
      4,
      5
    ],
    "24": [
      3,
      6,
      8,
      6
    ],
    "25": [
      4,
      7,
      4,
      5
    ],
    "26": [
      2,
      6,
      5,
      7
    ],
    "27": [
      5,
      5,
      5,
      5
    ],
    "28": [
      2,
      5,
      5,
      3
    ],
    "29": [
      6,
      3,
      5,
      3
    ],
    "30": [
      1,
      7,
      3,
      3
    ],
    "31": [
      4,
      2,
      7,
      4
    ],
    "32": [
      4,
      4,
      7,
      7
    ]
  },
  "test_acc": {
    "0": 0.5013,
    "1": 0.4999,
    "2": 0.526,
    "3": 0.5395,
    "4": 0.6032,
    "5": 0.642,
    "6": 0.649,
    "7": 0.6517,
    "8": 0.6887,
    "9": 0.7057,
    "10": 0.7136,
    "11": 0.7246,
    "12": 0.7178,
    "13": 0.7158,
    "14": 0.7286,
    "15": 0.7319,
    "16": 0.7321,
    "17": 0.7255,
    "18": 0.7091,
    "19": 0.7159,
    "20": 0.7174,
    "21": 0.7105,
    "22": 0.7024,
    "23": 0.7094,
    "24": 0.7038,
    "25": 0.664,
    "26": 0.7091,
    "27": 0.6981,
    "28": 0.6908,
    "29": 0.6778,
    "30": 0.6837,
    "31": 0.6952,
    "32": 0.6921
  },
  "test_loss": {
    "0": 0.6931541041374206,
    "1": 0.6935783505439759,
    "2": 0.692055506515503,
    "3": 0.6905505922317505,
    "4": 0.6687253475189209,
    "5": 0.6385390083312988,
    "6": 0.6272286116600037,
    "7": 0.6263472513198852,
    "8": 0.6000812505722046,
    "9": 0.5833857136726379,
    "10": 0.5748131814956665,
    "11": 0.5583179879665374,
    "12": 0.5853972695827484,
    "13": 0.5869649687290192,
    "14": 0.5603911023139954,
    "15": 0.5605666645050049,
    "16": 0.5489330008983612,
    "17": 0.5527096247196197,
    "18": 0.5711064261436463,
    "19": 0.5668095070362091,
    "20": 0.5580963714122772,
    "21": 0.5634594082832336,
    "22": 0.5961511159896851,
    "23": 0.5680223356246948,
    "24": 0.5885471578598023,
    "25": 0.6469479981422425,
    "26": 0.5740328758716583,
    "27": 0.5825872908592225,
    "28": 0.612323098373413,
    "29": 0.6237113302707672,
    "30": 0.6029517189025879,
    "31": 0.5953581404685974,
    "32": 0.5878858515739441
  },
  "drift_final_total_l2": {
    "0": 5.205603122711182,
    "1": 11.720829010009766,
    "2": 15.558616638183594,
    "3": 18.875253677368164,
    "4": 27.39959716796875,
    "5": 23.72616195678711,
    "6": 22.45538902282715,
    "7": 18.893047332763672,
    "8": 35.30215835571289,
    "9": 30.104116439819336,
    "10": 34.995296478271484,
    "11": 42.13560104370117,
    "12": 40.353553771972656,
    "13": 42.575599670410156,
    "14": 38.288028717041016,
    "15": 36.5539436340332,
    "16": 22.787874221801758,
    "17": 21.072093963623047,
    "18": 20.87122344970703,
    "19": 21.472557067871094,
    "20": 26.594058990478516,
    "21": 20.262065887451172,
    "22": 26.282827377319336,
    "23": 23.777915954589844,
    "24": 19.15643310546875,
    "25": 23.027883529663086,
    "26": 23.955278396606445,
    "27": 23.691394805908203,
    "28": 22.634538650512695,
    "29": 15.751364707946777,
    "30": 21.12693977355957,
    "31": 16.793485641479492,
    "32": 18.439311981201172
  },
  "probe_type": "mlp",
  "probe_hidden_size": [
    256
  ],
  "init_strategy": "gamma_second_zero",
  "init_gamma": 0.7,