{
  "config": {
    "model_short": "llama",
    "task_name": "somo",
    "dataset": {
      "train": "cache/llama/somo_train/",
      "test": "cache/llama/somo_test/"
    },
    "mdl": {
      "batch_size": 64,
      "probe_type": "mlp",
      "probe_hidden_size": [
        4
      ],
      "num_classes": 2,
      "init_strategy": "mf",
      "init_gamma": null,
      "optimizer": "adamw",
      "train_epochs": 10,
      "lr": 0.001,
      "seed": 442,
      "early_stopping_gap": 3,
      "split_num": 5,
      "split_ratio": 2.0
    },
    "out_dir": "init_results/llama/somo/hidden-4/seed-442/strategy-mf/gamma-na/2026-04-20_22-27-50"
  },
  "train_meta": {
    "dataset": "compling/somo",
    "split": "train",
    "text_col": "text",
    "model": "meta-llama/Meta-Llama-3.1-8B",
    "max_len": 64,
    "hidden_size": 4096,
    "num_hidden_layers": 32,
    "num_states": 33,
    "memmap_file": "last_token_hidden_states.memmap",
    "dtype": "float32",
    "shape": [
      15000,
      33,
      4096
    ]
  },
  "test_meta": {
    "dataset": "compling/somo",
    "split": "test",
    "text_col": "text",
    "model": "meta-llama/Meta-Llama-3.1-8B",
    "max_len": 64,
    "hidden_size": 4096,
    "num_hidden_layers": 32,
    "num_states": 33,
    "memmap_file": "last_token_hidden_states.memmap",
    "dtype": "float32",
    "shape": [
      10000,
      33,
      4096
    ]
  },
  "splits": [
    484,
    968,
    1936,
    3872,
    7740
  ],
  "mdl_sum_ce": {
    "0": 10063.180907726288,
    "1": 10061.113354206085,
    "2": 10061.895367145538,
    "3": 10059.824444770813,
    "4": 9951.17063999176,
    "5": 9501.39331150055,
    "6": 9849.397065639496,
    "7": 9423.747019767761,
    "8": 9049.489334583282,
    "9": 9238.412259101868,
    "10": 8157.372011184692,
    "11": 8350.300237417221,
    "12": 8846.008383750916,
    "13": 9227.03482580185,
    "14": 8547.347370147705,
    "15": 8811.031910419464,
    "16": 8631.956197738647,
    "17": 8603.271760463715,
    "18": 8499.784290790558,
    "19": 10048.595255374908,
    "20": 10061.348581314087,
    "21": 9678.583358764648,
    "22": 8793.831485748291,
    "23": 9586.004086017609,
    "24": 9015.973744392395,
    "25": 9693.556519508362,
    "26": 10060.711220741272,
    "27": 10042.632004737854,
    "28": 9283.329668998718,
    "29": 10060.998953819275,
    "30": 9351.307337284088,
    "31": 9226.641557693481,
    "32": 10060.845296859741
  },
  "mdl_nll": {
    "0": 0.6932475136212654,
    "1": 0.6931050808904715,
    "2": 0.6931589533718338,
    "3": 0.6930162885623321,
    "4": 0.6855311821432737,
    "5": 0.6545462463144496,
    "6": 0.678520051366733,
    "7": 0.6491972320038414,
    "8": 0.6234148067362416,
    "9": 0.6364296127791311,
    "10": 0.5619572892797391,
    "11": 0.575248018560018,
    "12": 0.6093971055215566,
    "13": 0.6356458270737014,
    "14": 0.5888224972545952,
    "15": 0.6069875937186183,
    "16": 0.5946511571878373,
    "17": 0.5926751006106169,
    "18": 0.5855459004402424,
    "19": 0.6922427153055186,
    "20": 0.69312128556862,
    "21": 0.6667527802951673,
    "22": 0.6058026650419048,
    "23": 0.6603750403704608,
    "24": 0.6211059344442267,
    "25": 0.6677842738707882,
    "26": 0.6930773781166487,
    "27": 0.6918319099433627,
    "28": 0.6395239507439183,
    "29": 0.6930971999048825,
    "30": 0.6442068984075564,
    "31": 0.6356187350298623,
    "32": 0.6930866145535782
  },
  "stopping_epochs_per_stage": {
    "0": [
      2,
      3,
      1,
      1
    ],
    "1": [
      1,
      10,
      7,
      3
    ],
    "2": [
      1,
      2,
      1,
      1
    ],
    "3": [
      1,
      4,
      9,
      1
    ],
    "4": [
      1,
      7,
      8,
      2
    ],
    "5": [
      1,
      5,
      9,
      9
    ],
    "6": [
      10,
      1,
      10,
      3
    ],
    "7": [
      1,
      2,
      10,
      9
    ],
    "8": [
      2,
      8,
      10,
      10
    ],
    "9": [
      1,
      10,
      1,
      10
    ],
    "10": [
      9,
      10,
      6,
      10
    ],
    "11": [
      8,
      10,
      5,
      7
    ],
    "12": [
      10,
      10,
      2,
      8
    ],
    "13": [
      9,
      7,
      5,
      5
    ],
    "14": [
      1,
      10,
      10,
      10
    ],
    "15": [
      1,
      10,
      1,
      9
    ],
    "16": [
      1,
      9,
      8,
      8
    ],
    "17": [
      1,
      1,
      5,
      9
    ],
    "18": [
      9,
      10,
      10,
      9
    ],
    "19": [
      10,
      3,
      1,
      7
    ],
    "20": [
      2,
      5,
      1,
      2
    ],
    "21": [
      1,
      2,
      3,
      3
    ],
    "22": [
      2,
      10,
      10,
      9
    ],
    "23": [
      1,
      10,
      8,
      1
    ],
    "24": [
      2,
      6,
      6,
      7
    ],
    "25": [
      2,
      8,
      9,
      7
    ],
    "26": [
      1,
      2,
      1,
      5
    ],
    "27": [
      5,
      6,
      1,
      4
    ],
    "28": [
      2,
      4,
      2,
      6
    ],
    "29": [
      1,
      5,
      5,
      3
    ],
    "30": [
      3,
      2,
      1,
      7
    ],
    "31": [
      1,
      2,
      1,
      10
    ],
    "32": [
      1,
      10,
      1,
      4
    ]
  },
  "test_acc": {
    "0": 0.5013,
    "1": 0.5013,
    "2": 0.5013,
    "3": 0.5488,
    "4": 0.5013,
    "5": 0.5013,
    "6": 0.5013,
    "7": 0.6259,
    "8": 0.6931,
    "9": 0.7093,
    "10": 0.7281,
    "11": 0.7337,
    "12": 0.7061,
    "13": 0.7324,
    "14": 0.7288,
    "15": 0.7167,
    "16": 0.5013,
    "17": 0.5013,
    "18": 0.5013,
    "19": 0.723,
    "20": 0.6838,
    "21": 0.7158,
    "22": 0.6943,
    "23": 0.5013,
    "24": 0.5013,
    "25": 0.5013,
    "26": 0.5013,
    "27": 0.6988,
    "28": 0.6919,
    "29": 0.5013,
    "30": 0.5013,
    "31": 0.6983,
    "32": 0.6712
  },
  "test_loss": {
    "0": 0.6931582137107849,
    "1": 0.6931512178421021,
    "2": 0.6932716539382935,
    "3": 0.687241802406311,
    "4": 0.6932054832458496,
    "5": 0.693164458656311,
    "6": 0.6931725539207458,
    "7": 0.6502890644073487,
    "8": 0.5877267648696899,
    "9": 0.5733625814437866,
    "10": 0.5415878249168395,
    "11": 0.542928662109375,
    "12": 0.576997474193573,
    "13": 0.5380648213386535,
    "14": 0.5438659212112427,
    "15": 0.5569823847293853,
    "16": 0.6931440237998963,
    "17": 0.6931559398651123,
    "18": 0.693169676399231,
    "19": 0.5557454436779022,
    "20": 0.6110381795883179,
    "21": 0.5614512419223785,
    "22": 0.5790703120708466,
    "23": 0.6931449791908264,
    "24": 0.693147003364563,
    "25": 0.6931531694412232,
    "26": 0.6931600916862488,
    "27": 0.5906939484596252,
    "28": 0.5908251063346863,
    "29": 0.6931511985778809,
    "30": 0.693148244857788,
    "31": 0.5829402541160583,
    "32": 0.6183389392852783
  },
  "drift_final_total_l2": {
    "0": 2.7142443656921387,
    "1": 3.4242658615112305,
    "2": 2.695617437362671,
    "3": 22.12218475341797,
    "4": 2.993173122406006,
    "5": 2.9574966430664062,
    "6": 2.92004656791687,
    "7": 16.44906234741211,
    "8": 22.64423942565918,
    "9": 21.265567779541016,
    "10": 24.340559005737305,
    "11": 24.143348693847656,
    "12": 28.800506591796875,
    "13": 22.555593490600586,
    "14": 17.766334533691406,
    "15": 17.50942039489746,
    "16": 2.749044179916382,
    "17": 2.934173107147217,
    "18": 5.301057815551758,
    "19": 16.57378387451172,
    "20": 18.561450958251953,
    "21": 18.84788703918457,
    "22": 15.40738296508789,
    "23": 2.9021217823028564,
    "24": 3.222904682159424,
    "25": 2.9809532165527344,
    "26": 2.8110151290893555,
    "27": 18.693735122680664,
    "28": 16.054101943969727,
    "29": 2.9176506996154785,
    "30": 2.7397208213806152,
    "31": 14.45635986328125,
    "32": 17.73417854309082
  },
  "probe_type": "mlp",
  "probe_hidden_size": [
    4
  ],
  "init_strategy": "mf",
  "init_gamma": null,
  "effective_lr": 0.004,