{
  "config": {
    "model_short": "llama",
    "task_name": "somo",
    "dataset": {
      "train": "cache/llama/somo_train/",
      "test": "cache/llama/somo_test/"
    },
    "mdl": {
      "batch_size": 64,
      "probe_type": "mlp",
      "probe_hidden_size": [
        1024
      ],
      "num_classes": 2,
      "init_strategy": "gamma_second_zero",
      "init_gamma": 0.3,
      "optimizer": "adamw",
      "train_epochs": 10,
      "lr": 0.001,
      "seed": 242,
      "early_stopping_gap": 3,
      "split_num": 5,
      "split_ratio": 2.0
    },
    "out_dir": "init_results/llama/somo/hidden-1024/seed-242/strategy-gamma_second_zero/gamma-0.3/2026-04-21_00-29-13"
  },
  "train_meta": {
    "dataset": "compling/somo",
    "split": "train",
    "text_col": "text",
    "model": "meta-llama/Meta-Llama-3.1-8B",
    "max_len": 64,
    "hidden_size": 4096,
    "num_hidden_layers": 32,
    "num_states": 33,
    "memmap_file": "last_token_hidden_states.memmap",
    "dtype": "float32",
    "shape": [
      15000,
      33,
      4096
    ]
  },
  "test_meta": {
    "dataset": "compling/somo",
    "split": "test",
    "text_col": "text",
    "model": "meta-llama/Meta-Llama-3.1-8B",
    "max_len": 64,
    "hidden_size": 4096,
    "num_hidden_layers": 32,
    "num_states": 33,
    "memmap_file": "last_token_hidden_states.memmap",
    "dtype": "float32",
    "shape": [
      10000,
      33,
      4096
    ]
  },
  "splits": [
    484,
    968,
    1936,
    3872,
    7740
  ],
  "mdl_sum_ce": {
    "0": 10060.770091056824,
    "1": 10063.834415435791,
    "2": 10062.586259365082,
    "3": 10040.96868133545,
    "4": 9777.783339500427,
    "5": 9593.868945598602,
    "6": 9587.489800453186,
    "7": 9406.493731021881,
    "8": 9055.735326051712,
    "9": 8658.80419588089,
    "10": 8269.145052909851,
    "11": 8205.233855724335,
    "12": 8182.849295139313,
    "13": 8244.982306480408,
    "14": 8341.348268032074,
    "15": 8498.308367013931,
    "16": 8515.757274389267,
    "17": 8663.594388008118,
    "18": 8617.0652551651,
    "19": 8674.482130527496,
    "20": 8834.617925167084,
    "21": 8772.739782333374,
    "22": 8896.330186367035,
    "23": 8854.908105373383,
    "24": 8875.062123775482,
    "25": 8956.570679664612,
    "26": 9071.022960662842,
    "27": 8997.94227695465,
    "28": 8964.114427089691,
    "29": 9166.166278362274,
    "30": 9073.861639499664,
    "31": 8940.10123205185,
    "32": 9209.562059402466
  },
  "mdl_nll": {
    "0": 0.6930814336633249,
    "1": 0.6932925334414295,
    "2": 0.6932065485922487,
    "3": 0.6917173244237703,
    "4": 0.6735866174910738,
    "5": 0.6609168466243182,
    "6": 0.6604773904969128,
    "7": 0.6480086615473878,
    "8": 0.623845089973251,
    "9": 0.5965007023891492,
    "10": 0.5696572783762642,
    "11": 0.565254467878502,
    "12": 0.563712406664323,
    "13": 0.567992718826151,
    "14": 0.5746313218539594,
    "15": 0.5854442247874022,
    "16": 0.5866462713136723,
    "17": 0.5968306963356378,
    "18": 0.5936253275809521,
    "19": 0.5975807474874274,
    "20": 0.6086124225108214,
    "21": 0.604349668113349,
    "22": 0.6128637494052793,
    "23": 0.6100102029053033,
    "24": 0.6113986031810059,
    "25": 0.6170136869430016,
    "26": 0.6248982474967513,
    "27": 0.619863755645815,
    "28": 0.617533371940596,
    "29": 0.6314526231993851,
    "30": 0.6250938026660006,
    "31": 0.6158791149112599,
    "32": 0.6344421369111646
  },
  "stopping_epochs_per_stage": {
    "0": [
      2,
      2,
      2,
      5
    ],
    "1": [
      2,
      1,
      2,
      2
    ],
    "2": [
      2,
      1,
      1,
      5
    ],
    "3": [
      2,
      1,
      1,
      4
    ],
    "4": [
      3,
      2,
      4,
      4
    ],
    "5": [
      4,
      4,
      4,
      2
    ],
    "6": [
      3,
      5,
      5,
      3
    ],
    "7": [
      4,
      4,
      3,
      3
    ],
    "8": [
      5,
      7,
      4,
      3
    ],
    "9": [
      8,
      3,
      5,
      3
    ],
    "10": [
      5,
      4,
      3,
      2
    ],
    "11": [
      4,
      3,
      2,
      4
    ],
    "12": [
      6,
      4,
      4,
      5
    ],
    "13": [
      4,
      5,
      3,
      3
    ],
    "14": [
      4,
      2,
      2,
      5
    ],
    "15": [
      4,
      3,
      3,
      5
    ],
    "16": [
      5,
      1,
      5,
      3
    ],
    "17": [
      2,
      5,
      3,
      2
    ],
    "18": [
      3,
      5,
      4,
      4
    ],
    "19": [
      3,
      2,
      4,
      5
    ],
    "20": [
      4,
      4,
      4,
      3
    ],
    "21": [
      3,
      4,
      5,
      2
    ],
    "22": [
      2,
      2,
      5,
      2
    ],
    "23": [
      3,
      4,
      4,
      3
    ],
    "24": [
      2,
      6,
      4,
      3
    ],
    "25": [
      2,
      4,
      5,
      3
    ],
    "26": [
      3,
      3,
      5,
      3
    ],
    "27": [
      3,
      3,
      4,
      5
    ],
    "28": [
      4,
      5,
      3,
      3
    ],
    "29": [
      2,
      4,
      3,
      5
    ],
    "30": [
      3,
      3,
      2,
      2
    ],
    "31": [
      5,
      3,
      5,
      4
    ],
    "32": [
      2,
      2,
      3,
      2
    ]
  },
  "test_acc": {
    "0": 0.5013,
    "1": 0.5013,
    "2": 0.529,
    "3": 0.5432,
    "4": 0.6062,
    "5": 0.6301,
    "6": 0.6522,
    "7": 0.6348,
    "8": 0.6687,
    "9": 0.6651,
    "10": 0.7159,
    "11": 0.7273,
    "12": 0.7151,
    "13": 0.7253,
    "14": 0.7226,
    "15": 0.6982,
    "16": 0.6781,
    "17": 0.7158,
    "18": 0.7115,
    "19": 0.7185,
    "20": 0.7109,
    "21": 0.692,
    "22": 0.7065,
    "23": 0.6967,
    "24": 0.6731,
    "25": 0.6994,
    "26": 0.6787,
    "27": 0.6979,
    "28": 0.6795,
    "29": 0.655,
    "30": 0.6806,
    "31": 0.663,
    "32": 0.6795
  },
  "test_loss": {
    "0": 0.6933077258110046,
    "1": 0.6935067821502685,
    "2": 0.6979313831329346,
    "3": 0.6929543203353882,
    "4": 0.6730532367706299,
    "5": 0.6656789635658265,
    "6": 0.6399007028579712,
    "7": 0.6876480273246766,
    "8": 0.6296960993766785,
    "9": 0.6593550277709961,
    "10": 0.6145772289276124,
    "11": 0.6011634143352509,
    "12": 0.6097492924690247,
    "13": 0.6173561155796051,
    "14": 0.632758163356781,
    "15": 0.6490297827720642,
    "16": 0.6511458495140076,
    "17": 0.6116347623825074,
    "18": 0.6052432784080506,
    "19": 0.6084114817142486,
    "20": 0.5971766176223755,
    "21": 0.6236241646766663,
    "22": 0.6073075212001801,
    "23": 0.6318437688827515,
    "24": 0.6692551810264588,
    "25": 0.6405833975315094,
    "26": 0.6728957639694214,
    "27": 0.6215436140060425,
    "28": 0.693377411699295,
    "29": 0.7289398958206177,
    "30": 0.6957737055778503,
    "31": 0.6851669675827027,
    "32": 0.6325535339355469
  },
  "drift_final_total_l2": {
    "0": 11.752949714660645,
    "1": 36.97349548339844,
    "2": 54.666343688964844,
    "3": 54.13544845581055,
    "4": 71.77534484863281,
    "5": 73.58164978027344,
    "6": 73.67998504638672,
    "7": 76.32241821289062,
    "8": 80.07833099365234,
    "9": 82.70183563232422,
    "10": 85.96300506591797,
    "11": 84.63713073730469,
    "12": 82.98668670654297,
    "13": 85.04598999023438,
    "14": 82.03864288330078,
    "15": 81.19912719726562,
    "16": 77.00658416748047,
    "17": 74.50206756591797,
    "18": 70.89773559570312,
    "19": 69.91754913330078,
    "20": 68.86245727539062,
    "21": 67.91045379638672,
    "22": 67.81180572509766,
    "23": 65.55734252929688,
    "24": 66.61581420898438,
    "25": 63.80002975463867,
    "26": 65.1046371459961,
    "27": 63.932682037353516,
    "28": 61.1930046081543,
    "29": 61.28913879394531,
    "30": 63.17660140991211,
    "31": 50.96259307861328,
    "32": 52.71322250366211
  },
  "probe_type": "mlp",
  "probe_hidden_size": [
    1024
  ],
  "init_strategy": "gamma_second_zero",
  "init_gamma": 0.3,
  "effective_lr": 0.001,