{
  "config": {
    "model_short": "llama",
    "task_name": "somo",
    "dataset": {
      "train": "cache/llama/somo_train/",
      "test": "cache/llama/somo_test/"
    },
    "mdl": {
      "batch_size": 64,
      "probe_type": "mlp",
      "probe_hidden_size": [
        11
      ],
      "num_classes": 2,
      "init_strategy": "gamma_second_zero",
      "init_gamma": 1.3,
      "optimizer": "adamw",
      "train_epochs": 10,
      "lr": 0.001,
      "seed": 342,
      "early_stopping_gap": 3,
      "split_num": 5,
      "split_ratio": 2.0
    },
    "out_dir": "init_results/llama/somo/hidden-11/seed-342/strategy-gamma_second_zero/gamma-1.3/opt-adamw/2026-04-25_03-27-51"
  },
  "train_meta": {
    "dataset": "compling/somo",
    "split": "train",
    "text_col": "text",
    "model": "meta-llama/Meta-Llama-3.1-8B",
    "max_len": 64,
    "hidden_size": 4096,
    "num_hidden_layers": 32,
    "num_states": 33,
    "memmap_file": "last_token_hidden_states.memmap",
    "dtype": "float32",
    "shape": [
      15000,
      33,
      4096
    ]
  },
  "test_meta": {
    "dataset": "compling/somo",
    "split": "test",
    "text_col": "text",
    "model": "meta-llama/Meta-Llama-3.1-8B",
    "max_len": 64,
    "hidden_size": 4096,
    "num_hidden_layers": 32,
    "num_states": 33,
    "memmap_file": "last_token_hidden_states.memmap",
    "dtype": "float32",
    "shape": [
      10000,
      33,
      4096
    ]
  },
  "splits": [
    484,
    968,
    1936,
    3872,
    7740
  ],
  "mdl_sum_ce": {
    "0": 10060.869618415833,
    "1": 10060.879529953003,
    "2": 10060.747161865234,
    "3": 10005.470029354095,
    "4": 9858.35482788086,
    "5": 9610.78597164154,
    "6": 9955.50351524353,
    "7": 9423.76313495636,
    "8": 9260.54907131195,
    "9": 8553.374053001404,
    "10": 8369.354382514954,
    "11": 8242.479168891907,
    "12": 8275.773497104645,
    "13": 8131.212270736694,
    "14": 8313.94868850708,
    "15": 8441.337717056274,
    "16": 8523.312520503998,
    "17": 8528.286772727966,
    "18": 8452.925604343414,
    "19": 8695.026875019073,
    "20": 8577.184818267822,
    "21": 8745.833695411682,
    "22": 8765.87067270279,
    "23": 8854.647572994232,
    "24": 9186.257573604584,
    "25": 10039.721673488617,
    "26": 8881.979570388794,
    "27": 8872.711774349213,
    "28": 8923.794014453888,
    "29": 8903.058979511261,
    "30": 8941.785366535187,
    "31": 8807.439967155457,
    "32": 9722.221234798431
  },
  "mdl_nll": {
    "0": 0.6930882900534467,
    "1": 0.6930889728542989,
    "2": 0.6930798540827524,
    "3": 0.689271839994082,
    "4": 0.6791371471397671,
    "5": 0.6620822521108805,
    "6": 0.6858296717583032,
    "7": 0.6491983421711464,
    "8": 0.6379546067313275,
    "9": 0.5892376724305183,
    "10": 0.5765606491123556,
    "11": 0.5678202789261441,
    "12": 0.5701139085908408,
    "13": 0.5601551578077083,
    "14": 0.5727437784862965,
    "15": 0.5815195451265001,
    "16": 0.5871667484502616,
    "17": 0.5875094222050128,
    "18": 0.5823178289021366,
    "19": 0.5989960646885556,
    "20": 0.5908779841738648,
    "21": 0.6024961212049933,
    "22": 0.6038764585769351,
    "23": 0.6099922549596467,
    "24": 0.6328367025078936,
    "25": 0.6916314186751596,
    "26": 0.6118751426280514,
    "27": 0.6112366887812904,
    "28": 0.614755718824324,
    "29": 0.6133272926089323,
    "30": 0.6159951340958382,
    "31": 0.6067401465386785,
    "32": 0.6697589718103081
  },
  "stopping_epochs_per_stage": {
    "0": [
      4,
      1,
      1,
      2
    ],
    "1": [
      10,
      1,
      1,
      4
    ],
    "2": [
      4,
      1,
      1,
      5
    ],
    "3": [
      4,
      1,
      10,
      10
    ],
    "4": [
      3,
      1,
      10,
      10
    ],
    "5": [
      7,
      9,
      1,
      10
    ],
    "6": [
      7,
      1,
      10,
      1
    ],
    "7": [
      9,
      10,
      10,
      9
    ],
    "8": [
      10,
      10,
      1,
      10
    ],
    "9": [
      10,
      10,
      9,
      7
    ],
    "10": [
      10,
      10,
      10,
      9
    ],
    "11": [
      10,
      8,
      10,
      9
    ],
    "12": [
      10,
      10,
      10,
      10
    ],
    "13": [
      10,
      10,
      9,
      8
    ],
    "14": [
      10,
      9,
      9,
      7
    ],
    "15": [
      9,
      10,
      6,
      8
    ],
    "16": [
      10,
      10,
      9,
      9
    ],
    "17": [
      10,
      9,
      10,
      10
    ],
    "18": [
      10,
      9,
      9,
      9
    ],
    "19": [
      9,
      10,
      9,
      7
    ],
    "20": [
      9,
      9,
      8,
      10
    ],
    "21": [
      10,
      9,
      9,
      9
    ],
    "22": [
      10,
      10,
      8,
      10
    ],
    "23": [
      8,
      10,
      10,
      3
    ],
    "24": [
      9,
      9,
      1,
      10
    ],
    "25": [
      9,
      2,
      1,
      3
    ],
    "26": [
      8,
      9,
      9,
      4
    ],
    "27": [
      5,
      9,
      5,
      10
    ],
    "28": [
      7,
      2,
      8,
      8
    ],
    "29": [
      6,
      9,
      7,
      9
    ],
    "30": [
      9,
      9,
      5,
      7
    ],
    "31": [
      9,
      10,
      4,
      5
    ],
    "32": [
      8,
      8,
      4,
      5
    ]
  },
  "test_acc": {
    "0": 0.5013,
    "1": 0.5013,
    "2": 0.5013,
    "3": 0.5013,
    "4": 0.5013,
    "5": 0.6411,
    "6": 0.649,
    "7": 0.665,
    "8": 0.6942,
    "9": 0.7079,
    "10": 0.7253,
    "11": 0.7126,
    "12": 0.7244,
    "13": 0.7308,
    "14": 0.7348,
    "15": 0.7281,
    "16": 0.7177,
    "17": 0.7183,
    "18": 0.6959,
    "19": 0.6987,
    "20": 0.7164,
    "21": 0.7075,
    "22": 0.5013,
    "23": 0.681,
    "24": 0.7089,
    "25": 0.6918,
    "26": 0.6931,
    "27": 0.7084,
    "28": 0.7036,
    "29": 0.6938,
    "30": 0.7003,
    "31": 0.6999,
    "32": 0.6777
  },
  "test_loss": {
    "0": 0.6931690853118897,
    "1": 0.6931468495368958,
    "2": 0.6931858375549317,
    "3": 0.6932393694877624,
    "4": 0.693143851184845,
    "5": 0.6355476160049438,
    "6": 0.627677871799469,
    "7": 0.613280570602417,
    "8": 0.5855822176933289,
    "9": 0.5716171909332275,
    "10": 0.5523689700126648,
    "11": 0.5688189767360687,
    "12": 0.5466139031410218,
    "13": 0.5372069221973419,
    "14": 0.5400939290046692,
    "15": 0.5372771664619446,
    "16": 0.5584591048717499,
    "17": 0.5564999897480011,
    "18": 0.5930877249717712,
    "19": 0.5881815134048461,
    "20": 0.5692156416893005,
    "21": 0.5691563005447388,
    "22": 0.6931528573989868,
    "23": 0.5988969747543335,
    "24": 0.5709798635482788,
    "25": 0.5901590913772583,
    "26": 0.590878080034256,
    "27": 0.5699766189575195,
    "28": 0.5765391535758972,
    "29": 0.5838225061416626,
    "30": 0.5906745571136475,
    "31": 0.574133945941925,
    "32": 0.6083566204071045
  },
  "drift_final_total_l2": {
    "0": 0.900691568851471,
    "1": 1.3039517402648926,
    "2": 1.1604069471359253,
    "3": 1.1562340259552002,
    "4": 2.0007598400115967,
    "5": 9.000308990478516,
    "6": 10.861495971679688,
    "7": 11.984642028808594,
    "8": 11.188416481018066,
    "9": 11.723414421081543,
    "10": 12.954809188842773,
    "11": 12.798956871032715,
    "12": 9.382131576538086,
    "13": 13.309964179992676,
    "14": 9.919584274291992,
    "15": 10.51866626739502,
    "16": 11.696229934692383,
    "17": 10.657837867736816,
    "18": 12.57436466217041,
    "19": 10.700113296508789,
    "20": 10.255244255065918,
    "21": 8.986802101135254,
    "22": 1.571498990058899,
    "23": 7.698090553283691,
    "24": 10.265084266662598,
    "25": 6.912511825561523,
    "26": 9.919382095336914,
    "27": 7.206294059753418,
    "28": 8.669426918029785,
    "29": 9.345394134521484,
    "30": 9.502440452575684,
    "31": 8.480210304260254,
    "32": 7.238811016082764
  },
  "probe_type": "mlp",
  "probe_hidden_size": [
    11
  ],