{
  "config": {
    "model_short": "llama",
    "task_name": "somo",
    "dataset": {
      "train": "cache/llama/somo_train/",
      "test": "cache/llama/somo_test/"
    },
    "mdl": {
      "batch_size": 64,
      "probe_type": "mlp",
      "probe_hidden_size": [
        2048
      ],
      "num_classes": 2,
      "init_strategy": "gamma",
      "init_gamma": 1.0,
      "optimizer": "adamw",
      "train_epochs": 10,
      "lr": 0.001,
      "seed": 42,
      "early_stopping_gap": 3,
      "split_num": 5,
      "split_ratio": 2.0
    },
    "out_dir": "init_results/llama/somo/hidden-2048/seed-42/strategy-gamma/gamma-1.0/opt-adamw/2026-04-22_03-22-48"
  },
  "train_meta": {
    "dataset": "compling/somo",
    "split": "train",
    "text_col": "text",
    "model": "meta-llama/Meta-Llama-3.1-8B",
    "max_len": 64,
    "hidden_size": 4096,
    "num_hidden_layers": 32,
    "num_states": 33,
    "memmap_file": "last_token_hidden_states.memmap",
    "dtype": "float32",
    "shape": [
      15000,
      33,
      4096
    ]
  },
  "test_meta": {
    "dataset": "compling/somo",
    "split": "test",
    "text_col": "text",
    "model": "meta-llama/Meta-Llama-3.1-8B",
    "max_len": 64,
    "hidden_size": 4096,
    "num_hidden_layers": 32,
    "num_states": 33,
    "memmap_file": "last_token_hidden_states.memmap",
    "dtype": "float32",
    "shape": [
      10000,
      33,
      4096
    ]
  },
  "splits": [
    484,
    968,
    1936,
    3872,
    7740
  ],
  "mdl_sum_ce": {
    "0": 10063.404971122742,
    "1": 10061.873928070068,
    "2": 10060.489886760712,
    "3": 10058.23926782608,
    "4": 9788.192702770233,
    "5": 9475.456767082214,
    "6": 9477.750309467316,
    "7": 9240.663201332092,
    "8": 9008.15581035614,
    "9": 8481.001955032349,
    "10": 8114.666756153107,
    "11": 8140.12692117691,
    "12": 8161.374078273773,
    "13": 8195.392393112183,
    "14": 8243.278369903564,
    "15": 8285.307379722595,
    "16": 8344.054730892181,
    "17": 8555.968169689178,
    "18": 8473.433283805847,
    "19": 8655.3393201828,
    "20": 8689.094723701477,
    "21": 8697.575835227966,
    "22": 8713.321793556213,
    "23": 8695.913188934326,
    "24": 8711.518552780151,
    "25": 8767.9494099617,
    "26": 8793.871678829193,
    "27": 8830.12011051178,
    "28": 8794.092328071594,
    "29": 8815.408658981323,
    "30": 8857.478024959564,
    "31": 8762.298488616943,
    "32": 8979.029233932495
  },
  "mdl_nll": {
    "0": 0.6932629492368932,
    "1": 0.6931574764446176,
    "2": 0.6930621305291204,
    "3": 0.6929070865132323,
    "4": 0.6743037133349569,
    "5": 0.652759490705581,
    "6": 0.6529174916965635,
    "7": 0.6365846790666914,
    "8": 0.6205673608677418,
    "9": 0.5842519946977369,
    "10": 0.5590153455602856,
    "11": 0.5607692836302639,
    "12": 0.5622329896854349,
    "13": 0.5645764944276787,
    "14": 0.5678753354852276,
    "15": 0.5707706930092722,
    "16": 0.5748177687305168,
    "17": 0.5894163798352975,
    "18": 0.5837305927118935,
    "19": 0.5962620088304492,
    "20": 0.5985874017430062,
    "21": 0.5991716612860268,
    "22": 0.6002563925018058,
    "23": 0.5990571224121195,
    "24": 0.6001321681441273,
    "25": 0.6040196617499105,
    "26": 0.6058054339232015,
    "27": 0.6083025703025475,
    "28": 0.6058206343394595,
    "29": 0.6072891057440978,
    "30": 0.6101872433838222,
    "31": 0.6036303725969236,
    "32": 0.6185608455450878
  },
  "stopping_epochs_per_stage": {
    "0": [
      3,
      1,
      2,
      7
    ],
    "1": [
      1,
      6,
      3,
      4
    ],
    "2": [
      1,
      4,
      1,
      1
    ],
    "3": [
      2,
      1,
      1,
      3
    ],
    "4": [
      4,
      6,
      5,
      5
    ],
    "5": [
      5,
      6,
      5,
      8
    ],
    "6": [
      7,
      10,
      5,
      10
    ],
    "7": [
      6,
      8,
      5,
      7
    ],
    "8": [
      2,
      5,
      5,
      6
    ],
    "9": [
      9,
      6,
      4,
      6
    ],
    "10": [
      6,
      3,
      4,
      4
    ],
    "11": [
      5,
      5,
      3,
      3
    ],
    "12": [
      6,
      9,
      3,
      4
    ],
    "13": [
      6,
      3,
      5,
      3
    ],
    "14": [
      5,
      3,
      2,
      6
    ],
    "15": [
      7,
      2,
      6,
      4
    ],
    "16": [
      8,
      4,
      2,
      6
    ],
    "17": [
      9,
      7,
      2,
      5
    ],
    "18": [
      6,
      2,
      5,
      6
    ],
    "19": [
      4,
      7,
      4,
      5
    ],
    "20": [
      1,
      5,
      5,
      3
    ],
    "21": [
      6,
      6,
      6,
      3
    ],
    "22": [
      5,
      6,
      7,
      7
    ],
    "23": [
      2,
      6,
      5,
      5
    ],
    "24": [
      4,
      5,
      6,
      6
    ],
    "25": [
      2,
      4,
      6,
      7
    ],
    "26": [
      2,
      6,
      6,
      3
    ],
    "27": [
      2,
      4,
      5,
      7
    ],
    "28": [
      2,
      4,
      5,
      5
    ],
    "29": [
      2,
      4,
      4,
      5
    ],
    "30": [
      3,
      6,
      4,
      8
    ],
    "31": [
      2,
      7,
      4,
      4
    ],
    "32": [
      4,
      7,
      4,
      4
    ]
  },
  "test_acc": {
    "0": 0.5013,
    "1": 0.4987,
    "2": 0.5067,
    "3": 0.5492,
    "4": 0.6055,
    "5": 0.6171,
    "6": 0.6496,
    "7": 0.6539,
    "8": 0.693,
    "9": 0.7028,
    "10": 0.7246,
    "11": 0.6753,
    "12": 0.7208,
    "13": 0.7316,
    "14": 0.7317,
    "15": 0.732,
    "16": 0.7146,
    "17": 0.7248,
    "18": 0.6866,
    "19": 0.7187,
    "20": 0.7203,
    "21": 0.7125,
    "22": 0.6928,
    "23": 0.7033,
    "24": 0.6964,
    "25": 0.7058,
    "26": 0.6995,
    "27": 0.7038,
    "28": 0.6903,
    "29": 0.689,
    "30": 0.6924,
    "31": 0.6998,
    "32": 0.6883
  },
  "test_loss": {
    "0": 0.6932165588378906,
    "1": 0.6940861834526062,
    "2": 0.704438708782196,
    "3": 0.6892746619224548,
    "4": 0.6618673021316528,
    "5": 0.6777755027770996,
    "6": 0.6322667576789855,
    "7": 0.639380205488205,
    "8": 0.6046019026756286,
    "9": 0.5986445096969605,
    "10": 0.5782299370765686,
    "11": 0.621596461057663,
    "12": 0.5581882801532745,
    "13": 0.569909962272644,
    "14": 0.5538789666175842,
    "15": 0.5620938519954681,
    "16": 0.5688349362850189,
    "17": 0.5669734531402588,
    "18": 0.621664760684967,
    "19": 0.566205528640747,
    "20": 0.5587932953357696,
    "21": 0.5851204459667205,
    "22": 0.5978905116081238,
    "23": 0.5801606394290925,
    "24": 0.5859714631080627,
    "25": 0.5721756978988648,
    "26": 0.5887572407722473,
    "27": 0.5788255764484406,
    "28": 0.6093536306381225,
    "29": 0.5962081441879272,
    "30": 0.6028112493515014,
    "31": 0.5841718232154847,
    "32": 0.5921414762496948
  },
  "drift_final_total_l2": {
    "0": 11.21081256866455,
    "1": 19.303325653076172,
    "2": 34.540157318115234,
    "3": 31.98800277709961,
    "4": 32.51932907104492,
    "5": 42.3228874206543,
    "6": 34.96256637573242,
    "7": 49.73014450073242,
    "8": 47.44481658935547,
    "9": 44.487911224365234,
    "10": 61.9493522644043,
    "11": 70.8978500366211,
    "12": 66.70545196533203,
    "13": 52.42524337768555,
    "14": 42.413211822509766,
    "15": 58.29336929321289,
    "16": 40.22017288208008,
    "17": 49.8510856628418,
    "18": 53.062652587890625,
    "19": 42.52621078491211,
    "20": 30.538618087768555,
    "21": 48.17504119873047,
    "22": 36.11676788330078,
    "23": 31.244186401367188,
    "24": 21.757673263549805,
    "25": 26.632719039916992,
    "26": 28.676851272583008,
    "27": 23.036224365234375,
    "28": 29.691492080688477,
    "29": 27.264419555664062,
    "30": 32.43442153930664,
    "31": 23.01685905456543,
    "32": 22.595273971557617
  },
  "probe_type": "mlp",
  "probe_hidden_size": [
    2048
  ],
  "init_strategy": "gamma",
  "init_gamma": 1.0,
  "effective_lr": 0.001,