{
  "config": {
    "model_short": "llama",
    "task_name": "somo",
    "dataset": {
      "train": "cache/llama/somo_train/",
      "test": "cache/llama/somo_test/"
    },
    "mdl": {
      "batch_size": 64,
      "probe_type": "mlp",
      "probe_hidden_size": [
        4
      ],
      "num_classes": 2,
      "init_strategy": "mf",
      "init_gamma": null,
      "optimizer": "sgd",
      "train_epochs": 10,
      "lr": 0.05,
      "seed": 342,
      "early_stopping_gap": 3,
      "split_num": 5,
      "split_ratio": 2.0
    },
    "out_dir": "init_results/llama/somo/hidden-4/seed-342/strategy-mf/gamma-na/opt-sgd/2026-04-22_02-42-31"
  },
  "train_meta": {
    "dataset": "compling/somo",
    "split": "train",
    "text_col": "text",
    "model": "meta-llama/Meta-Llama-3.1-8B",
    "max_len": 64,
    "hidden_size": 4096,
    "num_hidden_layers": 32,
    "num_states": 33,
    "memmap_file": "last_token_hidden_states.memmap",
    "dtype": "float32",
    "shape": [
      15000,
      33,
      4096
    ]
  },
  "test_meta": {
    "dataset": "compling/somo",
    "split": "test",
    "text_col": "text",
    "model": "meta-llama/Meta-Llama-3.1-8B",
    "max_len": 64,
    "hidden_size": 4096,
    "num_hidden_layers": 32,
    "num_states": 33,
    "memmap_file": "last_token_hidden_states.memmap",
    "dtype": "float32",
    "shape": [
      10000,
      33,
      4096
    ]
  },
  "splits": [
    484,
    968,
    1936,
    3872,
    7740
  ],
  "mdl_sum_ce": {
    "0": 10060.808185100555,
    "1": 10061.474776268005,
    "2": 10061.031442165375,
    "3": 10060.404111862183,
    "4": 10046.784984588623,
    "5": 9895.847849845886,
    "6": 9811.944947719574,
    "7": 9823.031534194946,
    "8": 9749.076986312866,
    "9": 8949.0033826828,
    "10": 8627.314498901367,
    "11": 8552.866655826569,
    "12": 8602.929476737976,
    "13": 8613.771838188171,
    "14": 8505.317879676819,
    "15": 9307.133278369904,
    "16": 8747.713122844696,
    "17": 9130.495034694672,
    "18": 9111.610604286194,
    "19": 9193.553915023804,
    "20": 9330.692907810211,
    "21": 9449.257753372192,
    "22": 9480.300716400146,
    "23": 10009.823667526245,
    "24": 9880.997814178467,
    "25": 9841.42345571518,
    "26": 9738.36194896698,
    "27": 9727.491955280304,
    "28": 10032.757394313812,
    "29": 10057.54544878006,
    "30": 9875.047067642212,
    "31": 10060.954123973846,
    "32": 10060.565282344818
  },
  "mdl_nll": {
    "0": 0.6930840579429978,
    "1": 0.6931299790760543,
    "2": 0.6930994380108415,
    "3": 0.6930562215391418,
    "4": 0.6921180066539421,
    "5": 0.6817200227229185,
    "6": 0.6759399936428475,
    "7": 0.6767037430555901,
    "8": 0.6716090511375631,
    "9": 0.6164923796281896,
    "10": 0.5943313928700308,
    "11": 0.5892027180922134,
    "12": 0.5926515208554681,
    "13": 0.593398445728036,
    "14": 0.5859271066186841,
    "15": 0.6411637695212113,
    "16": 0.6026255940234704,
    "17": 0.6289952490145131,
    "18": 0.6276943100224713,
    "19": 0.6333393438291405,
    "20": 0.6427867806427536,
    "21": 0.6509546537181174,
    "22": 0.6530931879581253,
    "23": 0.6895717599563409,
    "24": 0.6806970111723937,
    "25": 0.6779707533559645,
    "26": 0.670870897559037,
    "27": 0.6701220691154798,
    "28": 0.6911516529563111,
    "29": 0.6928592896652012,
    "30": 0.6802870672115053,
    "31": 0.6930941115991903,
    "32": 0.6930673244933052
  },
  "stopping_epochs_per_stage": {
    "0": [
      10,
      1,
      1,
      3
    ],
    "1": [
      10,
      2,
      1,
      10
    ],
    "2": [
      3,
      1,
      3,
      10
    ],
    "3": [
      4,
      1,
      3,
      10
    ],
    "4": [
      10,
      7,
      1,
      10
    ],
    "5": [
      7,
      2,
      9,
      10
    ],
    "6": [
      10,
      1,
      9,
      10
    ],
    "7": [
      2,
      10,
      1,
      10
    ],
    "8": [
      5,
      1,
      10,
      5
    ],
    "9": [
      10,
      10,
      10,
      10
    ],
    "10": [
      10,
      9,
      10,
      8
    ],
    "11": [
      10,
      10,
      10,
      10
    ],
    "12": [
      9,
      10,
      9,
      9
    ],
    "13": [
      10,
      2,
      9,
      6
    ],
    "14": [
      10,
      10,
      10,
      10
    ],
    "15": [
      9,
      1,
      4,
      4
    ],
    "16": [
      10,
      8,
      8,
      8
    ],
    "17": [
      10,
      10,
      1,
      9
    ],
    "18": [
      10,
      10,
      10,
      6
    ],
    "19": [
      10,
      10,
      10,
      10
    ],
    "20": [
      10,
      10,
      10,
      6
    ],
    "21": [
      9,
      3,
      1,
      10
    ],
    "22": [
      3,
      9,
      8,
      8
    ],
    "23": [
      4,
      10,
      1,
      4
    ],
    "24": [
      10,
      10,
      10,
      9
    ],
    "25": [
      9,
      1,
      10,
      8
    ],
    "26": [
      9,
      2,
      1,
      9
    ],
    "27": [
      10,
      2,
      1,
      6
    ],
    "28": [
      10,
      8,
      1,
      3
    ],
    "29": [
      10,
      10,
      2,
      4
    ],
    "30": [
      10,
      1,
      4,
      8
    ],
    "31": [
      9,
      1,
      1,
      10
    ],
    "32": [
      2,
      1,
      1,
      5
    ]
  },
  "test_acc": {
    "0": 0.5013,
    "1": 0.5013,
    "2": 0.5013,
    "3": 0.5151,
    "4": 0.5889,
    "5": 0.6021,
    "6": 0.6138,
    "7": 0.6517,
    "8": 0.5922,
    "9": 0.6693,
    "10": 0.7207,
    "11": 0.6178,
    "12": 0.7042,
    "13": 0.6936,
    "14": 0.7271,
    "15": 0.7018,
    "16": 0.5013,
    "17": 0.6281,
    "18": 0.6896,
    "19": 0.6895,
    "20": 0.5013,
    "21": 0.5329,
    "22": 0.6943,
    "23": 0.6065,
    "24": 0.6463,
    "25": 0.5805,
    "26": 0.6864,
    "27": 0.6783,
    "28": 0.6816,
    "29": 0.6497,
    "30": 0.6783,
    "31": 0.5234,
    "32": 0.5013
  },
  "test_loss": {
    "0": 0.6931601295471191,
    "1": 0.6932189191818238,
    "2": 0.6932181825637818,
    "3": 0.6926989647865296,
    "4": 0.6765223635673523,
    "5": 0.6583606580734253,
    "6": 0.6510997310638428,
    "7": 0.6246876662254334,
    "8": 0.6879260816574096,
    "9": 0.6014183647155762,
    "10": 0.5554131964683533,
    "11": 0.6674512446403503,
    "12": 0.5687547171592713,
    "13": 0.5764127017974854,
    "14": 0.5471414309024811,
    "15": 0.5694983434677124,
    "16": 0.6931521696090698,
    "17": 0.6465031594276428,
    "18": 0.5851169010162354,
    "19": 0.5894787277221679,
    "20": 0.6931598455429077,
    "21": 0.7240965118408204,
    "22": 0.5920800458908081,
    "23": 0.6629022046089172,
    "24": 0.6395465653419494,
    "25": 0.6702887488365173,
    "26": 0.6053819124221802,
    "27": 0.6094648076057434,
    "28": 0.6088411954879761,
    "29": 0.6213448404312134,
    "30": 0.6056000544548035,
    "31": 0.6982698244094848,
    "32": 0.6931470452308655
  },
  "drift_final_total_l2": {
    "0": 0.06311259418725967,
    "1": 0.10234037041664124,
    "2": 0.10954988747835159,
    "3": 0.6423951983451843,
    "4": 2.659071445465088,
    "5": 4.078249454498291,
    "6": 4.194727420806885,
    "7": 5.137299060821533,
    "8": 5.237616539001465,
    "9": 6.397348403930664,
    "10": 7.267119884490967,
    "11": 6.933271408081055,
    "12": 6.3782854080200195,
    "13": 6.70233678817749,
    "14": 7.02272891998291,
    "15": 7.007851600646973,
    "16": 0.30261245369911194,
    "17": 6.138859272003174,
    "18": 6.733851432800293,
    "19": 6.654624938964844,
    "20": 0.24246932566165924,
    "21": 5.360549449920654,
    "22": 6.2934675216674805,
    "23": 6.18115234375,
    "24": 6.2673139572143555,
    "25": 4.393135070800781,
    "26": 5.485595226287842,
    "27": 4.95488977432251,
    "28": 5.599553108215332,
    "29": 4.42697811126709,
    "30": 5.939417362213135,
    "31": 3.5232653617858887,
    "32": 13.486763954162598
  },
  "probe_type": "mlp",
  "probe_hidden_size": [
    4
  ],
  "init_strategy": "mf",
  "init_gamma": null,