{
  "config": {
    "model_short": "llama",
    "task_name": "somo",
    "dataset": {
      "train": "cache/llama/somo_train/",
      "test": "cache/llama/somo_test/"
    },
    "mdl": {
      "batch_size": 64,
      "probe_type": "mlp",
      "probe_hidden_size": [
        362
      ],
      "num_classes": 2,
      "init_strategy": "gamma_second_zero",
      "init_gamma": 1.8,
      "optimizer": "adamw",
      "train_epochs": 10,
      "lr": 0.001,
      "seed": 42,
      "early_stopping_gap": 3,
      "split_num": 5,
      "split_ratio": 2.0
    },
    "out_dir": "init_results/llama/somo/hidden-362/seed-42/strategy-gamma_second_zero/gamma-1.8/opt-adamw/2026-04-25_03-24-23"
  },
  "train_meta": {
    "dataset": "compling/somo",
    "split": "train",
    "text_col": "text",
    "model": "meta-llama/Meta-Llama-3.1-8B",
    "max_len": 64,
    "hidden_size": 4096,
    "num_hidden_layers": 32,
    "num_states": 33,
    "memmap_file": "last_token_hidden_states.memmap",
    "dtype": "float32",
    "shape": [
      15000,
      33,
      4096
    ]
  },
  "test_meta": {
    "dataset": "compling/somo",
    "split": "test",
    "text_col": "text",
    "model": "meta-llama/Meta-Llama-3.1-8B",
    "max_len": 64,
    "hidden_size": 4096,
    "num_hidden_layers": 32,
    "num_states": 33,
    "memmap_file": "last_token_hidden_states.memmap",
    "dtype": "float32",
    "shape": [
      10000,
      33,
      4096
    ]
  },
  "splits": [
    484,
    968,
    1936,
    3872,
    7740
  ],
  "mdl_sum_ce": {
    "0": 10061.437374591827,
    "1": 10062.951621055603,
    "2": 10051.50246334076,
    "3": 10039.10425567627,
    "4": 9733.041983127594,
    "5": 9566.467443466187,
    "6": 9436.371630191803,
    "7": 9257.113355636597,
    "8": 8914.75677061081,
    "9": 8502.867132663727,
    "10": 8147.273681163788,
    "11": 8212.428991317749,
    "12": 8146.1995677948,
    "13": 8169.916041851044,
    "14": 8216.589015007019,
    "15": 8318.67354631424,
    "16": 8313.455011844635,
    "17": 8441.558658123016,
    "18": 8439.862893104553,
    "19": 8615.793531894684,
    "20": 8570.55023097992,
    "21": 8613.966802597046,
    "22": 8673.98756980896,
    "23": 8702.357312202454,
    "24": 8767.315539836884,
    "25": 8773.280745983124,
    "26": 8740.923047065735,
    "27": 8805.488644599915,
    "28": 8789.511777877808,
    "29": 8758.013255119324,
    "30": 8778.504075050354,
    "31": 8749.00927066803,
    "32": 8856.97563457489
  },
  "mdl_nll": {
    "0": 0.6931274024932369,
    "1": 0.6932317181768809,
    "2": 0.692442991412287,
    "3": 0.6915888850700103,
    "4": 0.6705044077657477,
    "5": 0.6590291708091889,
    "6": 0.650066935119303,
    "7": 0.6377179219920499,
    "8": 0.61413314760339,
    "9": 0.5857582758792867,
    "10": 0.5612616203612419,
    "11": 0.5657501371808865,
    "12": 0.5611876252269771,
    "13": 0.5628214412958834,
    "14": 0.566036719137987,
    "15": 0.5730692715840617,
    "16": 0.5727097693472468,
    "17": 0.5815347656463913,
    "18": 0.5814179452400491,
    "19": 0.5935377191991378,
    "20": 0.590420930764668,
    "21": 0.5934118767289229,
    "22": 0.5975466774461945,
    "23": 0.59950105484999,
    "24": 0.6039759947531609,
    "25": 0.6043869348293692,
    "26": 0.6021578290896759,
    "27": 0.6066057209010688,
    "28": 0.6055050825212047,
    "29": 0.6033351649985756,
    "30": 0.6047467673636232,
    "31": 0.6027148850005531,
    "32": 0.6101526339607943
  },
  "stopping_epochs_per_stage": {
    "0": [
      3,
      1,
      1,
      1
    ],
    "1": [
      1,
      1,
      2,
      1
    ],
    "2": [
      1,
      9,
      6,
      6
    ],
    "3": [
      1,
      4,
      9,
      2
    ],
    "4": [
      9,
      6,
      6,
      10
    ],
    "5": [
      2,
      8,
      7,
      9
    ],
    "6": [
      8,
      10,
      8,
      8
    ],
    "7": [
      8,
      10,
      10,
      10
    ],
    "8": [
      10,
      9,
      8,
      7
    ],
    "9": [
      9,
      8,
      3,
      6
    ],
    "10": [
      8,
      7,
      5,
      7
    ],
    "11": [
      4,
      5,
      4,
      4
    ],
    "12": [
      10,
      7,
      8,
      4
    ],
    "13": [
      8,
      5,
      2,
      4
    ],
    "14": [
      5,
      7,
      7,
      4
    ],
    "15": [
      7,
      10,
      2,
      5
    ],
    "16": [
      10,
      7,
      7,
      4
    ],
    "17": [
      6,
      4,
      2,
      4
    ],
    "18": [
      6,
      5,
      4,
      8
    ],
    "19": [
      4,
      6,
      5,
      4
    ],
    "20": [
      7,
      7,
      5,
      6
    ],
    "21": [
      8,
      10,
      5,
      7
    ],
    "22": [
      5,
      7,
      8,
      5
    ],
    "23": [
      4,
      8,
      5,
      4
    ],
    "24": [
      1,
      10,
      4,
      4
    ],
    "25": [
      6,
      7,
      6,
      6
    ],
    "26": [
      2,
      5,
      6,
      7
    ],
    "27": [
      1,
      5,
      6,
      7
    ],
    "28": [
      1,
      5,
      2,
      5
    ],
    "29": [
      2,
      8,
      7,
      4
    ],
    "30": [
      2,
      6,
      5,
      5
    ],
    "31": [
      1,
      7,
      6,
      4
    ],
    "32": [
      5,
      6,
      7,
      4
    ]
  },
  "test_acc": {
    "0": 0.5013,
    "1": 0.4966,
    "2": 0.5259,
    "3": 0.5524,
    "4": 0.5965,
    "5": 0.6386,
    "6": 0.5932,
    "7": 0.6677,
    "8": 0.6861,
    "9": 0.6856,
    "10": 0.7261,
    "11": 0.728,
    "12": 0.7347,
    "13": 0.7271,
    "14": 0.7224,
    "15": 0.7163,
    "16": 0.721,
    "17": 0.7188,
    "18": 0.7049,
    "19": 0.7168,
    "20": 0.7004,
    "21": 0.7188,
    "22": 0.7141,
    "23": 0.7134,
    "24": 0.6906,
    "25": 0.667,
    "26": 0.705,
    "27": 0.7003,
    "28": 0.7042,
    "29": 0.6907,
    "30": 0.6926,
    "31": 0.6825,
    "32": 0.6827
  },
  "test_loss": {
    "0": 0.6931438409805298,
    "1": 0.6940539000511169,
    "2": 0.6918203413009644,
    "3": 0.6851310087203979,
    "4": 0.6672431604385376,
    "5": 0.6399044969558716,
    "6": 0.6867422359466553,
    "7": 0.6134641896247863,
    "8": 0.5916721258163452,
    "9": 0.6030976943016052,
    "10": 0.5568489627361297,
    "11": 0.5418081381320954,
    "12": 0.5346396157264709,
    "13": 0.5440909578323364,
    "14": 0.5688863571166992,
    "15": 0.573018464565277,
    "16": 0.560291907453537,
    "17": 0.5612426910400391,
    "18": 0.5893922354221344,
    "19": 0.5594488143444061,
    "20": 0.590155990600586,
    "21": 0.5655171490669251,
    "22": 0.5712716151237488,
    "23": 0.5706823593139648,
    "24": 0.5901269293308258,
    "25": 0.6291680035591125,
    "26": 0.5744978274345398,
    "27": 0.5913039456367493,
    "28": 0.5877756742477417,
    "29": 0.5976413224220276,
    "30": 0.6149408010482789,
    "31": 0.6213530771255493,
    "32": 0.5959318336486816
  },
  "drift_final_total_l2": {
    "0": 5.200384140014648,
    "1": 14.796035766601562,
    "2": 18.923614501953125,
    "3": 22.579448699951172,
    "4": 22.034160614013672,
    "5": 19.926918029785156,
    "6": 37.359703063964844,
    "7": 25.53626823425293,
    "8": 17.79132080078125,
    "9": 27.51058006286621,
    "10": 34.21135711669922,
    "11": 19.440866470336914,
    "12": 23.297815322875977,
    "13": 22.769384384155273,
    "14": 42.48965835571289,
    "15": 27.98480987548828,
    "16": 36.64676284790039,
    "17": 32.042057037353516,
    "18": 34.69724655151367,
    "19": 17.52979850769043,
    "20": 21.03407096862793,
    "21": 24.303993225097656,
    "22": 25.1667537689209,
    "23": 19.35664939880371,
    "24": 18.30048942565918,
    "25": 25.813459396362305,
    "26": 14.658346176147461,
    "27": 16.340927124023438,
    "28": 17.48375129699707,
    "29": 14.256261825561523,
    "30": 21.460721969604492,
    "31": 11.836440086364746,
    "32": 16.52484130859375
  },
  "probe_type": "mlp",
  "probe_hidden_size": [
    362
  ],
  "init_strategy": "gamma_second_zero",
  "init_gamma": 1.8,