{
  "config": {
    "model_short": "llama",
    "task_name": "somo",
    "dataset": {
      "train": "cache/llama/somo_train/",
      "test": "cache/llama/somo_test/"
    },
    "mdl": {
      "batch_size": 64,
      "probe_type": "mlp",
      "probe_hidden_size": [
        32
      ],
      "num_classes": 2,
      "init_strategy": "gamma_second_zero",
      "init_gamma": 0.6,
      "optimizer": "adamw",
      "train_epochs": 10,
      "lr": 0.001,
      "seed": 442,
      "early_stopping_gap": 3,
      "split_num": 5,
      "split_ratio": 2.0
    },
    "out_dir": "init_results/llama/somo/hidden-32/seed-442/strategy-gamma_second_zero/gamma-0.6/2026-04-21_01-15-59"
  },
  "train_meta": {
    "dataset": "compling/somo",
    "split": "train",
    "text_col": "text",
    "model": "meta-llama/Meta-Llama-3.1-8B",
    "max_len": 64,
    "hidden_size": 4096,
    "num_hidden_layers": 32,
    "num_states": 33,
    "memmap_file": "last_token_hidden_states.memmap",
    "dtype": "float32",
    "shape": [
      15000,
      33,
      4096
    ]
  },
  "test_meta": {
    "dataset": "compling/somo",
    "split": "test",
    "text_col": "text",
    "model": "meta-llama/Meta-Llama-3.1-8B",
    "max_len": 64,
    "hidden_size": 4096,
    "num_hidden_layers": 32,
    "num_states": 33,
    "memmap_file": "last_token_hidden_states.memmap",
    "dtype": "float32",
    "shape": [
      10000,
      33,
      4096
    ]
  },
  "splits": [
    484,
    968,
    1936,
    3872,
    7740
  ],
  "mdl_sum_ce": {
    "0": 10060.535105705261,
    "1": 10060.351602554321,
    "2": 10054.654319763184,
    "3": 10056.991588115692,
    "4": 9772.721130371094,
    "5": 9519.093897342682,
    "6": 9569.782705307007,
    "7": 9264.078536987305,
    "8": 8985.911840438843,
    "9": 8581.50788974762,
    "10": 8057.834422588348,
    "11": 8060.022248983383,
    "12": 8048.334458351135,
    "13": 8094.214066028595,
    "14": 8150.662237167358,
    "15": 8243.36840391159,
    "16": 8340.469083309174,
    "17": 8432.425476074219,
    "18": 8577.228662014008,
    "19": 8684.365023612976,
    "20": 8638.313838005066,
    "21": 8577.176381587982,
    "22": 8791.299322128296,
    "23": 8675.50750541687,
    "24": 8856.208639144897,
    "25": 8763.469750881195,
    "26": 8787.027765750885,
    "27": 8777.802812576294,
    "28": 8742.522916316986,
    "29": 8761.422440052032,
    "30": 8832.299575805664,
    "31": 8732.856617927551,
    "32": 8999.469690322876
  },
  "mdl_nll": {
    "0": 0.693065245639657,
    "1": 0.6930526041991127,
    "2": 0.6926601212292081,
    "3": 0.6928211344802764,
    "4": 0.6732378844289814,
    "5": 0.65576563084477,
    "6": 0.659257557543883,
    "7": 0.6381977498613465,
    "8": 0.6190349848745413,
    "9": 0.591175798411933,
    "10": 0.5551001944467036,
    "11": 0.5552509127158572,
    "12": 0.554445746648604,
    "13": 0.5576063699385916,
    "14": 0.5614950562942518,
    "15": 0.5678815378831352,
    "16": 0.5745707552569009,
    "17": 0.5809055852903154,
    "18": 0.590881004547672,
    "19": 0.5982615750628945,
    "20": 0.5950891318548543,
    "21": 0.5908774029751985,
    "22": 0.6056282255530653,
    "23": 0.5976513850521404,
    "24": 0.6100997960281688,
    "25": 0.6037110602701292,
    "26": 0.6053339601647069,
    "27": 0.6046984577415468,
    "28": 0.6022680432844438,
    "29": 0.6035700220482249,
    "30": 0.6084527125796131,
    "31": 0.6016021368095585,
    "32": 0.6199689783909393
  },
  "stopping_epochs_per_stage": {
    "0": [
      1,
      1,
      2,
      1
    ],
    "1": [
      1,
      4,
      10,
      1
    ],
    "2": [
      1,
      4,
      6,
      9
    ],
    "3": [
      1,
      6,
      10,
      1
    ],
    "4": [
      1,
      10,
      10,
      9
    ],
    "5": [
      3,
      4,
      10,
      8
    ],
    "6": [
      1,
      10,
      10,
      9
    ],
    "7": [
      1,
      10,
      10,
      8
    ],
    "8": [
      1,
      10,
      10,
      5
    ],
    "9": [
      10,
      9,
      10,
      9
    ],
    "10": [
      10,
      9,
      7,
      9
    ],
    "11": [
      10,
      9,
      9,
      7
    ],
    "12": [
      10,
      8,
      10,
      6
    ],
    "13": [
      9,
      10,
      7,
      8
    ],
    "14": [
      10,
      6,
      7,
      6
    ],
    "15": [
      9,
      7,
      10,
      4
    ],
    "16": [
      10,
      7,
      9,
      10
    ],
    "17": [
      1,
      10,
      6,
      7
    ],
    "18": [
      10,
      10,
      10,
      7
    ],
    "19": [
      9,
      10,
      8,
      10
    ],
    "20": [
      10,
      8,
      10,
      8
    ],
    "21": [
      8,
      10,
      8,
      6
    ],
    "22": [
      7,
      9,
      8,
      8
    ],
    "23": [
      8,
      9,
      10,
      7
    ],
    "24": [
      7,
      10,
      10,
      6
    ],
    "25": [
      5,
      8,
      5,
      7
    ],
    "26": [
      4,
      9,
      7,
      5
    ],
    "27": [
      3,
      9,
      4,
      4
    ],
    "28": [
      5,
      6,
      7,
      9
    ],
    "29": [
      5,
      8,
      8,
      6
    ],
    "30": [
      6,
      9,
      4,
      4
    ],
    "31": [
      6,
      9,
      5,
      8
    ],
    "32": [
      5,
      1,
      6,
      9
    ]
  },
  "test_acc": {
    "0": 0.5013,
    "1": 0.5013,
    "2": 0.5182,
    "3": 0.5013,
    "4": 0.5899,
    "5": 0.6124,
    "6": 0.6486,
    "7": 0.6652,
    "8": 0.6856,
    "9": 0.7034,
    "10": 0.7182,
    "11": 0.7028,
    "12": 0.7212,
    "13": 0.7322,
    "14": 0.7352,
    "15": 0.7228,
    "16": 0.7141,
    "17": 0.7257,
    "18": 0.72,
    "19": 0.7193,
    "20": 0.7121,
    "21": 0.7157,
    "22": 0.707,
    "23": 0.693,
    "24": 0.7072,
    "25": 0.6975,
    "26": 0.7107,
    "27": 0.6851,
    "28": 0.7039,
    "29": 0.6761,
    "30": 0.6359,
    "31": 0.7027,
    "32": 0.6627
  },
  "test_loss": {
    "0": 0.6931490365982056,
    "1": 0.6931844120025634,
    "2": 0.692587878704071,
    "3": 0.6931845727920533,
    "4": 0.6735660093307495,
    "5": 0.6539732814788818,
    "6": 0.6267044244766236,
    "7": 0.6142738569259644,
    "8": 0.6001695683479309,
    "9": 0.5775770141601563,
    "10": 0.5591728157043457,
    "11": 0.5855617058753967,
    "12": 0.5512462839126587,
    "13": 0.5388036802768708,
    "14": 0.5386899541378021,
    "15": 0.5405199116706848,
    "16": 0.5662816727876663,
    "17": 0.5594547623157501,
    "18": 0.5555293228626251,
    "19": 0.5571955637931824,
    "20": 0.5592076447486878,
    "21": 0.5619837392330169,
    "22": 0.5636555553436279,
    "23": 0.5849621176242829,
    "24": 0.5743237282752991,
    "25": 0.5809571780204773,
    "26": 0.5694704772949218,
    "27": 0.6055339520454407,
    "28": 0.5754038224697113,
    "29": 0.6364714324951172,
    "30": 0.6967025380134583,
    "31": 0.5766872554779052,
    "32": 0.6186324389457702
  },
  "drift_final_total_l2": {
    "0": 1.8592761754989624,
    "1": 2.0943586826324463,
    "2": 13.859395980834961,
    "3": 2.6793277263641357,
    "4": 15.663188934326172,
    "5": 14.071240425109863,
    "6": 12.816385269165039,
    "7": 15.175714492797852,
    "8": 10.789102554321289,
    "9": 17.051937103271484,
    "10": 16.156845092773438,
    "11": 18.244461059570312,
    "12": 18.816179275512695,
    "13": 19.741262435913086,
    "14": 16.25050163269043,
    "15": 12.782585144042969,
    "16": 15.847086906433105,
    "17": 16.477066040039062,
    "18": 14.607207298278809,
    "19": 12.240694999694824,
    "20": 10.406392097473145,
    "21": 14.095829010009766,
    "22": 9.879318237304688,
    "23": 8.204172134399414,
    "24": 13.042046546936035,
    "25": 11.797309875488281,
    "26": 7.723491191864014,
    "27": 10.251283645629883,
    "28": 7.652307987213135,
    "29": 11.727538108825684,
    "30": 15.758855819702148,
    "31": 10.120516777038574,
    "32": 11.288384437561035
  },
  "probe_type": "mlp",
  "probe_hidden_size": [
    32
  ],