{
  "config": {
    "model_short": "llama",
    "task_name": "somo",
    "dataset": {
      "train": "cache/llama/somo_train/",
      "test": "cache/llama/somo_test/"
    },
    "mdl": {
      "batch_size": 64,
      "probe_type": "mlp",
      "probe_hidden_size": [
        181
      ],
      "num_classes": 2,
      "init_strategy": "gamma_second_zero",
      "init_gamma": 1.8,
      "optimizer": "adamw",
      "train_epochs": 10,
      "lr": 0.001,
      "seed": 442,
      "early_stopping_gap": 3,
      "split_num": 5,
      "split_ratio": 2.0
    },
    "out_dir": "init_results/llama/somo/hidden-181/seed-442/strategy-gamma_second_zero/gamma-1.8/opt-adamw/2026-04-25_03-40-02"
  },
  "train_meta": {
    "dataset": "compling/somo",
    "split": "train",
    "text_col": "text",
    "model": "meta-llama/Meta-Llama-3.1-8B",
    "max_len": 64,
    "hidden_size": 4096,
    "num_hidden_layers": 32,
    "num_states": 33,
    "memmap_file": "last_token_hidden_states.memmap",
    "dtype": "float32",
    "shape": [
      15000,
      33,
      4096
    ]
  },
  "test_meta": {
    "dataset": "compling/somo",
    "split": "test",
    "text_col": "text",
    "model": "meta-llama/Meta-Llama-3.1-8B",
    "max_len": 64,
    "hidden_size": 4096,
    "num_hidden_layers": 32,
    "num_states": 33,
    "memmap_file": "last_token_hidden_states.memmap",
    "dtype": "float32",
    "shape": [
      10000,
      33,
      4096
    ]
  },
  "splits": [
    484,
    968,
    1936,
    3872,
    7740
  ],
  "mdl_sum_ce": {
    "0": 10060.846343040466,
    "1": 10060.056226730347,
    "2": 10059.89490556717,
    "3": 10025.004976272583,
    "4": 9751.849688529968,
    "5": 9593.267844676971,
    "6": 9506.58692741394,
    "7": 9257.140228271484,
    "8": 8899.259977817535,
    "9": 8540.614796161652,
    "10": 8118.99484205246,
    "11": 8208.953366279602,
    "12": 8107.519557952881,
    "13": 8119.8367528915405,
    "14": 8176.927035808563,
    "15": 8398.20619392395,
    "16": 8324.969622612,
    "17": 8433.432478427887,
    "18": 8495.169016361237,
    "19": 8511.960726499557,
    "20": 8582.257424354553,
    "21": 8616.765607357025,
    "22": 8628.445551872253,
    "23": 8660.36884021759,
    "24": 8743.307545661926,
    "25": 8779.593307495117,
    "26": 8759.86998128891,
    "27": 8772.101261138916,
    "28": 8788.275036811829,
    "29": 8890.703665733337,
    "30": 8826.207982063293,
    "31": 8890.982677459717,
    "32": 8911.187404155731
  },
  "mdl_nll": {
    "0": 0.6930866866244466,
    "1": 0.6930322559059208,
    "2": 0.6930211425714501,
    "3": 0.6906175927440468,
    "4": 0.6718000612103864,
    "5": 0.6608754370816321,
    "6": 0.6549040319243552,
    "7": 0.6377197732344644,
    "8": 0.6130655812770416,
    "9": 0.5883586935906345,
    "10": 0.559313505239216,
    "11": 0.5655107031055113,
    "12": 0.5585229786410086,
    "13": 0.5593715040570089,
    "14": 0.5633044251728136,
    "15": 0.5785482360101922,
    "16": 0.5735030051399834,
    "17": 0.5809749571802072,
    "18": 0.5852279564867207,
    "19": 0.5863847290231163,
    "20": 0.5912274334771668,
    "21": 0.5936046849929061,
    "22": 0.5944093105450712,
    "23": 0.5966084899571225,
    "24": 0.602322096008675,
    "25": 0.6048218040434773,
    "26": 0.6034630739383376,
    "27": 0.6043056807067316,
    "28": 0.6054198840460063,
    "29": 0.6124761412051073,
    "30": 0.6080330657249444,
    "31": 0.6124953621837776,
    "32": 0.6138872557285568
  },
  "stopping_epochs_per_stage": {
    "0": [
      1,
      1,
      9,
      5
    ],
    "1": [
      1,
      2,
      8,
      2
    ],
    "2": [
      1,
      3,
      9,
      2
    ],
    "3": [
      1,
      3,
      1,
      6
    ],
    "4": [
      2,
      6,
      9,
      9
    ],
    "5": [
      7,
      10,
      10,
      7
    ],
    "6": [
      8,
      10,
      9,
      5
    ],
    "7": [
      1,
      10,
      9,
      10
    ],
    "8": [
      8,
      9,
      8,
      7
    ],
    "9": [
      2,
      10,
      8,
      5
    ],
    "10": [
      10,
      9,
      6,
      6
    ],
    "11": [
      1,
      4,
      6,
      6
    ],
    "12": [
      10,
      8,
      9,
      4
    ],
    "13": [
      6,
      4,
      6,
      3
    ],
    "14": [
      6,
      5,
      5,
      4
    ],
    "15": [
      1,
      5,
      4,
      9
    ],
    "16": [
      6,
      7,
      4,
      7
    ],
    "17": [
      7,
      7,
      5,
      4
    ],
    "18": [
      9,
      9,
      4,
      7
    ],
    "19": [
      6,
      9,
      8,
      6
    ],
    "20": [
      4,
      3,
      5,
      4
    ],
    "21": [
      1,
      6,
      5,
      5
    ],
    "22": [
      7,
      9,
      6,
      3
    ],
    "23": [
      1,
      5,
      8,
      4
    ],
    "24": [
      1,
      10,
      7,
      6
    ],
    "25": [
      2,
      6,
      9,
      6
    ],
    "26": [
      4,
      7,
      6,
      7
    ],
    "27": [
      5,
      8,
      9,
      6
    ],
    "28": [
      8,
      4,
      4,
      3
    ],
    "29": [
      4,
      5,
      4,
      4
    ],
    "30": [
      8,
      3,
      3,
      6
    ],
    "31": [
      9,
      3,
      8,
      10
    ],
    "32": [
      6,
      6,
      6,
      6
    ]
  },
  "test_acc": {
    "0": 0.5013,
    "1": 0.5013,
    "2": 0.4978,
    "3": 0.5422,
    "4": 0.6034,
    "5": 0.6345,
    "6": 0.6454,
    "7": 0.6528,
    "8": 0.6768,
    "9": 0.7087,
    "10": 0.7327,
    "11": 0.7217,
    "12": 0.7295,
    "13": 0.732,
    "14": 0.7332,
    "15": 0.7005,
    "16": 0.7273,
    "17": 0.7148,
    "18": 0.718,
    "19": 0.7085,
    "20": 0.7211,
    "21": 0.7122,
    "22": 0.6729,
    "23": 0.7087,
    "24": 0.7097,
    "25": 0.7087,
    "26": 0.6884,
    "27": 0.6863,
    "28": 0.7004,
    "29": 0.6998,
    "30": 0.663,
    "31": 0.7053,
    "32": 0.6877
  },
  "test_loss": {
    "0": 0.6931366753578186,
    "1": 0.6932272359848023,
    "2": 0.6936639856338501,
    "3": 0.6870804538726807,
    "4": 0.6627504383087158,
    "5": 0.6411312970161438,
    "6": 0.6312225650787353,
    "7": 0.6298003442764282,
    "8": 0.6014371699333191,
    "9": 0.575050959777832,
    "10": 0.5442048002243042,
    "11": 0.549358869600296,
    "12": 0.5478944561004638,
    "13": 0.5439733017921448,
    "14": 0.5486576897621155,
    "15": 0.5748579535007476,
    "16": 0.5635487631320953,
    "17": 0.5620922991752625,
    "18": 0.5586963304519653,
    "19": 0.5693156024456024,
    "20": 0.5591014636993408,
    "21": 0.5653177764892579,
    "22": 0.6261244817733764,
    "23": 0.5779689392089844,
    "24": 0.5786370422363282,
    "25": 0.5721828125,
    "26": 0.5940043078422547,
    "27": 0.6306435726165771,
    "28": 0.5804248802185059,
    "29": 0.5765838819503785,
    "30": 0.6241973825454712,
    "31": 0.5738782388687134,
    "32": 0.5938425242424011
  },
  "drift_final_total_l2": {
    "0": 5.394213676452637,
    "1": 6.062939167022705,
    "2": 9.140013694763184,
    "3": 13.21106243133545,
    "4": 15.95333480834961,
    "5": 23.794353485107422,
    "6": 20.684057235717773,
    "7": 21.693347930908203,
    "8": 16.55984115600586,
    "9": 31.537887573242188,
    "10": 23.521440505981445,
    "11": 17.07799530029297,
    "12": 30.288883209228516,
    "13": 22.83759307861328,
    "14": 27.52431297302246,
    "15": 33.043941497802734,
    "16": 29.318038940429688,
    "17": 14.403023719787598,
    "18": 19.3299617767334,
    "19": 18.713764190673828,
    "20": 25.984403610229492,
    "21": 20.715503692626953,
    "22": 16.941123962402344,
    "23": 19.328662872314453,
    "24": 20.802934646606445,
    "25": 18.069021224975586,
    "26": 16.562528610229492,
    "27": 23.09067726135254,
    "28": 17.129329681396484,
    "29": 13.097939491271973,
    "30": 18.076244354248047,
    "31": 10.228570938110352,
    "32": 14.722858428955078
  },
  "probe_type": "mlp",
  "probe_hidden_size": [
    181
  ],
  "init_strategy": "gamma_second_zero",
  "init_gamma": 1.8,