{
  "mdl": {
    "0": 708.6557579040527,
    "1": 708.0579633712769,
    "2": 706.7016763687134,
    "3": 676.1548652648926,
    "4": 646.9618639945984,
    "5": 593.354540348053,
    "6": 580.9562134742737,
    "7": 563.2950105667114,
    "8": 597.9450316429138,
    "9": 586.7770519256592,
    "10": 479.3630847930908,
    "11": 519.1659755706787,
    "12": 577.589572429657,
    "13": 609.2460751533508,
    "14": 630.996340751648,
    "15": 641.3148484230042,
    "16": 616.7714672088623,
    "17": 669.8319773674011,
    "18": 648.9326663017273,
    "19": 667.7142443656921,
    "20": 685.1806440353394,
    "21": 714.7053666114807,
    "22": 689.9023489952087,
    "23": 695.7886633872986,
    "24": 714.7637906074524,
    "25": 729.779061794281,
    "26": 721.4723091125488,
    "27": 685.2789964675903,
    "28": 714.0135006904602,
    "29": 703.1426019668579,
    "30": 724.916898727417,
    "31": 695.9292087554932,
    "32": 690.9309315681458
  },
  "acc": {
    "0": 0.5,
    "1": 0.5,
    "2": 0.5,
    "3": 0.6342105263157894,
    "4": 0.6307017543859649,
    "5": 0.6899122807017544,
    "6": 0.706140350877193,
    "7": 0.7144736842105263,
    "8": 0.6899122807017544,
    "9": 0.7035087719298245,
    "10": 0.7763157894736842,
    "11": 0.756140350877193,
    "12": 0.7144736842105263,
    "13": 0.6815789473684211,
    "14": 0.6697368421052632,
    "15": 0.6605263157894737,
    "16": 0.6771929824561403,
    "17": 0.6407894736842106,
    "18": 0.6644736842105263,
    "19": 0.6574561403508772,
    "20": 0.650438596491228,
    "21": 0.6403508771929824,
    "22": 0.6486842105263158,
    "23": 0.6416666666666667,
    "24": 0.6342105263157894,
    "25": 0.6359649122807017,
    "26": 0.6350877192982456,
    "27": 0.637280701754386,
    "28": 0.6346491228070176,
    "29": 0.6434210526315789,
    "30": 0.624561403508772,
    "31": 0.631140350877193,
    "32": 0.5982456140350877
  },
  "probe_size": [
    4096,
    128,
    2
  ],
  "probe_type": "mlp",
  "base_model_name": "meta-llama/Meta-Llama-3.1-8B"
}