{
  "config": {
    "model_short": "llama",
    "task_name": "somo",
    "dataset": {
      "train": "cache/llama/somo_train/",
      "test": "cache/llama/somo_test/"
    },
    "mdl": {
      "batch_size": 64,
      "probe_type": "mlp",
      "probe_hidden_size": [
        512
      ],
      "num_classes": 2,
      "init_strategy": "gamma_second_zero",
      "init_gamma": 0.5,
      "optimizer": "adamw",
      "train_epochs": 10,
      "lr": 0.001,
      "seed": 342,
      "early_stopping_gap": 3,
      "split_num": 5,
      "split_ratio": 2.0
    },
    "out_dir": "init_results/llama/somo/hidden-512/seed-342/strategy-gamma_second_zero/gamma-0.5/2026-04-21_00-46-34"
  },
  "train_meta": {
    "dataset": "compling/somo",
    "split": "train",
    "text_col": "text",
    "model": "meta-llama/Meta-Llama-3.1-8B",
    "max_len": 64,
    "hidden_size": 4096,
    "num_hidden_layers": 32,
    "num_states": 33,
    "memmap_file": "last_token_hidden_states.memmap",
    "dtype": "float32",
    "shape": [
      15000,
      33,
      4096
    ]
  },
  "test_meta": {
    "dataset": "compling/somo",
    "split": "test",
    "text_col": "text",
    "model": "meta-llama/Meta-Llama-3.1-8B",
    "max_len": 64,
    "hidden_size": 4096,
    "num_hidden_layers": 32,
    "num_states": 33,
    "memmap_file": "last_token_hidden_states.memmap",
    "dtype": "float32",
    "shape": [
      10000,
      33,
      4096
    ]
  },
  "splits": [
    484,
    968,
    1936,
    3872,
    7740
  ],
  "mdl_sum_ce": {
    "0": 10060.882002830505,
    "1": 10060.872179031372,
    "2": 10062.155093193054,
    "3": 10037.155536651611,
    "4": 9764.734782218933,
    "5": 9542.637098312378,
    "6": 9489.487728118896,
    "7": 9303.919954299927,
    "8": 8914.123647212982,
    "9": 8513.677321910858,
    "10": 8144.1015729904175,
    "11": 8083.070341587067,
    "12": 8106.225674152374,
    "13": 8224.49894285202,
    "14": 8193.206909179688,
    "15": 8239.057275772095,
    "16": 8303.840731620789,
    "17": 8446.561169624329,
    "18": 8710.60158109665,
    "19": 8577.174677848816,
    "20": 8576.075617790222,
    "21": 8709.150364875793,
    "22": 8849.27244234085,
    "23": 8799.602991580963,
    "24": 8859.854833126068,
    "25": 8774.729164600372,
    "26": 8893.077604293823,
    "27": 8806.388913154602,
    "28": 8817.349783420563,
    "29": 8845.140416622162,
    "30": 8752.82314491272,
    "31": 8829.649560928345,
    "32": 8866.308091640472
  },
  "mdl_nll": {
    "0": 0.6930891432095967,
    "1": 0.6930884664529741,
    "2": 0.6931768457697062,
    "3": 0.6914546387883447,
    "4": 0.67268770888805,
    "5": 0.6573875102171658,
    "6": 0.653726076613316,
    "7": 0.640942405228708,
    "8": 0.6140895320482903,
    "9": 0.5865029844248317,
    "10": 0.561043095411299,
    "11": 0.5568386843198585,
    "12": 0.5584338436313292,
    "13": 0.5665816301220736,
    "14": 0.5644259375296009,
    "15": 0.5675845464158236,
    "16": 0.5720474463778443,
    "17": 0.5818793861686642,
    "18": 0.6000689984221996,
    "19": 0.5908772856054572,
    "20": 0.5908015719061878,
    "21": 0.5999690248605534,
    "22": 0.6096219648898354,
    "23": 0.6062002612001215,
    "24": 0.6103509805129559,
    "25": 0.6044867156654983,
    "26": 0.6126396806485136,
    "27": 0.6066677399527832,
    "28": 0.6074228288385618,
    "29": 0.609337311698964,
    "30": 0.602977620895062,
    "31": 0.608270154376436,
    "32": 0.6107955422733861
  },
  "stopping_epochs_per_stage": {
    "0": [
      3,
      5,
      5,
      2
    ],
    "1": [
      1,
      1,
      1,
      1
    ],
    "2": [
      1,
      1,
      1,
      3
    ],
    "3": [
      1,
      1,
      4,
      9
    ],
    "4": [
      1,
      1,
      6,
      7
    ],
    "5": [
      8,
      7,
      7,
      7
    ],
    "6": [
      5,
      1,
      7,
      7
    ],
    "7": [
      5,
      9,
      8,
      4
    ],
    "8": [
      8,
      8,
      8,
      4
    ],
    "9": [
      6,
      7,
      5,
      7
    ],
    "10": [
      8,
      5,
      4,
      2
    ],
    "11": [
      6,
      4,
      4,
      3
    ],
    "12": [
      6,
      9,
      4,
      3
    ],
    "13": [
      6,
      5,
      2,
      2
    ],
    "14": [
      4,
      4,
      2,
      5
    ],
    "15": [
      4,
      7,
      3,
      4
    ],
    "16": [
      5,
      4,
      4,
      4
    ],
    "17": [
      5,
      4,
      5,
      6
    ],
    "18": [
      4,
      4,
      4,
      1
    ],
    "19": [
      2,
      6,
      6,
      5
    ],
    "20": [
      6,
      5,
      4,
      5
    ],
    "21": [
      3,
      5,
      5,
      5
    ],
    "22": [
      3,
      6,
      4,
      1
    ],
    "23": [
      2,
      9,
      6,
      4
    ],
    "24": [
      4,
      5,
      5,
      3
    ],
    "25": [
      3,
      4,
      5,
      5
    ],
    "26": [
      1,
      3,
      3,
      5
    ],
    "27": [
      6,
      5,
      4,
      3
    ],
    "28": [
      2,
      4,
      5,
      5
    ],
    "29": [
      3,
      5,
      6,
      4
    ],
    "30": [
      3,
      5,
      5,
      5
    ],
    "31": [
      2,
      6,
      3,
      4
    ],
    "32": [
      5,
      6,
      6,
      6
    ]
  },
  "test_acc": {
    "0": 0.4982,
    "1": 0.4955,
    "2": 0.5264,
    "3": 0.5395,
    "4": 0.6031,
    "5": 0.6352,
    "6": 0.643,
    "7": 0.6582,
    "8": 0.6915,
    "9": 0.6942,
    "10": 0.7214,
    "11": 0.7293,
    "12": 0.7319,
    "13": 0.7297,
    "14": 0.7259,
    "15": 0.7228,
    "16": 0.7193,
    "17": 0.7203,
    "18": 0.6943,
    "19": 0.7082,
    "20": 0.7201,
    "21": 0.7045,
    "22": 0.6901,
    "23": 0.7012,
    "24": 0.7089,
    "25": 0.6955,
    "26": 0.6701,
    "27": 0.7051,
    "28": 0.6999,
    "29": 0.6688,
    "30": 0.6813,
    "31": 0.6997,
    "32": 0.6677
  },
  "test_loss": {
    "0": 0.6932456592559815,
    "1": 0.6936118963241578,
    "2": 0.6929423732757568,
    "3": 0.6972581081390381,
    "4": 0.6596973059654235,
    "5": 0.6443544855117798,
    "6": 0.6363011804580688,
    "7": 0.6280498628616333,
    "8": 0.6005896204948425,
    "9": 0.6011275208473206,
    "10": 0.586558318901062,
    "11": 0.563567816400528,
    "12": 0.5553164500236512,
    "13": 0.5626482683181763,
    "14": 0.5743306125164032,
    "15": 0.5664786008358002,
    "16": 0.5764100610256195,
    "17": 0.5648706043720245,
    "18": 0.5974636994838715,
    "19": 0.5797130427360535,
    "20": 0.5680337002277375,
    "21": 0.5902503931999207,
    "22": 0.6025242164611816,
    "23": 0.5890538959503174,
    "24": 0.581641307258606,
    "25": 0.605725430727005,
    "26": 0.6573382746219635,
    "27": 0.5834491281032562,
    "28": 0.5945880628585816,
    "29": 0.6389373006820679,
    "30": 0.6430214241027832,
    "31": 0.5963287090301513,
    "32": 0.6065646418571472
  },
  "drift_final_total_l2": {
    "0": 8.308218002319336,
    "1": 14.601836204528809,
    "2": 29.472394943237305,
    "3": 28.41642951965332,
    "4": 25.330358505249023,
    "5": 41.55414962768555,
    "6": 35.54624938964844,
    "7": 40.185726165771484,
    "8": 48.10784912109375,
    "9": 42.11139678955078,
    "10": 45.95540237426758,
    "11": 49.72494888305664,
    "12": 43.27969741821289,
    "13": 53.616676330566406,
    "14": 44.425819396972656,
    "15": 36.750858306884766,
    "16": 43.18515396118164,
    "17": 38.199832916259766,
    "18": 39.87263107299805,
    "19": 34.987464904785156,
    "20": 29.409563064575195,
    "21": 35.18373107910156,
    "22": 34.933990478515625,
    "23": 30.716346740722656,
    "24": 32.79461669921875,
    "25": 28.45277214050293,
    "26": 30.557464599609375,
    "27": 30.580812454223633,
    "28": 32.18836975097656,
    "29": 22.207502365112305,
    "30": 26.39316749572754,
    "31": 23.103410720825195,
    "32": 17.94463539123535
  },
  "probe_type": "mlp",
  "probe_hidden_size": [
    512
  ],
  "init_strategy": "gamma_second_zero",
  "init_gamma": 0.5,