{
  "config": {
    "model_short": "llama",
    "task_name": "somo",
    "dataset": {
      "train": "cache/llama/somo_train/",
      "test": "cache/llama/somo_test/"
    },
    "mdl": {
      "batch_size": 64,
      "probe_type": "mlp",
      "probe_hidden_size": [
        64
      ],
      "num_classes": 2,
      "init_strategy": "gamma_second_zero",
      "init_gamma": 1.8,
      "optimizer": "adamw",
      "train_epochs": 10,
      "lr": 0.001,
      "seed": 342,
      "early_stopping_gap": 3,
      "split_num": 5,
      "split_ratio": 2.0
    },
    "out_dir": "init_results/llama/somo/hidden-64/seed-342/strategy-gamma_second_zero/gamma-1.8/opt-adamw/2026-04-25_03-32-54"
  },
  "train_meta": {
    "dataset": "compling/somo",
    "split": "train",
    "text_col": "text",
    "model": "meta-llama/Meta-Llama-3.1-8B",
    "max_len": 64,
    "hidden_size": 4096,
    "num_hidden_layers": 32,
    "num_states": 33,
    "memmap_file": "last_token_hidden_states.memmap",
    "dtype": "float32",
    "shape": [
      15000,
      33,
      4096
    ]
  },
  "test_meta": {
    "dataset": "compling/somo",
    "split": "test",
    "text_col": "text",
    "model": "meta-llama/Meta-Llama-3.1-8B",
    "max_len": 64,
    "hidden_size": 4096,
    "num_hidden_layers": 32,
    "num_states": 33,
    "memmap_file": "last_token_hidden_states.memmap",
    "dtype": "float32",
    "shape": [
      10000,
      33,
      4096
    ]
  },
  "splits": [
    484,
    968,
    1936,
    3872,
    7740
  ],
  "mdl_sum_ce": {
    "0": 10060.93214225769,
    "1": 10060.15209388733,
    "2": 10060.823269367218,
    "3": 10010.993907928467,
    "4": 9740.967723846436,
    "5": 9550.08742427826,
    "6": 9454.599733352661,
    "7": 9228.092406272888,
    "8": 8809.901510238647,
    "9": 8452.019083023071,
    "10": 8197.246222019196,
    "11": 8097.748488903046,
    "12": 8077.523710727692,
    "13": 8078.250176906586,
    "14": 8148.4030838012695,
    "15": 8380.260074615479,
    "16": 8288.58765912056,
    "17": 8451.40404176712,
    "18": 8503.338145256042,
    "19": 8643.953520774841,
    "20": 8535.947918891907,
    "21": 8725.219575881958,
    "22": 8585.971051216125,
    "23": 8655.714325428009,
    "24": 8782.327986717224,
    "25": 8751.943631649017,
    "26": 8739.412049293518,
    "27": 8798.598567962646,
    "28": 8779.245921611786,
    "29": 8823.783534526825,
    "30": 8859.486863136292,
    "31": 8791.286493301392,
    "32": 8941.107274532318
  },
  "mdl_nll": {
    "0": 0.6930925972897279,
    "1": 0.6930388601465507,
    "2": 0.6930850970906047,
    "3": 0.6896523772339809,
    "4": 0.6710504080908264,
    "5": 0.6579007594570309,
    "6": 0.651322660054606,
    "7": 0.6357186832648725,
    "8": 0.6069097210139602,
    "9": 0.5822553791005147,
    "10": 0.564704203776467,
    "11": 0.5578498545675837,
    "12": 0.5564565796863937,
    "13": 0.5565066255791254,
    "14": 0.5613394243456372,
    "15": 0.5773119368018379,
    "16": 0.5709966698209259,
    "17": 0.5822130092151502,
    "18": 0.5857907237018491,
    "19": 0.5954776467880161,
    "20": 0.5880371947431735,
    "21": 0.6010760247920885,
    "22": 0.591483263379452,
    "23": 0.596287842754754,
    "24": 0.6050101947311397,
    "25": 0.6029170316649916,
    "26": 0.6020537372067731,
    "27": 0.606131066958022,
    "28": 0.6047978728032368,
    "29": 0.6078660467433745,
    "30": 0.6103256312438889,
    "31": 0.6056273417815784,
    "32": 0.6159484206759657
  },
  "stopping_epochs_per_stage": {
    "0": [
      3,
      1,
      1,
      3
    ],
    "1": [
      2,
      2,
      2,
      10
    ],
    "2": [
      2,
      1,
      2,
      8
    ],
    "3": [
      3,
      1,
      1,
      10
    ],
    "4": [
      4,
      9,
      9,
      9
    ],
    "5": [
      3,
      10,
      7,
      9
    ],
    "6": [
      8,
      10,
      7,
      10
    ],
    "7": [
      9,
      6,
      9,
      10
    ],
    "8": [
      10,
      9,
      8,
      8
    ],
    "9": [
      10,
      6,
      10,
      8
    ],
    "10": [
      10,
      10,
      2,
      7
    ],
    "11": [
      10,
      9,
      9,
      8
    ],
    "12": [
      10,
      9,
      7,
      10
    ],
    "13": [
      10,
      8,
      4,
      5
    ],
    "14": [
      8,
      8,
      5,
      6
    ],
    "15": [
      9,
      8,
      4,
      9
    ],
    "16": [
      9,
      6,
      9,
      7
    ],
    "17": [
      8,
      8,
      9,
      7
    ],
    "18": [
      10,
      8,
      6,
      5
    ],
    "19": [
      7,
      4,
      7,
      10
    ],
    "20": [
      8,
      5,
      9,
      4
    ],
    "21": [
      9,
      10,
      8,
      10
    ],
    "22": [
      6,
      6,
      7,
      7
    ],
    "23": [
      4,
      6,
      4,
      7
    ],
    "24": [
      5,
      8,
      9,
      10
    ],
    "25": [
      10,
      8,
      4,
      6
    ],
    "26": [
      4,
      6,
      5,
      5
    ],
    "27": [
      7,
      6,
      7,
      6
    ],
    "28": [
      4,
      5,
      6,
      3
    ],
    "29": [
      4,
      10,
      9,
      8
    ],
    "30": [
      7,
      7,
      4,
      7
    ],
    "31": [
      5,
      5,
      7,
      4
    ],
    "32": [
      2,
      7,
      5,
      9
    ]
  },
  "test_acc": {
    "0": 0.4982,
    "1": 0.5028,
    "2": 0.5013,
    "3": 0.5013,
    "4": 0.6055,
    "5": 0.6355,
    "6": 0.6221,
    "7": 0.6646,
    "8": 0.6977,
    "9": 0.6962,
    "10": 0.7202,
    "11": 0.7316,
    "12": 0.7109,
    "13": 0.7321,
    "14": 0.7349,
    "15": 0.7283,
    "16": 0.7298,
    "17": 0.7081,
    "18": 0.7232,
    "19": 0.7167,
    "20": 0.6625,
    "21": 0.7182,
    "22": 0.7141,
    "23": 0.7015,
    "24": 0.7024,
    "25": 0.7063,
    "26": 0.6976,
    "27": 0.7043,
    "28": 0.6834,
    "29": 0.6965,
    "30": 0.6989,
    "31": 0.6814,
    "32": 0.6849
  },
  "test_loss": {
    "0": 0.6932015705108643,
    "1": 0.6936357070922852,
    "2": 0.6931608599662781,
    "3": 0.6932150197982788,
    "4": 0.6596623746871948,
    "5": 0.6415164798736572,
    "6": 0.6473294571876526,
    "7": 0.6144830871582031,
    "8": 0.586502823638916,
    "9": 0.5893557280540467,
    "10": 0.5579289730072021,
    "11": 0.5452900147438049,
    "12": 0.5839031627655029,
    "13": 0.5399366068840027,
    "14": 0.5386958611488343,
    "15": 0.5461042410850525,
    "16": 0.5477070589065551,
    "17": 0.57528623752594,
    "18": 0.5514358757972717,
    "19": 0.5545033894538879,
    "20": 0.640976355934143,
    "21": 0.5649714255332947,
    "22": 0.5602633264064789,
    "23": 0.5766696835517884,
    "24": 0.5810992778778076,
    "25": 0.5689579241752625,
    "26": 0.5984776294708252,
    "27": 0.5834203887939453,
    "28": 0.6035856103897095,
    "29": 0.5948449515342712,
    "30": 0.5834182122707366,
    "31": 0.6079732560157776,
    "32": 0.6018585177421569
  },
  "drift_final_total_l2": {
    "0": 4.215131759643555,
    "1": 12.16526985168457,
    "2": 4.389926433563232,
    "3": 2.9260740280151367,
    "4": 14.04755973815918,
    "5": 19.14256477355957,
    "6": 16.259431838989258,
    "7": 18.484821319580078,
    "8": 22.403470993041992,
    "9": 18.24103355407715,
    "10": 19.94930076599121,
    "11": 23.3422794342041,
    "12": 17.8598575592041,
    "13": 21.46282196044922,
    "14": 20.851531982421875,
    "15": 23.28434181213379,
    "16": 20.337520599365234,
    "17": 22.846582412719727,
    "18": 13.107697486877441,
    "19": 9.841691970825195,
    "20": 13.65012264251709,
    "21": 17.97385025024414,
    "22": 8.168848037719727,
    "23": 8.049775123596191,
    "24": 21.245946884155273,
    "25": 19.658302307128906,
    "26": 12.65787124633789,
    "27": 18.307029724121094,
    "28": 14.097557067871094,
    "29": 10.045705795288086,
    "30": 12.507737159729004,
    "31": 12.746630668640137,
    "32": 13.093894958496094
  },
  "probe_type": "mlp",
  "probe_hidden_size": [
    64
  ],
  "init_strategy": "gamma_second_zero",