{
  "config": {
    "model_short": "llama",
    "task_name": "somo",
    "dataset": {
      "train": "cache/llama/somo_train/",
      "test": "cache/llama/somo_test/"
    },
    "mdl": {
      "batch_size": 64,
      "probe_type": "mlp",
      "probe_hidden_size": [
        32
      ],
      "num_classes": 2,
      "init_strategy": "gamma_second_zero",
      "init_gamma": 1.5,
      "optimizer": "adamw",
      "train_epochs": 10,
      "lr": 0.001,
      "seed": 142,
      "early_stopping_gap": 3,
      "split_num": 5,
      "split_ratio": 2.0
    },
    "out_dir": "init_results/llama/somo/hidden-32/seed-142/strategy-gamma_second_zero/gamma-1.5/2026-04-21_01-26-25"
  },
  "train_meta": {
    "dataset": "compling/somo",
    "split": "train",
    "text_col": "text",
    "model": "meta-llama/Meta-Llama-3.1-8B",
    "max_len": 64,
    "hidden_size": 4096,
    "num_hidden_layers": 32,
    "num_states": 33,
    "memmap_file": "last_token_hidden_states.memmap",
    "dtype": "float32",
    "shape": [
      15000,
      33,
      4096
    ]
  },
  "test_meta": {
    "dataset": "compling/somo",
    "split": "test",
    "text_col": "text",
    "model": "meta-llama/Meta-Llama-3.1-8B",
    "max_len": 64,
    "hidden_size": 4096,
    "num_hidden_layers": 32,
    "num_states": 33,
    "memmap_file": "last_token_hidden_states.memmap",
    "dtype": "float32",
    "shape": [
      10000,
      33,
      4096
    ]
  },
  "splits": [
    484,
    968,
    1936,
    3872,
    7740
  ],
  "mdl_sum_ce": {
    "0": 10060.121738433838,
    "1": 10060.972067832947,
    "2": 10059.038210868835,
    "3": 10018.243236541748,
    "4": 10007.612010002136,
    "5": 9468.467551708221,
    "6": 9418.156778812408,
    "7": 9335.021750926971,
    "8": 9002.79878282547,
    "9": 8561.51394033432,
    "10": 8104.004565238953,
    "11": 8250.687345981598,
    "12": 8142.0357275009155,
    "13": 8289.112377166748,
    "14": 8159.323312282562,
    "15": 8218.528920173645,
    "16": 8318.599912166595,
    "17": 8374.010770320892,
    "18": 8465.926470279694,
    "19": 8690.529679775238,
    "20": 8586.677604675293,
    "21": 8584.066190719604,
    "22": 8608.194677352905,
    "23": 8801.711350440979,
    "24": 8752.460514068604,
    "25": 8870.24280166626,
    "26": 8901.75476360321,
    "27": 8832.253370285034,
    "28": 8882.213700771332,
    "29": 8914.523596286774,
    "30": 8869.532786369324,
    "31": 9577.976697921753,
    "32": 8910.956351280212
  },
  "mdl_nll": {
    "0": 0.6930367689744997,
    "1": 0.6930953477426941,
    "2": 0.6929621253009669,
    "3": 0.6901517798664748,
    "4": 0.6894193999725914,
    "5": 0.6522780071444076,
    "6": 0.6488121230926156,
    "7": 0.6430849924860135,
    "8": 0.6201983179130249,
    "9": 0.5897984252090328,
    "10": 0.5582808325460838,
    "11": 0.5683857361519425,
    "12": 0.5609007803458884,
    "13": 0.5710328173854194,
    "14": 0.5620917134391404,
    "15": 0.5661703582373687,
    "16": 0.5730641989643562,
    "17": 0.5768814253458868,
    "18": 0.5832134520721751,
    "19": 0.5986862551512289,
    "20": 0.5915319374948534,
    "21": 0.5913520384899149,
    "22": 0.5930142378997593,
    "23": 0.606345504990423,
    "24": 0.6029526394370766,
    "25": 0.6110666024845867,
    "26": 0.6132374458255174,
    "27": 0.6084495295043424,
    "28": 0.6118912717533296,
    "29": 0.6141170843405052,
    "30": 0.6110176898849079,
    "31": 0.6598220376082773,
    "32": 0.6138713386112022
  },
  "stopping_epochs_per_stage": {
    "0": [
      7,
      10,
      8,
      6
    ],
    "1": [
      6,
      3,
      6,
      1
    ],
    "2": [
      7,
      1,
      7,
      2
    ],
    "3": [
      10,
      1,
      10,
      10
    ],
    "4": [
      10,
      6,
      10,
      1
    ],
    "5": [
      10,
      5,
      10,
      7
    ],
    "6": [
      10,
      10,
      9,
      9
    ],
    "7": [
      10,
      10,
      6,
      10
    ],
    "8": [
      10,
      9,
      9,
      10
    ],
    "9": [
      10,
      9,
      10,
      4
    ],
    "10": [
      10,
      10,
      9,
      4
    ],
    "11": [
      10,
      9,
      8,
      9
    ],
    "12": [
      10,
      10,
      10,
      5
    ],
    "13": [
      9,
      8,
      10,
      9
    ],
    "14": [
      9,
      9,
      6,
      6
    ],
    "15": [
      10,
      9,
      6,
      4
    ],
    "16": [
      9,
      9,
      8,
      7
    ],
    "17": [
      10,
      10,
      7,
      7
    ],
    "18": [
      10,
      9,
      6,
      10
    ],
    "19": [
      10,
      5,
      4,
      9
    ],
    "20": [
      6,
      8,
      4,
      10
    ],
    "21": [
      8,
      10,
      8,
      8
    ],
    "22": [
      10,
      9,
      8,
      7
    ],
    "23": [
      10,
      9,
      6,
      4
    ],
    "24": [
      7,
      10,
      4,
      5
    ],
    "25": [
      10,
      10,
      8,
      4
    ],
    "26": [
      10,
      8,
      8,
      9
    ],
    "27": [
      10,
      7,
      7,
      3
    ],
    "28": [
      5,
      8,
      7,
      8
    ],
    "29": [
      10,
      8,
      6,
      2
    ],
    "30": [
      6,
      8,
      7,
      7
    ],
    "31": [
      10,
      7,
      7,
      1
    ],
    "32": [
      6,
      7,
      4,
      8
    ]
  },
  "test_acc": {
    "0": 0.5013,
    "1": 0.5013,
    "2": 0.5253,
    "3": 0.5505,
    "4": 0.5013,
    "5": 0.6353,
    "6": 0.6488,
    "7": 0.5013,
    "8": 0.6822,
    "9": 0.6959,
    "10": 0.7239,
    "11": 0.7309,
    "12": 0.7304,
    "13": 0.7324,
    "14": 0.7241,
    "15": 0.7281,
    "16": 0.7263,
    "17": 0.725,
    "18": 0.701,
    "19": 0.7185,
    "20": 0.7128,
    "21": 0.6942,
    "22": 0.7132,
    "23": 0.7012,
    "24": 0.699,
    "25": 0.6875,
    "26": 0.706,
    "27": 0.6999,
    "28": 0.6989,
    "29": 0.7,
    "30": 0.6846,
    "31": 0.7017,
    "32": 0.6799
  },
  "test_loss": {
    "0": 0.6931689046859741,
    "1": 0.6931885315895081,
    "2": 0.6917124192237853,
    "3": 0.6849928282737732,
    "4": 0.6932113483428956,
    "5": 0.639278436756134,
    "6": 0.6279046851158142,
    "7": 0.6932226583480835,
    "8": 0.6010302254676819,
    "9": 0.5812507040977478,
    "10": 0.556142597770691,
    "11": 0.5453012981414795,
    "12": 0.5380629918575287,
    "13": 0.53364878282547,
    "14": 0.5571024726390839,
    "15": 0.5397590123176574,
    "16": 0.5505252976894379,
    "17": 0.5497521134853363,
    "18": 0.5905388208389282,
    "19": 0.5655546374320984,
    "20": 0.5629427567481995,
    "21": 0.5797877190589905,
    "22": 0.564272666311264,
    "23": 0.5873754922389984,
    "24": 0.5785259344577789,
    "25": 0.5982523621082306,
    "26": 0.5764076113700867,
    "27": 0.578312026977539,
    "28": 0.5804171032428741,
    "29": 0.5826947736740112,
    "30": 0.5903862771034241,
    "31": 0.5741132527351379,
    "32": 0.595411916065216
  },
  "drift_final_total_l2": {
    "0": 1.4915436506271362,
    "1": 1.8201329708099365,
    "2": 8.604175567626953,
    "3": 8.764083862304688,
    "4": 2.1314034461975098,
    "5": 13.356009483337402,
    "6": 12.620341300964355,
    "7": 1.9539737701416016,
    "8": 10.460487365722656,
    "9": 13.45396614074707,
    "10": 17.586589813232422,
    "11": 17.63166046142578,
    "12": 15.697746276855469,
    "13": 16.8653564453125,
    "14": 20.72783851623535,
    "15": 10.254100799560547,
    "16": 15.180047988891602,
    "17": 16.844680786132812,
    "18": 14.338616371154785,
    "19": 16.126461029052734,
    "20": 15.937214851379395,
    "21": 10.53111457824707,
    "22": 15.732041358947754,
    "23": 10.653432846069336,
    "24": 12.544677734375,
    "25": 7.889764308929443,
    "26": 10.930603981018066,
    "27": 9.51938247680664,
    "28": 9.015262603759766,
    "29": 9.535543441772461,
    "30": 6.979976177215576,
    "31": 7.937131881713867,
    "32": 10.53959846496582
  },
  "probe_type": "mlp",
  "probe_hidden_size": [
    32
  ],
  "init_strategy": "gamma_second_zero",