{
  "config": {
    "model_short": "llama",
    "task_name": "somo",
    "dataset": {
      "train": "cache/llama/somo_train/",
      "test": "cache/llama/somo_test/"
    },
    "mdl": {
      "batch_size": 64,
      "probe_type": "mlp",
      "probe_hidden_size": [
        1448
      ],
      "num_classes": 2,
      "init_strategy": "gamma_second_zero",
      "init_gamma": 1.5,
      "optimizer": "adamw",
      "train_epochs": 10,
      "lr": 0.001,
      "seed": 242,
      "early_stopping_gap": 3,
      "split_num": 5,
      "split_ratio": 2.0
    },
    "out_dir": "init_results/llama/somo/hidden-1448/seed-242/strategy-gamma_second_zero/gamma-1.5/opt-adamw/2026-04-25_03-09-27"
  },
  "train_meta": {
    "dataset": "compling/somo",
    "split": "train",
    "text_col": "text",
    "model": "meta-llama/Meta-Llama-3.1-8B",
    "max_len": 64,
    "hidden_size": 4096,
    "num_hidden_layers": 32,
    "num_states": 33,
    "memmap_file": "last_token_hidden_states.memmap",
    "dtype": "float32",
    "shape": [
      15000,
      33,
      4096
    ]
  },
  "test_meta": {
    "dataset": "compling/somo",
    "split": "test",
    "text_col": "text",
    "model": "meta-llama/Meta-Llama-3.1-8B",
    "max_len": 64,
    "hidden_size": 4096,
    "num_hidden_layers": 32,
    "num_states": 33,
    "memmap_file": "last_token_hidden_states.memmap",
    "dtype": "float32",
    "shape": [
      10000,
      33,
      4096
    ]
  },
  "splits": [
    484,
    968,
    1936,
    3872,
    7740
  ],
  "mdl_sum_ce": {
    "0": 10060.621169090271,
    "1": 10061.706686973572,
    "2": 10062.310492992401,
    "3": 10012.941750526428,
    "4": 9742.174421310425,
    "5": 9528.51273393631,
    "6": 9505.963028907776,
    "7": 9272.132148742676,
    "8": 9098.075228691101,
    "9": 8574.68972492218,
    "10": 8135.641791343689,
    "11": 8167.765553236008,
    "12": 8215.990201950073,
    "13": 8205.202813386917,
    "14": 8235.278777122498,
    "15": 8363.176158428192,
    "16": 8376.774814128876,
    "17": 8468.295208454132,
    "18": 8533.116168498993,
    "19": 8634.0215010643,
    "20": 8696.471942424774,
    "21": 8676.936639785767,
    "22": 8757.242112159729,
    "23": 8710.233793258667,
    "24": 8808.308015823364,
    "25": 8812.635019779205,
    "26": 8866.795664787292,
    "27": 8898.903733253479,
    "28": 8830.65624332428,
    "29": 8862.566276073456,
    "30": 8848.842683792114,
    "31": 8761.844809055328,
    "32": 8948.36741733551
  },
  "mdl_nll": {
    "0": 0.6930711745033253,
    "1": 0.6931459552888931,
    "2": 0.6931875511843759,
    "3": 0.6897865631390485,
    "4": 0.6711335368772682,
    "5": 0.6564144897999662,
    "6": 0.6548610518674411,
    "7": 0.6387525591583546,
    "8": 0.6267618647486292,
    "9": 0.5907060984377362,
    "10": 0.5604603052730566,
    "11": 0.5626732952077713,
    "12": 0.565995467205158,
    "13": 0.5652523293873599,
    "14": 0.5673242475284167,
    "15": 0.5761350343364695,
    "16": 0.5770718389452243,
    "17": 0.5833766332635804,
    "18": 0.5878421168709694,
    "19": 0.594793434903851,
    "20": 0.5990956146613925,
    "21": 0.5977498374060186,
    "22": 0.6032820413447044,
    "23": 0.6000436617014788,
    "24": 0.6067999459784627,
    "25": 0.6070980311228441,
    "26": 0.6108291309442886,
    "27": 0.6130410397667042,
    "28": 0.608339504224599,
    "29": 0.6105377704652422,
    "30": 0.6095923590377593,
    "31": 0.6035991188382012,
    "32": 0.6164485682926089
  },
  "stopping_epochs_per_stage": {
    "0": [
      5,
      1,
      1,
      1
    ],
    "1": [
      6,
      2,
      1,
      3
    ],
    "2": [
      3,
      1,
      3,
      1
    ],
    "3": [
      3,
      4,
      2,
      8
    ],
    "4": [
      7,
      1,
      7,
      9
    ],
    "5": [
      4,
      9,
      5,
      4
    ],
    "6": [
      5,
      6,
      7,
      8
    ],
    "7": [
      6,
      5,
      8,
      7
    ],
    "8": [
      3,
      4,
      2,
      4
    ],
    "9": [
      7,
      4,
      4,
      3
    ],
    "10": [
      5,
      2,
      4,
      4
    ],
    "11": [
      5,
      4,
      3,
      6
    ],
    "12": [
      5,
      5,
      4,
      4
    ],
    "13": [
      6,
      2,
      3,
      5
    ],
    "14": [
      5,
      3,
      3,
      3
    ],
    "15": [
      4,
      2,
      3,
      3
    ],
    "16": [
      6,
      3,
      3,
      5
    ],
    "17": [
      4,
      3,
      4,
      4
    ],
    "18": [
      5,
      3,
      5,
      6
    ],
    "19": [
      6,
      3,
      5,
      5
    ],
    "20": [
      5,
      6,
      4,
      3
    ],
    "21": [
      3,
      4,
      4,
      4
    ],
    "22": [
      4,
      2,
      4,
      2
    ],
    "23": [
      5,
      5,
      6,
      5
    ],
    "24": [
      2,
      5,
      6,
      3
    ],
    "25": [
      3,
      5,
      4,
      3
    ],
    "26": [
      2,
      4,
      4,
      3
    ],
    "27": [
      4,
      5,
      2,
      7
    ],
    "28": [
      4,
      2,
      4,
      5
    ],
    "29": [
      3,
      3,
      5,
      3
    ],
    "30": [
      2,
      3,
      3,
      5
    ],
    "31": [
      5,
      5,
      8,
      5
    ],
    "32": [
      3,
      6,
      4,
      10
    ]
  },
  "test_acc": {
    "0": 0.4982,
    "1": 0.4957,
    "2": 0.5262,
    "3": 0.5511,
    "4": 0.6046,
    "5": 0.617,
    "6": 0.6432,
    "7": 0.6522,
    "8": 0.645,
    "9": 0.6397,
    "10": 0.7295,
    "11": 0.7308,
    "12": 0.688,
    "13": 0.7231,
    "14": 0.6631,
    "15": 0.7226,
    "16": 0.7209,
    "17": 0.7227,
    "18": 0.7054,
    "19": 0.6878,
    "20": 0.702,
    "21": 0.7141,
    "22": 0.7137,
    "23": 0.6906,
    "24": 0.6986,
    "25": 0.6849,
    "26": 0.699,
    "27": 0.6812,
    "28": 0.6992,
    "29": 0.6841,
    "30": 0.6857,
    "31": 0.6904,
    "32": 0.661
  },
  "test_loss": {
    "0": 0.6932283950805664,
    "1": 0.6934725297927856,
    "2": 0.6922740077972412,
    "3": 0.6847392373085022,
    "4": 0.6603988667488098,
    "5": 0.6627427610397338,
    "6": 0.6378909307479859,
    "7": 0.6394054027557373,
    "8": 0.6582041230201722,
    "9": 0.6464470266342163,
    "10": 0.5645569206237793,
    "11": 0.5567703253746032,
    "12": 0.615959753036499,
    "13": 0.579466597032547,
    "14": 0.6470633266448974,
    "15": 0.5730099588871003,
    "16": 0.5635434341430664,
    "17": 0.5563639927864075,
    "18": 0.5759845099449158,
    "19": 0.6165848386287689,
    "20": 0.6043393961906434,
    "21": 0.5704215845108033,
    "22": 0.5673495246887207,
    "23": 0.6019407040596009,
    "24": 0.5993681322097778,
    "25": 0.6012669101715088,
    "26": 0.6039782223701478,
    "27": 0.6368229801177978,
    "28": 0.587118655872345,
    "29": 0.6137839401245118,
    "30": 0.6033100746154785,
    "31": 0.5842631628036499,
    "32": 0.6377009288787842
  },
  "drift_final_total_l2": {
    "0": 11.048774719238281,
    "1": 15.7076416015625,
    "2": 32.318634033203125,
    "3": 32.07928466796875,
    "4": 29.98393440246582,
    "5": 35.24283218383789,
    "6": 37.42874526977539,
    "7": 37.28701400756836,
    "8": 34.65443801879883,
    "9": 37.84012222290039,
    "10": 62.74338912963867,
    "11": 44.56945037841797,
    "12": 63.74058151245117,
    "13": 48.29255676269531,
    "14": 61.499122619628906,
    "15": 62.82762908935547,
    "16": 44.6859130859375,
    "17": 37.22233200073242,
    "18": 41.9500846862793,
    "19": 32.89546203613281,
    "20": 31.129323959350586,
    "21": 43.72854232788086,
    "22": 31.57895851135254,
    "23": 35.74790954589844,
    "24": 44.750877380371094,
    "25": 32.81481170654297,
    "26": 35.53266525268555,
    "27": 35.63751220703125,
    "28": 32.181663513183594,
    "29": 32.5484619140625,
    "30": 28.581008911132812,
    "31": 30.420873641967773,
    "32": 36.80338668823242
  },
  "probe_type": "mlp",
  "probe_hidden_size": [
    1448
  ],
  "init_strategy": "gamma_second_zero",
  "init_gamma": 1.5,