{
  "config": {
    "model_short": "llama",
    "task_name": "somo",
    "dataset": {
      "train": "cache/llama/somo_train/",
      "test": "cache/llama/somo_test/"
    },
    "mdl": {
      "batch_size": 64,
      "probe_type": "mlp",
      "probe_hidden_size": [
        32
      ],
      "num_classes": 2,
      "init_strategy": "ntk",
      "init_gamma": null,
      "optimizer": "sgd",
      "train_epochs": 10,
      "lr": 0.001,
      "seed": 342,
      "early_stopping_gap": 3,
      "split_num": 5,
      "split_ratio": 2.0
    },
    "out_dir": "init_results/llama/somo/hidden-32/seed-342/strategy-ntk/gamma-na/opt-sgd/2026-04-21_06-35-46"
  },
  "train_meta": {
    "dataset": "compling/somo",
    "split": "train",
    "text_col": "text",
    "model": "meta-llama/Meta-Llama-3.1-8B",
    "max_len": 64,
    "hidden_size": 4096,
    "num_hidden_layers": 32,
    "num_states": 33,
    "memmap_file": "last_token_hidden_states.memmap",
    "dtype": "float32",
    "shape": [
      15000,
      33,
      4096
    ]
  },
  "test_meta": {
    "dataset": "compling/somo",
    "split": "test",
    "text_col": "text",
    "model": "meta-llama/Meta-Llama-3.1-8B",
    "max_len": 64,
    "hidden_size": 4096,
    "num_hidden_layers": 32,
    "num_states": 33,
    "memmap_file": "last_token_hidden_states.memmap",
    "dtype": "float32",
    "shape": [
      10000,
      33,
      4096
    ]
  },
  "splits": [
    484,
    968,
    1936,
    3872,
    7740
  ],
  "mdl_sum_ce": {
    "0": 10061.416434288025,
    "1": 10060.896891117096,
    "2": 10061.994198799133,
    "3": 10062.085276603699,
    "4": 10059.586170196533,
    "5": 10061.356420993805,
    "6": 10053.671992778778,
    "7": 10049.570508480072,
    "8": 10043.324305534363,
    "9": 10004.718030929565,
    "10": 9999.619970798492,
    "11": 9988.633037567139,
    "12": 9929.97515630722,
    "13": 9935.632454872131,
    "14": 9963.85491847992,
    "15": 9964.23382806778,
    "16": 9920.02488040924,
    "17": 9950.034614562988,
    "18": 9918.620634555817,
    "19": 9916.352793693542,
    "20": 9890.077953338623,
    "21": 9936.35530424118,
    "22": 9824.049583435059,
    "23": 9787.14611530304,
    "24": 9788.469662189484,
    "25": 9812.390370368958,
    "26": 9830.540380477905,
    "27": 9793.399748325348,
    "28": 9741.484932422638,
    "29": 9869.56021118164,
    "30": 9691.218855381012,
    "31": 9727.054967403412,
    "32": 9424.81132698059
  },
  "mdl_nll": {
    "0": 0.6931259599261522,
    "1": 0.6930901688562342,
    "2": 0.6931657618351567,
    "3": 0.6931720361396871,
    "4": 0.6929998739457518,
    "5": 0.6931218256402456,
    "6": 0.6925924492131977,
    "7": 0.6923099000055162,
    "8": 0.6918796021999424,
    "9": 0.6892200351976829,
    "10": 0.6888688323779617,
    "11": 0.6881119480274964,
    "12": 0.6840710358437049,
    "13": 0.6844607643202074,
    "14": 0.6864049957619124,
    "15": 0.6864310986544351,
    "16": 0.6833855662998926,
    "17": 0.6854529219180896,
    "18": 0.6832888285034319,
    "19": 0.683132598077538,
    "20": 0.6813225374303268,
    "21": 0.6845105610527129,
    "22": 0.6767738759599793,
    "23": 0.6742316144463378,
    "24": 0.6743227929312127,
    "25": 0.6759706785870045,
    "26": 0.6772210237309111,
    "27": 0.6746624241061827,
    "28": 0.671086038331678,
    "29": 0.6799090804065611,
    "30": 0.6676232333549884,
    "31": 0.6700919652385927,
    "32": 0.6492705515968994
  },
  "stopping_epochs_per_stage": {
    "0": [
      10,
      10,
      10,
      10
    ],
    "1": [
      10,
      10,
      10,
      10
    ],
    "2": [
      10,
      10,
      10,
      10
    ],
    "3": [
      10,
      10,
      10,
      10
    ],
    "4": [
      10,
      10,
      10,
      10
    ],
    "5": [
      10,
      10,
      10,
      10
    ],
    "6": [
      10,
      1,
      10,
      10
    ],
    "7": [
      10,
      10,
      10,
      10
    ],
    "8": [
      10,
      10,
      10,
      10
    ],
    "9": [
      10,
      10,
      10,
      10
    ],
    "10": [
      10,
      10,
      10,
      10
    ],
    "11": [
      10,
      10,
      10,
      10
    ],
    "12": [
      10,
      10,
      10,
      10
    ],
    "13": [
      10,
      10,
      10,
      10
    ],
    "14": [
      10,
      10,
      10,
      10
    ],
    "15": [
      10,
      10,
      10,
      10
    ],
    "16": [
      10,
      10,
      10,
      10
    ],
    "17": [
      10,
      10,
      10,
      10
    ],
    "18": [
      10,
      10,
      10,
      10
    ],
    "19": [
      10,
      10,
      10,
      10
    ],
    "20": [
      10,
      10,
      10,
      10
    ],
    "21": [
      10,
      10,
      10,
      10
    ],
    "22": [
      10,
      10,
      10,
      10
    ],
    "23": [
      9,
      10,
      10,
      9
    ],
    "24": [
      6,
      10,
      10,
      10
    ],
    "25": [
      3,
      10,
      10,
      10
    ],
    "26": [
      9,
      9,
      10,
      10
    ],
    "27": [
      10,
      10,
      10,
      10
    ],
    "28": [
      10,
      10,
      10,
      10
    ],
    "29": [
      9,
      10,
      9,
      10
    ],
    "30": [
      8,
      10,
      9,
      10
    ],
    "31": [
      8,
      10,
      10,
      10
    ],
    "32": [
      3,
      2,
      6,
      8
    ]
  },
  "test_acc": {
    "0": 0.5013,
    "1": 0.4982,
    "2": 0.498,
    "3": 0.5013,
    "4": 0.4971,
    "5": 0.5258,
    "6": 0.5138,
    "7": 0.5368,
    "8": 0.5285,
    "9": 0.581,
    "10": 0.6459,
    "11": 0.6155,
    "12": 0.6574,
    "13": 0.6462,
    "14": 0.6567,
    "15": 0.6412,
    "16": 0.6466,
    "17": 0.636,
    "18": 0.6279,
    "19": 0.6054,
    "20": 0.639,
    "21": 0.6209,
    "22": 0.6426,
    "23": 0.6155,
    "24": 0.6421,
    "25": 0.6258,
    "26": 0.6261,
    "27": 0.653,
    "28": 0.6284,
    "29": 0.6276,
    "30": 0.6376,
    "31": 0.6578,
    "32": 0.649
  },
  "test_loss": {
    "0": 0.6931276916503907,
    "1": 0.6931629776000977,
    "2": 0.6933535914421082,
    "3": 0.6930228929519653,
    "4": 0.6931606572151184,
    "5": 0.6917299056053161,
    "6": 0.6921255062103272,
    "7": 0.6894193214416504,
    "8": 0.6911132213592529,
    "9": 0.6858743168830872,
    "10": 0.6803921239852905,
    "11": 0.6841622398376465,
    "12": 0.6674484764099121,
    "13": 0.672211155128479,
    "14": 0.6575388648986816,
    "15": 0.6753996346473694,
    "16": 0.6661498708724976,
    "17": 0.6615895555496216,
    "18": 0.6659040643692017,
    "19": 0.6754542956352234,
    "20": 0.6594954899787903,
    "21": 0.6669220067977906,
    "22": 0.6529450799942017,
    "23": 0.6702049105644227,
    "24": 0.6524214155197143,
    "25": 0.6619305532455444,
    "26": 0.6558381561279297,
    "27": 0.6328116621017456,
    "28": 0.6553902406692504,
    "29": 0.6440533928871155,
    "30": 0.6431272569656372,
    "31": 0.6196260617256164,
    "32": 0.6249289383888245
  },
  "drift_final_total_l2": {
    "0": 0.00807634461671114,
    "1": 0.01185817364603281,
    "2": 0.014143879525363445,
    "3": 0.016886357218027115,
    "4": 0.031241199001669884,
    "5": 0.05992508679628372,
    "6": 0.0639737993478775,
    "7": 0.10432317852973938,
    "8": 0.07604017108678818,
    "9": 0.13136601448059082,
    "10": 0.16737551987171173,
    "11": 0.15230567753314972,
    "12": 0.250996470451355,
    "13": 0.2212248295545578,
    "14": 0.2831141948699951,
    "15": 0.2130664438009262,
    "16": 0.2411431223154068,
    "17": 0.26570388674736023,
    "18": 0.24226811528205872,
    "19": 0.21778376400470734,
    "20": 0.2796492874622345,
    "21": 0.24188421666622162,
    "22": 0.3055761158466339,
    "23": 0.24307620525360107,
    "24": 0.29766032099723816,
    "25": 0.279617041349411,
    "26": 0.30666711926460266,
    "27": 0.3782157599925995,
    "28": 0.32128122448921204,
    "29": 0.37233060598373413,
    "30": 0.35371845960617065,
    "31": 0.418101966381073,
    "32": 0.4164693355560303
  },