{
  "config": {
    "model_short": "llama",
    "task_name": "somo",
    "dataset": {
      "train": "cache/llama/somo_train/",
      "test": "cache/llama/somo_test/"
    },
    "mdl": {
      "batch_size": 64,
      "probe_type": "mlp",
      "probe_hidden_size": [
        256
      ],
      "num_classes": 2,
      "init_strategy": "gamma_second_zero",
      "init_gamma": 1.5,
      "optimizer": "adamw",
      "train_epochs": 10,
      "lr": 0.001,
      "seed": 342,
      "early_stopping_gap": 3,
      "split_num": 5,
      "split_ratio": 2.0
    },
    "out_dir": "init_results/llama/somo/hidden-256/seed-342/strategy-gamma_second_zero/gamma-1.5/2026-04-21_04-04-37"
  },
  "train_meta": {
    "dataset": "compling/somo",
    "split": "train",
    "text_col": "text",
    "model": "meta-llama/Meta-Llama-3.1-8B",
    "max_len": 64,
    "hidden_size": 4096,
    "num_hidden_layers": 32,
    "num_states": 33,
    "memmap_file": "last_token_hidden_states.memmap",
    "dtype": "float32",
    "shape": [
      15000,
      33,
      4096
    ]
  },
  "test_meta": {
    "dataset": "compling/somo",
    "split": "test",
    "text_col": "text",
    "model": "meta-llama/Meta-Llama-3.1-8B",
    "max_len": 64,
    "hidden_size": 4096,
    "num_hidden_layers": 32,
    "num_states": 33,
    "memmap_file": "last_token_hidden_states.memmap",
    "dtype": "float32",
    "shape": [
      10000,
      33,
      4096
    ]
  },
  "splits": [
    484,
    968,
    1936,
    3872,
    7740
  ],
  "mdl_sum_ce": {
    "0": 10061.100897789001,
    "1": 10061.222490787506,
    "2": 10061.316395759583,
    "3": 10000.036763191223,
    "4": 9752.250464439392,
    "5": 9537.988698482513,
    "6": 9490.6447930336,
    "7": 9251.501418113708,
    "8": 8854.845401763916,
    "9": 8542.54657125473,
    "10": 8050.678304672241,
    "11": 8060.735589027405,
    "12": 8119.586864233017,
    "13": 8121.512100458145,
    "14": 8232.76593875885,
    "15": 8223.866745471954,
    "16": 8403.252132892609,
    "17": 8402.776799201965,
    "18": 8460.552402973175,
    "19": 8566.33565235138,
    "20": 8657.615919589996,
    "21": 8655.743466377258,
    "22": 8681.850257873535,
    "23": 8690.594589710236,
    "24": 8765.58591556549,
    "25": 8845.793128967285,
    "26": 8777.585364818573,
    "27": 8768.792778491974,
    "28": 8767.51072025299,
    "29": 8782.63711977005,
    "30": 8879.87260055542,
    "31": 8742.816190719604,
    "32": 9214.497735023499
  },
  "mdl_nll": {
    "0": 0.6931042227741114,
    "1": 0.6931125992551327,
    "2": 0.693119068321823,
    "3": 0.6888975449980176,
    "4": 0.6718276704628956,
    "5": 0.6570672842713222,
    "6": 0.6538057862381923,
    "7": 0.637331318415108,
    "8": 0.6100058832849212,
    "9": 0.5884917726133047,
    "10": 0.5546072130526482,
    "11": 0.5553000543557044,
    "12": 0.5593542893519576,
    "13": 0.5594869179152759,
    "14": 0.5671511393468484,
    "15": 0.5665380783598756,
    "16": 0.5788958482290306,
    "17": 0.5788631027281597,
    "18": 0.5828432352557987,
    "19": 0.5901305905450109,
    "20": 0.5964188426281343,
    "21": 0.5962898502602134,
    "22": 0.5980883341053689,
    "23": 0.5986907267642764,
    "24": 0.6038568417997721,
    "25": 0.6093822767268727,
    "26": 0.6046834778739717,
    "27": 0.6040777609873226,
    "28": 0.6039894406346783,
    "29": 0.6050314907529657,
    "30": 0.6117299945271025,
    "31": 0.6022882468117666,
    "32": 0.63478215314298
  },
  "stopping_epochs_per_stage": {
    "0": [
      1,
      2,
      1,
      1
    ],
    "1": [
      1,
      1,
      4,
      4
    ],
    "2": [
      5,
      1,
      1,
      4
    ],
    "3": [
      2,
      1,
      9,
      8
    ],
    "4": [
      3,
      1,
      7,
      10
    ],
    "5": [
      3,
      1,
      10,
      8
    ],
    "6": [
      8,
      1,
      6,
      8
    ],
    "7": [
      9,
      8,
      9,
      9
    ],
    "8": [
      6,
      10,
      8,
      9
    ],
    "9": [
      10,
      8,
      4,
      2
    ],
    "10": [
      8,
      7,
      5,
      4
    ],
    "11": [
      8,
      8,
      3,
      6
    ],
    "12": [
      7,
      8,
      4,
      4
    ],
    "13": [
      10,
      5,
      3,
      3
    ],
    "14": [
      7,
      6,
      6,
      4
    ],
    "15": [
      8,
      3,
      5,
      5
    ],
    "16": [
      6,
      7,
      7,
      5
    ],
    "17": [
      4,
      8,
      5,
      4
    ],
    "18": [
      6,
      5,
      4,
      5
    ],
    "19": [
      6,
      4,
      6,
      9
    ],
    "20": [
      5,
      6,
      6,
      2
    ],
    "21": [
      4,
      7,
      3,
      4
    ],
    "22": [
      1,
      8,
      4,
      8
    ],
    "23": [
      2,
      7,
      4,
      8
    ],
    "24": [
      5,
      5,
      8,
      5
    ],
    "25": [
      3,
      4,
      5,
      7
    ],
    "26": [
      3,
      6,
      7,
      5
    ],
    "27": [
      7,
      3,
      5,
      6
    ],
    "28": [
      6,
      9,
      4,
      4
    ],
    "29": [
      3,
      6,
      5,
      6
    ],
    "30": [
      3,
      6,
      4,
      4
    ],
    "31": [
      4,
      9,
      4,
      5
    ],
    "32": [
      4,
      4,
      3,
      1
    ]
  },
  "test_acc": {
    "0": 0.5013,
    "1": 0.5013,
    "2": 0.5243,
    "3": 0.5463,
    "4": 0.5841,
    "5": 0.6276,
    "6": 0.6381,
    "7": 0.6631,
    "8": 0.6805,
    "9": 0.7058,
    "10": 0.7297,
    "11": 0.7219,
    "12": 0.7325,
    "13": 0.7243,
    "14": 0.7283,
    "15": 0.7245,
    "16": 0.7169,
    "17": 0.72,
    "18": 0.7168,
    "19": 0.7121,
    "20": 0.7196,
    "21": 0.7179,
    "22": 0.7088,
    "23": 0.713,
    "24": 0.7005,
    "25": 0.709,
    "26": 0.7026,
    "27": 0.6931,
    "28": 0.6835,
    "29": 0.6941,
    "30": 0.6907,
    "31": 0.6923,
    "32": 0.677
  },
  "test_loss": {
    "0": 0.6931439799308777,
    "1": 0.6932172239303589,
    "2": 0.6924992702484131,
    "3": 0.6871115478515625,
    "4": 0.6773249578475952,
    "5": 0.646440246963501,
    "6": 0.6432489579200744,
    "7": 0.6138751871109008,
    "8": 0.6014339113235474,
    "9": 0.5845001704216003,
    "10": 0.5548321097373963,
    "11": 0.5541907295227051,
    "12": 0.5486262900829315,
    "13": 0.5779772259712219,
    "14": 0.5594814813613892,
    "15": 0.5594441712379455,
    "16": 0.5787284589529037,
    "17": 0.5580116292953491,
    "18": 0.5799212525367737,
    "19": 0.5710239182472229,
    "20": 0.5632236061573028,
    "21": 0.559248263502121,
    "22": 0.5684113399505615,
    "23": 0.5699578624725342,
    "24": 0.5853273688793182,
    "25": 0.5701076000213623,
    "26": 0.5826022417068482,
    "27": 0.5974798743247985,
    "28": 0.6097564253807067,
    "29": 0.6078696578025818,
    "30": 0.5945683784484863,
    "31": 0.6013970473289489,
    "32": 0.6166580802917481
  },
  "drift_final_total_l2": {
    "0": 2.9294912815093994,
    "1": 5.20035457611084,
    "2": 17.913150787353516,
    "3": 16.512723922729492,
    "4": 19.096858978271484,
    "5": 22.85948371887207,
    "6": 27.08944320678711,
    "7": 23.52646827697754,
    "8": 21.548107147216797,
    "9": 24.303632736206055,
    "10": 30.304433822631836,
    "11": 38.93562698364258,
    "12": 39.69652557373047,
    "13": 40.3919677734375,
    "14": 27.402740478515625,
    "15": 29.377519607543945,
    "16": 35.152652740478516,
    "17": 27.7379093170166,
    "18": 34.50703430175781,
    "19": 15.352007865905762,
    "20": 14.193533897399902,
    "21": 27.020523071289062,
    "22": 19.37787628173828,
    "23": 18.092641830444336,
    "24": 14.041038513183594,
    "25": 22.639873504638672,
    "26": 20.66183853149414,
    "27": 17.37645149230957,
    "28": 11.709768295288086,
    "29": 27.915403366088867,
    "30": 23.223669052124023,
    "31": 11.090813636779785,
    "32": 18.274200439453125
  },
  "probe_type": "mlp",
  "probe_hidden_size": [
    256
  ],
  "init_strategy": "gamma_second_zero",
  "init_gamma": 1.5,