{
  "config": {
    "model_short": "llama",
    "task_name": "somo",
    "dataset": {
      "train": "cache/llama/somo_train/",
      "test": "cache/llama/somo_test/"
    },
    "mdl": {
      "batch_size": 64,
      "probe_type": "mlp",
      "probe_hidden_size": [
        128
      ],
      "num_classes": 2,
      "init_strategy": "gamma_second_zero",
      "init_gamma": 0.8,
      "optimizer": "adamw",
      "train_epochs": 10,
      "lr": 0.001,
      "seed": 242,
      "early_stopping_gap": 3,
      "split_num": 5,
      "split_ratio": 2.0
    },
    "out_dir": "init_results/llama/somo/hidden-128/seed-242/strategy-gamma_second_zero/gamma-0.8/2026-04-21_02-11-58"
  },
  "train_meta": {
    "dataset": "compling/somo",
    "split": "train",
    "text_col": "text",
    "model": "meta-llama/Meta-Llama-3.1-8B",
    "max_len": 64,
    "hidden_size": 4096,
    "num_hidden_layers": 32,
    "num_states": 33,
    "memmap_file": "last_token_hidden_states.memmap",
    "dtype": "float32",
    "shape": [
      15000,
      33,
      4096
    ]
  },
  "test_meta": {
    "dataset": "compling/somo",
    "split": "test",
    "text_col": "text",
    "model": "meta-llama/Meta-Llama-3.1-8B",
    "max_len": 64,
    "hidden_size": 4096,
    "num_hidden_layers": 32,
    "num_states": 33,
    "memmap_file": "last_token_hidden_states.memmap",
    "dtype": "float32",
    "shape": [
      10000,
      33,
      4096
    ]
  },
  "splits": [
    484,
    968,
    1936,
    3872,
    7740
  ],
  "mdl_sum_ce": {
    "0": 10061.366699695587,
    "1": 10060.765532016754,
    "2": 10060.796659469604,
    "3": 10005.091005325317,
    "4": 9764.319116592407,
    "5": 9513.214732170105,
    "6": 9439.139574050903,
    "7": 9248.544334888458,
    "8": 8893.48755455017,
    "9": 8555.56405711174,
    "10": 8097.660183906555,
    "11": 8063.146690368652,
    "12": 8091.820740699768,
    "13": 8155.9252898693085,
    "14": 8194.085303068161,
    "15": 8297.49886894226,
    "16": 8345.070932865143,
    "17": 8455.888000249863,
    "18": 8511.382990598679,
    "19": 8596.642559289932,
    "20": 8588.266269683838,
    "21": 8607.180248260498,
    "22": 8652.411163806915,
    "23": 8837.02855014801,
    "24": 8819.029384613037,
    "25": 8789.663419246674,
    "26": 8833.76330947876,
    "27": 8772.755960464478,
    "28": 8790.103329658508,
    "29": 8879.314626693726,
    "30": 8817.126179218292,
    "31": 8781.474568843842,
    "32": 9002.58667230606
  },
  "mdl_nll": {
    "0": 0.6931225337348847,
    "1": 0.6930811195933283,
    "2": 0.6930832639480301,
    "3": 0.6892457292177816,
    "4": 0.672659073890356,
    "5": 0.6553606180883236,
    "6": 0.6502576173912168,
    "7": 0.6371276064265954,
    "8": 0.6126679219172065,
    "9": 0.5893885407213929,
    "10": 0.5578437712804185,
    "11": 0.555466153924542,
    "12": 0.5574414949503835,
    "13": 0.561857625369889,
    "14": 0.5644864496464702,
    "15": 0.571610558620988,
    "16": 0.5748877743775932,
    "17": 0.5825219068786073,
    "18": 0.5863449290850564,
    "19": 0.5922184182481354,
    "20": 0.5916413798349296,
    "21": 0.5929443543855399,
    "22": 0.5960602895981617,
    "23": 0.6087784892634341,
    "24": 0.6075385357269935,
    "25": 0.6055155290194733,
    "26": 0.6085535484623009,
    "27": 0.6043507826167317,
    "28": 0.6055458342283349,
    "29": 0.6116915559860654,
    "30": 0.6074074248565922,
    "31": 0.604951403199493,
    "32": 0.620183705725135
  },
  "stopping_epochs_per_stage": {
    "0": [
      6,
      3,
      2,
      4
    ],
    "1": [
      9,
      1,
      1,
      3
    ],
    "2": [
      4,
      1,
      2,
      4
    ],
    "3": [
      5,
      4,
      1,
      10
    ],
    "4": [
      7,
      4,
      10,
      10
    ],
    "5": [
      9,
      7,
      10,
      6
    ],
    "6": [
      9,
      5,
      9,
      8
    ],
    "7": [
      10,
      10,
      9,
      8
    ],
    "8": [
      10,
      9,
      10,
      6
    ],
    "9": [
      9,
      3,
      5,
      4
    ],
    "10": [
      10,
      5,
      5,
      4
    ],
    "11": [
      6,
      6,
      8,
      5
    ],
    "12": [
      9,
      6,
      7,
      6
    ],
    "13": [
      10,
      7,
      6,
      5
    ],
    "14": [
      9,
      4,
      8,
      7
    ],
    "15": [
      10,
      3,
      5,
      6
    ],
    "16": [
      7,
      5,
      6,
      4
    ],
    "17": [
      10,
      4,
      8,
      5
    ],
    "18": [
      9,
      7,
      7,
      8
    ],
    "19": [
      10,
      7,
      4,
      4
    ],
    "20": [
      10,
      6,
      7,
      4
    ],
    "21": [
      6,
      5,
      6,
      7
    ],
    "22": [
      6,
      7,
      8,
      8
    ],
    "23": [
      8,
      7,
      9,
      5
    ],
    "24": [
      6,
      7,
      6,
      5
    ],
    "25": [
      10,
      5,
      9,
      3
    ],
    "26": [
      4,
      5,
      4,
      7
    ],
    "27": [
      4,
      8,
      5,
      5
    ],
    "28": [
      4,
      4,
      9,
      8
    ],
    "29": [
      3,
      6,
      7,
      5
    ],
    "30": [
      5,
      5,
      5,
      5
    ],
    "31": [
      6,
      7,
      5,
      3
    ],
    "32": [
      4,
      3,
      3,
      4
    ]
  },
  "test_acc": {
    "0": 0.5013,
    "1": 0.5045,
    "2": 0.5262,
    "3": 0.5014,
    "4": 0.5841,
    "5": 0.6083,
    "6": 0.6256,
    "7": 0.6321,
    "8": 0.6495,
    "9": 0.7095,
    "10": 0.7318,
    "11": 0.7315,
    "12": 0.7336,
    "13": 0.7171,
    "14": 0.7101,
    "15": 0.6978,
    "16": 0.6901,
    "17": 0.7261,
    "18": 0.6647,
    "19": 0.725,
    "20": 0.7101,
    "21": 0.712,
    "22": 0.6889,
    "23": 0.706,
    "24": 0.7166,
    "25": 0.6909,
    "26": 0.6727,
    "27": 0.6867,
    "28": 0.7062,
    "29": 0.6856,
    "30": 0.6913,
    "31": 0.6959,
    "32": 0.6908
  },
  "test_loss": {
    "0": 0.693171706867218,
    "1": 0.6932389363288879,
    "2": 0.6933909706115723,
    "3": 0.6932671175003052,
    "4": 0.6797736578941346,
    "5": 0.6542629170417785,
    "6": 0.6498766616821289,
    "7": 0.6442455723762512,
    "8": 0.6273442841529846,
    "9": 0.571046595954895,
    "10": 0.5471607646942138,
    "11": 0.5614028969287872,
    "12": 0.5378488534927368,
    "13": 0.5574688670158386,
    "14": 0.5698902262687683,
    "15": 0.5808306552886963,
    "16": 0.5880117189407349,
    "17": 0.5512198117733002,
    "18": 0.6303236018180847,
    "19": 0.5473338180541992,
    "20": 0.5667765847206115,
    "21": 0.5649555110931397,
    "22": 0.6049615274906158,
    "23": 0.5770878173351288,
    "24": 0.5669741851806641,
    "25": 0.5823761087417603,
    "26": 0.59969633102417,
    "27": 0.6066622840881347,
    "28": 0.5771200095653534,
    "29": 0.6072234601974488,
    "30": 0.6029252002716065,
    "31": 0.6066567477226257,
    "32": 0.6050655436515808
  },
  "drift_final_total_l2": {
    "0": 3.2504374980926514,
    "1": 7.378018856048584,
    "2": 14.007080078125,
    "3": 9.776837348937988,
    "4": 17.56953239440918,
    "5": 13.33655834197998,
    "6": 16.798362731933594,
    "7": 20.704133987426758,
    "8": 16.557769775390625,
    "9": 19.109973907470703,
    "10": 24.987802505493164,
    "11": 32.880889892578125,
    "12": 21.10942268371582,
    "13": 25.973018646240234,
    "14": 30.28416633605957,
    "15": 19.056461334228516,
    "16": 18.691556930541992,
    "17": 27.065807342529297,
    "18": 25.755077362060547,
    "19": 13.115270614624023,
    "20": 15.948033332824707,
    "21": 15.523923873901367,
    "22": 15.086538314819336,
    "23": 13.412694931030273,
    "24": 12.988237380981445,
    "25": 11.244050979614258,
    "26": 18.27253532409668,
    "27": 18.092042922973633,
    "28": 13.660157203674316,
    "29": 20.064146041870117,
    "30": 17.567476272583008,
    "31": 20.505828857421875,
    "32": 16.60099220275879
  },
  "probe_type": "mlp",
  "probe_hidden_size": [
    128
  ],
  "init_strategy": "gamma_second_zero",
  "init_gamma": 0.8,