{
  "config": {
    "model_short": "llama",
    "task_name": "somo",
    "dataset": {
      "train": "cache/llama/somo_train/",
      "test": "cache/llama/somo_test/"
    },
    "mdl": {
      "batch_size": 64,
      "probe_type": "mlp",
      "probe_hidden_size": [
        32
      ],
      "num_classes": 2,
      "init_strategy": "gamma_second_zero",
      "init_gamma": 1.5,
      "optimizer": "adamw",
      "train_epochs": 10,
      "lr": 0.001,
      "seed": 342,
      "early_stopping_gap": 3,
      "split_num": 5,
      "split_ratio": 2.0
    },
    "out_dir": "init_results/llama/somo/hidden-32/seed-342/strategy-gamma_second_zero/gamma-1.5/2026-04-21_04-00-55"
  },
  "train_meta": {
    "dataset": "compling/somo",
    "split": "train",
    "text_col": "text",
    "model": "meta-llama/Meta-Llama-3.1-8B",
    "max_len": 64,
    "hidden_size": 4096,
    "num_hidden_layers": 32,
    "num_states": 33,
    "memmap_file": "last_token_hidden_states.memmap",
    "dtype": "float32",
    "shape": [
      15000,
      33,
      4096
    ]
  },
  "test_meta": {
    "dataset": "compling/somo",
    "split": "test",
    "text_col": "text",
    "model": "meta-llama/Meta-Llama-3.1-8B",
    "max_len": 64,
    "hidden_size": 4096,
    "num_hidden_layers": 32,
    "num_states": 33,
    "memmap_file": "last_token_hidden_states.memmap",
    "dtype": "float32",
    "shape": [
      10000,
      33,
      4096
    ]
  },
  "splits": [
    484,
    968,
    1936,
    3872,
    7740
  ],
  "mdl_sum_ce": {
    "0": 10060.931797027588,
    "1": 10060.69054365158,
    "2": 10060.957974910736,
    "3": 10053.09207868576,
    "4": 9733.313087463379,
    "5": 9486.599951267242,
    "6": 9878.430800437927,
    "7": 9276.425681591034,
    "8": 8857.610237121582,
    "9": 8552.0238904953,
    "10": 8175.597431182861,
    "11": 8023.241569519043,
    "12": 8131.224095821381,
    "13": 8153.063060283661,
    "14": 8207.949177265167,
    "15": 8312.5620303154,
    "16": 8296.639516830444,
    "17": 8455.89012336731,
    "18": 8498.560874462128,
    "19": 8596.355360984802,
    "20": 8891.01635837555,
    "21": 8625.71258354187,
    "22": 8642.713517189026,
    "23": 8721.593219280243,
    "24": 9675.995262145996,
    "25": 8713.268547058105,
    "26": 8828.953764915466,
    "27": 8792.090316772461,
    "28": 8825.995795249939,
    "29": 8843.278108119965,
    "30": 8791.975140094757,
    "31": 8755.48604631424,
    "32": 8895.254548072815
  },
  "mdl_nll": {
    "0": 0.6930925735069984,
    "1": 0.6930759536822527,
    "2": 0.693094376888312,
    "3": 0.6925524992205677,
    "4": 0.6705230840082239,
    "5": 0.6535271391063132,
    "6": 0.6805201708761317,
    "7": 0.6390483384948357,
    "8": 0.6101963514137215,
    "9": 0.5891446604088799,
    "10": 0.5632128293733026,
    "11": 0.5527171100522901,
    "12": 0.5601559724318945,
    "13": 0.5616604478012993,
    "14": 0.5654415250251562,
    "15": 0.5726482522950812,
    "16": 0.5715513582826154,
    "17": 0.5825220531391092,
    "18": 0.5854616198995679,
    "19": 0.5921986333001379,
    "20": 0.6124976824452707,
    "21": 0.5942210377198863,
    "22": 0.5953922235594534,
    "23": 0.600826206894478,
    "24": 0.6665744876099474,
    "25": 0.6002527243771084,
    "26": 0.608222221336144,
    "27": 0.6056827167795853,
    "28": 0.6080184482812028,
    "29": 0.6092090181950927,
    "30": 0.6056747823157038,
    "31": 0.603161066844464,
    "32": 0.6127896492196758
  },
  "stopping_epochs_per_stage": {
    "0": [
      3,
      1,
      1,
      4
    ],
    "1": [
      3,
      1,
      1,
      7
    ],
    "2": [
      4,
      1,
      5,
      2
    ],
    "3": [
      3,
      1,
      10,
      2
    ],
    "4": [
      3,
      10,
      10,
      7
    ],
    "5": [
      6,
      9,
      10,
      9
    ],
    "6": [
      10,
      10,
      9,
      2
    ],
    "7": [
      10,
      10,
      9,
      8
    ],
    "8": [
      9,
      10,
      9,
      7
    ],
    "9": [
      10,
      10,
      8,
      4
    ],
    "10": [
      9,
      10,
      9,
      7
    ],
    "11": [
      10,
      10,
      8,
      9
    ],
    "12": [
      10,
      10,
      10,
      10
    ],
    "13": [
      10,
      9,
      7,
      7
    ],
    "14": [
      8,
      3,
      7,
      5
    ],
    "15": [
      7,
      6,
      9,
      8
    ],
    "16": [
      10,
      7,
      4,
      6
    ],
    "17": [
      9,
      9,
      10,
      9
    ],
    "18": [
      10,
      9,
      7,
      8
    ],
    "19": [
      6,
      10,
      7,
      9
    ],
    "20": [
      8,
      9,
      10,
      10
    ],
    "21": [
      6,
      9,
      6,
      6
    ],
    "22": [
      4,
      7,
      8,
      8
    ],
    "23": [
      6,
      10,
      10,
      6
    ],
    "24": [
      4,
      10,
      10,
      2
    ],
    "25": [
      8,
      9,
      4,
      7
    ],
    "26": [
      6,
      9,
      10,
      5
    ],
    "27": [
      5,
      10,
      7,
      6
    ],
    "28": [
      5,
      10,
      7,
      7
    ],
    "29": [
      4,
      4,
      5,
      7
    ],
    "30": [
      8,
      8,
      6,
      8
    ],
    "31": [
      5,
      8,
      3,
      6
    ],
    "32": [
      7,
      4,
      4,
      10
    ]
  },
  "test_acc": {
    "0": 0.5013,
    "1": 0.5013,
    "2": 0.4963,
    "3": 0.5013,
    "4": 0.6088,
    "5": 0.6386,
    "6": 0.6502,
    "7": 0.6432,
    "8": 0.6888,
    "9": 0.6873,
    "10": 0.728,
    "11": 0.7325,
    "12": 0.7296,
    "13": 0.6591,
    "14": 0.7326,
    "15": 0.7258,
    "16": 0.7269,
    "17": 0.724,
    "18": 0.7092,
    "19": 0.6676,
    "20": 0.7093,
    "21": 0.699,
    "22": 0.7134,
    "23": 0.7094,
    "24": 0.7114,
    "25": 0.6903,
    "26": 0.6992,
    "27": 0.7049,
    "28": 0.6724,
    "29": 0.6835,
    "30": 0.7005,
    "31": 0.6908,
    "32": 0.6852
  },
  "test_loss": {
    "0": 0.6931953826904297,
    "1": 0.693144412612915,
    "2": 0.6937274038314819,
    "3": 0.6932557495117188,
    "4": 0.6604915092468262,
    "5": 0.6366803039550781,
    "6": 0.6263872234344482,
    "7": 0.6407920955657959,
    "8": 0.5889444751739502,
    "9": 0.6003916729927063,
    "10": 0.5427266201019287,
    "11": 0.5408848320007325,
    "12": 0.5436735064029694,
    "13": 0.6223527651786804,
    "14": 0.539901994895935,
    "15": 0.5509668411254883,
    "16": 0.5466623535633087,
    "17": 0.5498628623008728,
    "18": 0.5648846802711487,
    "19": 0.6170051587104798,
    "20": 0.5680717321872711,
    "21": 0.570696954536438,
    "22": 0.5594997850418091,
    "23": 0.5731506964683533,
    "24": 0.5680742688179016,
    "25": 0.5925358773708344,
    "26": 0.579526812839508,
    "27": 0.5763551410675049,
    "28": 0.6192423429965973,
    "29": 0.5997294154167175,
    "30": 0.5879967746734619,
    "31": 0.6132162632465362,
    "32": 0.597046713924408
  },
  "drift_final_total_l2": {
    "0": 1.5136065483093262,
    "1": 1.969826340675354,
    "2": 7.209543228149414,
    "3": 1.9912697076797485,
    "4": 15.5862455368042,
    "5": 10.192521095275879,
    "6": 12.70516586303711,
    "7": 21.24620246887207,
    "8": 19.99802017211914,
    "9": 18.0633487701416,
    "10": 14.926492691040039,
    "11": 12.850857734680176,
    "12": 21.559906005859375,
    "13": 16.237873077392578,
    "14": 18.16106414794922,
    "15": 19.285629272460938,
    "16": 11.357856750488281,
    "17": 12.891826629638672,
    "18": 10.394781112670898,
    "19": 11.461616516113281,
    "20": 8.740108489990234,
    "21": 11.615154266357422,
    "22": 8.97469711303711,
    "23": 9.4251070022583,
    "24": 8.291275978088379,
    "25": 7.864601135253906,
    "26": 8.230999946594238,
    "27": 11.619514465332031,
    "28": 12.738693237304688,
    "29": 14.486618041992188,
    "30": 8.700628280639648,
    "31": 10.310752868652344,
    "32": 6.143747329711914
  },
  "probe_type": "mlp",
  "probe_hidden_size": [
    32
  ],
  "init_strategy": "gamma_second_zero",
  "init_gamma": 1.5,