{
  "config": {
    "model_short": "llama",
    "task_name": "somo",
    "dataset": {
      "train": "cache/llama/somo_train/",
      "test": "cache/llama/somo_test/"
    },
    "mdl": {
      "batch_size": 64,
      "probe_type": "mlp",
      "probe_hidden_size": [
        4
      ],
      "num_classes": 2,
      "init_strategy": "gamma",
      "init_gamma": 1.0,
      "optimizer": "adamw",
      "train_epochs": 10,
      "lr": 0.001,
      "seed": 442,
      "early_stopping_gap": 3,
      "split_num": 5,
      "split_ratio": 2.0
    },
    "out_dir": "init_results/llama/somo/hidden-4/seed-442/strategy-gamma/gamma-1.0/opt-adamw/2026-04-22_05-50-21"
  },
  "train_meta": {
    "dataset": "compling/somo",
    "split": "train",
    "text_col": "text",
    "model": "meta-llama/Meta-Llama-3.1-8B",
    "max_len": 64,
    "hidden_size": 4096,
    "num_hidden_layers": 32,
    "num_states": 33,
    "memmap_file": "last_token_hidden_states.memmap",
    "dtype": "float32",
    "shape": [
      15000,
      33,
      4096
    ]
  },
  "test_meta": {
    "dataset": "compling/somo",
    "split": "test",
    "text_col": "text",
    "model": "meta-llama/Meta-Llama-3.1-8B",
    "max_len": 64,
    "hidden_size": 4096,
    "num_hidden_layers": 32,
    "num_states": 33,
    "memmap_file": "last_token_hidden_states.memmap",
    "dtype": "float32",
    "shape": [
      10000,
      33,
      4096
    ]
  },
  "splits": [
    484,
    968,
    1936,
    3872,
    7740
  ],
  "mdl_sum_ce": {
    "0": 10061.500696182251,
    "1": 10060.469854354858,
    "2": 10060.642401695251,
    "3": 10062.225402832031,
    "4": 9812.727695941925,
    "5": 9684.45337677002,
    "6": 10047.29890871048,
    "7": 9544.745121002197,
    "8": 9088.228166103363,
    "9": 8692.350419521332,
    "10": 8362.01702451706,
    "11": 8432.89769744873,
    "12": 8367.5322971344,
    "13": 8394.073164463043,
    "14": 8294.464395523071,
    "15": 8389.438653945923,
    "16": 8490.037780284882,
    "17": 8450.543208122253,
    "18": 8507.773969650269,
    "19": 8665.31344461441,
    "20": 9542.232244491577,
    "21": 9088.83192205429,
    "22": 8651.767520427704,
    "23": 8819.989941120148,
    "24": 9099.160031795502,
    "25": 8968.622830867767,
    "26": 8905.339415073395,
    "27": 8758.642330169678,
    "28": 8971.981569766998,
    "29": 9234.726422786713,
    "30": 9209.392392158508,
    "31": 9098.254031181335,
    "32": 9711.949249267578
  },
  "mdl_nll": {
    "0": 0.6931317646860189,
    "1": 0.6930607505066725,
    "2": 0.6930726372068925,
    "3": 0.6931816893656676,
    "4": 0.6759939167774818,
    "5": 0.6671571629078272,
    "6": 0.692153410630372,
    "7": 0.65753273084887,
    "8": 0.6260835055182807,
    "9": 0.5988116850042251,
    "10": 0.5760551821794613,
    "11": 0.5809381163852804,
    "12": 0.5764351265592725,
    "13": 0.5782635136720201,
    "14": 0.5714015152606139,
    "15": 0.5779442445540041,
    "16": 0.5848744681926757,
    "17": 0.5821537068147047,
    "18": 0.5860963054319557,
    "19": 0.5969491212878486,
    "20": 0.6573596200393756,
    "21": 0.6261250979646108,
    "22": 0.5960159493267914,
    "23": 0.6076047079856811,
    "24": 0.6268365962934349,
    "25": 0.6178439536282562,
    "26": 0.6134843906774177,
    "27": 0.603378501665037,
    "28": 0.6180753354758197,
    "29": 0.6361756973537278,
    "30": 0.6344304486193516,
    "31": 0.6267741823630019,
    "32": 0.6690513398503429
  },
  "stopping_epochs_per_stage": {
    "0": [
      1,
      10,
      2,
      3
    ],
    "1": [
      1,
      4,
      8,
      8
    ],
    "2": [
      1,
      7,
      2,
      7
    ],
    "3": [
      3,
      1,
      1,
      3
    ],
    "4": [
      1,
      10,
      10,
      10
    ],
    "5": [
      9,
      10,
      6,
      9
    ],
    "6": [
      1,
      9,
      4,
      1
    ],
    "7": [
      7,
      3,
      3,
      9
    ],
    "8": [
      1,
      10,
      10,
      9
    ],
    "9": [
      4,
      8,
      10,
      10
    ],
    "10": [
      9,
      9,
      10,
      9
    ],
    "11": [
      1,
      10,
      10,
      9
    ],
    "12": [
      10,
      10,
      10,
      9
    ],
    "13": [
      10,
      10,
      9,
      8
    ],
    "14": [
      10,
      10,
      10,
      10
    ],
    "15": [
      1,
      10,
      10,
      9
    ],
    "16": [
      10,
      9,
      10,
      9
    ],
    "17": [
      10,
      8,
      9,
      9
    ],
    "18": [
      10,
      9,
      8,
      9
    ],
    "19": [
      10,
      9,
      8,
      10
    ],
    "20": [
      10,
      9,
      8,
      3
    ],
    "21": [
      1,
      9,
      8,
      7
    ],
    "22": [
      10,
      10,
      9,
      10
    ],
    "23": [
      1,
      8,
      10,
      6
    ],
    "24": [
      1,
      7,
      6,
      6
    ],
    "25": [
      1,
      10,
      9,
      6
    ],
    "26": [
      10,
      7,
      10,
      8
    ],
    "27": [
      1,
      8,
      10,
      8
    ],
    "28": [
      1,
      10,
      9,
      10
    ],
    "29": [
      2,
      10,
      2,
      10
    ],
    "30": [
      8,
      10,
      1,
      9
    ],
    "31": [
      1,
      8,
      6,
      10
    ],
    "32": [
      6,
      4,
      10,
      4
    ]
  },
  "test_acc": {
    "0": 0.5013,
    "1": 0.5013,
    "2": 0.5248,
    "3": 0.5013,
    "4": 0.5942,
    "5": 0.6393,
    "6": 0.5013,
    "7": 0.5013,
    "8": 0.6916,
    "9": 0.6997,
    "10": 0.6924,
    "11": 0.734,
    "12": 0.7304,
    "13": 0.7331,
    "14": 0.7272,
    "15": 0.7261,
    "16": 0.7024,
    "17": 0.7153,
    "18": 0.7107,
    "19": 0.5013,
    "20": 0.7197,
    "21": 0.7207,
    "22": 0.7169,
    "23": 0.5013,
    "24": 0.5013,
    "25": 0.5013,
    "26": 0.7031,
    "27": 0.5013,
    "28": 0.683,
    "29": 0.5013,
    "30": 0.5013,
    "31": 0.5013,
    "32": 0.6905
  },
  "test_loss": {
    "0": 0.6931498847007751,
    "1": 0.6932014898300171,
    "2": 0.6920804542541504,
    "3": 0.6931530097961426,
    "4": 0.6645798850059509,
    "5": 0.6354532328605652,
    "6": 0.6932030254364013,
    "7": 0.6931689191818238,
    "8": 0.5918618682861329,
    "9": 0.586598245048523,
    "10": 0.5845619212150573,
    "11": 0.5362002854824066,
    "12": 0.5412990395545959,
    "13": 0.5326977440834045,
    "14": 0.5409767720222474,
    "15": 0.5455860280990601,
    "16": 0.5800659757614136,
    "17": 0.5608311204910278,
    "18": 0.5712345410346985,
    "19": 0.6932033616065979,
    "20": 0.5589631697177887,
    "21": 0.5583876069068908,
    "22": 0.560753005695343,
    "23": 0.693166785621643,
    "24": 0.6931596921920776,
    "25": 0.6931778749465942,
    "26": 0.5769296460151673,
    "27": 0.693191197013855,
    "28": 0.5959114804267883,
    "29": 0.6932163521766662,
    "30": 0.6931527938842773,
    "31": 0.6932085919380188,
    "32": 0.5871085508346557
  },
  "drift_final_total_l2": {
    "0": 0.632793128490448,
    "1": 0.8542332649230957,
    "2": 5.6582255363464355,
    "3": 0.7642838358879089,
    "4": 5.913336753845215,
    "5": 8.565286636352539,
    "6": 0.6689573526382446,
    "7": 0.8150410652160645,
    "8": 8.342824935913086,
    "9": 6.034397125244141,
    "10": 10.510749816894531,
    "11": 10.051750183105469,
    "12": 11.185979843139648,
    "13": 8.672929763793945,
    "14": 7.300936222076416,
    "15": 7.4382243156433105,
    "16": 5.805386543273926,
    "17": 7.078633785247803,
    "18": 5.060377597808838,
    "19": 0.7540630102157593,
    "20": 5.670053005218506,
    "21": 5.2030792236328125,
    "22": 5.85607385635376,
    "23": 0.7196115851402283,
    "24": 0.75102299451828,
    "25": 0.7593286633491516,
    "26": 5.120611667633057,
    "27": 0.6838120818138123,
    "28": 4.732179164886475,
    "29": 0.7493191361427307,
    "30": 1.0755615234375,
    "31": 1.214698076248169,
    "32": 5.288038730621338
  },
  "probe_type": "mlp",
  "probe_hidden_size": [
    4
  ],
  "init_strategy": "gamma",
  "init_gamma": 1.0,