{
  "config": {
    "model_short": "llama",
    "task_name": "somo",
    "dataset": {
      "train": "cache/llama/somo_train/",
      "test": "cache/llama/somo_test/"
    },
    "mdl": {
      "batch_size": 64,
      "probe_type": "mlp",
      "probe_hidden_size": [
        1024
      ],
      "num_classes": 2,
      "init_strategy": "gamma_second_zero",
      "init_gamma": 0.8,
      "optimizer": "adamw",
      "train_epochs": 10,
      "lr": 0.001,
      "seed": 442,
      "early_stopping_gap": 3,
      "split_num": 5,
      "split_ratio": 2.0
    },
    "out_dir": "init_results/llama/somo/hidden-1024/seed-442/strategy-gamma_second_zero/gamma-0.8/2026-04-21_03-16-12"
  },
  "train_meta": {
    "dataset": "compling/somo",
    "split": "train",
    "text_col": "text",
    "model": "meta-llama/Meta-Llama-3.1-8B",
    "max_len": 64,
    "hidden_size": 4096,
    "num_hidden_layers": 32,
    "num_states": 33,
    "memmap_file": "last_token_hidden_states.memmap",
    "dtype": "float32",
    "shape": [
      15000,
      33,
      4096
    ]
  },
  "test_meta": {
    "dataset": "compling/somo",
    "split": "test",
    "text_col": "text",
    "model": "meta-llama/Meta-Llama-3.1-8B",
    "max_len": 64,
    "hidden_size": 4096,
    "num_hidden_layers": 32,
    "num_states": 33,
    "memmap_file": "last_token_hidden_states.memmap",
    "dtype": "float32",
    "shape": [
      10000,
      33,
      4096
    ]
  },
  "splits": [
    484,
    968,
    1936,
    3872,
    7740
  ],
  "mdl_sum_ce": {
    "0": 10061.239863872528,
    "1": 10059.926209926605,
    "2": 10060.742353439331,
    "3": 10029.397762775421,
    "4": 9725.361815929413,
    "5": 9500.575662612915,
    "6": 9445.618511199951,
    "7": 9242.332584381104,
    "8": 8914.990772724152,
    "9": 8644.25672340393,
    "10": 8140.2518990039825,
    "11": 8176.791898012161,
    "12": 8140.557782649994,
    "13": 8187.73420715332,
    "14": 8200.015431165695,
    "15": 8328.999707221985,
    "16": 8470.110677719116,
    "17": 8456.766966342926,
    "18": 8554.491644382477,
    "19": 8589.538069725037,
    "20": 8632.500075340271,
    "21": 8665.402778148651,
    "22": 8772.154361248016,
    "23": 8715.333426952362,
    "24": 8817.655851840973,
    "25": 8806.386199474335,
    "26": 8815.100736141205,
    "27": 8751.646733283997,
    "28": 8817.191489696503,
    "29": 8836.662891864777,
    "30": 8945.65868806839,
    "31": 8780.09052324295,
    "32": 9061.62696647644
  },
  "mdl_nll": {
    "0": 0.6931137960782948,
    "1": 0.6930232991131583,
    "2": 0.6930795228326903,
    "3": 0.6909202096152811,
    "4": 0.6699753248780251,
    "5": 0.654489918890391,
    "6": 0.6507039481399801,
    "7": 0.6366996820323163,
    "8": 0.6141492678922673,
    "9": 0.5954985342659087,
    "10": 0.5607778932904369,
    "11": 0.5632951155974208,
    "12": 0.5607989654622482,
    "13": 0.5640489258165693,
    "14": 0.5648949732133987,
    "15": 0.5737806356587204,
    "16": 0.5835017000357616,
    "17": 0.5825824584143653,
    "18": 0.5893146627433505,
    "19": 0.5917289935054448,
    "20": 0.5946886246445489,
    "21": 0.5969552754304664,
    "22": 0.6043093387467633,
    "23": 0.6003949729231443,
    "24": 0.6074439137393891,
    "25": 0.6066675530087031,
    "26": 0.6072678930932216,
    "27": 0.6028965784847063,
    "28": 0.6074119240628618,
    "29": 0.6087532992466779,
    "30": 0.6162619652844027,
    "31": 0.6048560569883542,
    "32": 0.6242509621435961
  },
  "stopping_epochs_per_stage": {
    "0": [
      1,
      1,
      2,
      8
    ],
    "1": [
      1,
      2,
      9,
      2
    ],
    "2": [
      1,
      4,
      6,
      1
    ],
    "3": [
      1,
      2,
      3,
      6
    ],
    "4": [
      1,
      8,
      6,
      8
    ],
    "5": [
      1,
      8,
      7,
      5
    ],
    "6": [
      5,
      8,
      8,
      7
    ],
    "7": [
      1,
      9,
      6,
      5
    ],
    "8": [
      3,
      9,
      6,
      5
    ],
    "9": [
      1,
      7,
      4,
      2
    ],
    "10": [
      10,
      3,
      7,
      4
    ],
    "11": [
      7,
      6,
      5,
      2
    ],
    "12": [
      6,
      5,
      5,
      3
    ],
    "13": [
      7,
      5,
      3,
      3
    ],
    "14": [
      6,
      3,
      4,
      6
    ],
    "15": [
      6,
      6,
      6,
      6
    ],
    "16": [
      7,
      4,
      2,
      3
    ],
    "17": [
      7,
      5,
      6,
      4
    ],
    "18": [
      7,
      3,
      3,
      5
    ],
    "19": [
      5,
      4,
      5,
      7
    ],
    "20": [
      5,
      7,
      4,
      4
    ],
    "21": [
      2,
      6,
      7,
      4
    ],
    "22": [
      3,
      6,
      4,
      4
    ],
    "23": [
      3,
      7,
      4,
      5
    ],
    "24": [
      3,
      7,
      6,
      5
    ],
    "25": [
      2,
      7,
      7,
      6
    ],
    "26": [
      1,
      5,
      3,
      5
    ],
    "27": [
      1,
      5,
      7,
      6
    ],
    "28": [
      5,
      5,
      3,
      4
    ],
    "29": [
      3,
      4,
      5,
      3
    ],
    "30": [
      3,
      5,
      6,
      4
    ],
    "31": [
      7,
      3,
      4,
      5
    ],
    "32": [
      5,
      3,
      3,
      4
    ]
  },
  "test_acc": {
    "0": 0.5013,
    "1": 0.5011,
    "2": 0.5263,
    "3": 0.5501,
    "4": 0.5995,
    "5": 0.6258,
    "6": 0.6483,
    "7": 0.6559,
    "8": 0.6848,
    "9": 0.6805,
    "10": 0.7206,
    "11": 0.7293,
    "12": 0.7294,
    "13": 0.7229,
    "14": 0.7309,
    "15": 0.7254,
    "16": 0.7079,
    "17": 0.7191,
    "18": 0.7007,
    "19": 0.6887,
    "20": 0.7016,
    "21": 0.6982,
    "22": 0.7054,
    "23": 0.7063,
    "24": 0.7056,
    "25": 0.6952,
    "26": 0.6801,
    "27": 0.6799,
    "28": 0.6938,
    "29": 0.6834,
    "30": 0.6892,
    "31": 0.6882,
    "32": 0.6872
  },
  "test_loss": {
    "0": 0.6931779179573059,
    "1": 0.6932938957214355,
    "2": 0.6944466598510742,
    "3": 0.6858650839805603,
    "4": 0.6644638041496277,
    "5": 0.6428581583976746,
    "6": 0.633215513420105,
    "7": 0.6321207476615905,
    "8": 0.595011422252655,
    "9": 0.6465469512462616,
    "10": 0.5822014880180358,
    "11": 0.5664801017761231,
    "12": 0.5551575724601746,
    "13": 0.5802499535560608,
    "14": 0.548434724187851,
    "15": 0.5801662454605102,
    "16": 0.5799251921653747,
    "17": 0.5715883180618286,
    "18": 0.5941452138423919,
    "19": 0.6187681145191193,
    "20": 0.5800357712268829,
    "21": 0.5817423582077026,
    "22": 0.5746710968971253,
    "23": 0.5820687823295593,
    "24": 0.5765284322738647,
    "25": 0.6152549279689788,
    "26": 0.6181363189697265,
    "27": 0.6167716669082641,
    "28": 0.6082850421905518,
    "29": 0.6268411870956421,
    "30": 0.6130197422981262,
    "31": 0.5879630300521851,
    "32": 0.599937393951416
  },
  "drift_final_total_l2": {
    "0": 10.177075386047363,
    "1": 17.584957122802734,
    "2": 22.44244384765625,
    "3": 20.834577560424805,
    "4": 25.63985824584961,
    "5": 28.22224235534668,
    "6": 32.8785400390625,
    "7": 32.84335708618164,
    "8": 31.510311126708984,
    "9": 57.18620300292969,
    "10": 51.335975646972656,
    "11": 53.618690490722656,
    "12": 60.623695373535156,
    "13": 65.79977416992188,
    "14": 33.788909912109375,
    "15": 47.623653411865234,
    "16": 53.45018768310547,
    "17": 44.260799407958984,
    "18": 41.78398132324219,
    "19": 38.98949432373047,
    "20": 40.98368453979492,
    "21": 39.05693435668945,
    "22": 36.040706634521484,
    "23": 24.592891693115234,
    "24": 30.395267486572266,
    "25": 25.38627052307129,
    "26": 27.7491397857666,
    "27": 28.868865966796875,
    "28": 25.067867279052734,
    "29": 24.70343589782715,
    "30": 27.369768142700195,
    "31": 19.86361312866211,
    "32": 20.617069244384766
  },
  "probe_type": "mlp",
  "probe_hidden_size": [
    1024
  ],
  "init_strategy": "gamma_second_zero",
  "init_gamma": 0.8,