{
  "config": {
    "model_short": "llama",
    "task_name": "somo",
    "dataset": {
      "train": "cache/llama/somo_train/",
      "test": "cache/llama/somo_test/"
    },
    "mdl": {
      "batch_size": 64,
      "probe_type": "mlp",
      "probe_hidden_size": [
        16
      ],
      "num_classes": 2,
      "init_strategy": "standard",
      "init_gamma": null,
      "optimizer": "adamw",
      "train_epochs": 10,
      "lr": 0.001,
      "seed": 442,
      "early_stopping_gap": 3,
      "split_num": 5,
      "split_ratio": 2.0
    },
    "out_dir": "init_results/llama/somo/hidden-16/seed-442/strategy-standard/gamma-na/2026-04-21_00-33-44"
  },
  "train_meta": {
    "dataset": "compling/somo",
    "split": "train",
    "text_col": "text",
    "model": "meta-llama/Meta-Llama-3.1-8B",
    "max_len": 64,
    "hidden_size": 4096,
    "num_hidden_layers": 32,
    "num_states": 33,
    "memmap_file": "last_token_hidden_states.memmap",
    "dtype": "float32",
    "shape": [
      15000,
      33,
      4096
    ]
  },
  "test_meta": {
    "dataset": "compling/somo",
    "split": "test",
    "text_col": "text",
    "model": "meta-llama/Meta-Llama-3.1-8B",
    "max_len": 64,
    "hidden_size": 4096,
    "num_hidden_layers": 32,
    "num_states": 33,
    "memmap_file": "last_token_hidden_states.memmap",
    "dtype": "float32",
    "shape": [
      10000,
      33,
      4096
    ]
  },
  "splits": [
    484,
    968,
    1936,
    3872,
    7740
  ],
  "mdl_sum_ce": {
    "0": 10063.27016210556,
    "1": 10061.49592256546,
    "2": 10061.628038406372,
    "3": 10017.455563545227,
    "4": 9774.466757774353,
    "5": 9541.992533683777,
    "6": 9544.900097370148,
    "7": 9263.159837722778,
    "8": 9140.515451431274,
    "9": 8629.166199684143,
    "10": 8108.300311088562,
    "11": 8076.813931465149,
    "12": 8054.128233194351,
    "13": 8097.616201877594,
    "14": 8142.699022293091,
    "15": 8218.5015335083,
    "16": 8364.38759803772,
    "17": 8404.85029888153,
    "18": 8499.480850696564,
    "19": 8502.55495929718,
    "20": 8544.535939216614,
    "21": 8711.422492027283,
    "22": 8613.516731739044,
    "23": 8674.57281446457,
    "24": 8931.051393985748,
    "25": 8707.386162757874,
    "26": 8685.396381378174,
    "27": 8743.499380588531,
    "28": 8846.612009048462,
    "29": 8826.104035377502,
    "30": 8804.442949295044,
    "31": 8714.538578987122,
    "32": 9198.798651218414
  },
  "mdl_nll": {
    "0": 0.6932536623109369,
    "1": 0.6931314358339391,
    "2": 0.6931405372283255,
    "3": 0.6900975174666042,
    "4": 0.6733581398301428,
    "5": 0.6573431064813845,
    "6": 0.6575434070935621,
    "7": 0.6381344611272236,
    "8": 0.6296855505257147,
    "9": 0.594458955613402,
    "10": 0.5585767643351173,
    "11": 0.5564076833470066,
    "12": 0.55484487690785,
    "13": 0.5578407413803799,
    "14": 0.5609464743932964,
    "15": 0.5661684715836526,
    "16": 0.5762184898069523,
    "17": 0.5790059450869062,
    "18": 0.5855249966035109,
    "19": 0.585736770411765,
    "20": 0.5886288191799817,
    "21": 0.6001255505667734,
    "22": 0.5933808715719926,
    "23": 0.5975869946586229,
    "24": 0.6152556760805834,
    "25": 0.5998474898565633,
    "26": 0.598332624784939,
    "27": 0.6023353114210892,
    "28": 0.6094386889672404,
    "29": 0.6080259048896047,
    "30": 0.6065336834730672,
    "31": 0.6003402162432572,
    "32": 0.6337006510897226
  },
  "stopping_epochs_per_stage": {
    "0": [
      2,
      1,
      1,
      4
    ],
    "1": [
      2,
      2,
      9,
      2
    ],
    "2": [
      2,
      5,
      1,
      1
    ],
    "3": [
      2,
      4,
      10,
      7
    ],
    "4": [
      4,
      10,
      9,
      9
    ],
    "5": [
      6,
      9,
      10,
      10
    ],
    "6": [
      8,
      8,
      8,
      6
    ],
    "7": [
      1,
      10,
      10,
      9
    ],
    "8": [
      9,
      10,
      10,
      9
    ],
    "9": [
      9,
      10,
      8,
      6
    ],
    "10": [
      10,
      10,
      10,
      6
    ],
    "11": [
      10,
      9,
      10,
      9
    ],
    "12": [
      10,
      10,
      10,
      6
    ],
    "13": [
      10,
      10,
      9,
      9
    ],
    "14": [
      9,
      10,
      6,
      7
    ],
    "15": [
      10,
      8,
      10,
      5
    ],
    "16": [
      10,
      10,
      10,
      5
    ],
    "17": [
      10,
      7,
      6,
      8
    ],
    "18": [
      10,
      9,
      9,
      5
    ],
    "19": [
      10,
      10,
      10,
      8
    ],
    "20": [
      4,
      9,
      7,
      8
    ],
    "21": [
      1,
      8,
      10,
      10
    ],
    "22": [
      1,
      10,
      8,
      5
    ],
    "23": [
      5,
      8,
      10,
      6
    ],
    "24": [
      2,
      8,
      10,
      10
    ],
    "25": [
      1,
      9,
      9,
      8
    ],
    "26": [
      9,
      10,
      6,
      10
    ],
    "27": [
      5,
      8,
      9,
      8
    ],
    "28": [
      10,
      7,
      7,
      3
    ],
    "29": [
      10,
      4,
      10,
      4
    ],
    "30": [
      7,
      9,
      9,
      4
    ],
    "31": [
      10,
      5,
      7,
      7
    ],
    "32": [
      3,
      4,
      10,
      5
    ]
  },
  "test_acc": {
    "0": 0.5013,
    "1": 0.5041,
    "2": 0.5069,
    "3": 0.5013,
    "4": 0.6018,
    "5": 0.6318,
    "6": 0.6385,
    "7": 0.6611,
    "8": 0.6722,
    "9": 0.6741,
    "10": 0.7235,
    "11": 0.7308,
    "12": 0.732,
    "13": 0.7259,
    "14": 0.7269,
    "15": 0.7242,
    "16": 0.7261,
    "17": 0.7223,
    "18": 0.7206,
    "19": 0.7125,
    "20": 0.7211,
    "21": 0.7002,
    "22": 0.7129,
    "23": 0.7083,
    "24": 0.6996,
    "25": 0.7052,
    "26": 0.6928,
    "27": 0.7027,
    "28": 0.7009,
    "29": 0.6971,
    "30": 0.7056,
    "31": 0.6937,
    "32": 0.6879
  },
  "test_loss": {
    "0": 0.6932044213294983,
    "1": 0.6932646815299988,
    "2": 0.6931822178840638,
    "3": 0.69316479139328,
    "4": 0.6663774236679078,
    "5": 0.6410537401199341,
    "6": 0.6339548995018005,
    "7": 0.6195189579963684,
    "8": 0.6011270974159241,
    "9": 0.6077625030517578,
    "10": 0.5518760833740234,
    "11": 0.5426493144989014,
    "12": 0.5406285288333893,
    "13": 0.5557590025901794,
    "14": 0.5434529478549958,
    "15": 0.5473519106388092,
    "16": 0.543834546661377,
    "17": 0.5626500240325928,
    "18": 0.5584012537956238,
    "19": 0.5626552602767945,
    "20": 0.5567140460014344,
    "21": 0.5780983524322509,
    "22": 0.5597439758777618,
    "23": 0.5718097563743592,
    "24": 0.5864124848842621,
    "25": 0.5746424476623535,
    "26": 0.5994937399864196,
    "27": 0.5864049807548523,
    "28": 0.582743703174591,
    "29": 0.5913416891098022,
    "30": 0.5793569666862488,
    "31": 0.5817884063720703,
    "32": 0.5882838720321655
  },
  "drift_final_total_l2": {
    "0": 1.9580272436141968,
    "1": 7.543250560760498,
    "2": 6.5556254386901855,
    "3": 1.5023515224456787,
    "4": 13.230384826660156,
    "5": 12.329026222229004,
    "6": 10.93045711517334,
    "7": 13.392821311950684,
    "8": 12.868780136108398,
    "9": 11.802261352539062,
    "10": 14.658254623413086,
    "11": 13.528366088867188,
    "12": 12.716500282287598,
    "13": 13.934733390808105,
    "14": 12.552992820739746,
    "15": 13.471821784973145,
    "16": 7.777953624725342,
    "17": 11.364239692687988,
    "18": 13.760400772094727,
    "19": 7.191069602966309,
    "20": 8.983098030090332,
    "21": 5.168590545654297,
    "22": 8.550267219543457,
    "23": 8.622712135314941,
    "24": 8.476297378540039,
    "25": 8.468287467956543,
    "26": 9.148299217224121,
    "27": 5.182304382324219,
    "28": 7.6245436668396,
    "29": 7.309900283813477,
    "30": 5.524255752563477,
    "31": 4.663577079772949,
    "32": 4.622766494750977
  },
  "probe_type": "mlp",
  "probe_hidden_size": [
    16
  ],
  "init_strategy": "standard",
  "init_gamma": null,