{
  "config": {
    "model_short": "llama",
    "task_name": "somo",
    "dataset": {
      "train": "cache/llama/somo_train/",
      "test": "cache/llama/somo_test/"
    },
    "mdl": {
      "batch_size": 64,
      "probe_type": "mlp",
      "probe_hidden_size": [
        64
      ],
      "num_classes": 2,
      "init_strategy": "mup",
      "init_gamma": null,
      "optimizer": "adam",
      "train_epochs": 20,
      "lr": 0.0009765625,
      "seed": 42,
      "early_stopping_gap": 3,
      "split_num": 5,
      "split_ratio": 2.0
    },
    "out_dir": "muP_results/llama/somo/hidden-64/seed-42/strategy-mup/opt-adam/2026-04-28_19-37-30"
  },
  "train_meta": {
    "dataset": "compling/somo",
    "split": "train",
    "text_col": "text",
    "model": "meta-llama/Meta-Llama-3.1-8B",
    "max_len": 64,
    "hidden_size": 4096,
    "num_hidden_layers": 32,
    "num_states": 33,
    "memmap_file": "last_token_hidden_states.memmap",
    "dtype": "float32",
    "shape": [
      15000,
      33,
      4096
    ]
  },
  "test_meta": {
    "dataset": "compling/somo",
    "split": "test",
    "text_col": "text",
    "model": "meta-llama/Meta-Llama-3.1-8B",
    "max_len": 64,
    "hidden_size": 4096,
    "num_hidden_layers": 32,
    "num_states": 33,
    "memmap_file": "last_token_hidden_states.memmap",
    "dtype": "float32",
    "shape": [
      10000,
      33,
      4096
    ]
  },
  "splits": [
    484,
    968,
    1936,
    3872,
    7740
  ],
  "mdl_sum_ce": {
    "0": 10062.114045619965,
    "1": 10061.325832366943,
    "2": 10056.347987174988,
    "3": 10032.483879089355,
    "4": 9744.519381523132,
    "5": 9495.14189863205,
    "6": 9442.468063354492,
    "7": 9198.78527879715,
    "8": 8980.153223991394,
    "9": 8460.101898670197,
    "10": 8037.9732031822205,
    "11": 8019.701476097107,
    "12": 8032.896215438843,
    "13": 8015.82754611969,
    "14": 8106.407774925232,
    "15": 8197.346953392029,
    "16": 8217.036703109741,
    "17": 8364.941846847534,
    "18": 8412.077267169952,
    "19": 8490.648981571198,
    "20": 8571.368807792664,
    "21": 8532.431533813477,
    "22": 8557.501092910767,
    "23": 8597.943291664124,
    "24": 8596.982688426971,
    "25": 8669.097073078156,
    "26": 8663.362899303436,
    "27": 8647.989270687103,
    "28": 8680.685347557068,
    "29": 8709.086708068848,
    "30": 8689.709904670715,
    "31": 8634.357074260712,
    "32": 8875.578540325165
  },
  "mdl_nll": {
    "0": 0.6931740180228688,
    "1": 0.6931197184049975,
    "2": 0.6927767971324736,
    "3": 0.6911328106289167,
    "4": 0.6712950800167493,
    "5": 0.6541155895998932,
    "6": 0.6504869153592238,
    "7": 0.6336997298702913,
    "8": 0.6186382766596441,
    "9": 0.5828122002390601,
    "10": 0.553731964947797,
    "11": 0.5524732347821099,
    "12": 0.553382213794354,
    "13": 0.5522063616781269,
    "14": 0.5584463884627467,
    "15": 0.5647111431105007,
    "16": 0.5660675601480946,
    "17": 0.5762566717310234,
    "18": 0.579503807327773,
    "19": 0.5849165735444474,
    "20": 0.5904773221130245,
    "21": 0.5877949527289527,
    "22": 0.5895219821514719,
    "23": 0.5923080250526401,
    "24": 0.5922418495747431,
    "25": 0.5972097735655936,
    "26": 0.5968147491942296,
    "27": 0.5957556675866013,
    "28": 0.5980080840146781,
    "29": 0.5999646395748723,
    "30": 0.5986297812531493,
    "31": 0.5948165523739812,
    "32": 0.6114341788595457
  },
  "stopping_epochs_per_stage": {
    "0": [
      1,
      2,
      8,
      4
    ],
    "1": [
      3,
      1,
      9,
      5
    ],
    "2": [
      1,
      17,
      1,
      6
    ],
    "3": [
      3,
      3,
      16,
      7
    ],
    "4": [
      20,
      20,
      19,
      20
    ],
    "5": [
      19,
      19,
      15,
      18
    ],
    "6": [
      20,
      20,
      20,
      20
    ],
    "7": [
      20,
      20,
      20,
      19
    ],
    "8": [
      20,
      8,
      13,
      13
    ],
    "9": [
      20,
      20,
      20,
      18
    ],
    "10": [
      20,
      19,
      14,
      14
    ],
    "11": [
      20,
      19,
      20,
      17
    ],
    "12": [
      20,
      19,
      20,
      16
    ],
    "13": [
      20,
      20,
      17,
      14
    ],
    "14": [
      20,
      17,
      10,
      16
    ],
    "15": [
      20,
      17,
      11,
      11
    ],
    "16": [
      20,
      20,
      19,
      20
    ],
    "17": [
      20,
      19,
      14,
      15
    ],
    "18": [
      19,
      20,
      17,
      14
    ],
    "19": [
      17,
      20,
      14,
      11
    ],
    "20": [
      14,
      20,
      9,
      16
    ],
    "21": [
      19,
      11,
      13,
      18
    ],
    "22": [
      12,
      13,
      20,
      12
    ],
    "23": [
      12,
      18,
      13,
      11
    ],
    "24": [
      13,
      18,
      17,
      14
    ],
    "25": [
      18,
      20,
      16,
      14
    ],
    "26": [
      9,
      18,
      18,
      10
    ],
    "27": [
      2,
      20,
      17,
      14
    ],
    "28": [
      3,
      9,
      11,
      16
    ],
    "29": [
      8,
      17,
      11,
      14
    ],
    "30": [
      7,
      14,
      15,
      9
    ],
    "31": [
      5,
      16,
      14,
      9
    ],
    "32": [
      3,
      10,
      7,
      8
    ]
  },
  "test_acc": {
    "0": 0.5013,
    "1": 0.5032,
    "2": 0.5283,
    "3": 0.5399,
    "4": 0.5986,
    "5": 0.6413,
    "6": 0.6479,
    "7": 0.6619,
    "8": 0.6963,
    "9": 0.7099,
    "10": 0.7305,
    "11": 0.7328,
    "12": 0.7313,
    "13": 0.7233,
    "14": 0.7381,
    "15": 0.728,
    "16": 0.7199,
    "17": 0.7245,
    "18": 0.7257,
    "19": 0.7207,
    "20": 0.7129,
    "21": 0.7215,
    "22": 0.712,
    "23": 0.7093,
    "24": 0.7101,
    "25": 0.7111,
    "26": 0.708,
    "27": 0.7051,
    "28": 0.693,
    "29": 0.6958,
    "30": 0.6997,
    "31": 0.6944,
    "32": 0.6889
  },
  "test_loss": {
    "0": 0.6931970571517945,
    "1": 0.6931715779304505,
    "2": 0.6912673978805542,
    "3": 0.6872663774490356,
    "4": 0.6599419019699097,
    "5": 0.6334738275527955,
    "6": 0.6284451878547669,
    "7": 0.6156936882019043,
    "8": 0.5846673875808716,
    "9": 0.5714842475891113,
    "10": 0.5373114544868469,
    "11": 0.5366694995880127,
    "12": 0.5410400733470917,
    "13": 0.5511607111930847,
    "14": 0.5355571066856384,
    "15": 0.5493675674915314,
    "16": 0.5494563287258148,
    "17": 0.5480049094200135,
    "18": 0.5468599872112274,
    "19": 0.5516136934280396,
    "20": 0.5640484866142272,
    "21": 0.5549074565410614,
    "22": 0.5669833114147186,
    "23": 0.5719005895614624,
    "24": 0.5685307455062866,
    "25": 0.5729676664352417,
    "26": 0.5733976254463196,
    "27": 0.5736161511421204,
    "28": 0.5998149836540222,
    "29": 0.5966069769859313,
    "30": 0.5838243953704834,
    "31": 0.5908108894348144,
    "32": 0.6027935849189758
  },
  "drift_final_total_l2": {
    "0": 3.8118700981140137,
    "1": 25.685302734375,
    "2": 41.31528091430664,
    "3": 36.278892517089844,
    "4": 52.706504821777344,
    "5": 57.08869934082031,
    "6": 57.1710205078125,
    "7": 57.514705657958984,
    "8": 54.5570182800293,
    "9": 62.303401947021484,
    "10": 66.68640899658203,
    "11": 57.20860290527344,
    "12": 63.27299118041992,
    "13": 59.33681106567383,
    "14": 52.63371276855469,
    "15": 56.36235046386719,
    "16": 51.68016052246094,
    "17": 44.22801971435547,
    "18": 43.9787712097168,
    "19": 48.4754524230957,
    "20": 49.76203918457031,
    "21": 44.825340270996094,
    "22": 42.30808639526367,
    "23": 38.329437255859375,
    "24": 41.12754440307617,
    "25": 40.3419075012207,
    "26": 44.39154815673828,
    "27": 36.75133514404297,
    "28": 37.499000549316406,
    "29": 36.80881881713867,
    "30": 39.62724304199219,
    "31": 31.226892471313477,
    "32": 29.196247100830078
  },
  "probe_type": "mlp",
  "probe_hidden_size": [
    64
  ],