{
  "config": {
    "model_short": "llama",
    "task_name": "somo",
    "dataset": {
      "train": "cache/llama/somo_train/",
      "test": "cache/llama/somo_test/"
    },
    "mdl": {
      "batch_size": 64,
      "probe_type": "mlp",
      "probe_hidden_size": [
        32
      ],
      "num_classes": 2,
      "init_strategy": "gamma_second_zero",
      "init_gamma": 1.2,
      "optimizer": "adamw",
      "train_epochs": 10,
      "lr": 0.001,
      "seed": 442,
      "early_stopping_gap": 3,
      "split_num": 5,
      "split_ratio": 2.0
    },
    "out_dir": "init_results/llama/somo/hidden-32/seed-442/strategy-gamma_second_zero/gamma-1.2/opt-adamw/2026-04-25_03-20-29"
  },
  "train_meta": {
    "dataset": "compling/somo",
    "split": "train",
    "text_col": "text",
    "model": "meta-llama/Meta-Llama-3.1-8B",
    "max_len": 64,
    "hidden_size": 4096,
    "num_hidden_layers": 32,
    "num_states": 33,
    "memmap_file": "last_token_hidden_states.memmap",
    "dtype": "float32",
    "shape": [
      15000,
      33,
      4096
    ]
  },
  "test_meta": {
    "dataset": "compling/somo",
    "split": "test",
    "text_col": "text",
    "model": "meta-llama/Meta-Llama-3.1-8B",
    "max_len": 64,
    "hidden_size": 4096,
    "num_hidden_layers": 32,
    "num_states": 33,
    "memmap_file": "last_token_hidden_states.memmap",
    "dtype": "float32",
    "shape": [
      10000,
      33,
      4096
    ]
  },
  "splits": [
    484,
    968,
    1936,
    3872,
    7740
  ],
  "mdl_sum_ce": {
    "0": 10059.964465141296,
    "1": 10059.531997203827,
    "2": 10061.025344371796,
    "3": 10018.713346481323,
    "4": 9819.557621479034,
    "5": 9548.90626859665,
    "6": 9670.585597991943,
    "7": 9313.469443798065,
    "8": 9621.103555679321,
    "9": 8556.191375255585,
    "10": 8186.277070045471,
    "11": 8225.488565444946,
    "12": 8086.868647575378,
    "13": 8245.40523314476,
    "14": 8168.910698413849,
    "15": 8220.586646080017,
    "16": 8387.224562644958,
    "17": 8538.241543293,
    "18": 8508.732996940613,
    "19": 8529.49653673172,
    "20": 8552.875363826752,
    "21": 8579.799518585205,
    "22": 8607.656963825226,
    "23": 8760.108878135681,
    "24": 9109.984260559082,
    "25": 8791.73635673523,
    "26": 8729.33011007309,
    "27": 8811.890368461609,
    "28": 8909.784589767456,
    "29": 8816.860353469849,
    "30": 9085.292008399963,
    "31": 8724.729900836945,
    "32": 8919.312272548676
  },
  "mdl_nll": {
    "0": 0.6930259344958182,
    "1": 0.6929961419953036,
    "2": 0.6930990179368831,
    "3": 0.6901841655057401,
    "4": 0.6764644269412396,
    "5": 0.6578193902312379,
    "6": 0.6662018185444987,
    "7": 0.6416002647973316,
    "8": 0.6627930253292451,
    "9": 0.5894317563554412,
    "10": 0.5639485443679713,
    "11": 0.5666498047289161,
    "12": 0.5571003477249503,
    "13": 0.5680218540331193,
    "14": 0.5627521836879201,
    "15": 0.5663121139487474,
    "16": 0.5777917169085808,
    "17": 0.5881952013841967,
    "18": 0.5861623723436631,
    "19": 0.5875927622438496,
    "20": 0.5892033179820028,
    "21": 0.5910581095746215,
    "22": 0.5929771950830274,
    "23": 0.6034795314229596,
    "24": 0.6275822720142658,
    "25": 0.6056583326491616,
    "26": 0.6013591974423457,
    "27": 0.6070467324649772,
    "28": 0.6137906165450162,
    "29": 0.6073891122533651,
    "30": 0.6258812350785316,
    "31": 0.6010422913224679,
    "32": 0.6144469738597875
  },
  "stopping_epochs_per_stage": {
    "0": [
      1,
      1,
      10,
      5
    ],
    "1": [
      1,
      4,
      9,
      1
    ],
    "2": [
      1,
      6,
      5,
      1
    ],
    "3": [
      1,
      4,
      9,
      8
    ],
    "4": [
      1,
      10,
      9,
      10
    ],
    "5": [
      1,
      9,
      10,
      9
    ],
    "6": [
      10,
      9,
      3,
      9
    ],
    "7": [
      1,
      10,
      9,
      9
    ],
    "8": [
      1,
      10,
      10,
      3
    ],
    "9": [
      10,
      10,
      4,
      5
    ],
    "10": [
      9,
      8,
      10,
      7
    ],
    "11": [
      10,
      10,
      8,
      10
    ],
    "12": [
      10,
      9,
      9,
      5
    ],
    "13": [
      9,
      8,
      9,
      9
    ],
    "14": [
      10,
      10,
      7,
      8
    ],
    "15": [
      8,
      9,
      5,
      5
    ],
    "16": [
      1,
      8,
      8,
      4
    ],
    "17": [
      9,
      9,
      7,
      3
    ],
    "18": [
      1,
      10,
      10,
      9
    ],
    "19": [
      9,
      8,
      7,
      9
    ],
    "20": [
      10,
      7,
      8,
      9
    ],
    "21": [
      10,
      10,
      6,
      6
    ],
    "22": [
      9,
      8,
      6,
      5
    ],
    "23": [
      1,
      10,
      10,
      9
    ],
    "24": [
      3,
      10,
      5,
      8
    ],
    "25": [
      1,
      6,
      9,
      5
    ],
    "26": [
      6,
      9,
      6,
      5
    ],
    "27": [
      1,
      9,
      10,
      8
    ],
    "28": [
      5,
      7,
      9,
      6
    ],
    "29": [
      8,
      9,
      6,
      9
    ],
    "30": [
      3,
      9,
      10,
      7
    ],
    "31": [
      3,
      5,
      10,
      6
    ],
    "32": [
      7,
      7,
      7,
      6
    ]
  },
  "test_acc": {
    "0": 0.5013,
    "1": 0.5023,
    "2": 0.5196,
    "3": 0.5371,
    "4": 0.6074,
    "5": 0.6347,
    "6": 0.6488,
    "7": 0.6326,
    "8": 0.6685,
    "9": 0.695,
    "10": 0.7311,
    "11": 0.7343,
    "12": 0.7308,
    "13": 0.7193,
    "14": 0.7276,
    "15": 0.7232,
    "16": 0.7304,
    "17": 0.7203,
    "18": 0.7245,
    "19": 0.7157,
    "20": 0.7099,
    "21": 0.7092,
    "22": 0.7143,
    "23": 0.7068,
    "24": 0.702,
    "25": 0.7078,
    "26": 0.7002,
    "27": 0.6959,
    "28": 0.7047,
    "29": 0.6962,
    "30": 0.7004,
    "31": 0.6939,
    "32": 0.6789
  },
  "test_loss": {
    "0": 0.693171515083313,
    "1": 0.6933759685516357,
    "2": 0.6924703168869019,
    "3": 0.6877038291931152,
    "4": 0.6598793827056885,
    "5": 0.6363437267303467,
    "6": 0.6283830770492553,
    "7": 0.6483750047683716,
    "8": 0.615946829032898,
    "9": 0.5940744771957397,
    "10": 0.5379918180465698,
    "11": 0.5385017875671386,
    "12": 0.5375857087135315,
    "13": 0.5553010789871216,
    "14": 0.5543753669738769,
    "15": 0.5575879295349121,
    "16": 0.5479336803436279,
    "17": 0.5545681674480438,
    "18": 0.5514947298049927,
    "19": 0.5634241955757141,
    "20": 0.5763719885826111,
    "21": 0.5652359071731567,
    "22": 0.560972470664978,
    "23": 0.5693052107810974,
    "24": 0.5843044419288635,
    "25": 0.57637403383255,
    "26": 0.5766074608802796,
    "27": 0.5867918597221374,
    "28": 0.5757473655700683,
    "29": 0.5911452423095703,
    "30": 0.5881669700622558,
    "31": 0.5806558245658875,
    "32": 0.5982717085361481
  },
  "drift_final_total_l2": {
    "0": 1.7208442687988281,
    "1": 9.112052917480469,
    "2": 13.037281036376953,
    "3": 8.77635669708252,
    "4": 13.801689147949219,
    "5": 12.436267852783203,
    "6": 10.923741340637207,
    "7": 13.31348991394043,
    "8": 21.518516540527344,
    "9": 18.704322814941406,
    "10": 13.936003684997559,
    "11": 16.926542282104492,
    "12": 14.387418746948242,
    "13": 16.864551544189453,
    "14": 16.184284210205078,
    "15": 19.23436164855957,
    "16": 18.07859992980957,
    "17": 7.3098978996276855,
    "18": 10.750996589660645,
    "19": 6.712019920349121,
    "20": 12.901257514953613,
    "21": 11.954482078552246,
    "22": 15.766507148742676,
    "23": 9.13210391998291,
    "24": 13.992085456848145,
    "25": 15.35728645324707,
    "26": 13.178095817565918,
    "27": 6.1312103271484375,
    "28": 11.471532821655273,
    "29": 12.20508098602295,
    "30": 8.798876762390137,
    "31": 8.406761169433594,
    "32": 9.85867977142334
  },
  "probe_type": "mlp",
  "probe_hidden_size": [
    32
  ],
  "init_strategy": "gamma_second_zero",