{
  "config": {
    "model_short": "llama",
    "task_name": "somo",
    "dataset": {
      "train": "cache/llama/somo_train/",
      "test": "cache/llama/somo_test/"
    },
    "mdl": {
      "batch_size": 64,
      "probe_type": "mlp",
      "probe_hidden_size": [
        16
      ],
      "num_classes": 2,
      "init_strategy": "gamma_second_zero",
      "init_gamma": 1.4,
      "optimizer": "adamw",
      "train_epochs": 10,
      "lr": 0.001,
      "seed": 42,
      "early_stopping_gap": 3,
      "split_num": 5,
      "split_ratio": 2.0
    },
    "out_dir": "init_results/llama/somo/hidden-16/seed-42/strategy-gamma_second_zero/gamma-1.4/opt-adamw/2026-04-25_03-02-27"
  },
  "train_meta": {
    "dataset": "compling/somo",
    "split": "train",
    "text_col": "text",
    "model": "meta-llama/Meta-Llama-3.1-8B",
    "max_len": 64,
    "hidden_size": 4096,
    "num_hidden_layers": 32,
    "num_states": 33,
    "memmap_file": "last_token_hidden_states.memmap",
    "dtype": "float32",
    "shape": [
      15000,
      33,
      4096
    ]
  },
  "test_meta": {
    "dataset": "compling/somo",
    "split": "test",
    "text_col": "text",
    "model": "meta-llama/Meta-Llama-3.1-8B",
    "max_len": 64,
    "hidden_size": 4096,
    "num_hidden_layers": 32,
    "num_states": 33,
    "memmap_file": "last_token_hidden_states.memmap",
    "dtype": "float32",
    "shape": [
      10000,
      33,
      4096
    ]
  },
  "splits": [
    484,
    968,
    1936,
    3872,
    7740
  ],
  "mdl_sum_ce": {
    "0": 10061.3950548172,
    "1": 10061.743072509766,
    "2": 10061.22371006012,
    "3": 10043.80491065979,
    "4": 9749.679217338562,
    "5": 9547.777958869934,
    "6": 9523.639375686646,
    "7": 9318.893901824951,
    "8": 9171.801494598389,
    "9": 8649.701964378357,
    "10": 8219.088541030884,
    "11": 8043.331318855286,
    "12": 8232.274459838867,
    "13": 8216.644336223602,
    "14": 8256.308770179749,
    "15": 8255.445896148682,
    "16": 8487.385206699371,
    "17": 8574.961232185364,
    "18": 8603.605380535126,
    "19": 8692.771699905396,
    "20": 8559.042868614197,
    "21": 8778.609598636627,
    "22": 8667.729843139648,
    "23": 8756.349740028381,
    "24": 8806.523390293121,
    "25": 8748.891457557678,
    "26": 8924.457691669464,
    "27": 9086.979892730713,
    "28": 8776.38269853592,
    "29": 8819.816573143005,
    "30": 8808.80775976181,
    "31": 8679.909514427185,
    "32": 8875.538921833038
  },
  "mdl_nll": {
    "0": 0.6931244871050702,
    "1": 0.6931484618703339,
    "2": 0.6931126832502149,
    "3": 0.6919127108473264,
    "4": 0.6716505385325545,
    "5": 0.6577416615369203,
    "6": 0.656078766580783,
    "7": 0.6419739530053011,
    "8": 0.6318408304352706,
    "9": 0.5958736542007685,
    "10": 0.5662089102391075,
    "11": 0.5541010828641006,
    "12": 0.5671172816091807,
    "13": 0.5660405301890054,
    "14": 0.5687729932612117,
    "15": 0.5687135502995785,
    "16": 0.5846917337213675,
    "17": 0.5907248024376801,
    "18": 0.59269808353094,
    "19": 0.5988407067997654,
    "20": 0.5896281943107052,
    "21": 0.6047540368308506,
    "22": 0.5971155857770494,
    "23": 0.6032205662736554,
    "24": 0.6066770040157841,
    "25": 0.6027067689141415,
    "26": 0.6148014392166895,
    "27": 0.6259975125882277,
    "28": 0.6046006267936015,
    "29": 0.6075927647522048,
    "30": 0.6068343730891299,
    "31": 0.597954637257315,
    "32": 0.6114314495613832
  },
  "stopping_epochs_per_stage": {
    "0": [
      6,
      1,
      5,
      1
    ],
    "1": [
      1,
      2,
      3,
      1
    ],
    "2": [
      4,
      1,
      2,
      1
    ],
    "3": [
      6,
      1,
      2,
      10
    ],
    "4": [
      10,
      10,
      10,
      10
    ],
    "5": [
      2,
      10,
      9,
      9
    ],
    "6": [
      10,
      9,
      9,
      10
    ],
    "7": [
      9,
      10,
      10,
      10
    ],
    "8": [
      4,
      9,
      10,
      10
    ],
    "9": [
      10,
      10,
      8,
      10
    ],
    "10": [
      10,
      10,
      10,
      10
    ],
    "11": [
      10,
      10,
      8,
      8
    ],
    "12": [
      10,
      9,
      10,
      6
    ],
    "13": [
      10,
      10,
      10,
      9
    ],
    "14": [
      10,
      10,
      6,
      10
    ],
    "15": [
      10,
      7,
      9,
      8
    ],
    "16": [
      10,
      10,
      8,
      10
    ],
    "17": [
      10,
      9,
      6,
      9
    ],
    "18": [
      9,
      10,
      9,
      6
    ],
    "19": [
      10,
      9,
      10,
      10
    ],
    "20": [
      10,
      8,
      8,
      8
    ],
    "21": [
      6,
      10,
      9,
      10
    ],
    "22": [
      5,
      10,
      7,
      9
    ],
    "23": [
      9,
      10,
      9,
      5
    ],
    "24": [
      6,
      8,
      10,
      7
    ],
    "25": [
      4,
      9,
      10,
      9
    ],
    "26": [
      7,
      9,
      10,
      9
    ],
    "27": [
      6,
      9,
      4,
      5
    ],
    "28": [
      10,
      10,
      8,
      7
    ],
    "29": [
      2,
      10,
      8,
      7
    ],
    "30": [
      4,
      10,
      6,
      7
    ],
    "31": [
      9,
      9,
      7,
      6
    ],
    "32": [
      5,
      6,
      7,
      6
    ]
  },
  "test_acc": {
    "0": 0.5013,
    "1": 0.5013,
    "2": 0.5013,
    "3": 0.549,
    "4": 0.5013,
    "5": 0.5013,
    "6": 0.6492,
    "7": 0.6638,
    "8": 0.6879,
    "9": 0.7059,
    "10": 0.7325,
    "11": 0.7335,
    "12": 0.7318,
    "13": 0.7233,
    "14": 0.5013,
    "15": 0.7302,
    "16": 0.6932,
    "17": 0.7247,
    "18": 0.7228,
    "19": 0.6905,
    "20": 0.7159,
    "21": 0.7151,
    "22": 0.6837,
    "23": 0.7108,
    "24": 0.6982,
    "25": 0.7033,
    "26": 0.6909,
    "27": 0.5013,
    "28": 0.678,
    "29": 0.6964,
    "30": 0.6962,
    "31": 0.6957,
    "32": 0.6855
  },
  "test_loss": {
    "0": 0.6932809366226196,
    "1": 0.6932428826332092,
    "2": 0.6931692884445191,
    "3": 0.6858739603996277,
    "4": 0.6931483156204223,
    "5": 0.6931926369667053,
    "6": 0.6271456513404846,
    "7": 0.6182361427307129,
    "8": 0.5955696099281311,
    "9": 0.5737872158050538,
    "10": 0.5371635589122772,
    "11": 0.5397731794834137,
    "12": 0.5409121796607971,
    "13": 0.5482184896469117,
    "14": 0.6932328060150147,
    "15": 0.5359709820270538,
    "16": 0.6048876633644104,
    "17": 0.5489735305786133,
    "18": 0.54827723736763,
    "19": 0.5905667106628418,
    "20": 0.5591793100357055,
    "21": 0.5604456835746765,
    "22": 0.5998988300323487,
    "23": 0.563879351234436,
    "24": 0.5780565526008606,
    "25": 0.5747262529373169,
    "26": 0.5982355082511902,
    "27": 0.6931625385284423,
    "28": 0.6075874859809876,
    "29": 0.5844259488105774,
    "30": 0.5857608597755433,
    "31": 0.58826205368042,
    "32": 0.5998472476959229
  },
  "drift_final_total_l2": {
    "0": 1.3186053037643433,
    "1": 1.2007694244384766,
    "2": 2.006415843963623,
    "3": 10.985276222229004,
    "4": 1.5528323650360107,
    "5": 1.3652580976486206,
    "6": 14.167980194091797,
    "7": 9.920141220092773,
    "8": 16.87240982055664,
    "9": 15.833995819091797,
    "10": 14.55809497833252,
    "11": 14.520444869995117,
    "12": 14.356470108032227,
    "13": 11.721933364868164,
    "14": 1.5374633073806763,
    "15": 11.271288871765137,
    "16": 11.965572357177734,
    "17": 14.43560791015625,
    "18": 10.657915115356445,
    "19": 6.574769020080566,
    "20": 8.86101245880127,
    "21": 10.17393970489502,
    "22": 6.841565132141113,
    "23": 8.556863784790039,
    "24": 6.646463871002197,
    "25": 10.562324523925781,
    "26": 8.87265396118164,
    "27": 1.4020568132400513,
    "28": 11.296013832092285,
    "29": 8.434516906738281,
    "30": 7.787271499633789,
    "31": 10.622467041015625,
    "32": 10.16434383392334
  },
  "probe_type": "mlp",
  "probe_hidden_size": [
    16
  ],