{
  "config": {
    "model_short": "llama",
    "task_name": "somo",
    "dataset": {
      "train": "cache/llama/somo_train/",
      "test": "cache/llama/somo_test/"
    },
    "mdl": {
      "batch_size": 64,
      "probe_type": "mlp",
      "probe_hidden_size": [
        1024
      ],
      "num_classes": 2,
      "init_strategy": "gamma_second_zero",
      "init_gamma": 1.7,
      "optimizer": "adamw",
      "train_epochs": 10,
      "lr": 0.001,
      "seed": 142,
      "early_stopping_gap": 3,
      "split_num": 5,
      "split_ratio": 2.0
    },
    "out_dir": "init_results/llama/somo/hidden-1024/seed-142/strategy-gamma_second_zero/gamma-1.7/opt-adamw/2026-04-25_03-13-43"
  },
  "train_meta": {
    "dataset": "compling/somo",
    "split": "train",
    "text_col": "text",
    "model": "meta-llama/Meta-Llama-3.1-8B",
    "max_len": 64,
    "hidden_size": 4096,
    "num_hidden_layers": 32,
    "num_states": 33,
    "memmap_file": "last_token_hidden_states.memmap",
    "dtype": "float32",
    "shape": [
      15000,
      33,
      4096
    ]
  },
  "test_meta": {
    "dataset": "compling/somo",
    "split": "test",
    "text_col": "text",
    "model": "meta-llama/Meta-Llama-3.1-8B",
    "max_len": 64,
    "hidden_size": 4096,
    "num_hidden_layers": 32,
    "num_states": 33,
    "memmap_file": "last_token_hidden_states.memmap",
    "dtype": "float32",
    "shape": [
      10000,
      33,
      4096
    ]
  },
  "splits": [
    484,
    968,
    1936,
    3872,
    7740
  ],
  "mdl_sum_ce": {
    "0": 10060.109008312225,
    "1": 10061.533825397491,
    "2": 10054.928454875946,
    "3": 10009.962326049805,
    "4": 9735.675041675568,
    "5": 9474.754319190979,
    "6": 9432.70334148407,
    "7": 9232.329675674438,
    "8": 8954.1920337677,
    "9": 8536.28761959076,
    "10": 8124.329249382019,
    "11": 8135.714639186859,
    "12": 8132.45130109787,
    "13": 8138.15162563324,
    "14": 8349.212010383606,
    "15": 8298.656761169434,
    "16": 8483.137414932251,
    "17": 8513.755152702332,
    "18": 8545.65796661377,
    "19": 8654.334425926208,
    "20": 8608.928582191467,
    "21": 8662.116793632507,
    "22": 8734.569531917572,
    "23": 8717.640419960022,
    "24": 8807.099786758423,
    "25": 8828.092854976654,
    "26": 8819.635997772217,
    "27": 8852.644456386566,
    "28": 8857.13700389862,
    "29": 8887.991857528687,
    "30": 8885.747626781464,
    "31": 8896.002188682556,
    "32": 9009.668459892273
  },
  "mdl_nll": {
    "0": 0.6930358920027712,
    "1": 0.6931340469411333,
    "2": 0.6926790062603986,
    "3": 0.6895813120728717,
    "4": 0.6706857978558534,
    "5": 0.6527110994207067,
    "6": 0.649814228539823,
    "7": 0.6360105866405648,
    "8": 0.6168498232135368,
    "9": 0.5880605965548884,
    "10": 0.5596809898995604,
    "11": 0.560465323724639,
    "12": 0.5602405139913109,
    "13": 0.5606332065054588,
    "14": 0.5751730511424363,
    "15": 0.5716903252390075,
    "16": 0.5843991054651592,
    "17": 0.5865083461492375,
    "18": 0.5887061150877494,
    "19": 0.5961927821663137,
    "20": 0.5930647962380454,
    "21": 0.596728905596067,
    "22": 0.6017201385999981,
    "23": 0.6005539005208061,
    "24": 0.6067167116807952,
    "25": 0.6081629136798467,
    "26": 0.6075803250049749,
    "27": 0.609854261255619,
    "28": 0.6101637506130215,
    "29": 0.6122893260904303,
    "30": 0.6121347221535867,
    "31": 0.6128411538083878,
    "32": 0.6206715665398369
  },
  "stopping_epochs_per_stage": {
    "0": [
      1,
      4,
      8,
      1
    ],
    "1": [
      2,
      3,
      1,
      2
    ],
    "2": [
      2,
      1,
      1,
      7
    ],
    "3": [
      2,
      2,
      5,
      8
    ],
    "4": [
      9,
      1,
      8,
      10
    ],
    "5": [
      10,
      10,
      8,
      7
    ],
    "6": [
      5,
      8,
      8,
      9
    ],
    "7": [
      8,
      9,
      10,
      7
    ],
    "8": [
      8,
      9,
      4,
      4
    ],
    "9": [
      6,
      4,
      9,
      4
    ],
    "10": [
      5,
      7,
      5,
      5
    ],
    "11": [
      7,
      4,
      4,
      5
    ],
    "12": [
      8,
      5,
      4,
      4
    ],
    "13": [
      5,
      5,
      3,
      3
    ],
    "14": [
      2,
      4,
      5,
      3
    ],
    "15": [
      5,
      5,
      4,
      2
    ],
    "16": [
      2,
      3,
      2,
      5
    ],
    "17": [
      8,
      6,
      4,
      6
    ],
    "18": [
      4,
      5,
      5,
      5
    ],
    "19": [
      1,
      4,
      6,
      3
    ],
    "20": [
      8,
      5,
      6,
      7
    ],
    "21": [
      4,
      6,
      6,
      5
    ],
    "22": [
      1,
      3,
      4,
      4
    ],
    "23": [
      7,
      4,
      4,
      5
    ],
    "24": [
      9,
      7,
      3,
      6
    ],
    "25": [
      4,
      5,
      6,
      4
    ],
    "26": [
      1,
      3,
      4,
      4
    ],
    "27": [
      6,
      4,
      6,
      5
    ],
    "28": [
      1,
      6,
      3,
      4
    ],
    "29": [
      4,
      7,
      4,
      3
    ],
    "30": [
      3,
      3,
      3,
      4
    ],
    "31": [
      7,
      2,
      5,
      5
    ],
    "32": [
      3,
      5,
      6,
      8
    ]
  },
  "test_acc": {
    "0": 0.5013,
    "1": 0.4997,
    "2": 0.5236,
    "3": 0.5482,
    "4": 0.5967,
    "5": 0.6305,
    "6": 0.62,
    "7": 0.6226,
    "8": 0.6864,
    "9": 0.7012,
    "10": 0.6879,
    "11": 0.7214,
    "12": 0.7179,
    "13": 0.7323,
    "14": 0.7236,
    "15": 0.6831,
    "16": 0.7189,
    "17": 0.7147,
    "18": 0.7173,
    "19": 0.6981,
    "20": 0.7201,
    "21": 0.7045,
    "22": 0.7053,
    "23": 0.6785,
    "24": 0.7141,
    "25": 0.694,
    "26": 0.6951,
    "27": 0.6994,
    "28": 0.7008,
    "29": 0.697,
    "30": 0.6928,
    "31": 0.6983,
    "32": 0.687
  },
  "test_loss": {
    "0": 0.6931466119766235,
    "1": 0.6947889375686646,
    "2": 0.6957997243881225,
    "3": 0.6868585094451904,
    "4": 0.6633150084495545,
    "5": 0.6475107065200806,
    "6": 0.6511115323066712,
    "7": 0.6570698013305664,
    "8": 0.6002842706680298,
    "9": 0.592594803237915,
    "10": 0.6132387130737305,
    "11": 0.5598551599025726,
    "12": 0.5640171261787414,
    "13": 0.5649894989490509,
    "14": 0.5675610558509827,
    "15": 0.6399510909080506,
    "16": 0.5682410157203674,
    "17": 0.5576877130031586,
    "18": 0.5581473509311676,
    "19": 0.5962772284030914,
    "20": 0.5712829498291015,
    "21": 0.5795805799007416,
    "22": 0.5806940543174743,
    "23": 0.636147857427597,
    "24": 0.5647705348968506,
    "25": 0.5928200950622559,
    "26": 0.6016000752449036,
    "27": 0.5943693457603455,
    "28": 0.5828212459564209,
    "29": 0.5831100693702698,
    "30": 0.60105553150177,
    "31": 0.5871910751342774,
    "32": 0.613148646736145
  },
  "drift_final_total_l2": {
    "0": 7.501969814300537,
    "1": 17.410913467407227,
    "2": 28.899169921875,
    "3": 27.318660736083984,
    "4": 22.943464279174805,
    "5": 43.381221771240234,
    "6": 22.564777374267578,
    "7": 23.74823760986328,
    "8": 41.55451202392578,
    "9": 48.55999755859375,
    "10": 52.17008972167969,
    "11": 34.84526443481445,
    "12": 47.777706146240234,
    "13": 55.92580795288086,
    "14": 33.84305191040039,
    "15": 33.941436767578125,
    "16": 31.616960525512695,
    "17": 31.22829818725586,
    "18": 36.46963882446289,
    "19": 35.90169143676758,
    "20": 31.175092697143555,
    "21": 27.156156539916992,
    "22": 35.186702728271484,
    "23": 25.84699821472168,
    "24": 23.038471221923828,
    "25": 34.88329315185547,
    "26": 31.58171844482422,
    "27": 21.8266544342041,
    "28": 19.48891830444336,
    "29": 21.864870071411133,
    "30": 21.829130172729492,
    "31": 22.476341247558594,
    "32": 22.309288024902344
  },
  "probe_type": "mlp",
  "probe_hidden_size": [
    1024
  ],
  "init_strategy": "gamma_second_zero",
  "init_gamma": 1.7,