{
  "config": {
    "model_short": "llama",
    "task_name": "somo",
    "dataset": {
      "train": "cache/llama/somo_train/",
      "test": "cache/llama/somo_test/"
    },
    "mdl": {
      "batch_size": 64,
      "probe_type": "mlp",
      "probe_hidden_size": [
        128
      ],
      "num_classes": 2,
      "init_strategy": "mup",
      "init_gamma": null,
      "optimizer": "adam",
      "train_epochs": 20,
      "lr": 3.0517578125e-05,
      "seed": 142,
      "early_stopping_gap": 3,
      "split_num": 5,
      "split_ratio": 2.0
    },
    "out_dir": "muP_results/llama/somo/hidden-128/seed-142/strategy-mup/opt-adam/2026-04-28_17-43-24"
  },
  "train_meta": {
    "dataset": "compling/somo",
    "split": "train",
    "text_col": "text",
    "model": "meta-llama/Meta-Llama-3.1-8B",
    "max_len": 64,
    "hidden_size": 4096,
    "num_hidden_layers": 32,
    "num_states": 33,
    "memmap_file": "last_token_hidden_states.memmap",
    "dtype": "float32",
    "shape": [
      15000,
      33,
      4096
    ]
  },
  "test_meta": {
    "dataset": "compling/somo",
    "split": "test",
    "text_col": "text",
    "model": "meta-llama/Meta-Llama-3.1-8B",
    "max_len": 64,
    "hidden_size": 4096,
    "num_hidden_layers": 32,
    "num_states": 33,
    "memmap_file": "last_token_hidden_states.memmap",
    "dtype": "float32",
    "shape": [
      10000,
      33,
      4096
    ]
  },
  "splits": [
    484,
    968,
    1936,
    3872,
    7740
  ],
  "mdl_sum_ce": {
    "0": 10060.118654727936,
    "1": 10059.981658935547,
    "2": 10060.481004714966,
    "3": 10059.309725284576,
    "4": 10017.260257720947,
    "5": 9968.425991535187,
    "6": 9959.91487455368,
    "7": 9929.318917751312,
    "8": 9836.75242805481,
    "9": 9660.481793403625,
    "10": 9429.474055290222,
    "11": 9349.611552238464,
    "12": 9383.07967042923,
    "13": 9262.150235176086,
    "14": 9300.71813583374,
    "15": 9308.759766578674,
    "16": 9377.44418334961,
    "17": 9427.818635463715,
    "18": 9463.667944431305,
    "19": 9462.73777103424,
    "20": 9438.55154800415,
    "21": 9447.265086174011,
    "22": 9435.93531036377,
    "23": 9475.994316101074,
    "24": 9472.837643623352,
    "25": 9447.81489276886,
    "26": 9422.588854312897,
    "27": 9404.346706867218,
    "28": 9365.532683372498,
    "29": 9351.755550384521,
    "30": 9275.446335315704,
    "31": 9150.65530204773,
    "32": 9047.545996665955
  },
  "mdl_nll": {
    "0": 0.6930365565395381,
    "1": 0.6930271189677285,
    "2": 0.693061518649419,
    "3": 0.6929808297936467,
    "4": 0.6900840629457803,
    "5": 0.6867198947048213,
    "6": 0.68613356810097,
    "7": 0.6840258278968939,
    "8": 0.6776489685901632,
    "9": 0.6655057724857829,
    "10": 0.6495917646245675,
    "11": 0.644090076621553,
    "12": 0.6463956785911567,
    "13": 0.6380649101113314,
    "14": 0.6407218335515115,
    "15": 0.6412758174826863,
    "16": 0.6460074526969971,
    "17": 0.6494777235783766,
    "18": 0.651947364592953,
    "19": 0.6518832854115625,
    "20": 0.6502171085701399,
    "21": 0.6508173798686974,
    "22": 0.6500368772639686,
    "23": 0.6527965221893823,
    "24": 0.652579060596814,
    "25": 0.650855255770795,
    "26": 0.6491174465633024,
    "27": 0.6478607541242228,
    "28": 0.6451868754045534,
    "29": 0.6442377755844945,
    "30": 0.6389808718183869,
    "31": 0.6303840797773305,
    "32": 0.6232809311563761
  },
  "stopping_epochs_per_stage": {
    "0": [
      1,
      20,
      20,
      1
    ],
    "1": [
      9,
      20,
      19,
      1
    ],
    "2": [
      20,
      10,
      19,
      1
    ],
    "3": [
      14,
      12,
      20,
      1
    ],
    "4": [
      20,
      20,
      20,
      20
    ],
    "5": [
      20,
      20,
      20,
      20
    ],
    "6": [
      20,
      20,
      20,
      20
    ],
    "7": [
      20,
      20,
      20,
      20
    ],
    "8": [
      20,
      20,
      20,
      20
    ],
    "9": [
      20,
      20,
      20,
      20
    ],
    "10": [
      20,
      20,
      20,
      20
    ],
    "11": [
      20,
      20,
      20,
      20
    ],
    "12": [
      20,
      20,
      20,
      20
    ],
    "13": [
      20,
      20,
      20,
      20
    ],
    "14": [
      20,
      20,
      20,
      20
    ],
    "15": [
      20,
      20,
      20,
      20
    ],
    "16": [
      20,
      20,
      20,
      20
    ],
    "17": [
      20,
      20,
      20,
      20
    ],
    "18": [
      20,
      20,
      20,
      20
    ],
    "19": [
      20,
      20,
      20,
      20
    ],
    "20": [
      20,
      20,
      20,
      20
    ],
    "21": [
      20,
      20,
      20,
      20
    ],
    "22": [
      20,
      20,
      20,
      20
    ],
    "23": [
      20,
      20,
      20,
      20
    ],
    "24": [
      20,
      20,
      20,
      20
    ],
    "25": [
      20,
      20,
      20,
      20
    ],
    "26": [
      20,
      20,
      20,
      20
    ],
    "27": [
      20,
      20,
      20,
      20
    ],
    "28": [
      20,
      20,
      20,
      20
    ],
    "29": [
      20,
      20,
      20,
      20
    ],
    "30": [
      20,
      20,
      20,
      19
    ],
    "31": [
      20,
      20,
      20,
      20
    ],
    "32": [
      20,
      20,
      20,
      20
    ]
  },
  "test_acc": {
    "0": 0.4982,
    "1": 0.4976,
    "2": 0.5086,
    "3": 0.5262,
    "4": 0.5756,
    "5": 0.597,
    "6": 0.6036,
    "7": 0.6209,
    "8": 0.6366,
    "9": 0.675,
    "10": 0.704,
    "11": 0.7031,
    "12": 0.7015,
    "13": 0.7055,
    "14": 0.7024,
    "15": 0.6984,
    "16": 0.6953,
    "17": 0.6933,
    "18": 0.6913,
    "19": 0.6848,
    "20": 0.6866,
    "21": 0.6811,
    "22": 0.6829,
    "23": 0.6824,
    "24": 0.6826,
    "25": 0.6795,
    "26": 0.6807,
    "27": 0.6824,
    "28": 0.6815,
    "29": 0.6822,
    "30": 0.6765,
    "31": 0.6852,
    "32": 0.6881
  },
  "test_loss": {
    "0": 0.6932716039657593,
    "1": 0.6932662357330323,
    "2": 0.6928734748840332,
    "3": 0.6916096081733704,
    "4": 0.6849462358474732,
    "5": 0.6751618971824646,
    "6": 0.6732055242538452,
    "7": 0.6674745416641236,
    "8": 0.652031728553772,
    "9": 0.6274688240051269,
    "10": 0.5953914257049561,
    "11": 0.5984426686286927,
    "12": 0.593211268901825,
    "13": 0.5888163206100464,
    "14": 0.5939664611816406,
    "15": 0.5934587755203247,
    "16": 0.6001127074241638,
    "17": 0.5991238164901733,
    "18": 0.6055884840011597,
    "19": 0.6084860759735108,
    "20": 0.6081520280838013,
    "21": 0.606947017288208,
    "22": 0.6078421187400818,
    "23": 0.6097372006416321,
    "24": 0.6092555532455445,
    "25": 0.6092414926528931,
    "26": 0.6086638003349304,
    "27": 0.6044004064559937,
    "28": 0.6035553488731384,
    "29": 0.6045315158843995,
    "30": 0.6027956797599793,
    "31": 0.5952111320495606,
    "32": 0.5899439140319824
  },
  "drift_final_total_l2": {
    "0": 1.5252344608306885,
    "1": 3.463364839553833,
    "2": 4.624514579772949,
    "3": 5.776271820068359,
    "4": 9.192362785339355,
    "5": 10.47146987915039,
    "6": 10.041590690612793,
    "7": 10.998262405395508,
    "8": 12.888004302978516,
    "9": 15.672142028808594,
    "10": 17.495058059692383,
    "11": 18.237184524536133,
    "12": 16.450876235961914,
    "13": 16.81818199157715,
    "14": 16.490957260131836,
    "15": 15.361943244934082,
    "16": 14.454895973205566,
    "17": 12.839250564575195,
    "18": 12.624641418457031,
    "19": 11.888799667358398,
    "20": 11.338103294372559,
    "21": 10.245006561279297,
    "22": 10.51573371887207,
    "23": 9.779138565063477,
    "24": 9.765325546264648,
    "25": 9.294621467590332,
    "26": 9.110064506530762,
    "27": 8.37647819519043,
    "28": 8.210284233093262,
    "29": 8.144200325012207,
    "30": 7.913975715637207,
    "31": 7.011127471923828,
    "32": 4.538849353790283
  },
  "probe_type": "mlp",