{
  "config": {
    "model_short": "llama",
    "task_name": "somo",
    "dataset": {
      "train": "cache/llama/somo_train/",
      "test": "cache/llama/somo_test/"
    },
    "mdl": {
      "batch_size": 64,
      "probe_type": "mlp",
      "probe_hidden_size": [
        128
      ],
      "num_classes": 2,
      "init_strategy": "gamma_second_zero",
      "init_gamma": 0.7,
      "optimizer": "adamw",
      "train_epochs": 10,
      "lr": 0.001,
      "seed": 242,
      "early_stopping_gap": 3,
      "split_num": 5,
      "split_ratio": 2.0
    },
    "out_dir": "init_results/llama/somo/hidden-128/seed-242/strategy-gamma_second_zero/gamma-0.7/2026-04-21_01-43-52"
  },
  "train_meta": {
    "dataset": "compling/somo",
    "split": "train",
    "text_col": "text",
    "model": "meta-llama/Meta-Llama-3.1-8B",
    "max_len": 64,
    "hidden_size": 4096,
    "num_hidden_layers": 32,
    "num_states": 33,
    "memmap_file": "last_token_hidden_states.memmap",
    "dtype": "float32",
    "shape": [
      15000,
      33,
      4096
    ]
  },
  "test_meta": {
    "dataset": "compling/somo",
    "split": "test",
    "text_col": "text",
    "model": "meta-llama/Meta-Llama-3.1-8B",
    "max_len": 64,
    "hidden_size": 4096,
    "num_hidden_layers": 32,
    "num_states": 33,
    "memmap_file": "last_token_hidden_states.memmap",
    "dtype": "float32",
    "shape": [
      10000,
      33,
      4096
    ]
  },
  "splits": [
    484,
    968,
    1936,
    3872,
    7740
  ],
  "mdl_sum_ce": {
    "0": 10061.360370635986,
    "1": 10060.5386095047,
    "2": 10059.309403419495,
    "3": 10029.518353939056,
    "4": 9725.47792005539,
    "5": 9556.714293003082,
    "6": 9463.41199684143,
    "7": 9242.09110546112,
    "8": 8931.20935845375,
    "9": 8536.993807315826,
    "10": 8105.194351673126,
    "11": 8149.118996620178,
    "12": 8065.269272327423,
    "13": 8203.932521104813,
    "14": 8210.113478422165,
    "15": 8264.80779337883,
    "16": 8336.48492383957,
    "17": 8517.205796718597,
    "18": 8517.672285556793,
    "19": 8622.479872703552,
    "20": 8583.27675819397,
    "21": 8672.447147369385,
    "22": 8657.340678215027,
    "23": 8733.719928741455,
    "24": 8720.044725894928,
    "25": 8792.14673423767,
    "26": 8752.026446819305,
    "27": 8789.199218988419,
    "28": 8782.267810821533,
    "29": 8828.638537406921,
    "30": 8887.570648670197,
    "31": 8784.020143508911,
    "32": 8937.822759628296
  },
  "mdl_nll": {
    "0": 0.6931220977291256,
    "1": 0.6930654870146528,
    "2": 0.6929808076205218,
    "3": 0.6909285170803979,
    "4": 0.6699833232333555,
    "5": 0.6583572811382669,
    "6": 0.6519297324911429,
    "7": 0.6366830466699587,
    "8": 0.6152665581739977,
    "9": 0.5881092454750501,
    "10": 0.5583627963401162,
    "11": 0.5613887432226632,
    "12": 0.5556123775370229,
    "13": 0.5651648195856167,
    "14": 0.5655906226523949,
    "15": 0.5693584867304237,
    "16": 0.5742962884981792,
    "17": 0.5867460592944749,
    "18": 0.5867781954778722,
    "19": 0.5939983378825815,
    "20": 0.5912976548769613,
    "21": 0.5974405585126333,
    "22": 0.596399881387092,
    "23": 0.6016616098609434,
    "24": 0.6007195319574902,
    "25": 0.6056866033506249,
    "26": 0.6029227367607678,
    "27": 0.6054835504952065,
    "28": 0.6050060492436989,
    "29": 0.6082005054703032,
    "30": 0.612260309222251,
    "31": 0.6051267665685389,
    "32": 0.6157221520824122
  },
  "stopping_epochs_per_stage": {
    "0": [
      7,
      4,
      1,
      1
    ],
    "1": [
      10,
      2,
      1,
      4
    ],
    "2": [
      9,
      1,
      1,
      9
    ],
    "3": [
      5,
      1,
      6,
      10
    ],
    "4": [
      9,
      1,
      8,
      8
    ],
    "5": [
      10,
      2,
      9,
      7
    ],
    "6": [
      10,
      8,
      7,
      9
    ],
    "7": [
      7,
      10,
      8,
      6
    ],
    "8": [
      10,
      8,
      5,
      5
    ],
    "9": [
      8,
      8,
      8,
      4
    ],
    "10": [
      8,
      7,
      5,
      4
    ],
    "11": [
      10,
      6,
      6,
      3
    ],
    "12": [
      9,
      6,
      8,
      7
    ],
    "13": [
      6,
      5,
      4,
      3
    ],
    "14": [
      5,
      6,
      4,
      4
    ],
    "15": [
      6,
      4,
      4,
      7
    ],
    "16": [
      6,
      7,
      6,
      7
    ],
    "17": [
      3,
      5,
      6,
      4
    ],
    "18": [
      4,
      7,
      4,
      4
    ],
    "19": [
      8,
      7,
      4,
      9
    ],
    "20": [
      5,
      7,
      7,
      5
    ],
    "21": [
      5,
      6,
      7,
      6
    ],
    "22": [
      7,
      5,
      5,
      5
    ],
    "23": [
      6,
      7,
      7,
      5
    ],
    "24": [
      6,
      6,
      8,
      7
    ],
    "25": [
      4,
      5,
      9,
      6
    ],
    "26": [
      6,
      10,
      7,
      6
    ],
    "27": [
      6,
      4,
      8,
      6
    ],
    "28": [
      5,
      5,
      8,
      8
    ],
    "29": [
      3,
      5,
      4,
      4
    ],
    "30": [
      5,
      4,
      4,
      2
    ],
    "31": [
      6,
      5,
      4,
      5
    ],
    "32": [
      3,
      4,
      5,
      4
    ]
  },
  "test_acc": {
    "0": 0.5013,
    "1": 0.5065,
    "2": 0.5214,
    "3": 0.5495,
    "4": 0.6056,
    "5": 0.6402,
    "6": 0.646,
    "7": 0.6593,
    "8": 0.6943,
    "9": 0.6769,
    "10": 0.7301,
    "11": 0.7288,
    "12": 0.7275,
    "13": 0.7347,
    "14": 0.7232,
    "15": 0.7223,
    "16": 0.7212,
    "17": 0.7134,
    "18": 0.7129,
    "19": 0.6883,
    "20": 0.7208,
    "21": 0.7161,
    "22": 0.7127,
    "23": 0.7094,
    "24": 0.7003,
    "25": 0.6874,
    "26": 0.7075,
    "27": 0.7032,
    "28": 0.7054,
    "29": 0.6979,
    "30": 0.6985,
    "31": 0.7001,
    "32": 0.6861
  },
  "test_loss": {
    "0": 0.693173692035675,
    "1": 0.6930849032402039,
    "2": 0.6921667985916138,
    "3": 0.6870585146903991,
    "4": 0.6600639093399048,
    "5": 0.6362044655799866,
    "6": 0.6287883359909058,
    "7": 0.6255194765090942,
    "8": 0.5906299297332763,
    "9": 0.6066559909820557,
    "10": 0.5491532766819001,
    "11": 0.547366907787323,
    "12": 0.5515416939258575,
    "13": 0.5432361639976502,
    "14": 0.559210899066925,
    "15": 0.557645956993103,
    "16": 0.5584213860988617,
    "17": 0.5681015228748322,
    "18": 0.56747970495224,
    "19": 0.5937998510360718,
    "20": 0.5576633787631988,
    "21": 0.5606220041275024,
    "22": 0.5638514091968536,
    "23": 0.5634338934898376,
    "24": 0.5900191260337829,
    "25": 0.6058671826839447,
    "26": 0.5833295226573945,
    "27": 0.5867358965873718,
    "28": 0.582658716583252,
    "29": 0.589498523902893,
    "30": 0.5855531359672547,
    "31": 0.5848361304283142,
    "32": 0.6019394572257996
  },
  "drift_final_total_l2": {
    "0": 3.8986260890960693,
    "1": 9.414413452148438,
    "2": 11.714624404907227,
    "3": 12.756409645080566,
    "4": 14.653220176696777,
    "5": 15.243772506713867,
    "6": 20.652374267578125,
    "7": 24.862821578979492,
    "8": 24.70741844177246,
    "9": 15.167509078979492,
    "10": 16.44760513305664,
    "11": 24.313907623291016,
    "12": 28.261693954467773,
    "13": 32.580928802490234,
    "14": 26.43825340270996,
    "15": 26.09876251220703,
    "16": 20.80221939086914,
    "17": 19.6259765625,
    "18": 21.36270523071289,
    "19": 23.660951614379883,
    "20": 18.152193069458008,
    "21": 20.97479248046875,
    "22": 12.332045555114746,
    "23": 15.797279357910156,
    "24": 17.668277740478516,
    "25": 18.67139434814453,
    "26": 22.435213088989258,
    "27": 19.199626922607422,
    "28": 11.903398513793945,
    "29": 15.716914176940918,
    "30": 10.085659980773926,
    "31": 15.277965545654297,
    "32": 13.159106254577637
  },
  "probe_type": "mlp",
  "probe_hidden_size": [
    128
  ],
  "init_strategy": "gamma_second_zero",
  "init_gamma": 0.7,