{
  "config": {
    "model_short": "llama",
    "task_name": "somo",
    "dataset": {
      "train": "cache/llama/somo_train/",
      "test": "cache/llama/somo_test/"
    },
    "mdl": {
      "batch_size": 64,
      "probe_type": "mlp",
      "probe_hidden_size": [
        181
      ],
      "num_classes": 2,
      "init_strategy": "gamma_second_zero",
      "init_gamma": 1.7,
      "optimizer": "adamw",
      "train_epochs": 10,
      "lr": 0.001,
      "seed": 42,
      "early_stopping_gap": 3,
      "split_num": 5,
      "split_ratio": 2.0
    },
    "out_dir": "init_results/llama/somo/hidden-181/seed-42/strategy-gamma_second_zero/gamma-1.7/opt-adamw/2026-04-25_03-22-24"
  },
  "train_meta": {
    "dataset": "compling/somo",
    "split": "train",
    "text_col": "text",
    "model": "meta-llama/Meta-Llama-3.1-8B",
    "max_len": 64,
    "hidden_size": 4096,
    "num_hidden_layers": 32,
    "num_states": 33,
    "memmap_file": "last_token_hidden_states.memmap",
    "dtype": "float32",
    "shape": [
      15000,
      33,
      4096
    ]
  },
  "test_meta": {
    "dataset": "compling/somo",
    "split": "test",
    "text_col": "text",
    "model": "meta-llama/Meta-Llama-3.1-8B",
    "max_len": 64,
    "hidden_size": 4096,
    "num_hidden_layers": 32,
    "num_states": 33,
    "memmap_file": "last_token_hidden_states.memmap",
    "dtype": "float32",
    "shape": [
      10000,
      33,
      4096
    ]
  },
  "splits": [
    484,
    968,
    1936,
    3872,
    7740
  ],
  "mdl_sum_ce": {
    "0": 10061.827605247498,
    "1": 10060.971220970154,
    "2": 10061.550315856934,
    "3": 10043.390172481537,
    "4": 9775.750871658325,
    "5": 9547.006924629211,
    "6": 9477.531957626343,
    "7": 9206.33121585846,
    "8": 8889.103658676147,
    "9": 8549.03182554245,
    "10": 8083.701901435852,
    "11": 8049.456385612488,
    "12": 8123.121693611145,
    "13": 8143.917482852936,
    "14": 8167.968124866486,
    "15": 8264.082099437714,
    "16": 8373.637787342072,
    "17": 8418.09216594696,
    "18": 8545.128700733185,
    "19": 8556.470878601074,
    "20": 8554.449542045593,
    "21": 8545.147291183472,
    "22": 8674.771036624908,
    "23": 8623.129830360413,
    "24": 8696.741939544678,
    "25": 8802.21600818634,
    "26": 8891.408764839172,
    "27": 8737.37790298462,
    "28": 8749.941814422607,
    "29": 8811.653820991516,
    "30": 8804.172329902649,
    "31": 8797.427552223206,
    "32": 8930.660887241364
  },
  "mdl_nll": {
    "0": 0.6931542852884747,
    "1": 0.6930952894027386,
    "2": 0.6931351829606596,
    "3": 0.6918841397410813,
    "4": 0.673446601795145,
    "5": 0.6576885453726379,
    "6": 0.652902449547144,
    "7": 0.6342195657108335,
    "8": 0.612365917516957,
    "9": 0.5889385385466003,
    "10": 0.5568821921628446,
    "11": 0.5545230356580662,
    "12": 0.5595978019847854,
    "13": 0.5610304135335448,
    "14": 0.5626872502663602,
    "15": 0.5693084940367673,
    "16": 0.5768557307345048,
    "17": 0.5799181707045302,
    "18": 0.5886696542252126,
    "19": 0.5894510112015069,
    "20": 0.5893117623343617,
    "21": 0.5886709349120606,
    "22": 0.5976006500843833,
    "23": 0.5940431131413897,
    "24": 0.5991142146283189,
    "25": 0.6063802706107978,
    "26": 0.6125247151308331,
    "27": 0.6019136058821039,
    "28": 0.6027791274746905,
    "29": 0.6070304368277429,
    "30": 0.6065150406380992,
    "31": 0.6060503962677877,
    "32": 0.6152287742657319
  },
  "stopping_epochs_per_stage": {
    "0": [
      3,
      1,
      1,
      2
    ],
    "1": [
      1,
      1,
      5,
      3
    ],
    "2": [
      6,
      1,
      1,
      1
    ],
    "3": [
      7,
      9,
      1,
      6
    ],
    "4": [
      10,
      9,
      4,
      10
    ],
    "5": [
      10,
      10,
      10,
      10
    ],
    "6": [
      7,
      10,
      10,
      9
    ],
    "7": [
      8,
      9,
      10,
      9
    ],
    "8": [
      9,
      10,
      9,
      4
    ],
    "9": [
      9,
      6,
      10,
      3
    ],
    "10": [
      7,
      4,
      6,
      7
    ],
    "11": [
      10,
      5,
      5,
      9
    ],
    "12": [
      6,
      5,
      6,
      5
    ],
    "13": [
      6,
      4,
      4,
      3
    ],
    "14": [
      10,
      10,
      5,
      4
    ],
    "15": [
      10,
      7,
      5,
      3
    ],
    "16": [
      7,
      2,
      6,
      6
    ],
    "17": [
      10,
      7,
      5,
      4
    ],
    "18": [
      9,
      5,
      9,
      6
    ],
    "19": [
      6,
      9,
      7,
      6
    ],
    "20": [
      7,
      9,
      5,
      7
    ],
    "21": [
      2,
      9,
      6,
      5
    ],
    "22": [
      4,
      6,
      8,
      3
    ],
    "23": [
      6,
      8,
      10,
      4
    ],
    "24": [
      6,
      7,
      7,
      6
    ],
    "25": [
      2,
      10,
      3,
      4
    ],
    "26": [
      3,
      5,
      4,
      2
    ],
    "27": [
      4,
      7,
      8,
      9
    ],
    "28": [
      7,
      6,
      4,
      6
    ],
    "29": [
      1,
      7,
      6,
      8
    ],
    "30": [
      2,
      7,
      6,
      6
    ],
    "31": [
      2,
      7,
      7,
      3
    ],
    "32": [
      3,
      7,
      5,
      5
    ]
  },
  "test_acc": {
    "0": 0.5013,
    "1": 0.4987,
    "2": 0.5012,
    "3": 0.5517,
    "4": 0.5894,
    "5": 0.6217,
    "6": 0.6468,
    "7": 0.6602,
    "8": 0.6864,
    "9": 0.7073,
    "10": 0.7089,
    "11": 0.7341,
    "12": 0.728,
    "13": 0.724,
    "14": 0.7303,
    "15": 0.7211,
    "16": 0.7256,
    "17": 0.6489,
    "18": 0.7085,
    "19": 0.6969,
    "20": 0.7073,
    "21": 0.674,
    "22": 0.7073,
    "23": 0.6914,
    "24": 0.7053,
    "25": 0.6945,
    "26": 0.7012,
    "27": 0.7003,
    "28": 0.7014,
    "29": 0.6973,
    "30": 0.6947,
    "31": 0.6972,
    "32": 0.6819
  },
  "test_loss": {
    "0": 0.6931822290420532,
    "1": 0.6931529985427857,
    "2": 0.69347942237854,
    "3": 0.6849375411987305,
    "4": 0.6694951246261597,
    "5": 0.6509608085632325,
    "6": 0.630368350982666,
    "7": 0.6244960010528564,
    "8": 0.5944645128250122,
    "9": 0.5728778813362122,
    "10": 0.5826550336837768,
    "11": 0.541471207523346,
    "12": 0.5532915914058685,
    "13": 0.5469507594108581,
    "14": 0.5455762538909912,
    "15": 0.5686818615913392,
    "16": 0.5536213758468628,
    "17": 0.6555059344291687,
    "18": 0.5699105546951294,
    "19": 0.5987098976135254,
    "20": 0.573223794746399,
    "21": 0.6161043235778808,
    "22": 0.5663431730270386,
    "23": 0.5957964830875396,
    "24": 0.6023365354537964,
    "25": 0.6054446057319641,
    "26": 0.5780793811798096,
    "27": 0.5927839481353759,
    "28": 0.593457626581192,
    "29": 0.5840076530456543,
    "30": 0.591762600326538,
    "31": 0.5865346817016601,
    "32": 0.6217701476097107
  },
  "drift_final_total_l2": {
    "0": 2.605389356613159,
    "1": 4.4198198318481445,
    "2": 8.195296287536621,
    "3": 15.184080123901367,
    "4": 28.559505462646484,
    "5": 19.003482818603516,
    "6": 16.0013484954834,
    "7": 22.111507415771484,
    "8": 29.915237426757812,
    "9": 27.524707794189453,
    "10": 35.20083236694336,
    "11": 22.127382278442383,
    "12": 31.087675094604492,
    "13": 29.370450973510742,
    "14": 26.071149826049805,
    "15": 32.665767669677734,
    "16": 24.58980369567871,
    "17": 35.20078659057617,
    "18": 25.847347259521484,
    "19": 22.76753044128418,
    "20": 18.91974449157715,
    "21": 13.240341186523438,
    "22": 17.36839485168457,
    "23": 25.149106979370117,
    "24": 28.936586380004883,
    "25": 14.771089553833008,
    "26": 16.780786514282227,
    "27": 18.221393585205078,
    "28": 12.246644973754883,
    "29": 9.0399169921875,
    "30": 13.940360069274902,
    "31": 14.175210952758789,
    "32": 16.678970336914062
  },
  "probe_type": "mlp",
  "probe_hidden_size": [
    181
  ],
  "init_strategy": "gamma_second_zero",