{
  "config": {
    "model_short": "llama",
    "task_name": "somo",
    "dataset": {
      "train": "cache/llama/somo_train/",
      "test": "cache/llama/somo_test/"
    },
    "mdl": {
      "batch_size": 64,
      "probe_type": "mlp",
      "probe_hidden_size": [
        128
      ],
      "num_classes": 2,
      "init_strategy": "gamma_second_zero",
      "init_gamma": 1.9,
      "optimizer": "adamw",
      "train_epochs": 10,
      "lr": 0.001,
      "seed": 142,
      "early_stopping_gap": 3,
      "split_num": 5,
      "split_ratio": 2.0
    },
    "out_dir": "init_results/llama/somo/hidden-128/seed-142/strategy-gamma_second_zero/gamma-1.9/opt-adamw/2026-04-25_03-10-35"
  },
  "train_meta": {
    "dataset": "compling/somo",
    "split": "train",
    "text_col": "text",
    "model": "meta-llama/Meta-Llama-3.1-8B",
    "max_len": 64,
    "hidden_size": 4096,
    "num_hidden_layers": 32,
    "num_states": 33,
    "memmap_file": "last_token_hidden_states.memmap",
    "dtype": "float32",
    "shape": [
      15000,
      33,
      4096
    ]
  },
  "test_meta": {
    "dataset": "compling/somo",
    "split": "test",
    "text_col": "text",
    "model": "meta-llama/Meta-Llama-3.1-8B",
    "max_len": 64,
    "hidden_size": 4096,
    "num_hidden_layers": 32,
    "num_states": 33,
    "memmap_file": "last_token_hidden_states.memmap",
    "dtype": "float32",
    "shape": [
      10000,
      33,
      4096
    ]
  },
  "splits": [
    484,
    968,
    1936,
    3872,
    7740
  ],
  "mdl_sum_ce": {
    "0": 10061.349132061005,
    "1": 10061.096022129059,
    "2": 10057.800784111023,
    "3": 10034.850563526154,
    "4": 9974.138268470764,
    "5": 9514.634218215942,
    "6": 9399.746220588684,
    "7": 9183.730945110321,
    "8": 9050.341673851013,
    "9": 8446.408215045929,
    "10": 8053.016561508179,
    "11": 8228.878616809845,
    "12": 8081.158166885376,
    "13": 8136.240156173706,
    "14": 8213.599727630615,
    "15": 8227.373410224915,
    "16": 8318.406658172607,
    "17": 8393.114094257355,
    "18": 8514.529036521912,
    "19": 8583.453920841217,
    "20": 8609.490249156952,
    "21": 8616.533827781677,
    "22": 8694.28279876709,
    "23": 8701.218308448792,
    "24": 8783.517667293549,
    "25": 8782.75413608551,
    "26": 8831.256824016571,
    "27": 8796.565519332886,
    "28": 8848.130151748657,
    "29": 8884.044557571411,
    "30": 8837.85361289978,
    "31": 8834.17102432251,
    "32": 8944.845623016357
  },
  "mdl_nll": {
    "0": 0.6931213235093004,
    "1": 0.6931038868923297,
    "2": 0.6928768795888002,
    "3": 0.6912958503393603,
    "4": 0.6871134106138581,
    "5": 0.6554584057740385,
    "6": 0.6475438289190331,
    "7": 0.6326626443311051,
    "8": 0.6234735239632828,
    "9": 0.5818688492040458,
    "10": 0.554768294399847,
    "11": 0.566883343676622,
    "12": 0.5567069555583753,
    "13": 0.560501526327756,
    "14": 0.5658307886215634,
    "15": 0.566779650745723,
    "16": 0.5730508857930978,
    "17": 0.578197443803896,
    "18": 0.5865616586195861,
    "19": 0.5913098595233685,
    "20": 0.5931034891951606,
    "21": 0.5935887178135628,
    "22": 0.598944805646672,
    "23": 0.5994225894494897,
    "24": 0.6050921512326777,
    "25": 0.6050395519485747,
    "26": 0.6083808779289454,
    "27": 0.605991011251921,
    "28": 0.609543273060668,
    "29": 0.6120173985651289,
    "30": 0.6088353274248953,
    "31": 0.6085816357345349,
    "32": 0.6162059536384925
  },
  "stopping_epochs_per_stage": {
    "0": [
      7,
      9,
      8,
      2
    ],
    "1": [
      8,
      2,
      2,
      1
    ],
    "2": [
      9,
      1,
      9,
      1
    ],
    "3": [
      2,
      3,
      3,
      10
    ],
    "4": [
      10,
      1,
      10,
      1
    ],
    "5": [
      10,
      9,
      10,
      9
    ],
    "6": [
      10,
      10,
      9,
      9
    ],
    "7": [
      8,
      8,
      10,
      8
    ],
    "8": [
      10,
      1,
      10,
      9
    ],
    "9": [
      9,
      10,
      9,
      6
    ],
    "10": [
      9,
      7,
      7,
      5
    ],
    "11": [
      9,
      7,
      3,
      9
    ],
    "12": [
      6,
      9,
      6,
      6
    ],
    "13": [
      10,
      8,
      7,
      5
    ],
    "14": [
      6,
      9,
      3,
      7
    ],
    "15": [
      9,
      6,
      6,
      8
    ],
    "16": [
      9,
      9,
      3,
      7
    ],
    "17": [
      10,
      9,
      8,
      6
    ],
    "18": [
      8,
      6,
      3,
      4
    ],
    "19": [
      8,
      9,
      4,
      4
    ],
    "20": [
      7,
      8,
      4,
      9
    ],
    "21": [
      7,
      10,
      4,
      6
    ],
    "22": [
      8,
      4,
      6,
      4
    ],
    "23": [
      10,
      9,
      7,
      6
    ],
    "24": [
      9,
      7,
      10,
      4
    ],
    "25": [
      3,
      7,
      7,
      5
    ],
    "26": [
      9,
      7,
      9,
      5
    ],
    "27": [
      6,
      6,
      6,
      6
    ],
    "28": [
      7,
      6,
      5,
      7
    ],
    "29": [
      4,
      4,
      5,
      6
    ],
    "30": [
      5,
      8,
      5,
      3
    ],
    "31": [
      3,
      4,
      4,
      6
    ],
    "32": [
      3,
      6,
      4,
      5
    ]
  },
  "test_acc": {
    "0": 0.5013,
    "1": 0.5039,
    "2": 0.5283,
    "3": 0.5534,
    "4": 0.6076,
    "5": 0.6426,
    "6": 0.632,
    "7": 0.6597,
    "8": 0.6741,
    "9": 0.7109,
    "10": 0.7305,
    "11": 0.7307,
    "12": 0.7127,
    "13": 0.7322,
    "14": 0.704,
    "15": 0.7249,
    "16": 0.7261,
    "17": 0.7092,
    "18": 0.7113,
    "19": 0.6934,
    "20": 0.7081,
    "21": 0.7185,
    "22": 0.7153,
    "23": 0.7091,
    "24": 0.6953,
    "25": 0.6886,
    "26": 0.7027,
    "27": 0.6866,
    "28": 0.6994,
    "29": 0.7009,
    "30": 0.6871,
    "31": 0.7038,
    "32": 0.6852
  },
  "test_loss": {
    "0": 0.693216290473938,
    "1": 0.6932231773376465,
    "2": 0.6929685062408447,
    "3": 0.6848826484680176,
    "4": 0.6580056462287903,
    "5": 0.6331987252235413,
    "6": 0.640825936126709,
    "7": 0.6203514154434204,
    "8": 0.6096958368301392,
    "9": 0.5735994171142578,
    "10": 0.5461970390319825,
    "11": 0.5499642770767212,
    "12": 0.580719915485382,
    "13": 0.5475423499107361,
    "14": 0.5852882667541504,
    "15": 0.5572935292243958,
    "16": 0.5533366165161133,
    "17": 0.5728056005001068,
    "18": 0.5689881934165955,
    "19": 0.5824569801330567,
    "20": 0.5738299012184143,
    "21": 0.5613549610137939,
    "22": 0.560958281993866,
    "23": 0.570225262260437,
    "24": 0.5982867896080017,
    "25": 0.5919831090927125,
    "26": 0.5842283624649048,
    "27": 0.609280918598175,
    "28": 0.58403751745224,
    "29": 0.587104210281372,
    "30": 0.6291447124481201,
    "31": 0.578395337486267,
    "32": 0.5927190439224244
  },
  "drift_final_total_l2": {
    "0": 2.5563323497772217,
    "1": 7.83661413192749,
    "2": 18.87769889831543,
    "3": 11.781572341918945,
    "4": 19.972227096557617,
    "5": 14.671370506286621,
    "6": 19.708852767944336,
    "7": 10.004751205444336,
    "8": 24.634769439697266,
    "9": 28.689313888549805,
    "10": 18.04951286315918,
    "11": 19.829999923706055,
    "12": 32.83808898925781,
    "13": 31.67009735107422,
    "14": 22.556549072265625,
    "15": 25.957651138305664,
    "16": 22.56562614440918,
    "17": 15.350050926208496,
    "18": 25.26917266845703,
    "19": 20.11520004272461,
    "20": 23.348981857299805,
    "21": 14.183684349060059,
    "22": 12.301725387573242,
    "23": 10.339341163635254,
    "24": 12.798523902893066,
    "25": 24.59963035583496,
    "26": 17.05222511291504,
    "27": 21.81967544555664,
    "28": 17.905803680419922,
    "29": 13.293956756591797,
    "30": 15.101980209350586,
    "31": 8.090628623962402,
    "32": 17.88355827331543
  },
  "probe_type": "mlp",
  "probe_hidden_size": [
    128
  ],
  "init_strategy": "gamma_second_zero",
  "init_gamma": 1.9,