{
  "config": {
    "model_short": "llama",
    "task_name": "somo",
    "dataset": {
      "train": "cache/llama/somo_train/",
      "test": "cache/llama/somo_test/"
    },
    "mdl": {
      "batch_size": 64,
      "probe_type": "mlp",
      "probe_hidden_size": [
        362
      ],
      "num_classes": 2,
      "init_strategy": "gamma_second_zero",
      "init_gamma": 0.3,
      "optimizer": "adamw",
      "train_epochs": 10,
      "lr": 0.001,
      "seed": 42,
      "early_stopping_gap": 3,
      "split_num": 5,
      "split_ratio": 2.0
    },
    "out_dir": "init_results/llama/somo/hidden-362/seed-42/strategy-gamma_second_zero/gamma-0.3/opt-adamw/2026-04-25_02-54-16"
  },
  "train_meta": {
    "dataset": "compling/somo",
    "split": "train",
    "text_col": "text",
    "model": "meta-llama/Meta-Llama-3.1-8B",
    "max_len": 64,
    "hidden_size": 4096,
    "num_hidden_layers": 32,
    "num_states": 33,
    "memmap_file": "last_token_hidden_states.memmap",
    "dtype": "float32",
    "shape": [
      15000,
      33,
      4096
    ]
  },
  "test_meta": {
    "dataset": "compling/somo",
    "split": "test",
    "text_col": "text",
    "model": "meta-llama/Meta-Llama-3.1-8B",
    "max_len": 64,
    "hidden_size": 4096,
    "num_hidden_layers": 32,
    "num_states": 33,
    "memmap_file": "last_token_hidden_states.memmap",
    "dtype": "float32",
    "shape": [
      10000,
      33,
      4096
    ]
  },
  "splits": [
    484,
    968,
    1936,
    3872,
    7740
  ],
  "mdl_sum_ce": {
    "0": 10061.673520088196,
    "1": 10062.670094490051,
    "2": 10057.443860530853,
    "3": 10035.102624893188,
    "4": 9792.503812789917,
    "5": 9577.660525798798,
    "6": 9482.30621433258,
    "7": 9299.097500801086,
    "8": 9035.365654945374,
    "9": 8560.88790845871,
    "10": 8162.526871681213,
    "11": 8116.943991661072,
    "12": 8117.733647346497,
    "13": 8141.052098274231,
    "14": 8286.79366159439,
    "15": 8363.898253917694,
    "16": 8385.659675598145,
    "17": 8433.573427677155,
    "18": 8567.453642845154,
    "19": 8672.3020362854,
    "20": 8684.578282356262,
    "21": 8718.8180270195,
    "22": 8774.092053413391,
    "23": 8834.379325389862,
    "24": 8855.311266899109,
    "25": 8968.670353889465,
    "26": 8937.673709392548,
    "27": 8875.472351551056,
    "28": 8963.38721370697,
    "29": 9009.294753074646,
    "30": 8968.62705039978,
    "31": 8901.908596038818,
    "32": 9086.70447587967
  },
  "mdl_nll": {
    "0": 0.6931436704387018,
    "1": 0.6932123239521942,
    "2": 0.6928522913013815,
    "3": 0.6913132147212172,
    "4": 0.6746007035540037,
    "5": 0.6598002566684209,
    "6": 0.6532313457104285,
    "7": 0.6406101888124198,
    "8": 0.6224418334903123,
    "9": 0.5897552981853617,
    "10": 0.5623124050483063,
    "11": 0.5591722231786355,
    "12": 0.5592266221649557,
    "13": 0.560833018619057,
    "14": 0.5708730822261223,
    "15": 0.576184779134589,
    "16": 0.5776839126204288,
    "17": 0.5809846671036893,
    "18": 0.5902076083525182,
    "19": 0.5974305618824332,
    "20": 0.5982762663513546,
    "21": 0.6006350252837903,
    "22": 0.6044428253935926,
    "23": 0.6085959854911727,
    "24": 0.6100379765017298,
    "25": 0.6178472274655185,
    "26": 0.6157118840860119,
    "27": 0.61142686356786,
    "28": 0.6174832745733653,
    "29": 0.6206458220635607,
    "30": 0.6178442443097121,
    "31": 0.6132480432652809,
    "32": 0.6259785392587262
  },
  "stopping_epochs_per_stage": {
    "0": [
      1,
      2,
      1,
      1
    ],
    "1": [
      1,
      4,
      2,
      2
    ],
    "2": [
      1,
      4,
      1,
      1
    ],
    "3": [
      1,
      2,
      4,
      7
    ],
    "4": [
      4,
      5,
      3,
      8
    ],
    "5": [
      8,
      5,
      5,
      3
    ],
    "6": [
      6,
      6,
      5,
      9
    ],
    "7": [
      8,
      4,
      5,
      7
    ],
    "8": [
      8,
      3,
      4,
      7
    ],
    "9": [
      8,
      5,
      5,
      3
    ],
    "10": [
      8,
      5,
      6,
      5
    ],
    "11": [
      8,
      6,
      4,
      3
    ],
    "12": [
      8,
      5,
      3,
      4
    ],
    "13": [
      7,
      3,
      4,
      5
    ],
    "14": [
      6,
      5,
      4,
      4
    ],
    "15": [
      8,
      4,
      4,
      2
    ],
    "16": [
      8,
      3,
      3,
      4
    ],
    "17": [
      6,
      4,
      4,
      4
    ],
    "18": [
      4,
      4,
      4,
      4
    ],
    "19": [
      7,
      6,
      4,
      5
    ],
    "20": [
      3,
      5,
      3,
      4
    ],
    "21": [
      2,
      5,
      6,
      6
    ],
    "22": [
      2,
      5,
      2,
      4
    ],
    "23": [
      2,
      4,
      6,
      4
    ],
    "24": [
      1,
      6,
      4,
      5
    ],
    "25": [
      2,
      2,
      5,
      5
    ],
    "26": [
      1,
      4,
      5,
      5
    ],
    "27": [
      3,
      3,
      3,
      3
    ],
    "28": [
      1,
      4,
      5,
      4
    ],
    "29": [
      2,
      4,
      4,
      4
    ],
    "30": [
      1,
      3,
      5,
      3
    ],
    "31": [
      4,
      4,
      4,
      7
    ],
    "32": [
      1,
      2,
      5,
      6
    ]
  },
  "test_acc": {
    "0": 0.4982,
    "1": 0.495,
    "2": 0.5311,
    "3": 0.5474,
    "4": 0.6033,
    "5": 0.631,
    "6": 0.6484,
    "7": 0.648,
    "8": 0.6454,
    "9": 0.6997,
    "10": 0.7214,
    "11": 0.7249,
    "12": 0.7255,
    "13": 0.723,
    "14": 0.7261,
    "15": 0.6993,
    "16": 0.7178,
    "17": 0.7004,
    "18": 0.7084,
    "19": 0.6971,
    "20": 0.693,
    "21": 0.7109,
    "22": 0.6907,
    "23": 0.6665,
    "24": 0.6977,
    "25": 0.693,
    "26": 0.6843,
    "27": 0.6954,
    "28": 0.6672,
    "29": 0.681,
    "30": 0.6642,
    "31": 0.6966,
    "32": 0.6743
  },
  "test_loss": {
    "0": 0.6932565400123596,
    "1": 0.6972769311904907,
    "2": 0.6945617565155029,
    "3": 0.6912276498794556,
    "4": 0.6699262626647949,
    "5": 0.6535507398605347,
    "6": 0.6391511445999145,
    "7": 0.6510813161849975,
    "8": 0.6710584256172181,
    "9": 0.6108391842842102,
    "10": 0.5789631961345673,
    "11": 0.5815187791347504,
    "12": 0.5757137610912323,
    "13": 0.6009717299461365,
    "14": 0.6269287843704223,
    "15": 0.6402982714176177,
    "16": 0.584525159740448,
    "17": 0.5919323504447938,
    "18": 0.5872477016448975,
    "19": 0.6106147970199585,
    "20": 0.6063169244766236,
    "21": 0.5967649319171906,
    "22": 0.6146841819763184,
    "23": 0.6440726189613343,
    "24": 0.6144183399200439,
    "25": 0.6301774087905884,
    "26": 0.6439163130760193,
    "27": 0.6345125888824463,
    "28": 0.6543699993133545,
    "29": 0.6613496196746826,
    "30": 0.6672586184501648,
    "31": 0.6089543312072754,
    "32": 0.6232286005020141
  },
  "drift_final_total_l2": {
    "0": 8.5984525680542,
    "1": 27.53774070739746,
    "2": 37.614437103271484,
    "3": 39.17784118652344,
    "4": 49.6874885559082,
    "5": 53.98942947387695,
    "6": 53.53631591796875,
    "7": 55.08137893676758,
    "8": 57.90855407714844,
    "9": 58.582061767578125,
    "10": 58.969173431396484,
    "11": 60.2958984375,
    "12": 59.210018157958984,
    "13": 61.956146240234375,
    "14": 59.194366455078125,
    "15": 57.18181610107422,
    "16": 54.752891540527344,
    "17": 53.016517639160156,
    "18": 49.86384582519531,
    "19": 48.56713104248047,
    "20": 48.57269287109375,
    "21": 48.51393508911133,
    "22": 47.7226448059082,
    "23": 44.23748016357422,
    "24": 47.051551818847656,
    "25": 46.05870819091797,
    "26": 45.958580017089844,
    "27": 43.633811950683594,
    "28": 44.63801956176758,
    "29": 42.895320892333984,
    "30": 44.728546142578125,
    "31": 36.776832580566406,
    "32": 36.40330505371094
  },
  "probe_type": "mlp",
  "probe_hidden_size": [
    362
  ],
  "init_strategy": "gamma_second_zero",
  "init_gamma": 0.3,
  "effective_lr": 0.001,