{
  "config": {
    "model_short": "llama",
    "task_name": "somo",
    "dataset": {
      "train": "cache/llama/somo_train/",
      "test": "cache/llama/somo_test/"
    },
    "mdl": {
      "batch_size": 64,
      "probe_type": "mlp",
      "probe_hidden_size": [
        256
      ],
      "num_classes": 2,
      "init_strategy": "gamma",
      "init_gamma": 0.6,
      "optimizer": "adamw",
      "train_epochs": 10,
      "lr": 0.001,
      "seed": 42,
      "early_stopping_gap": 3,
      "split_num": 5,
      "split_ratio": 2.0
    },
    "out_dir": "init_results/llama/somo/hidden-256/seed-42/strategy-gamma/gamma-0.6/opt-adamw/2026-04-22_02-24-20"
  },
  "train_meta": {
    "dataset": "compling/somo",
    "split": "train",
    "text_col": "text",
    "model": "meta-llama/Meta-Llama-3.1-8B",
    "max_len": 64,
    "hidden_size": 4096,
    "num_hidden_layers": 32,
    "num_states": 33,
    "memmap_file": "last_token_hidden_states.memmap",
    "dtype": "float32",
    "shape": [
      15000,
      33,
      4096
    ]
  },
  "test_meta": {
    "dataset": "compling/somo",
    "split": "test",
    "text_col": "text",
    "model": "meta-llama/Meta-Llama-3.1-8B",
    "max_len": 64,
    "hidden_size": 4096,
    "num_hidden_layers": 32,
    "num_states": 33,
    "memmap_file": "last_token_hidden_states.memmap",
    "dtype": "float32",
    "shape": [
      10000,
      33,
      4096
    ]
  },
  "splits": [
    484,
    968,
    1936,
    3872,
    7740
  ],
  "mdl_sum_ce": {
    "0": 10061.653691291809,
    "1": 10059.862149238586,
    "2": 10059.907898902893,
    "3": 10039.791821956635,
    "4": 9733.134850502014,
    "5": 9533.944540023804,
    "6": 9439.512887001038,
    "7": 9205.779628753662,
    "8": 8963.712125778198,
    "9": 8542.434435367584,
    "10": 8098.042371749878,
    "11": 8060.840700149536,
    "12": 8095.108667373657,
    "13": 8167.219460010529,
    "14": 8149.019629478455,
    "15": 8270.629777431488,
    "16": 8355.709328651428,
    "17": 8395.0587682724,
    "18": 8494.499842643738,
    "19": 8528.102627754211,
    "20": 8574.97587108612,
    "21": 8704.191655158997,
    "22": 8633.698968410492,
    "23": 8676.52128314972,
    "24": 8708.600775718689,
    "25": 8779.240928173065,
    "26": 8886.193854808807,
    "27": 8717.303466320038,
    "28": 8779.197158813477,
    "29": 8786.89850282669,
    "30": 8866.132166862488,
    "31": 8791.301216125488,
    "32": 8888.471780776978
  },
  "mdl_nll": {
    "0": 0.6931423044428086,
    "1": 0.6930188860043115,
    "2": 0.6930220376758676,
    "3": 0.6916362511681341,
    "4": 0.670510805352853,
    "5": 0.6567886842121662,
    "6": 0.650283334734158,
    "7": 0.6341815671502936,
    "8": 0.617505657603899,
    "9": 0.588484047627968,
    "10": 0.557870100010325,
    "11": 0.5553072954084828,
    "12": 0.5576679985790616,
    "13": 0.5626356751178374,
    "14": 0.5613818978698302,
    "15": 0.5697595603080385,
    "16": 0.5756206481573042,
    "17": 0.578331411426867,
    "18": 0.5851818574430792,
    "19": 0.587496736549615,
    "20": 0.5907258109042519,
    "21": 0.5996274218213693,
    "22": 0.5947712157901964,
    "23": 0.5977212236945246,
    "24": 0.5999311639376336,
    "25": 0.6047975288077339,
    "26": 0.6121654625798296,
    "27": 0.6005306879526067,
    "28": 0.6047945135583822,
    "29": 0.6053250553063303,
    "30": 0.610783422903175,
    "31": 0.6056283560295872,
    "32": 0.6123223877636386
  },
  "stopping_epochs_per_stage": {
    "0": [
      1,
      2,
      2,
      1
    ],
    "1": [
      1,
      1,
      1,
      1
    ],
    "2": [
      2,
      4,
      3,
      1
    ],
    "3": [
      2,
      5,
      1,
      7
    ],
    "4": [
      3,
      9,
      6,
      10
    ],
    "5": [
      7,
      9,
      2,
      7
    ],
    "6": [
      1,
      10,
      10,
      6
    ],
    "7": [
      10,
      10,
      6,
      6
    ],
    "8": [
      9,
      5,
      8,
      9
    ],
    "9": [
      8,
      9,
      4,
      6
    ],
    "10": [
      5,
      4,
      4,
      6
    ],
    "11": [
      6,
      6,
      4,
      4
    ],
    "12": [
      7,
      6,
      5,
      6
    ],
    "13": [
      7,
      5,
      2,
      3
    ],
    "14": [
      5,
      4,
      5,
      5
    ],
    "15": [
      6,
      6,
      4,
      6
    ],
    "16": [
      10,
      6,
      5,
      5
    ],
    "17": [
      9,
      6,
      3,
      7
    ],
    "18": [
      10,
      6,
      3,
      5
    ],
    "19": [
      7,
      6,
      4,
      6
    ],
    "20": [
      8,
      6,
      5,
      4
    ],
    "21": [
      4,
      5,
      6,
      3
    ],
    "22": [
      2,
      8,
      3,
      7
    ],
    "23": [
      2,
      7,
      6,
      6
    ],
    "24": [
      2,
      6,
      7,
      9
    ],
    "25": [
      4,
      5,
      7,
      5
    ],
    "26": [
      8,
      8,
      5,
      2
    ],
    "27": [
      2,
      4,
      6,
      5
    ],
    "28": [
      5,
      7,
      5,
      5
    ],
    "29": [
      1,
      7,
      4,
      10
    ],
    "30": [
      2,
      4,
      4,
      4
    ],
    "31": [
      6,
      9,
      9,
      4
    ],
    "32": [
      2,
      6,
      5,
      6
    ]
  },
  "test_acc": {
    "0": 0.5013,
    "1": 0.4949,
    "2": 0.5208,
    "3": 0.5506,
    "4": 0.58,
    "5": 0.6416,
    "6": 0.6507,
    "7": 0.6623,
    "8": 0.6783,
    "9": 0.6855,
    "10": 0.7219,
    "11": 0.7209,
    "12": 0.7231,
    "13": 0.6981,
    "14": 0.7295,
    "15": 0.7275,
    "16": 0.7309,
    "17": 0.7134,
    "18": 0.6889,
    "19": 0.7095,
    "20": 0.6806,
    "21": 0.7122,
    "22": 0.6967,
    "23": 0.6902,
    "24": 0.6946,
    "25": 0.7069,
    "26": 0.7016,
    "27": 0.6976,
    "28": 0.6716,
    "29": 0.6771,
    "30": 0.6895,
    "31": 0.6982,
    "32": 0.668
  },
  "test_loss": {
    "0": 0.6931854940414429,
    "1": 0.6949634676933288,
    "2": 0.6947135160446167,
    "3": 0.6855065408706665,
    "4": 0.6953909797668457,
    "5": 0.6393908809661866,
    "6": 0.630335333442688,
    "7": 0.6222466448783874,
    "8": 0.6061499828338623,
    "9": 0.5994207513809204,
    "10": 0.5672415934562683,
    "11": 0.5602530749320984,
    "12": 0.57948243060112,
    "13": 0.6187820551872253,
    "14": 0.552347066116333,
    "15": 0.5615300291061401,
    "16": 0.5548575681686402,
    "17": 0.5640425611495972,
    "18": 0.6113729944229126,
    "19": 0.5707450989723205,
    "20": 0.6487852727413177,
    "21": 0.570271410369873,
    "22": 0.5873533603668213,
    "23": 0.5945090528488159,
    "24": 0.5880561851501465,
    "25": 0.5829328155517578,
    "26": 0.5881408094406128,
    "27": 0.5851247023582459,
    "28": 0.614585638141632,
    "29": 0.5954402765274048,
    "30": 0.619398392534256,
    "31": 0.5911925353050232,
    "32": 0.6304879534721375
  },
  "drift_final_total_l2": {
    "0": 5.39910888671875,
    "1": 12.909953117370605,
    "2": 17.607009887695312,
    "3": 17.603788375854492,
    "4": 31.478195190429688,
    "5": 22.89480972290039,
    "6": 30.72266387939453,
    "7": 26.57562828063965,
    "8": 30.571929931640625,
    "9": 34.62504196166992,
    "10": 34.16008377075195,
    "11": 34.776206970214844,
    "12": 31.21526336669922,
    "13": 35.77809524536133,
    "14": 29.768497467041016,
    "15": 18.722461700439453,
    "16": 28.432592391967773,
    "17": 16.194652557373047,
    "18": 27.44750213623047,
    "19": 22.066776275634766,
    "20": 24.25823974609375,
    "21": 22.70960235595703,
    "22": 24.15421485900879,
    "23": 19.3987979888916,
    "24": 18.080699920654297,
    "25": 20.750154495239258,
    "26": 19.782848358154297,
    "27": 15.272573471069336,
    "28": 20.831295013427734,
    "29": 18.663597106933594,
    "30": 14.814020156860352,
    "31": 15.974030494689941,
    "32": 15.727572441101074
  },
  "probe_type": "mlp",
  "probe_hidden_size": [
    256
  ],
  "init_strategy": "gamma",
  "init_gamma": 0.6,
  "effective_lr": 0.001,