{
  "config": {
    "model_short": "llama",
    "task_name": "somo",
    "dataset": {
      "train": "cache/llama/somo_train/",
      "test": "cache/llama/somo_test/"
    },
    "mdl": {
      "batch_size": 64,
      "probe_type": "mlp",
      "probe_hidden_size": [
        45
      ],
      "num_classes": 2,
      "init_strategy": "gamma_second_zero",
      "init_gamma": 1.6,
      "optimizer": "adamw",
      "train_epochs": 10,
      "lr": 0.001,
      "seed": 342,
      "early_stopping_gap": 3,
      "split_num": 5,
      "split_ratio": 2.0
    },
    "out_dir": "init_results/llama/somo/hidden-45/seed-342/strategy-gamma_second_zero/gamma-1.6/opt-adamw/2026-04-25_03-31-54"
  },
  "train_meta": {
    "dataset": "compling/somo",
    "split": "train",
    "text_col": "text",
    "model": "meta-llama/Meta-Llama-3.1-8B",
    "max_len": 64,
    "hidden_size": 4096,
    "num_hidden_layers": 32,
    "num_states": 33,
    "memmap_file": "last_token_hidden_states.memmap",
    "dtype": "float32",
    "shape": [
      15000,
      33,
      4096
    ]
  },
  "test_meta": {
    "dataset": "compling/somo",
    "split": "test",
    "text_col": "text",
    "model": "meta-llama/Meta-Llama-3.1-8B",
    "max_len": 64,
    "hidden_size": 4096,
    "num_hidden_layers": 32,
    "num_states": 33,
    "memmap_file": "last_token_hidden_states.memmap",
    "dtype": "float32",
    "shape": [
      10000,
      33,
      4096
    ]
  },
  "splits": [
    484,
    968,
    1936,
    3872,
    7740
  ],
  "mdl_sum_ce": {
    "0": 10060.93482017517,
    "1": 10060.98709821701,
    "2": 10053.501056671143,
    "3": 10009.774477005005,
    "4": 9763.005290031433,
    "5": 9578.732012748718,
    "6": 9429.171611309052,
    "7": 9333.981468200684,
    "8": 8797.162064552307,
    "9": 8488.41577911377,
    "10": 8060.395852565765,
    "11": 8122.531425476074,
    "12": 8228.347672462463,
    "13": 8090.645946264267,
    "14": 8288.079349040985,
    "15": 8302.626293182373,
    "16": 8303.152143001556,
    "17": 8401.530947685242,
    "18": 8466.740191459656,
    "19": 8622.779465675354,
    "20": 8607.348405838013,
    "21": 8608.039825439453,
    "22": 8620.526217460632,
    "23": 8726.35624742508,
    "24": 8705.815156936646,
    "25": 8825.38741016388,
    "26": 8782.154806613922,
    "27": 8746.125795841217,
    "28": 8805.093541145325,
    "29": 8749.665850162506,
    "30": 8728.722639083862,
    "31": 9026.19819688797,
    "32": 8864.235544681549
  },
  "mdl_nll": {
    "0": 0.6930927817701275,
    "1": 0.6930963831783556,
    "2": 0.6925806735099987,
    "3": 0.689568371245867,
    "4": 0.6725685650338545,
    "5": 0.6598740708699861,
    "6": 0.6495709294095516,
    "7": 0.6430133279278509,
    "8": 0.6060321069545541,
    "9": 0.5847627293409872,
    "10": 0.555276650080309,
    "11": 0.5595571387073626,
    "12": 0.5668467671853447,
    "13": 0.5573605639476624,
    "14": 0.5709616525930686,
    "15": 0.5719637843195352,
    "16": 0.572000009851306,
    "17": 0.5787772766385534,
    "18": 0.5832695089184111,
    "19": 0.5940189766929839,
    "20": 0.5929559386771847,
    "21": 0.5930035702286754,
    "22": 0.5938637515473018,
    "23": 0.6011543295277679,
    "24": 0.5997392640490938,
    "25": 0.6079765369360622,
    "26": 0.6049982644401986,
    "27": 0.6025162438578959,
    "28": 0.6065785024211439,
    "29": 0.602760116434452,
    "30": 0.60131734906888,
    "31": 0.621810291877099,
    "32": 0.6106527655470894
  },
  "stopping_epochs_per_stage": {
    "0": [
      3,
      1,
      1,
      2
    ],
    "1": [
      6,
      1,
      1,
      2
    ],
    "2": [
      7,
      1,
      1,
      9
    ],
    "3": [
      3,
      1,
      9,
      7
    ],
    "4": [
      3,
      1,
      9,
      9
    ],
    "5": [
      10,
      1,
      10,
      10
    ],
    "6": [
      9,
      10,
      10,
      9
    ],
    "7": [
      10,
      1,
      10,
      10
    ],
    "8": [
      10,
      10,
      10,
      9
    ],
    "9": [
      10,
      10,
      9,
      9
    ],
    "10": [
      10,
      10,
      9,
      9
    ],
    "11": [
      9,
      10,
      10,
      8
    ],
    "12": [
      10,
      7,
      10,
      7
    ],
    "13": [
      10,
      10,
      6,
      9
    ],
    "14": [
      10,
      7,
      8,
      9
    ],
    "15": [
      10,
      7,
      8,
      9
    ],
    "16": [
      9,
      9,
      5,
      7
    ],
    "17": [
      9,
      10,
      6,
      7
    ],
    "18": [
      10,
      9,
      6,
      9
    ],
    "19": [
      7,
      7,
      8,
      10
    ],
    "20": [
      10,
      8,
      7,
      10
    ],
    "21": [
      8,
      10,
      4,
      5
    ],
    "22": [
      10,
      6,
      9,
      7
    ],
    "23": [
      8,
      9,
      9,
      10
    ],
    "24": [
      6,
      6,
      5,
      8
    ],
    "25": [
      10,
      10,
      10,
      4
    ],
    "26": [
      6,
      9,
      8,
      4
    ],
    "27": [
      7,
      10,
      7,
      6
    ],
    "28": [
      4,
      5,
      7,
      10
    ],
    "29": [
      7,
      6,
      7,
      7
    ],
    "30": [
      8,
      6,
      3,
      7
    ],
    "31": [
      6,
      5,
      1,
      7
    ],
    "32": [
      7,
      3,
      7,
      7
    ]
  },
  "test_acc": {
    "0": 0.5013,
    "1": 0.5013,
    "2": 0.5013,
    "3": 0.5013,
    "4": 0.6097,
    "5": 0.6314,
    "6": 0.6364,
    "7": 0.6591,
    "8": 0.6922,
    "9": 0.6913,
    "10": 0.7302,
    "11": 0.7165,
    "12": 0.7341,
    "13": 0.7225,
    "14": 0.7307,
    "15": 0.7278,
    "16": 0.7069,
    "17": 0.7247,
    "18": 0.6869,
    "19": 0.7181,
    "20": 0.6979,
    "21": 0.7174,
    "22": 0.6987,
    "23": 0.7005,
    "24": 0.7103,
    "25": 0.692,
    "26": 0.7025,
    "27": 0.7056,
    "28": 0.7004,
    "29": 0.7036,
    "30": 0.6981,
    "31": 0.6952,
    "32": 0.6918
  },
  "test_loss": {
    "0": 0.6932193321228027,
    "1": 0.6932203533172607,
    "2": 0.6932738040924072,
    "3": 0.6932398242950439,
    "4": 0.6585352586746216,
    "5": 0.6395272514343262,
    "6": 0.6351764410018921,
    "7": 0.6189322372436523,
    "8": 0.5900479548454285,
    "9": 0.5929708653450012,
    "10": 0.5462176322937011,
    "11": 0.5629004295349122,
    "12": 0.5375031907081604,
    "13": 0.5540984794616699,
    "14": 0.5376360235214234,
    "15": 0.5447280236244202,
    "16": 0.5847941528320313,
    "17": 0.5498663474559784,
    "18": 0.6006383864402771,
    "19": 0.5618575358390808,
    "20": 0.6098282691955567,
    "21": 0.5601886467456818,
    "22": 0.586329566192627,
    "23": 0.5814941742897034,
    "24": 0.5723406390190124,
    "25": 0.5891614274024963,
    "26": 0.5819331373214721,
    "27": 0.5728842889785767,
    "28": 0.5811919044494629,
    "29": 0.5805263193130493,
    "30": 0.5815142447471618,
    "31": 0.5796221215248107,
    "32": 0.5862498065948486
  },
  "drift_final_total_l2": {
    "0": 1.9361335039138794,
    "1": 3.069223165512085,
    "2": 2.1958696842193604,
    "3": 2.9828219413757324,
    "4": 14.809751510620117,
    "5": 14.295121192932129,
    "6": 11.670498847961426,
    "7": 11.817058563232422,
    "8": 12.774001121520996,
    "9": 17.854082107543945,
    "10": 18.041149139404297,
    "11": 13.593317985534668,
    "12": 17.956676483154297,
    "13": 19.325777053833008,
    "14": 16.845521926879883,
    "15": 15.091708183288574,
    "16": 14.985156059265137,
    "17": 17.534849166870117,
    "18": 18.99873161315918,
    "19": 10.400774955749512,
    "20": 16.796375274658203,
    "21": 14.986153602600098,
    "22": 14.730586051940918,
    "23": 12.21635627746582,
    "24": 10.714000701904297,
    "25": 11.794697761535645,
    "26": 12.24818229675293,
    "27": 9.845422744750977,
    "28": 9.253382682800293,
    "29": 10.250104904174805,
    "30": 13.075774192810059,
    "31": 7.677280902862549,
    "32": 8.583786964416504
  },
  "probe_type": "mlp",
  "probe_hidden_size": [
    45
  ],