{
  "config": {
    "model_short": "llama",
    "task_name": "somo",
    "dataset": {
      "train": "cache/llama/somo_train/",
      "test": "cache/llama/somo_test/"
    },
    "mdl": {
      "batch_size": 64,
      "probe_type": "mlp",
      "probe_hidden_size": [
        512
      ],
      "num_classes": 2,
      "init_strategy": "mf",
      "init_gamma": null,
      "optimizer": "sgd",
      "train_epochs": 10,
      "lr": 0.05,
      "seed": 42,
      "early_stopping_gap": 3,
      "split_num": 5,
      "split_ratio": 2.0
    },
    "out_dir": "init_results/llama/somo/hidden-512/seed-42/strategy-mf/gamma-na/opt-sgd/2026-04-22_02-11-06"
  },
  "train_meta": {
    "dataset": "compling/somo",
    "split": "train",
    "text_col": "text",
    "model": "meta-llama/Meta-Llama-3.1-8B",
    "max_len": 64,
    "hidden_size": 4096,
    "num_hidden_layers": 32,
    "num_states": 33,
    "memmap_file": "last_token_hidden_states.memmap",
    "dtype": "float32",
    "shape": [
      15000,
      33,
      4096
    ]
  },
  "test_meta": {
    "dataset": "compling/somo",
    "split": "test",
    "text_col": "text",
    "model": "meta-llama/Meta-Llama-3.1-8B",
    "max_len": 64,
    "hidden_size": 4096,
    "num_hidden_layers": 32,
    "num_states": 33,
    "memmap_file": "last_token_hidden_states.memmap",
    "dtype": "float32",
    "shape": [
      10000,
      33,
      4096
    ]
  },
  "splits": [
    484,
    968,
    1936,
    3872,
    7740
  ],
  "mdl_sum_ce": {
    "0": 10061.58890914917,
    "1": 10061.867280960083,
    "2": 10061.17445230484,
    "3": 10058.62362909317,
    "4": 9978.942568302155,
    "5": 9829.401334285736,
    "6": 9758.347257137299,
    "7": 9646.831490039825,
    "8": 9352.171385765076,
    "9": 8884.574864387512,
    "10": 8442.36556482315,
    "11": 8405.41256904602,
    "12": 8534.810265541077,
    "13": 8359.656798362732,
    "14": 8425.736943721771,
    "15": 8677.142758846283,
    "16": 8611.508707523346,
    "17": 8883.87730550766,
    "18": 8745.52541923523,
    "19": 8890.123386859894,
    "20": 8901.478776931763,
    "21": 8963.16740322113,
    "22": 9322.83583021164,
    "23": 9201.228346347809,
    "24": 9115.11381149292,
    "25": 9284.037225723267,
    "26": 9633.925696372986,
    "27": 9470.220518112183,
    "28": 9585.321110725403,
    "29": 9451.171113014221,
    "30": 9591.981116771698,
    "31": 9221.340294837952,
    "32": 9942.341539382935
  },
  "mdl_nll": {
    "0": 0.6931378416333129,
    "1": 0.693157018528526,
    "2": 0.6931092899080215,
    "3": 0.6929335649692181,
    "4": 0.68744437643305,
    "5": 0.6771425554068432,
    "6": 0.672247675471018,
    "7": 0.6645654098952759,
    "8": 0.6442664222764588,
    "9": 0.6120539311371943,
    "10": 0.5815903530465107,
    "11": 0.5790446795981,
    "12": 0.5879588223712509,
    "13": 0.575892587376876,
    "14": 0.5804448156325276,
    "15": 0.5977640368452937,
    "16": 0.5932425397852953,
    "17": 0.6120058766538757,
    "18": 0.6024748842129533,
    "19": 0.6124361660829356,
    "20": 0.6132184332413725,
    "21": 0.6174681319386285,
    "22": 0.6422455104857839,
    "23": 0.633868031575352,
    "24": 0.6279356442196831,
    "25": 0.6395726939737715,
    "26": 0.6636763362064608,
    "27": 0.652398768125667,
    "28": 0.6603279905432214,
    "29": 0.6510864641095495,
    "30": 0.6607867950380062,
    "31": 0.6352535336758027,
    "32": 0.6849229498059338
  },
  "stopping_epochs_per_stage": {
    "0": [
      5,
      1,
      10,
      1
    ],
    "1": [
      1,
      1,
      8,
      1
    ],
    "2": [
      2,
      4,
      9,
      1
    ],
    "3": [
      4,
      1,
      3,
      6
    ],
    "4": [
      9,
      10,
      10,
      10
    ],
    "5": [
      9,
      9,
      9,
      10
    ],
    "6": [
      3,
      9,
      10,
      10
    ],
    "7": [
      9,
      9,
      9,
      10
    ],
    "8": [
      10,
      10,
      9,
      9
    ],
    "9": [
      9,
      9,
      9,
      9
    ],
    "10": [
      9,
      10,
      9,
      8
    ],
    "11": [
      9,
      8,
      9,
      8
    ],
    "12": [
      1,
      9,
      10,
      5
    ],
    "13": [
      10,
      9,
      9,
      10
    ],
    "14": [
      10,
      9,
      10,
      5
    ],
    "15": [
      10,
      9,
      5,
      4
    ],
    "16": [
      9,
      9,
      8,
      9
    ],
    "17": [
      10,
      10,
      8,
      5
    ],
    "18": [
      6,
      10,
      10,
      10
    ],
    "19": [
      10,
      8,
      6,
      9
    ],
    "20": [
      6,
      10,
      6,
      10
    ],
    "21": [
      7,
      9,
      10,
      6
    ],
    "22": [
      2,
      7,
      9,
      3
    ],
    "23": [
      2,
      8,
      8,
      6
    ],
    "24": [
      7,
      10,
      9,
      9
    ],
    "25": [
      10,
      10,
      10,
      5
    ],
    "26": [
      7,
      1,
      9,
      3
    ],
    "27": [
      1,
      10,
      6,
      5
    ],
    "28": [
      1,
      9,
      3,
      4
    ],
    "29": [
      1,
      6,
      8,
      6
    ],
    "30": [
      9,
      9,
      3,
      5
    ],
    "31": [
      7,
      8,
      10,
      9
    ],
    "32": [
      6,
      2,
      6,
      3
    ]
  },
  "test_acc": {
    "0": 0.5013,
    "1": 0.5013,
    "2": 0.5013,
    "3": 0.5126,
    "4": 0.5766,
    "5": 0.6077,
    "6": 0.6153,
    "7": 0.659,
    "8": 0.6685,
    "9": 0.6941,
    "10": 0.6589,
    "11": 0.7223,
    "12": 0.5916,
    "13": 0.7292,
    "14": 0.712,
    "15": 0.7212,
    "16": 0.7242,
    "17": 0.6406,
    "18": 0.6767,
    "19": 0.6267,
    "20": 0.7093,
    "21": 0.6757,
    "22": 0.7046,
    "23": 0.6782,
    "24": 0.6971,
    "25": 0.6506,
    "26": 0.6231,
    "27": 0.5897,
    "28": 0.67,
    "29": 0.6834,
    "30": 0.6727,
    "31": 0.5311,
    "32": 0.5756
  },
  "test_loss": {
    "0": 0.6931938591003418,
    "1": 0.693219380569458,
    "2": 0.6931925549507141,
    "3": 0.6924006294250489,
    "4": 0.6735900198936462,
    "5": 0.6538054767608643,
    "6": 0.6470186100006103,
    "7": 0.6217828757286071,
    "8": 0.6064829411506653,
    "9": 0.5838382400512695,
    "10": 0.6468784661769867,
    "11": 0.5499703679084778,
    "12": 0.715858983707428,
    "13": 0.5384978903293609,
    "14": 0.5625346540451049,
    "15": 0.5424480501651764,
    "16": 0.5475065961360931,
    "17": 0.6428479330062866,
    "18": 0.5973676600456238,
    "19": 0.6642015115261077,
    "20": 0.5673804189682007,
    "21": 0.599684890127182,
    "22": 0.5711832998275757,
    "23": 0.6008252822875977,
    "24": 0.581215758228302,
    "25": 0.6235378007888794,
    "26": 0.6595432806015015,
    "27": 0.6933401143550872,
    "28": 0.6034294288635254,
    "29": 0.5908636417388916,
    "30": 0.6153803154945373,
    "31": 0.8921244194030762,
    "32": 0.6904551843643189
  },
  "drift_final_total_l2": {
    "0": 1.1945996284484863,
    "1": 1.5308877229690552,
    "2": 5.180680751800537,
    "3": 9.562968254089355,
    "4": 36.19754409790039,
    "5": 51.19822692871094,
    "6": 53.709320068359375,
    "7": 60.67905044555664,
    "8": 68.86125183105469,
    "9": 73.35077667236328,
    "10": 75.20404815673828,
    "11": 74.76322174072266,
    "12": 76.94669342041016,
    "13": 76.26904296875,
    "14": 77.50482177734375,
    "15": 75.74271392822266,
    "16": 76.044677734375,
    "17": 77.00135040283203,
    "18": 72.43277740478516,
    "19": 77.6330795288086,
    "20": 76.8855209350586,
    "21": 76.11874389648438,
    "22": 77.10536193847656,
    "23": 75.04496765136719,
    "24": 75.19023132324219,
    "25": 75.70579528808594,
    "26": 75.15591430664062,
    "27": 75.08293914794922,
    "28": 74.9468002319336,
    "29": 74.81121063232422,
    "30": 65.74761962890625,
    "31": 74.17889404296875,
    "32": 206.1859588623047
  },
  "probe_type": "mlp",
  "probe_hidden_size": [
    512
  ],
  "init_strategy": "mf",
  "init_gamma": null,
  "effective_lr": 25.6,
  "lr_scaling_rule": "base_lr*width",