{
  "config": {
    "model_short": "llama",
    "task_name": "somo",
    "dataset": {
      "train": "cache/llama/somo_train/",
      "test": "cache/llama/somo_test/"
    },
    "mdl": {
      "batch_size": 64,
      "probe_type": "mlp",
      "probe_hidden_size": [
        1024
      ],
      "num_classes": 2,
      "init_strategy": "ntk",
      "init_gamma": null,
      "optimizer": "sgd",
      "train_epochs": 10,
      "lr": 0.005,
      "seed": 242,
      "early_stopping_gap": 3,
      "split_num": 5,
      "split_ratio": 2.0
    },
    "out_dir": "init_results/llama/somo/hidden-1024/seed-242/strategy-ntk/gamma-na/opt-sgd/2026-04-21_06-30-58"
  },
  "train_meta": {
    "dataset": "compling/somo",
    "split": "train",
    "text_col": "text",
    "model": "meta-llama/Meta-Llama-3.1-8B",
    "max_len": 64,
    "hidden_size": 4096,
    "num_hidden_layers": 32,
    "num_states": 33,
    "memmap_file": "last_token_hidden_states.memmap",
    "dtype": "float32",
    "shape": [
      15000,
      33,
      4096
    ]
  },
  "test_meta": {
    "dataset": "compling/somo",
    "split": "test",
    "text_col": "text",
    "model": "meta-llama/Meta-Llama-3.1-8B",
    "max_len": 64,
    "hidden_size": 4096,
    "num_hidden_layers": 32,
    "num_states": 33,
    "memmap_file": "last_token_hidden_states.memmap",
    "dtype": "float32",
    "shape": [
      10000,
      33,
      4096
    ]
  },
  "splits": [
    484,
    968,
    1936,
    3872,
    7740
  ],
  "mdl_sum_ce": {
    "0": 10062.04899597168,
    "1": 10061.548501491547,
    "2": 10062.514426708221,
    "3": 10064.467235088348,
    "4": 10053.874612808228,
    "5": 10033.138911247253,
    "6": 10032.745121002197,
    "7": 10014.596399307251,
    "8": 9955.540568351746,
    "9": 9875.513961791992,
    "10": 9737.886310100555,
    "11": 9653.267173290253,
    "12": 9663.306843280792,
    "13": 9559.211650848389,
    "14": 9578.006186008453,
    "15": 9510.723144054413,
    "16": 9560.774424552917,
    "17": 9553.531609535217,
    "18": 9521.510817527771,
    "19": 9468.13456916809,
    "20": 9452.296695709229,
    "21": 9440.66237449646,
    "22": 9372.073987007141,
    "23": 9376.723823547363,
    "24": 9355.815579891205,
    "25": 9364.732057571411,
    "26": 9367.642414093018,
    "27": 9274.43983221054,
    "28": 9225.009946346283,
    "29": 9296.395990848541,
    "30": 9157.651180267334,
    "31": 9213.103197097778,
    "32": 9245.038203239441
  },
  "mdl_nll": {
    "0": 0.6931695367850427,
    "1": 0.6931350579699329,
    "2": 0.6932016000763448,
    "3": 0.6933361280716691,
    "4": 0.6926064076059677,
    "5": 0.6911779354675704,
    "6": 0.6911508074539954,
    "7": 0.6899005510682867,
    "8": 0.6858322243284476,
    "9": 0.6803192313166156,
    "10": 0.6708381310347585,
    "11": 0.6650087609045365,
    "12": 0.6657003887627991,
    "13": 0.6585293228746479,
    "14": 0.6598240690278626,
    "15": 0.655188973825738,
    "16": 0.6586369815757038,
    "17": 0.6581380276615608,
    "18": 0.6559321312708577,
    "19": 0.6522550681432964,
    "20": 0.651164004940013,
    "21": 0.6503625223543993,
    "22": 0.6456375025494034,
    "23": 0.645957827469507,
    "24": 0.6445174689922296,
    "25": 0.6451317206924367,
    "26": 0.6453322137016407,
    "27": 0.6389115343214756,
    "28": 0.6355063341379362,
    "29": 0.6404240831391941,
    "30": 0.6308660223386149,
    "31": 0.634686084120817,
    "32": 0.6368860707660128
  },
  "stopping_epochs_per_stage": {
    "0": [
      10,
      1,
      1,
      6
    ],
    "1": [
      8,
      1,
      1,
      10
    ],
    "2": [
      10,
      1,
      1,
      10
    ],
    "3": [
      10,
      1,
      4,
      10
    ],
    "4": [
      10,
      1,
      10,
      10
    ],
    "5": [
      10,
      10,
      10,
      10
    ],
    "6": [
      6,
      5,
      10,
      10
    ],
    "7": [
      10,
      10,
      10,
      10
    ],
    "8": [
      10,
      10,
      10,
      10
    ],
    "9": [
      10,
      10,
      10,
      10
    ],
    "10": [
      10,
      10,
      10,
      10
    ],
    "11": [
      10,
      10,
      10,
      10
    ],
    "12": [
      10,
      10,
      10,
      10
    ],
    "13": [
      10,
      10,
      10,
      10
    ],
    "14": [
      10,
      10,
      10,
      10
    ],
    "15": [
      10,
      10,
      10,
      10
    ],
    "16": [
      10,
      10,
      10,
      10
    ],
    "17": [
      9,
      10,
      10,
      10
    ],
    "18": [
      10,
      10,
      10,
      9
    ],
    "19": [
      9,
      10,
      10,
      10
    ],
    "20": [
      9,
      10,
      10,
      10
    ],
    "21": [
      10,
      10,
      9,
      10
    ],
    "22": [
      10,
      9,
      9,
      9
    ],
    "23": [
      10,
      9,
      10,
      9
    ],
    "24": [
      10,
      10,
      10,
      9
    ],
    "25": [
      10,
      8,
      10,
      9
    ],
    "26": [
      7,
      10,
      10,
      7
    ],
    "27": [
      10,
      9,
      9,
      10
    ],
    "28": [
      1,
      10,
      10,
      10
    ],
    "29": [
      10,
      5,
      10,
      6
    ],
    "30": [
      9,
      9,
      9,
      10
    ],
    "31": [
      6,
      9,
      8,
      4
    ],
    "32": [
      4,
      2,
      6,
      7
    ]
  },
  "test_acc": {
    "0": 0.5013,
    "1": 0.5011,
    "2": 0.5019,
    "3": 0.5059,
    "4": 0.5331,
    "5": 0.5736,
    "6": 0.5728,
    "7": 0.5846,
    "8": 0.6218,
    "9": 0.6452,
    "10": 0.6734,
    "11": 0.6791,
    "12": 0.679,
    "13": 0.687,
    "14": 0.689,
    "15": 0.6923,
    "16": 0.6837,
    "17": 0.683,
    "18": 0.688,
    "19": 0.671,
    "20": 0.6836,
    "21": 0.6828,
    "22": 0.6775,
    "23": 0.6875,
    "24": 0.6835,
    "25": 0.6834,
    "26": 0.6607,
    "27": 0.6808,
    "28": 0.6506,
    "29": 0.6856,
    "30": 0.6569,
    "31": 0.6773,
    "32": 0.679
  },
  "test_loss": {
    "0": 0.6932303755760193,
    "1": 0.6932226068496704,
    "2": 0.6931616382598877,
    "3": 0.6930453792572021,
    "4": 0.6911990356445312,
    "5": 0.6878041143417358,
    "6": 0.685141547203064,
    "7": 0.6834657119750976,
    "8": 0.6729083993911743,
    "9": 0.6631682123184204,
    "10": 0.6391126546859741,
    "11": 0.6341126714706421,
    "12": 0.6301806671142578,
    "13": 0.6211190008163452,
    "14": 0.6170587445259095,
    "15": 0.6131598142623902,
    "16": 0.6231263319969177,
    "17": 0.6150733023643493,
    "18": 0.6137501019477845,
    "19": 0.618744591331482,
    "20": 0.6105308298110962,
    "21": 0.6102384133338928,
    "22": 0.6078802355766296,
    "23": 0.6032908297538757,
    "24": 0.6036000360488891,
    "25": 0.6017394371032715,
    "26": 0.6134539850234986,
    "27": 0.5999165502548218,
    "28": 0.6211586562156677,
    "29": 0.594136294746399,
    "30": 0.615258383846283,
    "31": 0.5980133615493775,
    "32": 0.5982452224731445
  },
  "drift_final_total_l2": {
    "0": 0.03097914718091488,
    "1": 0.03440823778510094,
    "2": 0.050222862511873245,
    "3": 0.08370443433523178,
    "4": 0.16810530424118042,
    "5": 0.2747706472873688,
    "6": 0.3086976706981659,
    "7": 0.3409893810749054,
    "8": 0.48136046528816223,
    "9": 0.5945538282394409,
    "10": 0.7913616299629211,
    "11": 0.8123161792755127,
    "12": 0.8422446250915527,
    "13": 0.8992300629615784,
    "14": 0.9238623380661011,
    "15": 0.9362283945083618,
    "16": 0.8870518207550049,
    "17": 0.9255685806274414,
    "18": 0.9426947832107544,
    "19": 0.923487663269043,
    "20": 0.9433096051216125,
    "21": 0.9545568227767944,
    "22": 0.9779019951820374,
    "23": 0.992520809173584,
    "24": 0.9729838967323303,
    "25": 1.0032477378845215,
    "26": 1.0233324766159058,
    "27": 1.0244202613830566,
    "28": 1.0331554412841797,
    "29": 1.0528221130371094,
    "30": 1.097228765487671,
    "31": 1.102890133857727,
    "32": 1.208004117012024
  },
  "probe_type": "mlp",