{
  "config": {
    "model_short": "llama",
    "task_name": "somo",
    "dataset": {
      "train": "cache/llama/somo_train/",
      "test": "cache/llama/somo_test/"
    },
    "mdl": {
      "batch_size": 64,
      "probe_type": "mlp",
      "probe_hidden_size": [
        362
      ],
      "num_classes": 2,
      "init_strategy": "gamma_second_zero",
      "init_gamma": 1.7,
      "optimizer": "adamw",
      "train_epochs": 10,
      "lr": 0.001,
      "seed": 442,
      "early_stopping_gap": 3,
      "split_num": 5,
      "split_ratio": 2.0
    },
    "out_dir": "init_results/llama/somo/hidden-362/seed-442/strategy-gamma_second_zero/gamma-1.7/opt-adamw/2026-04-25_03-41-09"
  },
  "train_meta": {
    "dataset": "compling/somo",
    "split": "train",
    "text_col": "text",
    "model": "meta-llama/Meta-Llama-3.1-8B",
    "max_len": 64,
    "hidden_size": 4096,
    "num_hidden_layers": 32,
    "num_states": 33,
    "memmap_file": "last_token_hidden_states.memmap",
    "dtype": "float32",
    "shape": [
      15000,
      33,
      4096
    ]
  },
  "test_meta": {
    "dataset": "compling/somo",
    "split": "test",
    "text_col": "text",
    "model": "meta-llama/Meta-Llama-3.1-8B",
    "max_len": 64,
    "hidden_size": 4096,
    "num_hidden_layers": 32,
    "num_states": 33,
    "memmap_file": "last_token_hidden_states.memmap",
    "dtype": "float32",
    "shape": [
      10000,
      33,
      4096
    ]
  },
  "splits": [
    484,
    968,
    1936,
    3872,
    7740
  ],
  "mdl_sum_ce": {
    "0": 10060.757744789124,
    "1": 10060.43196105957,
    "2": 10060.42543888092,
    "3": 10045.310267448425,
    "4": 9770.605642318726,
    "5": 9512.008032798767,
    "6": 9591.708700180054,
    "7": 9316.522559165955,
    "8": 8970.142302036285,
    "9": 8539.268290996552,
    "10": 8191.696323394775,
    "11": 8087.040288925171,
    "12": 8090.689503669739,
    "13": 8249.329376220703,
    "14": 8184.844780445099,
    "15": 8254.845939874649,
    "16": 8377.583302021027,
    "17": 8434.20224905014,
    "18": 8511.543862342834,
    "19": 8528.49293422699,
    "20": 8596.956263065338,
    "21": 8591.2232503891,
    "22": 8652.489934921265,
    "23": 8687.433129310608,
    "24": 8773.714715957642,
    "25": 8735.119359970093,
    "26": 8786.61765575409,
    "27": 8743.965302467346,
    "28": 8783.785766601562,
    "29": 8767.682799339294,
    "30": 8824.248235702515,
    "31": 8746.775530815125,
    "32": 9003.894497394562
  },
  "mdl_nll": {
    "0": 0.6930805831351008,
    "1": 0.6930581400564598,
    "2": 0.6930576907468255,
    "3": 0.6920164141256837,
    "4": 0.6730921495121746,
    "5": 0.6552774891704854,
    "6": 0.6607680283948784,
    "7": 0.6418105923922537,
    "8": 0.617948629239204,
    "9": 0.5882659335213938,
    "10": 0.5643218740282981,
    "11": 0.5571121720119296,
    "12": 0.5573635645956007,
    "13": 0.5682921862924155,
    "14": 0.5638498746517704,
    "15": 0.5686722196110946,
    "16": 0.5771275352728732,
    "17": 0.5810279862944434,
    "18": 0.5863560114592749,
    "19": 0.5875236245678555,
    "20": 0.5922400291447601,
    "21": 0.5918450847608914,
    "22": 0.5960657161009414,
    "23": 0.5984729353341559,
    "24": 0.604416830804467,
    "25": 0.601758015980304,
    "26": 0.6053057078915741,
    "27": 0.6023674085469376,
    "28": 0.6051106204602895,
    "29": 0.6040012950771076,
    "30": 0.6078980597755934,
    "31": 0.6025610037761866,
    "32": 0.6202738011431911
  },
  "stopping_epochs_per_stage": {
    "0": [
      1,
      1,
      9,
      5
    ],
    "1": [
      1,
      2,
      3,
      1
    ],
    "2": [
      1,
      1,
      4,
      2
    ],
    "3": [
      3,
      2,
      10,
      5
    ],
    "4": [
      2,
      5,
      10,
      8
    ],
    "5": [
      1,
      10,
      6,
      8
    ],
    "6": [
      2,
      7,
      9,
      3
    ],
    "7": [
      9,
      10,
      9,
      5
    ],
    "8": [
      3,
      7,
      10,
      3
    ],
    "9": [
      10,
      6,
      5,
      6
    ],
    "10": [
      7,
      4,
      6,
      2
    ],
    "11": [
      7,
      3,
      6,
      6
    ],
    "12": [
      9,
      6,
      7,
      4
    ],
    "13": [
      6,
      2,
      4,
      3
    ],
    "14": [
      7,
      5,
      6,
      4
    ],
    "15": [
      6,
      4,
      5,
      5
    ],
    "16": [
      5,
      5,
      5,
      3
    ],
    "17": [
      10,
      5,
      3,
      4
    ],
    "18": [
      6,
      7,
      5,
      4
    ],
    "19": [
      5,
      6,
      7,
      3
    ],
    "20": [
      4,
      5,
      8,
      3
    ],
    "21": [
      9,
      8,
      5,
      8
    ],
    "22": [
      6,
      8,
      5,
      8
    ],
    "23": [
      4,
      7,
      7,
      3
    ],
    "24": [
      1,
      8,
      8,
      4
    ],
    "25": [
      1,
      5,
      6,
      6
    ],
    "26": [
      5,
      6,
      6,
      4
    ],
    "27": [
      4,
      6,
      9,
      5
    ],
    "28": [
      6,
      4,
      4,
      4
    ],
    "29": [
      4,
      4,
      5,
      5
    ],
    "30": [
      5,
      4,
      4,
      3
    ],
    "31": [
      1,
      4,
      6,
      4
    ],
    "32": [
      6,
      4,
      8,
      5
    ]
  },
  "test_acc": {
    "0": 0.5013,
    "1": 0.4987,
    "2": 0.5268,
    "3": 0.5518,
    "4": 0.5738,
    "5": 0.6362,
    "6": 0.6518,
    "7": 0.622,
    "8": 0.6627,
    "9": 0.7082,
    "10": 0.726,
    "11": 0.7257,
    "12": 0.7267,
    "13": 0.7224,
    "14": 0.7091,
    "15": 0.7283,
    "16": 0.7246,
    "17": 0.7215,
    "18": 0.7247,
    "19": 0.7215,
    "20": 0.7155,
    "21": 0.7178,
    "22": 0.7001,
    "23": 0.7138,
    "24": 0.6815,
    "25": 0.6989,
    "26": 0.6693,
    "27": 0.6861,
    "28": 0.6925,
    "29": 0.7046,
    "30": 0.6964,
    "31": 0.6994,
    "32": 0.658
  },
  "test_loss": {
    "0": 0.69314062833786,
    "1": 0.6931582355499267,
    "2": 0.6917649166107178,
    "3": 0.6856045117378234,
    "4": 0.7016982883453369,
    "5": 0.6360703134536743,
    "6": 0.632922760772705,
    "7": 0.6751343732357025,
    "8": 0.6366896390914917,
    "9": 0.5770164067268372,
    "10": 0.5538314021587372,
    "11": 0.574993452167511,
    "12": 0.5433739179611206,
    "13": 0.5628400664329529,
    "14": 0.6000342699527741,
    "15": 0.556939028930664,
    "16": 0.5502141730308533,
    "17": 0.5588357759475708,
    "18": 0.5514278834342956,
    "19": 0.5557859623908996,
    "20": 0.5685287511825562,
    "21": 0.565879313135147,
    "22": 0.5838937668323517,
    "23": 0.5664220302581787,
    "24": 0.6093302740573883,
    "25": 0.5846854106903077,
    "26": 0.6564302988052368,
    "27": 0.6017525230407715,
    "28": 0.6167738525390625,
    "29": 0.5749731217384338,
    "30": 0.5944134653091431,
    "31": 0.5795204535484314,
    "32": 0.6364969919204712
  },
  "drift_final_total_l2": {
    "0": 6.407277584075928,
    "1": 6.096479415893555,
    "2": 13.228719711303711,
    "3": 19.83992576599121,
    "4": 27.76808738708496,
    "5": 15.157641410827637,
    "6": 28.962329864501953,
    "7": 28.00379753112793,
    "8": 34.62517166137695,
    "9": 36.63283157348633,
    "10": 24.70203971862793,
    "11": 46.240150451660156,
    "12": 29.227874755859375,
    "13": 35.233577728271484,
    "14": 42.892147064208984,
    "15": 36.10123825073242,
    "16": 26.76795196533203,
    "17": 35.204288482666016,
    "18": 21.073577880859375,
    "19": 20.15949249267578,
    "20": 23.30485725402832,
    "21": 31.562679290771484,
    "22": 21.74197769165039,
    "23": 13.172894477844238,
    "24": 19.07168960571289,
    "25": 27.504236221313477,
    "26": 27.90382194519043,
    "27": 20.618724822998047,
    "28": 21.34657859802246,
    "29": 13.998833656311035,
    "30": 25.52434730529785,
    "31": 19.03926658630371,
    "32": 14.564393997192383
  },
  "probe_type": "mlp",
  "probe_hidden_size": [
    362
  ],
  "init_strategy": "gamma_second_zero",
  "init_gamma": 1.7,