{
  "config": {
    "model_short": "llama",
    "task_name": "somo",
    "dataset": {
      "train": "cache/llama/somo_train/",
      "test": "cache/llama/somo_test/"
    },
    "mdl": {
      "batch_size": 64,
      "probe_type": "mlp",
      "probe_hidden_size": [
        1448
      ],
      "num_classes": 2,
      "init_strategy": "gamma_second_zero",
      "init_gamma": 1.1,
      "optimizer": "adamw",
      "train_epochs": 10,
      "lr": 0.001,
      "seed": 142,
      "early_stopping_gap": 3,
      "split_num": 5,
      "split_ratio": 2.0
    },
    "out_dir": "init_results/llama/somo/hidden-1448/seed-142/strategy-gamma_second_zero/gamma-1.1/opt-adamw/2026-04-25_03-30-03"
  },
  "train_meta": {
    "dataset": "compling/somo",
    "split": "train",
    "text_col": "text",
    "model": "meta-llama/Meta-Llama-3.1-8B",
    "max_len": 64,
    "hidden_size": 4096,
    "num_hidden_layers": 32,
    "num_states": 33,
    "memmap_file": "last_token_hidden_states.memmap",
    "dtype": "float32",
    "shape": [
      15000,
      33,
      4096
    ]
  },
  "test_meta": {
    "dataset": "compling/somo",
    "split": "test",
    "text_col": "text",
    "model": "meta-llama/Meta-Llama-3.1-8B",
    "max_len": 64,
    "hidden_size": 4096,
    "num_hidden_layers": 32,
    "num_states": 33,
    "memmap_file": "last_token_hidden_states.memmap",
    "dtype": "float32",
    "shape": [
      10000,
      33,
      4096
    ]
  },
  "splits": [
    484,
    968,
    1936,
    3872,
    7740
  ],
  "mdl_sum_ce": {
    "0": 10059.694124221802,
    "1": 10059.966618537903,
    "2": 10056.186250686646,
    "3": 9999.036682605743,
    "4": 9738.389637947083,
    "5": 9505.51923418045,
    "6": 9458.508818626404,
    "7": 9203.945197105408,
    "8": 8918.68956041336,
    "9": 8565.165960788727,
    "10": 8103.565694332123,
    "11": 8118.219415664673,
    "12": 8192.297235965729,
    "13": 8212.896850585938,
    "14": 8361.074934005737,
    "15": 8328.239804267883,
    "16": 8366.944897651672,
    "17": 8448.940114021301,
    "18": 8521.072849273682,
    "19": 8761.822457313538,
    "20": 8717.34178686142,
    "21": 8670.361743927002,
    "22": 8697.955907344818,
    "23": 8797.224160194397,
    "24": 8774.51264667511,
    "25": 8864.752882480621,
    "26": 8846.022637367249,
    "27": 8807.720951080322,
    "28": 8826.279071807861,
    "29": 8855.382483959198,
    "30": 8940.38705444336,
    "31": 8787.347116470337,
    "32": 8968.165026187897
  },
  "mdl_nll": {
    "0": 0.6930073108447095,
    "1": 0.6930260828422363,
    "2": 0.6927656551864595,
    "3": 0.688828649945284,
    "4": 0.670872805039066,
    "5": 0.6548304790700228,
    "6": 0.6515919549894188,
    "7": 0.6340551940689865,
    "8": 0.6144040755313696,
    "9": 0.5900500110766552,
    "10": 0.5582505989482035,
    "11": 0.559260086502113,
    "12": 0.5643632705956,
    "13": 0.5657823677725226,
    "14": 0.5759902820340134,
    "15": 0.5737282863232215,
    "16": 0.5763946609018787,
    "17": 0.5820432704616493,
    "18": 0.5870124586162635,
    "19": 0.6035975790378574,
    "20": 0.6005333278355897,
    "21": 0.5972968961096033,
    "22": 0.599197844264592,
    "23": 0.6060363846923669,
    "24": 0.6044717998536174,
    "25": 0.61068840469004,
    "26": 0.6093980874460766,
    "27": 0.606759503381119,
    "28": 0.608037963061991,
    "29": 0.610042882609479,
    "30": 0.6158988050732543,
    "31": 0.6053559600764905,
    "32": 0.6178124156921946
  },
  "stopping_epochs_per_stage": {
    "0": [
      1,
      4,
      4,
      1
    ],
    "1": [
      1,
      2,
      2,
      1
    ],
    "2": [
      1,
      2,
      6,
      5
    ],
    "3": [
      1,
      2,
      8,
      9
    ],
    "4": [
      8,
      4,
      6,
      6
    ],
    "5": [
      9,
      10,
      5,
      5
    ],
    "6": [
      4,
      7,
      7,
      7
    ],
    "7": [
      6,
      9,
      7,
      8
    ],
    "8": [
      10,
      4,
      4,
      3
    ],
    "9": [
      2,
      6,
      3,
      5
    ],
    "10": [
      5,
      5,
      3,
      5
    ],
    "11": [
      6,
      9,
      3,
      6
    ],
    "12": [
      4,
      5,
      3,
      5
    ],
    "13": [
      4,
      4,
      4,
      5
    ],
    "14": [
      2,
      6,
      4,
      4
    ],
    "15": [
      5,
      8,
      2,
      3
    ],
    "16": [
      2,
      5,
      3,
      5
    ],
    "17": [
      5,
      8,
      3,
      4
    ],
    "18": [
      5,
      6,
      5,
      6
    ],
    "19": [
      3,
      7,
      2,
      4
    ],
    "20": [
      5,
      4,
      3,
      2
    ],
    "21": [
      4,
      5,
      3,
      3
    ],
    "22": [
      5,
      6,
      6,
      3
    ],
    "23": [
      5,
      7,
      5,
      3
    ],
    "24": [
      8,
      4,
      4,
      6
    ],
    "25": [
      6,
      6,
      5,
      4
    ],
    "26": [
      2,
      5,
      5,
      4
    ],
    "27": [
      3,
      3,
      5,
      5
    ],
    "28": [
      5,
      4,
      4,
      4
    ],
    "29": [
      2,
      6,
      3,
      5
    ],
    "30": [
      4,
      2,
      4,
      4
    ],
    "31": [
      5,
      8,
      4,
      4
    ],
    "32": [
      4,
      4,
      4,
      8
    ]
  },
  "test_acc": {
    "0": 0.4982,
    "1": 0.4998,
    "2": 0.529,
    "3": 0.5389,
    "4": 0.6097,
    "5": 0.5819,
    "6": 0.6491,
    "7": 0.638,
    "8": 0.6913,
    "9": 0.6995,
    "10": 0.7281,
    "11": 0.7189,
    "12": 0.7248,
    "13": 0.7128,
    "14": 0.7287,
    "15": 0.6905,
    "16": 0.72,
    "17": 0.7277,
    "18": 0.714,
    "19": 0.7148,
    "20": 0.6018,
    "21": 0.7025,
    "22": 0.7051,
    "23": 0.6648,
    "24": 0.6639,
    "25": 0.687,
    "26": 0.7054,
    "27": 0.6902,
    "28": 0.7003,
    "29": 0.6659,
    "30": 0.6986,
    "31": 0.6989,
    "32": 0.6853
  },
  "test_loss": {
    "0": 0.6932071519851685,
    "1": 0.6937670860290527,
    "2": 0.6928440590858459,
    "3": 0.6905861136436462,
    "4": 0.659776659488678,
    "5": 0.7229278970718384,
    "6": 0.6324506296157837,
    "7": 0.6593035817146301,
    "8": 0.5962968124389648,
    "9": 0.6115875192642212,
    "10": 0.5537846663951874,
    "11": 0.5858516447067261,
    "12": 0.5704476447105408,
    "13": 0.5918895722389221,
    "14": 0.568942407464981,
    "15": 0.6166622186660766,
    "16": 0.5693724968910218,
    "17": 0.5551841980457306,
    "18": 0.5859477125167847,
    "19": 0.5642672403335571,
    "20": 0.7536243705749511,
    "21": 0.5864896116256714,
    "22": 0.5858607702732086,
    "23": 0.6419445276737213,
    "24": 0.6347001970291137,
    "25": 0.6151158178329468,
    "26": 0.585914176940918,
    "27": 0.6262245227336883,
    "28": 0.5874124237060547,
    "29": 0.6313410831451416,
    "30": 0.5900866230487823,
    "31": 0.5983229868888855,
    "32": 0.5959604840278625
  },
  "drift_final_total_l2": {
    "0": 12.09294319152832,
    "1": 20.639232635498047,
    "2": 26.15505599975586,
    "3": 22.15911865234375,
    "4": 29.27898406982422,
    "5": 40.998626708984375,
    "6": 48.5062255859375,
    "7": 47.810359954833984,
    "8": 42.03646469116211,
    "9": 50.66400909423828,
    "10": 39.6876106262207,
    "11": 69.30713653564453,
    "12": 60.44866180419922,
    "13": 69.49784851074219,
    "14": 69.12415313720703,
    "15": 40.56509780883789,
    "16": 53.17173385620117,
    "17": 29.40680694580078,
    "18": 52.99039077758789,
    "19": 26.718053817749023,
    "20": 29.07342529296875,
    "21": 39.06922912597656,
    "22": 36.640602111816406,
    "23": 29.19380760192871,
    "24": 22.64354133605957,
    "25": 41.4036750793457,
    "26": 32.439414978027344,
    "27": 32.78224563598633,
    "28": 27.70461082458496,
    "29": 23.16151237487793,
    "30": 25.28614044189453,
    "31": 31.07418441772461,
    "32": 24.159465789794922
  },
  "probe_type": "mlp",
  "probe_hidden_size": [
    1448
  ],
  "init_strategy": "gamma_second_zero",
  "init_gamma": 1.1,
  "effective_lr": 0.001,