{
  "config": {
    "model_short": "llama",
    "task_name": "somo",
    "dataset": {
      "train": "cache/llama/somo_train/",
      "test": "cache/llama/somo_test/"
    },
    "mdl": {
      "batch_size": 64,
      "probe_type": "mlp",
      "probe_hidden_size": [
        4
      ],
      "num_classes": 2,
      "init_strategy": "gamma",
      "init_gamma": 0.5,
      "optimizer": "adamw",
      "train_epochs": 10,
      "lr": 0.001,
      "seed": 242,
      "early_stopping_gap": 3,
      "split_num": 5,
      "split_ratio": 2.0
    },
    "out_dir": "init_results/llama/somo/hidden-4/seed-242/strategy-gamma/gamma-0.5/opt-adamw/2026-04-22_02-29-49"
  },
  "train_meta": {
    "dataset": "compling/somo",
    "split": "train",
    "text_col": "text",
    "model": "meta-llama/Meta-Llama-3.1-8B",
    "max_len": 64,
    "hidden_size": 4096,
    "num_hidden_layers": 32,
    "num_states": 33,
    "memmap_file": "last_token_hidden_states.memmap",
    "dtype": "float32",
    "shape": [
      15000,
      33,
      4096
    ]
  },
  "test_meta": {
    "dataset": "compling/somo",
    "split": "test",
    "text_col": "text",
    "model": "meta-llama/Meta-Llama-3.1-8B",
    "max_len": 64,
    "hidden_size": 4096,
    "num_hidden_layers": 32,
    "num_states": 33,
    "memmap_file": "last_token_hidden_states.memmap",
    "dtype": "float32",
    "shape": [
      10000,
      33,
      4096
    ]
  },
  "splits": [
    484,
    968,
    1936,
    3872,
    7740
  ],
  "mdl_sum_ce": {
    "0": 10060.689166545868,
    "1": 10060.412770271301,
    "2": 10065.428619384766,
    "3": 10061.12251663208,
    "4": 10008.614556312561,
    "5": 9739.850004196167,
    "6": 9624.993547439575,
    "7": 9835.569440841675,
    "8": 9775.628580093384,
    "9": 9726.402944087982,
    "10": 8325.0300385952,
    "11": 8210.81340456009,
    "12": 8190.091155052185,
    "13": 8687.482242107391,
    "14": 8438.66910147667,
    "15": 8416.131694793701,
    "16": 8689.21480178833,
    "17": 10036.119251728058,
    "18": 8716.822545051575,
    "19": 8796.542132854462,
    "20": 9626.51565170288,
    "21": 8751.838887929916,
    "22": 9084.160862922668,
    "23": 9593.670934677124,
    "24": 9135.266856193542,
    "25": 9674.659399032593,
    "26": 8946.897420406342,
    "27": 9174.16891002655,
    "28": 9601.927788734436,
    "29": 8799.558415412903,
    "30": 9279.222401618958,
    "31": 9769.785278320312,
    "32": 10034.038808822632
  },
  "mdl_nll": {
    "0": 0.693075858814127,
    "1": 0.6930568180126275,
    "2": 0.6934023573563493,
    "3": 0.6931057120854285,
    "4": 0.6894884648878865,
    "5": 0.6709734089415932,
    "6": 0.6630610049214367,
    "7": 0.677567473191077,
    "8": 0.6734381771902304,
    "9": 0.6700470476775959,
    "10": 0.5735071671669331,
    "11": 0.5656388402149414,
    "12": 0.5642112947817708,
    "13": 0.5984763186902309,
    "14": 0.5813357055302197,
    "15": 0.5797831148245868,
    "16": 0.5985956738625193,
    "17": 0.6913832496368185,
    "18": 0.6004975575262865,
    "19": 0.6059894001690866,
    "20": 0.6631658619249712,
    "21": 0.6029098159224247,
    "22": 0.6258033110307708,
    "23": 0.6609032057506974,
    "24": 0.6293239774175766,
    "25": 0.6664824606663401,
    "26": 0.616347300937334,
    "27": 0.6320039205033446,
    "28": 0.6614720163085173,
    "29": 0.6061971903701366,
    "30": 0.6392410031426672,
    "31": 0.6730356350454886,
    "32": 0.6912399289627054
  },
  "stopping_epochs_per_stage": {
    "0": [
      4,
      3,
      5,
      2
    ],
    "1": [
      5,
      1,
      1,
      3
    ],
    "2": [
      3,
      1,
      1,
      3
    ],
    "3": [
      2,
      1,
      1,
      3
    ],
    "4": [
      5,
      1,
      9,
      8
    ],
    "5": [
      8,
      1,
      1,
      10
    ],
    "6": [
      10,
      9,
      9,
      10
    ],
    "7": [
      9,
      10,
      10,
      1
    ],
    "8": [
      2,
      9,
      9,
      1
    ],
    "9": [
      10,
      1,
      9,
      2
    ],
    "10": [
      10,
      10,
      10,
      10
    ],
    "11": [
      10,
      8,
      10,
      10
    ],
    "12": [
      10,
      10,
      8,
      10
    ],
    "13": [
      1,
      8,
      1,
      10
    ],
    "14": [
      10,
      7,
      9,
      10
    ],
    "15": [
      8,
      10,
      8,
      6
    ],
    "16": [
      10,
      10,
      8,
      10
    ],
    "17": [
      10,
      1,
      1,
      3
    ],
    "18": [
      3,
      10,
      10,
      8
    ],
    "19": [
      1,
      10,
      9,
      10
    ],
    "20": [
      9,
      1,
      9,
      6
    ],
    "21": [
      9,
      7,
      9,
      10
    ],
    "22": [
      9,
      1,
      10,
      10
    ],
    "23": [
      9,
      9,
      10,
      1
    ],
    "24": [
      1,
      9,
      6,
      5
    ],
    "25": [
      10,
      1,
      6,
      3
    ],
    "26": [
      1,
      9,
      9,
      10
    ],
    "27": [
      10,
      10,
      10,
      10
    ],
    "28": [
      10,
      6,
      5,
      3
    ],
    "29": [
      5,
      9,
      8,
      5
    ],
    "30": [
      9,
      8,
      4,
      9
    ],
    "31": [
      2,
      1,
      8,
      9
    ],
    "32": [
      10,
      1,
      1,
      5
    ]
  },
  "test_acc": {
    "0": 0.5013,
    "1": 0.5013,
    "2": 0.5013,
    "3": 0.5013,
    "4": 0.6044,
    "5": 0.6383,
    "6": 0.6137,
    "7": 0.6632,
    "8": 0.6885,
    "9": 0.6991,
    "10": 0.726,
    "11": 0.7334,
    "12": 0.7292,
    "13": 0.7213,
    "14": 0.735,
    "15": 0.729,
    "16": 0.714,
    "17": 0.7264,
    "18": 0.7202,
    "19": 0.5038,
    "20": 0.5013,
    "21": 0.5013,
    "22": 0.715,
    "23": 0.6896,
    "24": 0.7068,
    "25": 0.6946,
    "26": 0.5014,
    "27": 0.7013,
    "28": 0.7083,
    "29": 0.7042,
    "30": 0.5013,
    "31": 0.5013,
    "32": 0.6686
  },
  "test_loss": {
    "0": 0.6931467323303223,
    "1": 0.6930951815605163,
    "2": 0.6931655418395997,
    "3": 0.6931493932723999,
    "4": 0.6579415709495544,
    "5": 0.6365304713249207,
    "6": 0.6670411087036133,
    "7": 0.6139364646911621,
    "8": 0.5928471831321717,
    "9": 0.5786977900505066,
    "10": 0.5463554575920105,
    "11": 0.536700141620636,
    "12": 0.5426805261135101,
    "13": 0.551194012260437,
    "14": 0.5359185860157013,
    "15": 0.5407118508338928,
    "16": 0.5585388964653015,
    "17": 0.5493513586997986,
    "18": 0.5495296247005462,
    "19": 0.693971995639801,
    "20": 0.6931611695289612,
    "21": 0.6931651140213013,
    "22": 0.5616197412490844,
    "23": 0.602111042022705,
    "24": 0.5710361148834229,
    "25": 0.585590048122406,
    "26": 0.6932092997550965,
    "27": 0.5790638140678406,
    "28": 0.5767937340736389,
    "29": 0.5808249020576477,
    "30": 0.6931785608291626,
    "31": 0.6931949990272522,
    "32": 0.6178514521121978
  },
  "drift_final_total_l2": {
    "0": 0.7290735244750977,
    "1": 3.9655580520629883,
    "2": 1.0129988193511963,
    "3": 0.7398908138275146,
    "4": 8.211307525634766,
    "5": 8.556822776794434,
    "6": 4.362658500671387,
    "7": 6.816341400146484,
    "8": 7.786489963531494,
    "9": 8.107009887695312,
    "10": 8.306241989135742,
    "11": 7.353714942932129,
    "12": 8.593920707702637,
    "13": 6.945527076721191,
    "14": 5.97648286819458,
    "15": 5.345024108886719,
    "16": 4.995436191558838,
    "17": 6.103696346282959,
    "18": 5.295668125152588,
    "19": 3.2567617893218994,
    "20": 0.8860452175140381,
    "21": 0.7352691292762756,
    "22": 7.446430206298828,
    "23": 5.454821586608887,
    "24": 6.077259063720703,
    "25": 5.622605800628662,
    "26": 2.385680913925171,
    "27": 5.567561626434326,
    "28": 5.096608638763428,
    "29": 6.317965507507324,
    "30": 0.7403897047042847,
    "31": 0.7333625555038452,
    "32": 4.394217491149902
  },
  "probe_type": "mlp",
  "probe_hidden_size": [
    4
  ],
  "init_strategy": "gamma",
  "init_gamma": 0.5,