{
  "config": {
    "model_short": "llama",
    "task_name": "somo",
    "dataset": {
      "train": "cache/llama/somo_train/",
      "test": "cache/llama/somo_test/"
    },
    "mdl": {
      "batch_size": 64,
      "probe_type": "mlp",
      "probe_hidden_size": [
        256
      ],
      "num_classes": 2,
      "init_strategy": "gamma_second_zero",
      "init_gamma": 1.0,
      "optimizer": "adamw",
      "train_epochs": 10,
      "lr": 0.001,
      "seed": 342,
      "early_stopping_gap": 3,
      "split_num": 5,
      "split_ratio": 2.0
    },
    "out_dir": "init_results/llama/somo/hidden-256/seed-342/strategy-gamma_second_zero/gamma-1.0/2026-04-21_02-01-10"
  },
  "train_meta": {
    "dataset": "compling/somo",
    "split": "train",
    "text_col": "text",
    "model": "meta-llama/Meta-Llama-3.1-8B",
    "max_len": 64,
    "hidden_size": 4096,
    "num_hidden_layers": 32,
    "num_states": 33,
    "memmap_file": "last_token_hidden_states.memmap",
    "dtype": "float32",
    "shape": [
      15000,
      33,
      4096
    ]
  },
  "test_meta": {
    "dataset": "compling/somo",
    "split": "test",
    "text_col": "text",
    "model": "meta-llama/Meta-Llama-3.1-8B",
    "max_len": 64,
    "hidden_size": 4096,
    "num_hidden_layers": 32,
    "num_states": 33,
    "memmap_file": "last_token_hidden_states.memmap",
    "dtype": "float32",
    "shape": [
      10000,
      33,
      4096
    ]
  },
  "splits": [
    484,
    968,
    1936,
    3872,
    7740
  ],
  "mdl_sum_ce": {
    "0": 10060.969149589539,
    "1": 10061.172421455383,
    "2": 10060.373987674713,
    "3": 10004.8676571846,
    "4": 9764.152087688446,
    "5": 9464.334796905518,
    "6": 9479.432117938995,
    "7": 9204.005088806152,
    "8": 8831.72890329361,
    "9": 8526.355525970459,
    "10": 8090.051064014435,
    "11": 8079.422303676605,
    "12": 8069.402849197388,
    "13": 8113.032890319824,
    "14": 8176.435395717621,
    "15": 8349.572387933731,
    "16": 8393.284332752228,
    "17": 8463.505773544312,
    "18": 8479.507225513458,
    "19": 8555.790137767792,
    "20": 8549.71752500534,
    "21": 8660.831295013428,
    "22": 8661.513748645782,
    "23": 8670.944900989532,
    "24": 8719.210364341736,
    "25": 8734.19471359253,
    "26": 8741.895596504211,
    "27": 8849.916418075562,
    "28": 8764.645163536072,
    "29": 8756.359867572784,
    "30": 8972.726798057556,
    "31": 8794.806774616241,
    "32": 8868.302636623383
  },
  "mdl_nll": {
    "0": 0.6930951467063612,
    "1": 0.6931091500038153,
    "2": 0.6930541462988918,
    "3": 0.6892303428757647,
    "4": 0.6726475673524694,
    "5": 0.6519933037273021,
    "6": 0.6530333506433588,
    "7": 0.6340593199783792,
    "8": 0.6084133992348864,
    "9": 0.5873763795791168,
    "10": 0.5573195828061749,
    "11": 0.5565873728077022,
    "12": 0.555897137585932,
    "13": 0.5589027893579377,
    "14": 0.5632705563321591,
    "15": 0.5751978773721226,
    "16": 0.5782091714488997,
    "17": 0.5830466914814213,
    "18": 0.5841490235266918,
    "19": 0.5894041153050283,
    "20": 0.5889857760405994,
    "21": 0.5966403482373538,
    "22": 0.5966873621277061,
    "23": 0.5973370695087856,
    "24": 0.600662053206237,
    "25": 0.6016943175525302,
    "26": 0.6022248275354237,
    "27": 0.6096663280570103,
    "28": 0.6037920338616748,
    "29": 0.6032212639551381,
    "30": 0.6181266738810661,
    "31": 0.6058698522055829,
    "32": 0.6109329454824596
  },
  "stopping_epochs_per_stage": {
    "0": [
      1,
      2,
      1,
      1
    ],
    "1": [
      1,
      1,
      2,
      4
    ],
    "2": [
      4,
      1,
      1,
      4
    ],
    "3": [
      1,
      1,
      10,
      10
    ],
    "4": [
      1,
      1,
      10,
      9
    ],
    "5": [
      3,
      10,
      6,
      10
    ],
    "6": [
      6,
      1,
      10,
      9
    ],
    "7": [
      4,
      9,
      7,
      7
    ],
    "8": [
      8,
      10,
      9,
      7
    ],
    "9": [
      8,
      9,
      9,
      5
    ],
    "10": [
      6,
      6,
      4,
      5
    ],
    "11": [
      10,
      5,
      5,
      5
    ],
    "12": [
      10,
      7,
      8,
      4
    ],
    "13": [
      9,
      6,
      5,
      3
    ],
    "14": [
      8,
      6,
      5,
      5
    ],
    "15": [
      6,
      7,
      4,
      2
    ],
    "16": [
      4,
      4,
      8,
      2
    ],
    "17": [
      8,
      5,
      6,
      3
    ],
    "18": [
      10,
      9,
      3,
      8
    ],
    "19": [
      4,
      9,
      4,
      9
    ],
    "20": [
      5,
      5,
      3,
      7
    ],
    "21": [
      6,
      5,
      5,
      5
    ],
    "22": [
      10,
      5,
      5,
      6
    ],
    "23": [
      6,
      6,
      5,
      6
    ],
    "24": [
      2,
      7,
      8,
      5
    ],
    "25": [
      4,
      5,
      6,
      4
    ],
    "26": [
      1,
      8,
      6,
      7
    ],
    "27": [
      3,
      5,
      4,
      7
    ],
    "28": [
      4,
      4,
      5,
      4
    ],
    "29": [
      5,
      9,
      6,
      6
    ],
    "30": [
      6,
      7,
      5,
      2
    ],
    "31": [
      6,
      3,
      6,
      7
    ],
    "32": [
      2,
      4,
      7,
      9
    ]
  },
  "test_acc": {
    "0": 0.5013,
    "1": 0.4988,
    "2": 0.5223,
    "3": 0.5445,
    "4": 0.6092,
    "5": 0.6061,
    "6": 0.6453,
    "7": 0.6388,
    "8": 0.6853,
    "9": 0.7055,
    "10": 0.7281,
    "11": 0.7334,
    "12": 0.7238,
    "13": 0.7198,
    "14": 0.7155,
    "15": 0.7176,
    "16": 0.6977,
    "17": 0.711,
    "18": 0.7203,
    "19": 0.7125,
    "20": 0.709,
    "21": 0.7182,
    "22": 0.7142,
    "23": 0.6996,
    "24": 0.6895,
    "25": 0.7048,
    "26": 0.7033,
    "27": 0.6905,
    "28": 0.704,
    "29": 0.6929,
    "30": 0.6954,
    "31": 0.6699,
    "32": 0.6817
  },
  "test_loss": {
    "0": 0.6931438503265381,
    "1": 0.6938581172943116,
    "2": 0.6923108059883117,
    "3": 0.6895026989936829,
    "4": 0.6568312702178956,
    "5": 0.6677401598930359,
    "6": 0.6296575017929077,
    "7": 0.6366955739021302,
    "8": 0.5993809364318847,
    "9": 0.5765908958435059,
    "10": 0.5492645366668701,
    "11": 0.5492421542167664,
    "12": 0.5536794327735901,
    "13": 0.5742586116313935,
    "14": 0.5660258220672607,
    "15": 0.5823691002368927,
    "16": 0.5856491714477539,
    "17": 0.5706968423366546,
    "18": 0.5589058560848236,
    "19": 0.5700579271316528,
    "20": 0.5697544050693512,
    "21": 0.558967281293869,
    "22": 0.5708246712684631,
    "23": 0.5807135549545288,
    "24": 0.6043683119773865,
    "25": 0.5799353111267089,
    "26": 0.5765243129730224,
    "27": 0.6025500613212585,
    "28": 0.5775167898178101,
    "29": 0.5845377194881439,
    "30": 0.5917558246612549,
    "31": 0.6108965351104736,
    "32": 0.6094440107345581
  },
  "drift_final_total_l2": {
    "0": 3.3099520206451416,
    "1": 9.174869537353516,
    "2": 13.661462783813477,
    "3": 20.02776527404785,
    "4": 18.819061279296875,
    "5": 22.98312759399414,
    "6": 19.77976417541504,
    "7": 16.338563919067383,
    "8": 21.957447052001953,
    "9": 29.90302276611328,
    "10": 37.32215881347656,
    "11": 30.242671966552734,
    "12": 27.624134063720703,
    "13": 42.018550872802734,
    "14": 26.62579345703125,
    "15": 37.56399917602539,
    "16": 28.24595832824707,
    "17": 27.968313217163086,
    "18": 18.582977294921875,
    "19": 23.91129493713379,
    "20": 27.44373321533203,
    "21": 14.398581504821777,
    "22": 31.29200553894043,
    "23": 15.17984676361084,
    "24": 26.27980613708496,
    "25": 18.238569259643555,
    "26": 16.70073890686035,
    "27": 21.67160415649414,
    "28": 15.273443222045898,
    "29": 11.443991661071777,
    "30": 21.63337516784668,
    "31": 17.364727020263672,
    "32": 14.921769142150879
  },
  "probe_type": "mlp",
  "probe_hidden_size": [
    256
  ],
  "init_strategy": "gamma_second_zero",
  "init_gamma": 1.0,