{
  "config": {
    "model_short": "llama",
    "task_name": "somo",
    "dataset": {
      "train": "cache/llama/somo_train/",
      "test": "cache/llama/somo_test/"
    },
    "mdl": {
      "batch_size": 64,
      "probe_type": "mlp",
      "probe_hidden_size": [
        45
      ],
      "num_classes": 2,
      "init_strategy": "gamma_second_zero",
      "init_gamma": 0.6,
      "optimizer": "adamw",
      "train_epochs": 10,
      "lr": 0.001,
      "seed": 342,
      "early_stopping_gap": 3,
      "split_num": 5,
      "split_ratio": 2.0
    },
    "out_dir": "init_results/llama/somo/hidden-45/seed-342/strategy-gamma_second_zero/gamma-0.6/opt-adamw/2026-04-25_02-59-12"
  },
  "train_meta": {
    "dataset": "compling/somo",
    "split": "train",
    "text_col": "text",
    "model": "meta-llama/Meta-Llama-3.1-8B",
    "max_len": 64,
    "hidden_size": 4096,
    "num_hidden_layers": 32,
    "num_states": 33,
    "memmap_file": "last_token_hidden_states.memmap",
    "dtype": "float32",
    "shape": [
      15000,
      33,
      4096
    ]
  },
  "test_meta": {
    "dataset": "compling/somo",
    "split": "test",
    "text_col": "text",
    "model": "meta-llama/Meta-Llama-3.1-8B",
    "max_len": 64,
    "hidden_size": 4096,
    "num_hidden_layers": 32,
    "num_states": 33,
    "memmap_file": "last_token_hidden_states.memmap",
    "dtype": "float32",
    "shape": [
      10000,
      33,
      4096
    ]
  },
  "splits": [
    484,
    968,
    1936,
    3872,
    7740
  ],
  "mdl_sum_ce": {
    "0": 10061.008484840393,
    "1": 10061.113006591797,
    "2": 10060.810317993164,
    "3": 10024.336898803711,
    "4": 9762.027190208435,
    "5": 9667.998547554016,
    "6": 9561.902906417847,
    "7": 9217.499456882477,
    "8": 8811.386459350586,
    "9": 8510.146021842957,
    "10": 8061.939496994019,
    "11": 8013.6248660087585,
    "12": 8161.4677357673645,
    "13": 8209.734300136566,
    "14": 8168.183655738831,
    "15": 8275.30781197548,
    "16": 8308.91337108612,
    "17": 8364.361948013306,
    "18": 8445.263630867004,
    "19": 8520.225612163544,
    "20": 8653.375699043274,
    "21": 8615.30898809433,
    "22": 8615.317036628723,
    "23": 8660.759052276611,
    "24": 8690.016602516174,
    "25": 8716.893560409546,
    "26": 8742.410817623138,
    "27": 8729.176567077637,
    "28": 8714.50929927826,
    "29": 8796.990980148315,
    "30": 8802.448604106903,
    "31": 8825.091744422913,
    "32": 8879.312852859497
  },
  "mdl_nll": {
    "0": 0.6930978564921737,
    "1": 0.6931050569434967,
    "2": 0.6930842048769058,
    "3": 0.6905715692204265,
    "4": 0.6725011842248853,
    "5": 0.6660235979301472,
    "6": 0.6587147221285372,
    "7": 0.6349889402647063,
    "8": 0.6070120184176485,
    "9": 0.5862597149244252,
    "10": 0.5553829909750633,
    "11": 0.5520546201438935,
    "12": 0.5622394417034559,
    "13": 0.565564501249419,
    "14": 0.562702098080658,
    "15": 0.5700818277745576,
    "16": 0.5723968979805815,
    "17": 0.5762167227895636,
    "18": 0.5817899993708325,
    "19": 0.5869540928743141,
    "20": 0.5961267359495228,
    "21": 0.5935043392184024,
    "22": 0.5935048936779225,
    "23": 0.5966353714712463,
    "24": 0.5986509095147544,
    "25": 0.6005024497388775,
    "26": 0.602260320861335,
    "27": 0.60134861994197,
    "28": 0.6003381991787172,
    "29": 0.6060203210352931,
    "30": 0.6063962940277557,
    "31": 0.6079561686706333,
    "32": 0.6116914337875101
  },
  "stopping_epochs_per_stage": {
    "0": [
      2,
      1,
      1,
      3
    ],
    "1": [
      2,
      1,
      1,
      2
    ],
    "2": [
      3,
      1,
      2,
      3
    ],
    "3": [
      2,
      1,
      6,
      10
    ],
    "4": [
      3,
      1,
      10,
      9
    ],
    "5": [
      10,
      10,
      2,
      10
    ],
    "6": [
      9,
      10,
      8,
      10
    ],
    "7": [
      9,
      9,
      8,
      10
    ],
    "8": [
      9,
      10,
      10,
      8
    ],
    "9": [
      10,
      8,
      5,
      8
    ],
    "10": [
      9,
      9,
      4,
      7
    ],
    "11": [
      9,
      8,
      7,
      8
    ],
    "12": [
      10,
      10,
      10,
      4
    ],
    "13": [
      10,
      7,
      5,
      10
    ],
    "14": [
      10,
      8,
      5,
      5
    ],
    "15": [
      10,
      6,
      8,
      7
    ],
    "16": [
      10,
      6,
      5,
      6
    ],
    "17": [
      10,
      10,
      7,
      7
    ],
    "18": [
      9,
      10,
      9,
      7
    ],
    "19": [
      8,
      9,
      8,
      7
    ],
    "20": [
      9,
      10,
      7,
      5
    ],
    "21": [
      9,
      10,
      4,
      7
    ],
    "22": [
      9,
      7,
      3,
      7
    ],
    "23": [
      7,
      10,
      3,
      8
    ],
    "24": [
      4,
      6,
      4,
      6
    ],
    "25": [
      7,
      10,
      6,
      9
    ],
    "26": [
      6,
      8,
      8,
      5
    ],
    "27": [
      3,
      8,
      5,
      9
    ],
    "28": [
      6,
      6,
      5,
      8
    ],
    "29": [
      8,
      8,
      9,
      6
    ],
    "30": [
      7,
      10,
      8,
      6
    ],
    "31": [
      6,
      9,
      4,
      3
    ],
    "32": [
      7,
      4,
      8,
      7
    ]
  },
  "test_acc": {
    "0": 0.5013,
    "1": 0.5013,
    "2": 0.5192,
    "3": 0.553,
    "4": 0.6099,
    "5": 0.6342,
    "6": 0.6378,
    "7": 0.646,
    "8": 0.6898,
    "9": 0.6851,
    "10": 0.7298,
    "11": 0.7258,
    "12": 0.7333,
    "13": 0.7318,
    "14": 0.733,
    "15": 0.7249,
    "16": 0.7292,
    "17": 0.724,
    "18": 0.7207,
    "19": 0.7235,
    "20": 0.7196,
    "21": 0.7155,
    "22": 0.7102,
    "23": 0.706,
    "24": 0.6871,
    "25": 0.7021,
    "26": 0.6959,
    "27": 0.7042,
    "28": 0.6991,
    "29": 0.6804,
    "30": 0.6989,
    "31": 0.6989,
    "32": 0.6931
  },
  "test_loss": {
    "0": 0.6932437355041504,
    "1": 0.6931493394851684,
    "2": 0.6966585462570191,
    "3": 0.6847426585197449,
    "4": 0.6559685626983642,
    "5": 0.6400857107162475,
    "6": 0.6369973756790162,
    "7": 0.6266198253631592,
    "8": 0.5930407462120056,
    "9": 0.5999303476333618,
    "10": 0.5433402856826782,
    "11": 0.5528320152282715,
    "12": 0.536992190694809,
    "13": 0.537617423248291,
    "14": 0.5412942296981812,
    "15": 0.5414961550712586,
    "16": 0.5414032486438751,
    "17": 0.5515273015022277,
    "18": 0.5536593704223632,
    "19": 0.5572192516326905,
    "20": 0.5564253147125244,
    "21": 0.563151627445221,
    "22": 0.5671296543121338,
    "23": 0.5726776226043702,
    "24": 0.5942318112850189,
    "25": 0.5745829381942749,
    "26": 0.5963859773635865,
    "27": 0.5844079067230225,
    "28": 0.5841556928634644,
    "29": 0.6091655789852143,
    "30": 0.5855628611564636,
    "31": 0.5753086400032044,
    "32": 0.5865997550964356
  },
  "drift_final_total_l2": {
    "0": 1.5515865087509155,
    "1": 2.816896915435791,
    "2": 14.62922191619873,
    "3": 8.657773971557617,
    "4": 17.356077194213867,
    "5": 8.785923957824707,
    "6": 14.01716136932373,
    "7": 14.35525894165039,
    "8": 15.217591285705566,
    "9": 20.140737533569336,
    "10": 20.90485191345215,
    "11": 16.12421417236328,
    "12": 20.166433334350586,
    "13": 20.64260482788086,
    "14": 17.086050033569336,
    "15": 15.563204765319824,
    "16": 17.77126121520996,
    "17": 9.856740951538086,
    "18": 17.148605346679688,
    "19": 16.281187057495117,
    "20": 14.96183967590332,
    "21": 15.826593399047852,
    "22": 14.009744644165039,
    "23": 13.455743789672852,
    "24": 14.291043281555176,
    "25": 10.583937644958496,
    "26": 10.782052040100098,
    "27": 15.953519821166992,
    "28": 9.120320320129395,
    "29": 9.285655975341797,
    "30": 15.377063751220703,
    "31": 14.274090766906738,
    "32": 14.153481483459473
  },
  "probe_type": "mlp",
  "probe_hidden_size": [
    45
  ],
  "init_strategy": "gamma_second_zero",