{
  "config": {
    "model_short": "llama",
    "task_name": "somo",
    "dataset": {
      "train": "cache/llama/somo_train/",
      "test": "cache/llama/somo_test/"
    },
    "mdl": {
      "batch_size": 64,
      "probe_type": "mlp",
      "probe_hidden_size": [
        1448
      ],
      "num_classes": 2,
      "init_strategy": "gamma_second_zero",
      "init_gamma": 1.9,
      "optimizer": "adamw",
      "train_epochs": 10,
      "lr": 0.001,
      "seed": 342,
      "early_stopping_gap": 3,
      "split_num": 5,
      "split_ratio": 2.0
    },
    "out_dir": "init_results/llama/somo/hidden-1448/seed-342/strategy-gamma_second_zero/gamma-1.9/opt-adamw/2026-04-25_03-39-46"
  },
  "train_meta": {
    "dataset": "compling/somo",
    "split": "train",
    "text_col": "text",
    "model": "meta-llama/Meta-Llama-3.1-8B",
    "max_len": 64,
    "hidden_size": 4096,
    "num_hidden_layers": 32,
    "num_states": 33,
    "memmap_file": "last_token_hidden_states.memmap",
    "dtype": "float32",
    "shape": [
      15000,
      33,
      4096
    ]
  },
  "test_meta": {
    "dataset": "compling/somo",
    "split": "test",
    "text_col": "text",
    "model": "meta-llama/Meta-Llama-3.1-8B",
    "max_len": 64,
    "hidden_size": 4096,
    "num_hidden_layers": 32,
    "num_states": 33,
    "memmap_file": "last_token_hidden_states.memmap",
    "dtype": "float32",
    "shape": [
      10000,
      33,
      4096
    ]
  },
  "splits": [
    484,
    968,
    1936,
    3872,
    7740
  ],
  "mdl_sum_ce": {
    "0": 10061.04507446289,
    "1": 10061.842630386353,
    "2": 10060.849915981293,
    "3": 10010.632672309875,
    "4": 9735.65463256836,
    "5": 9514.360404968262,
    "6": 9478.360847473145,
    "7": 9275.476881027222,
    "8": 8885.983695983887,
    "9": 8537.42061662674,
    "10": 8091.751845836639,
    "11": 8089.172283649445,
    "12": 8196.815437793732,
    "13": 8136.668003082275,
    "14": 8285.635120391846,
    "15": 8270.49869966507,
    "16": 8366.201145887375,
    "17": 8455.838525772095,
    "18": 8508.986491203308,
    "19": 8588.306527137756,
    "20": 8598.466469287872,
    "21": 8679.929253578186,
    "22": 8687.173884391785,
    "23": 8748.091401100159,
    "24": 8778.25112581253,
    "25": 8838.286497592926,
    "26": 8821.475882053375,
    "27": 8801.651629924774,
    "28": 8797.814975738525,
    "29": 8823.0864944458,
    "30": 8833.442525863647,
    "31": 8793.860038757324,
    "32": 9095.374657392502
  },
  "mdl_nll": {
    "0": 0.6931003771330181,
    "1": 0.6931553203627964,
    "2": 0.6930869327625581,
    "3": 0.689627491892386,
    "4": 0.6706843918826371,
    "5": 0.6554395429159728,
    "6": 0.6529595513552731,
    "7": 0.6389829760972183,
    "8": 0.6121509848431997,
    "9": 0.5881386481556035,
    "10": 0.5574367488176246,
    "11": 0.5572590440651312,
    "12": 0.5646745272660327,
    "13": 0.5605310004878944,
    "14": 0.5707932709005129,
    "15": 0.5697505304260864,
    "16": 0.5763434242137899,
    "17": 0.5825184986065097,
    "18": 0.5861798354369874,
    "19": 0.5916441531508512,
    "20": 0.5923440664982,
    "21": 0.5979559970775824,
    "22": 0.5984550760809992,
    "23": 0.6026516534238191,
    "24": 0.6047293418167905,
    "25": 0.6088651486355006,
    "26": 0.6077070737154433,
    "27": 0.6063413908738478,
    "28": 0.6060770856805267,
    "29": 0.6078180279998485,
    "30": 0.6085314498390498,
    "31": 0.6058046320444561,
    "32": 0.6265758237388056
  },
  "stopping_epochs_per_stage": {
    "0": [
      2,
      1,
      2,
      3
    ],
    "1": [
      4,
      1,
      2,
      3
    ],
    "2": [
      2,
      1,
      1,
      2
    ],
    "3": [
      3,
      1,
      7,
      8
    ],
    "4": [
      2,
      4,
      8,
      5
    ],
    "5": [
      3,
      1,
      5,
      8
    ],
    "6": [
      10,
      1,
      7,
      5
    ],
    "7": [
      3,
      9,
      8,
      7
    ],
    "8": [
      5,
      10,
      7,
      7
    ],
    "9": [
      8,
      4,
      5,
      7
    ],
    "10": [
      6,
      7,
      2,
      4
    ],
    "11": [
      5,
      4,
      5,
      5
    ],
    "12": [
      6,
      7,
      6,
      3
    ],
    "13": [
      4,
      4,
      4,
      5
    ],
    "14": [
      6,
      5,
      5,
      4
    ],
    "15": [
      5,
      3,
      5,
      6
    ],
    "16": [
      7,
      7,
      6,
      3
    ],
    "17": [
      3,
      6,
      3,
      7
    ],
    "18": [
      8,
      4,
      5,
      4
    ],
    "19": [
      2,
      7,
      5,
      4
    ],
    "20": [
      6,
      4,
      4,
      3
    ],
    "21": [
      5,
      6,
      4,
      4
    ],
    "22": [
      4,
      5,
      4,
      6
    ],
    "23": [
      2,
      5,
      4,
      5
    ],
    "24": [
      2,
      6,
      5,
      4
    ],
    "25": [
      5,
      2,
      6,
      6
    ],
    "26": [
      3,
      4,
      4,
      4
    ],
    "27": [
      2,
      5,
      4,
      6
    ],
    "28": [
      1,
      4,
      4,
      4
    ],
    "29": [
      2,
      2,
      4,
      4
    ],
    "30": [
      3,
      5,
      2,
      5
    ],
    "31": [
      4,
      5,
      3,
      6
    ],
    "32": [
      4,
      4,
      4,
      3
    ]
  },
  "test_acc": {
    "0": 0.5013,
    "1": 0.5056,
    "2": 0.5282,
    "3": 0.5399,
    "4": 0.6039,
    "5": 0.6391,
    "6": 0.6339,
    "7": 0.6619,
    "8": 0.6775,
    "9": 0.7057,
    "10": 0.7228,
    "11": 0.733,
    "12": 0.7105,
    "13": 0.7262,
    "14": 0.7203,
    "15": 0.7263,
    "16": 0.7184,
    "17": 0.7161,
    "18": 0.7162,
    "19": 0.7233,
    "20": 0.7053,
    "21": 0.7149,
    "22": 0.7123,
    "23": 0.7001,
    "24": 0.7048,
    "25": 0.6888,
    "26": 0.701,
    "27": 0.6846,
    "28": 0.671,
    "29": 0.6967,
    "30": 0.696,
    "31": 0.681,
    "32": 0.6954
  },
  "test_loss": {
    "0": 0.6932231771469116,
    "1": 0.6931666729927063,
    "2": 0.6946001613616943,
    "3": 0.6921058931350708,
    "4": 0.6605552003860473,
    "5": 0.6405149682998658,
    "6": 0.6394168775558472,
    "7": 0.6273146068572998,
    "8": 0.6075388528823853,
    "9": 0.585693169593811,
    "10": 0.566200681591034,
    "11": 0.5590332098007202,
    "12": 0.5991373124599457,
    "13": 0.5700295267105102,
    "14": 0.5714174713134765,
    "15": 0.572027374792099,
    "16": 0.5671009437561035,
    "17": 0.5852714780330658,
    "18": 0.565313494682312,
    "19": 0.5597105528831482,
    "20": 0.580920699262619,
    "21": 0.5699091763019561,
    "22": 0.5661160083770752,
    "23": 0.583525297164917,
    "24": 0.5953856837272644,
    "25": 0.6048896470069886,
    "26": 0.5891545276641845,
    "27": 0.5965249042987824,
    "28": 0.6637833924770355,
    "29": 0.5976883977413178,
    "30": 0.6050329973220825,
    "31": 0.6213087278366088,
    "32": 0.6026551519393921
  },
  "drift_final_total_l2": {
    "0": 6.858099937438965,
    "1": 16.686302185058594,
    "2": 19.87148094177246,
    "3": 26.260345458984375,
    "4": 24.9130916595459,
    "5": 28.50171661376953,
    "6": 29.368350982666016,
    "7": 29.745059967041016,
    "8": 35.44382095336914,
    "9": 56.52494430541992,
    "10": 56.34272384643555,
    "11": 55.88017272949219,
    "12": 60.59194564819336,
    "13": 68.28553771972656,
    "14": 43.46268844604492,
    "15": 38.752803802490234,
    "16": 29.491682052612305,
    "17": 47.94862365722656,
    "18": 26.02523422241211,
    "19": 33.776634216308594,
    "20": 32.46601486206055,
    "21": 27.11941146850586,
    "22": 31.221452713012695,
    "23": 35.3017578125,
    "24": 31.150999069213867,
    "25": 28.506269454956055,
    "26": 40.47883605957031,
    "27": 32.89876937866211,
    "28": 35.900001525878906,
    "29": 30.258840560913086,
    "30": 24.422163009643555,
    "31": 19.414350509643555,
    "32": 23.98338508605957
  },
  "probe_type": "mlp",
  "probe_hidden_size": [
    1448
  ],
  "init_strategy": "gamma_second_zero",
  "init_gamma": 1.9,