{
  "config": {
    "model_short": "llama",
    "task_name": "somo",
    "dataset": {
      "train": "cache/llama/somo_train/",
      "test": "cache/llama/somo_test/"
    },
    "mdl": {
      "batch_size": 64,
      "probe_type": "mlp",
      "probe_hidden_size": [
        512
      ],
      "num_classes": 2,
      "init_strategy": "mup",
      "init_gamma": null,
      "optimizer": "adam",
      "train_epochs": 20,
      "lr": 0.001953125,
      "seed": 242,
      "early_stopping_gap": 3,
      "split_num": 5,
      "split_ratio": 2.0
    },
    "out_dir": "muP_results/llama/somo/hidden-512/seed-242/strategy-mup/opt-adam/2026-04-28_20-04-30"
  },
  "train_meta": {
    "dataset": "compling/somo",
    "split": "train",
    "text_col": "text",
    "model": "meta-llama/Meta-Llama-3.1-8B",
    "max_len": 64,
    "hidden_size": 4096,
    "num_hidden_layers": 32,
    "num_states": 33,
    "memmap_file": "last_token_hidden_states.memmap",
    "dtype": "float32",
    "shape": [
      15000,
      33,
      4096
    ]
  },
  "test_meta": {
    "dataset": "compling/somo",
    "split": "test",
    "text_col": "text",
    "model": "meta-llama/Meta-Llama-3.1-8B",
    "max_len": 64,
    "hidden_size": 4096,
    "num_hidden_layers": 32,
    "num_states": 33,
    "memmap_file": "last_token_hidden_states.memmap",
    "dtype": "float32",
    "shape": [
      10000,
      33,
      4096
    ]
  },
  "splits": [
    484,
    968,
    1936,
    3872,
    7740
  ],
  "mdl_sum_ce": {
    "0": 10061.454271793365,
    "1": 10061.29486131668,
    "2": 10049.799246311188,
    "3": 10047.08367061615,
    "4": 9715.59150981903,
    "5": 9450.65150976181,
    "6": 9405.58466911316,
    "7": 9202.931014537811,
    "8": 8884.767854213715,
    "9": 8493.96018075943,
    "10": 8032.983196020126,
    "11": 8038.371848106384,
    "12": 8013.992985010147,
    "13": 8101.327844619751,
    "14": 8124.212857723236,
    "15": 8225.415736198425,
    "16": 8309.795239686966,
    "17": 8402.3148458004,
    "18": 8468.523880004883,
    "19": 8498.20354938507,
    "20": 8521.179342269897,
    "21": 8637.019160270691,
    "22": 8570.073861122131,
    "23": 8649.316489219666,
    "24": 8691.692357063293,
    "25": 8709.713084697723,
    "26": 8812.982301712036,
    "27": 8701.4938955307,
    "28": 8703.51586151123,
    "29": 8786.466612815857,
    "30": 8771.605104446411,
    "31": 8723.10039806366,
    "32": 8826.661516189575
  },
  "mdl_nll": {
    "0": 0.6931285665330232,
    "1": 0.693117584824792,
    "2": 0.6923256576406164,
    "3": 0.6921385829854058,
    "4": 0.6693022533631187,
    "5": 0.6510506689006482,
    "6": 0.6479460367258997,
    "7": 0.6339853275377384,
    "8": 0.6120672261100658,
    "9": 0.585144680405031,
    "10": 0.5533882058432162,
    "11": 0.5537594273977945,
    "12": 0.5520799796782961,
    "13": 0.5580964345976681,
    "14": 0.5596729717362383,
    "15": 0.5666447875584476,
    "16": 0.572457649468653,
    "17": 0.5788312789887297,
    "18": 0.5833923863326593,
    "19": 0.585437003953229,
    "20": 0.5870197948656584,
    "21": 0.5949999421514667,
    "22": 0.5903881138827591,
    "23": 0.595847099009346,
    "24": 0.5987663514097061,
    "25": 0.600007790348424,
    "26": 0.6071219552019865,
    "27": 0.5994415745061106,
    "28": 0.5995808667340335,
    "29": 0.6052953026188934,
    "30": 0.6042715007196481,
    "31": 0.6009300356891472,
    "32": 0.6080643094646994
  },
  "stopping_epochs_per_stage": {
    "0": [
      6,
      3,
      2,
      3
    ],
    "1": [
      7,
      1,
      1,
      9
    ],
    "2": [
      10,
      1,
      1,
      14
    ],
    "3": [
      2,
      5,
      12,
      3
    ],
    "4": [
      17,
      9,
      15,
      19
    ],
    "5": [
      20,
      17,
      17,
      19
    ],
    "6": [
      20,
      8,
      20,
      13
    ],
    "7": [
      20,
      18,
      16,
      9
    ],
    "8": [
      20,
      18,
      20,
      10
    ],
    "9": [
      20,
      19,
      11,
      14
    ],
    "10": [
      19,
      18,
      12,
      14
    ],
    "11": [
      19,
      16,
      13,
      10
    ],
    "12": [
      20,
      16,
      12,
      10
    ],
    "13": [
      16,
      16,
      8,
      9
    ],
    "14": [
      17,
      12,
      6,
      9
    ],
    "15": [
      20,
      11,
      5,
      10
    ],
    "16": [
      19,
      17,
      14,
      7
    ],
    "17": [
      19,
      8,
      13,
      6
    ],
    "18": [
      20,
      12,
      8,
      7
    ],
    "19": [
      5,
      10,
      14,
      11
    ],
    "20": [
      11,
      17,
      19,
      7
    ],
    "21": [
      13,
      14,
      11,
      4
    ],
    "22": [
      12,
      8,
      9,
      8
    ],
    "23": [
      7,
      11,
      13,
      8
    ],
    "24": [
      7,
      12,
      9,
      9
    ],
    "25": [
      9,
      12,
      14,
      8
    ],
    "26": [
      5,
      11,
      12,
      3
    ],
    "27": [
      4,
      10,
      10,
      10
    ],
    "28": [
      10,
      9,
      10,
      11
    ],
    "29": [
      2,
      5,
      8,
      16
    ],
    "30": [
      5,
      4,
      7,
      7
    ],
    "31": [
      9,
      4,
      13,
      11
    ],
    "32": [
      1,
      6,
      5,
      10
    ]
  },
  "test_acc": {
    "0": 0.4916,
    "1": 0.5035,
    "2": 0.5218,
    "3": 0.5511,
    "4": 0.609,
    "5": 0.6275,
    "6": 0.6565,
    "7": 0.6708,
    "8": 0.6739,
    "9": 0.7044,
    "10": 0.7208,
    "11": 0.7317,
    "12": 0.719,
    "13": 0.7321,
    "14": 0.7336,
    "15": 0.7242,
    "16": 0.7313,
    "17": 0.7286,
    "18": 0.7249,
    "19": 0.7263,
    "20": 0.7222,
    "21": 0.718,
    "22": 0.7115,
    "23": 0.7076,
    "24": 0.7123,
    "25": 0.7051,
    "26": 0.7066,
    "27": 0.7083,
    "28": 0.7017,
    "29": 0.6806,
    "30": 0.6765,
    "31": 0.6997,
    "32": 0.6941
  },
  "test_loss": {
    "0": 0.6932256978988648,
    "1": 0.6932351320266724,
    "2": 0.6915849115371704,
    "3": 0.6841781282424927,
    "4": 0.6564926712036133,
    "5": 0.6484963346481323,
    "6": 0.6268253019332886,
    "7": 0.6106640001296997,
    "8": 0.6059438781738281,
    "9": 0.5812380693435669,
    "10": 0.5556230506896973,
    "11": 0.5490441963672638,
    "12": 0.5667280055999756,
    "13": 0.5399760732650757,
    "14": 0.53882139878273,
    "15": 0.5495113114356994,
    "16": 0.5482680670261383,
    "17": 0.5509593413829803,
    "18": 0.5478023835659027,
    "19": 0.5567186840057373,
    "20": 0.5581199388504028,
    "21": 0.5631767880916595,
    "22": 0.5759574798583984,
    "23": 0.5698678970336915,
    "24": 0.5677779220581055,
    "25": 0.575743044757843,
    "26": 0.584288463306427,
    "27": 0.5844697547912597,
    "28": 0.5924401235580444,
    "29": 0.6204869205474853,
    "30": 0.6394064123153687,
    "31": 0.5892458881378174,
    "32": 0.5980393495559693
  },
  "drift_final_total_l2": {
    "0": 13.667567253112793,
    "1": 117.6916732788086,
    "2": 99.83818817138672,
    "3": 155.9708709716797,
    "4": 241.66949462890625,
    "5": 257.6329040527344,
    "6": 223.8885955810547,
    "7": 208.59068298339844,
    "8": 247.2625274658203,
    "9": 250.41668701171875,
    "10": 248.19456481933594,
    "11": 260.3450927734375,
    "12": 227.53053283691406,
    "13": 240.8479766845703,
    "14": 220.78317260742188,
    "15": 206.3170166015625,
    "16": 213.4098663330078,
    "17": 192.18475341796875,
    "18": 197.58197021484375,
    "19": 209.06422424316406,
    "20": 170.58473205566406,
    "21": 173.5703582763672,
    "22": 170.84938049316406,
    "23": 172.40185546875,
    "24": 149.60516357421875,
    "25": 167.70603942871094,
    "26": 182.42860412597656,
    "27": 153.1075439453125,
    "28": 128.0406951904297,
    "29": 144.87142944335938,
    "30": 167.33326721191406,
    "31": 127.36174011230469,
    "32": 109.18144226074219
  },
  "probe_type": "mlp",
  "probe_hidden_size": [
    512
  ],
  "init_strategy": "mup",