{
  "config": {
    "model_short": "llama",
    "task_name": "somo",
    "dataset": {
      "train": "cache/llama/somo_train/",
      "test": "cache/llama/somo_test/"
    },
    "mdl": {
      "batch_size": 64,
      "probe_type": "mlp",
      "probe_hidden_size": [
        45
      ],
      "num_classes": 2,
      "init_strategy": "gamma_second_zero",
      "init_gamma": 1.9,
      "optimizer": "adamw",
      "train_epochs": 10,
      "lr": 0.001,
      "seed": 442,
      "early_stopping_gap": 3,
      "split_num": 5,
      "split_ratio": 2.0
    },
    "out_dir": "init_results/llama/somo/hidden-45/seed-442/strategy-gamma_second_zero/gamma-1.9/opt-adamw/2026-04-25_03-37-24"
  },
  "train_meta": {
    "dataset": "compling/somo",
    "split": "train",
    "text_col": "text",
    "model": "meta-llama/Meta-Llama-3.1-8B",
    "max_len": 64,
    "hidden_size": 4096,
    "num_hidden_layers": 32,
    "num_states": 33,
    "memmap_file": "last_token_hidden_states.memmap",
    "dtype": "float32",
    "shape": [
      15000,
      33,
      4096
    ]
  },
  "test_meta": {
    "dataset": "compling/somo",
    "split": "test",
    "text_col": "text",
    "model": "meta-llama/Meta-Llama-3.1-8B",
    "max_len": 64,
    "hidden_size": 4096,
    "num_hidden_layers": 32,
    "num_states": 33,
    "memmap_file": "last_token_hidden_states.memmap",
    "dtype": "float32",
    "shape": [
      10000,
      33,
      4096
    ]
  },
  "splits": [
    484,
    968,
    1936,
    3872,
    7740
  ],
  "mdl_sum_ce": {
    "0": 10060.925632476807,
    "1": 10061.129779815674,
    "2": 10060.844267845154,
    "3": 10020.077343940735,
    "4": 9970.93894481659,
    "5": 9529.459222316742,
    "6": 9450.439793586731,
    "7": 9349.972375392914,
    "8": 8945.4554104805,
    "9": 8540.749125003815,
    "10": 8334.461526870728,
    "11": 8075.479235649109,
    "12": 8192.61845111847,
    "13": 8192.501885652542,
    "14": 8201.139727592468,
    "15": 8285.582145690918,
    "16": 8373.564865112305,
    "17": 8391.420577764511,
    "18": 8476.392619609833,
    "19": 8723.950949668884,
    "20": 8537.412267684937,
    "21": 8553.981763362885,
    "22": 8635.150378227234,
    "23": 8793.781121253967,
    "24": 8712.690535068512,
    "25": 8728.687969207764,
    "26": 8767.483539581299,
    "27": 8808.11862707138,
    "28": 8709.430116653442,
    "29": 8829.670309066772,
    "30": 8761.934662818909,
    "31": 8777.382315635681,
    "32": 9048.385471343994
  },
  "mdl_nll": {
    "0": 0.6930921488341697,
    "1": 0.6931062124425237,
    "2": 0.6930865436652766,
    "3": 0.6902781306104117,
    "4": 0.6868930108030167,
    "5": 0.6564796929124237,
    "6": 0.6510360838789426,
    "7": 0.644114933548699,
    "8": 0.6162479615927596,
    "9": 0.5883679474375734,
    "10": 0.5741568976901852,
    "11": 0.5563157368179326,
    "12": 0.5643853989472629,
    "13": 0.5643773688104534,
    "14": 0.564972425433485,
    "15": 0.5707896214997876,
    "16": 0.5768507071584669,
    "17": 0.5780807782973623,
    "18": 0.5839344598794318,
    "19": 0.6009886297650099,
    "20": 0.5881380730011667,
    "21": 0.5892795372942191,
    "22": 0.5948712026885666,
    "23": 0.6057991954570107,
    "24": 0.6002129054194345,
    "25": 0.6013149606784075,
    "26": 0.6039875681717621,
    "27": 0.6067868990817981,
    "28": 0.5999882968209866,
    "29": 0.608271583705344,
    "30": 0.6036053088191587,
    "31": 0.6046694899170351,
    "32": 0.6233387621482498
  },
  "stopping_epochs_per_stage": {
    "0": [
      1,
      1,
      9,
      5
    ],
    "1": [
      1,
      4,
      2,
      1
    ],
    "2": [
      1,
      7,
      4,
      2
    ],
    "3": [
      1,
      5,
      10,
      10
    ],
    "4": [
      1,
      9,
      8,
      4
    ],
    "5": [
      1,
      10,
      10,
      9
    ],
    "6": [
      10,
      10,
      10,
      10
    ],
    "7": [
      6,
      8,
      10,
      9
    ],
    "8": [
      1,
      10,
      10,
      10
    ],
    "9": [
      10,
      9,
      10,
      10
    ],
    "10": [
      10,
      7,
      3,
      9
    ],
    "11": [
      10,
      6,
      8,
      8
    ],
    "12": [
      10,
      10,
      8,
      7
    ],
    "13": [
      10,
      10,
      8,
      4
    ],
    "14": [
      10,
      6,
      8,
      4
    ],
    "15": [
      7,
      10,
      7,
      7
    ],
    "16": [
      10,
      9,
      3,
      6
    ],
    "17": [
      10,
      9,
      7,
      8
    ],
    "18": [
      10,
      8,
      6,
      4
    ],
    "19": [
      8,
      10,
      9,
      6
    ],
    "20": [
      8,
      7,
      7,
      8
    ],
    "21": [
      6,
      10,
      9,
      6
    ],
    "22": [
      6,
      10,
      5,
      5
    ],
    "23": [
      9,
      3,
      9,
      8
    ],
    "24": [
      8,
      7,
      5,
      10
    ],
    "25": [
      1,
      9,
      8,
      6
    ],
    "26": [
      1,
      8,
      8,
      7
    ],
    "27": [
      8,
      9,
      9,
      7
    ],
    "28": [
      6,
      8,
      10,
      4
    ],
    "29": [
      2,
      10,
      5,
      4
    ],
    "30": [
      10,
      10,
      8,
      4
    ],
    "31": [
      5,
      7,
      4,
      8
    ],
    "32": [
      6,
      9,
      9,
      2
    ]
  },
  "test_acc": {
    "0": 0.5013,
    "1": 0.5064,
    "2": 0.5013,
    "3": 0.5483,
    "4": 0.5013,
    "5": 0.6373,
    "6": 0.6406,
    "7": 0.6644,
    "8": 0.6887,
    "9": 0.6876,
    "10": 0.7292,
    "11": 0.7306,
    "12": 0.7336,
    "13": 0.7287,
    "14": 0.7311,
    "15": 0.7299,
    "16": 0.692,
    "17": 0.7234,
    "18": 0.6987,
    "19": 0.7097,
    "20": 0.7143,
    "21": 0.7186,
    "22": 0.6894,
    "23": 0.7027,
    "24": 0.6981,
    "25": 0.7042,
    "26": 0.6993,
    "27": 0.7028,
    "28": 0.6979,
    "29": 0.7012,
    "30": 0.6845,
    "31": 0.7018,
    "32": 0.6386
  },
  "test_loss": {
    "0": 0.6931467227935791,
    "1": 0.6932359457969666,
    "2": 0.6934708928108215,
    "3": 0.6882379824638367,
    "4": 0.6931540927886963,
    "5": 0.6377852428436279,
    "6": 0.6375657007217407,
    "7": 0.6153503749847412,
    "8": 0.5911300647735596,
    "9": 0.5933068158149719,
    "10": 0.5441796656608582,
    "11": 0.5460365607261658,
    "12": 0.5500452145576477,
    "13": 0.5369755267143249,
    "14": 0.5382909615516662,
    "15": 0.5428944762229919,
    "16": 0.5968483864784241,
    "17": 0.5479659445762635,
    "18": 0.5871141551971436,
    "19": 0.577206559753418,
    "20": 0.5646981841564178,
    "21": 0.5595971515655518,
    "22": 0.5957486516952515,
    "23": 0.57813376121521,
    "24": 0.5809566291809082,
    "25": 0.5766125883102416,
    "26": 0.5784802925109863,
    "27": 0.5807306684494019,
    "28": 0.5854196060180664,
    "29": 0.5806731673240662,
    "30": 0.6051822900772095,
    "31": 0.5788835457801819,
    "32": 0.689425878572464
  },
  "drift_final_total_l2": {
    "0": 3.478255033493042,
    "1": 8.706069946289062,
    "2": 2.300248384475708,
    "3": 12.240592956542969,
    "4": 2.220961093902588,
    "5": 10.413951873779297,
    "6": 15.042900085449219,
    "7": 11.451716423034668,
    "8": 20.166624069213867,
    "9": 8.614316940307617,
    "10": 19.388513565063477,
    "11": 17.82379722595215,
    "12": 21.46354866027832,
    "13": 11.309871673583984,
    "14": 13.684329986572266,
    "15": 13.370882987976074,
    "16": 17.746885299682617,
    "17": 11.796562194824219,
    "18": 17.07296371459961,
    "19": 13.929092407226562,
    "20": 13.026165962219238,
    "21": 10.086394309997559,
    "22": 9.985011100769043,
    "23": 14.973323822021484,
    "24": 11.221646308898926,
    "25": 10.157088279724121,
    "26": 12.896031379699707,
    "27": 11.642526626586914,
    "28": 12.484058380126953,
    "29": 11.612207412719727,
    "30": 14.683162689208984,
    "31": 13.888510704040527,
    "32": 10.164497375488281
  },
  "probe_type": "mlp",
  "probe_hidden_size": [
    45
  ],