{
  "config": {
    "model_short": "llama",
    "task_name": "somo",
    "dataset": {
      "train": "cache/llama/somo_train/",
      "test": "cache/llama/somo_test/"
    },
    "mdl": {
      "batch_size": 64,
      "probe_type": "mlp",
      "probe_hidden_size": [
        8
      ],
      "num_classes": 2,
      "init_strategy": "mup",
      "init_gamma": null,
      "optimizer": "adam",
      "train_epochs": 20,
      "lr": 0.00390625,
      "seed": 342,
      "early_stopping_gap": 3,
      "split_num": 5,
      "split_ratio": 2.0
    },
    "out_dir": "muP_results/llama/somo/hidden-8/seed-342/strategy-mup/opt-adam/2026-04-29_23-54-46"
  },
  "train_meta": {
    "dataset": "compling/somo",
    "split": "train",
    "text_col": "text",
    "model": "meta-llama/Meta-Llama-3.1-8B",
    "max_len": 64,
    "hidden_size": 4096,
    "num_hidden_layers": 32,
    "num_states": 33,
    "memmap_file": "last_token_hidden_states.memmap",
    "dtype": "float32",
    "shape": [
      15000,
      33,
      4096
    ]
  },
  "test_meta": {
    "dataset": "compling/somo",
    "split": "test",
    "text_col": "text",
    "model": "meta-llama/Meta-Llama-3.1-8B",
    "max_len": 64,
    "hidden_size": 4096,
    "num_hidden_layers": 32,
    "num_states": 33,
    "memmap_file": "last_token_hidden_states.memmap",
    "dtype": "float32",
    "shape": [
      10000,
      33,
      4096
    ]
  },
  "splits": [
    484,
    968,
    1936,
    3872,
    7740
  ],
  "mdl_sum_ce": {
    "0": 10061.347372055054,
    "1": 10061.83521270752,
    "2": 10059.603108882904,
    "3": 9993.112818717957,
    "4": 9944.504371643066,
    "5": 10001.671577453613,
    "6": 9405.660987854004,
    "7": 9274.786180496216,
    "8": 8827.317364692688,
    "9": 8490.399218082428,
    "10": 8151.681415557861,
    "11": 8019.267293930054,
    "12": 8143.847730636597,
    "13": 8064.9470911026,
    "14": 8105.431882858276,
    "15": 8406.464547634125,
    "16": 8920.003885746002,
    "17": 8353.434712171555,
    "18": 8427.916524410248,
    "19": 8885.033443927765,
    "20": 8555.236762523651,
    "21": 8688.896640777588,
    "22": 8899.050369739532,
    "23": 8840.17046546936,
    "24": 9893.873171806335,
    "25": 10038.887558937073,
    "26": 8756.869189739227,
    "27": 9749.920247077942,
    "28": 9793.950560569763,
    "29": 8791.174472808838,
    "30": 9041.851486682892,
    "31": 8936.653218269348,
    "32": 10059.575343132019
  },
  "mdl_nll": {
    "0": 0.6931212022633683,
    "1": 0.6931548093626012,
    "2": 0.6930010408434075,
    "3": 0.6884205579166407,
    "4": 0.6850719462416001,
    "5": 0.6890101665371737,
    "6": 0.6479512942858917,
    "7": 0.6389353940821312,
    "8": 0.6081094905409677,
    "9": 0.584899367462278,
    "10": 0.5615652669852481,
    "11": 0.5524433241891743,
    "12": 0.5610256083381507,
    "13": 0.5555901826331359,
    "14": 0.5583791597449901,
    "15": 0.5791171498783497,
    "16": 0.6144946187480024,
    "17": 0.5754639509624935,
    "18": 0.5805949658590691,
    "19": 0.6120855224530012,
    "20": 0.5893659935604609,
    "21": 0.5985737559091753,
    "22": 0.6130511414810921,
    "23": 0.6089949342428603,
    "24": 0.6815839881376643,
    "25": 0.6915739569397267,
    "26": 0.6032563509051548,
    "27": 0.6716671429510844,
    "28": 0.6747003692869773,
    "29": 0.6056196247457177,
    "30": 0.6228886392038366,
    "31": 0.6156415829615147,
    "32": 0.6929991280746776
  },
  "stopping_epochs_per_stage": {
    "0": [
      1,
      4,
      2,
      1
    ],
    "1": [
      2,
      1,
      1,
      1
    ],
    "2": [
      1,
      1,
      2,
      9
    ],
    "3": [
      1,
      1,
      8,
      12
    ],
    "4": [
      2,
      10,
      16,
      1
    ],
    "5": [
      20,
      19,
      5,
      4
    ],
    "6": [
      8,
      14,
      16,
      15
    ],
    "7": [
      3,
      1,
      10,
      8
    ],
    "8": [
      14,
      11,
      11,
      10
    ],
    "9": [
      20,
      12,
      11,
      9
    ],
    "10": [
      18,
      5,
      9,
      5
    ],
    "11": [
      11,
      12,
      8,
      9
    ],
    "12": [
      2,
      18,
      7,
      13
    ],
    "13": [
      15,
      13,
      10,
      6
    ],
    "14": [
      11,
      10,
      6,
      12
    ],
    "15": [
      11,
      1,
      4,
      12
    ],
    "16": [
      14,
      2,
      4,
      12
    ],
    "17": [
      9,
      7,
      14,
      7
    ],
    "18": [
      11,
      14,
      11,
      4
    ],
    "19": [
      13,
      6,
      1,
      7
    ],
    "20": [
      8,
      6,
      10,
      15
    ],
    "21": [
      1,
      10,
      9,
      5
    ],
    "22": [
      11,
      14,
      2,
      11
    ],
    "23": [
      16,
      1,
      7,
      5
    ],
    "24": [
      4,
      12,
      1,
      1
    ],
    "25": [
      7,
      3,
      1,
      2
    ],
    "26": [
      8,
      9,
      5,
      3
    ],
    "27": [
      8,
      2,
      10,
      4
    ],
    "28": [
      7,
      2,
      3,
      4
    ],
    "29": [
      6,
      7,
      3,
      5
    ],
    "30": [
      1,
      8,
      1,
      5
    ],
    "31": [
      6,
      1,
      8,
      11
    ],
    "32": [
      9,
      3,
      1,
      1
    ]
  },
  "test_acc": {
    "0": 0.5013,
    "1": 0.4987,
    "2": 0.4987,
    "3": 0.5013,
    "4": 0.5013,
    "5": 0.6352,
    "6": 0.6366,
    "7": 0.6634,
    "8": 0.6865,
    "9": 0.6964,
    "10": 0.7278,
    "11": 0.7257,
    "12": 0.7301,
    "13": 0.7054,
    "14": 0.4987,
    "15": 0.7268,
    "16": 0.7159,
    "17": 0.7261,
    "18": 0.7224,
    "19": 0.7166,
    "20": 0.719,
    "21": 0.7105,
    "22": 0.7076,
    "23": 0.7068,
    "24": 0.7104,
    "25": 0.7041,
    "26": 0.7011,
    "27": 0.4987,
    "28": 0.5013,
    "29": 0.5013,
    "30": 0.6844,
    "31": 0.6895,
    "32": 0.699
  },
  "test_loss": {
    "0": 0.6933297416687012,
    "1": 0.6931802328109741,
    "2": 0.6932548778533936,
    "3": 0.6933826404571534,
    "4": 0.6931476660728455,
    "5": 0.6415307404518128,
    "6": 0.6505675553321838,
    "7": 0.6185557378768921,
    "8": 0.5962057397842407,
    "9": 0.5967245111465455,
    "10": 0.565448076581955,
    "11": 0.5628091460227966,
    "12": 0.5589880411148072,
    "13": 0.6145409731864929,
    "14": 0.6932200905799866,
    "15": 0.5552694038391113,
    "16": 0.5747815983772278,
    "17": 0.5537424641132355,
    "18": 0.5612843680381775,
    "19": 0.5763609616279602,
    "20": 0.5627659309387207,
    "21": 0.5709076517105103,
    "22": 0.5788288372039795,
    "23": 0.5835705054283142,
    "24": 0.5761552664756775,
    "25": 0.5962909412384033,
    "26": 0.5899358238220215,
    "27": 0.6931492822647095,
    "28": 0.6933191247940064,
    "29": 0.6931571384429932,
    "30": 0.6128771562576294,
    "31": 0.6086146524429321,
    "32": 0.5840894807815552
  },
  "drift_final_total_l2": {
    "0": 3.0229434967041016,
    "1": 4.187399387359619,
    "2": 4.299570560455322,
    "3": 4.573258876800537,
    "4": 4.232358932495117,
    "5": 28.20880699157715,
    "6": 26.93821144104004,
    "7": 42.51824188232422,
    "8": 37.642879486083984,
    "9": 38.279666900634766,
    "10": 52.66667556762695,
    "11": 33.59444808959961,
    "12": 47.63286209106445,
    "13": 45.06136703491211,
    "14": 3.8759963512420654,
    "15": 32.17514419555664,
    "16": 44.939842224121094,
    "17": 27.704788208007812,
    "18": 26.949228286743164,
    "19": 22.061840057373047,
    "20": 26.802762985229492,
    "21": 20.83820343017578,
    "22": 32.004032135009766,
    "23": 33.50571823120117,
    "24": 27.457799911499023,
    "25": 33.33382034301758,
    "26": 33.65214538574219,
    "27": 4.240370750427246,
    "28": 4.163042068481445,
    "29": 6.057741641998291,
    "30": 17.683313369750977,
    "31": 24.506027221679688,
    "32": 20.14305877685547
  },
  "probe_type": "mlp",
  "probe_hidden_size": [
    8
  ],
  "init_strategy": "mup",
  "init_gamma": null,