{
  "config": {
    "model_short": "llama",
    "task_name": "somo",
    "dataset": {
      "train": "cache/llama/somo_train/",
      "test": "cache/llama/somo_test/"
    },
    "mdl": {
      "batch_size": 64,
      "probe_type": "mlp",
      "probe_hidden_size": [
        256
      ],
      "num_classes": 2,
      "init_strategy": "gamma",
      "init_gamma": 0.3,
      "optimizer": "adamw",
      "train_epochs": 10,
      "lr": 0.001,
      "seed": 242,
      "early_stopping_gap": 3,
      "split_num": 5,
      "split_ratio": 2.0
    },
    "out_dir": "init_results/llama/somo/hidden-256/seed-242/strategy-gamma/gamma-0.3/opt-adamw/2026-04-22_01-08-48"
  },
  "train_meta": {
    "dataset": "compling/somo",
    "split": "train",
    "text_col": "text",
    "model": "meta-llama/Meta-Llama-3.1-8B",
    "max_len": 64,
    "hidden_size": 4096,
    "num_hidden_layers": 32,
    "num_states": 33,
    "memmap_file": "last_token_hidden_states.memmap",
    "dtype": "float32",
    "shape": [
      15000,
      33,
      4096
    ]
  },
  "test_meta": {
    "dataset": "compling/somo",
    "split": "test",
    "text_col": "text",
    "model": "meta-llama/Meta-Llama-3.1-8B",
    "max_len": 64,
    "hidden_size": 4096,
    "num_hidden_layers": 32,
    "num_states": 33,
    "memmap_file": "last_token_hidden_states.memmap",
    "dtype": "float32",
    "shape": [
      10000,
      33,
      4096
    ]
  },
  "splits": [
    484,
    968,
    1936,
    3872,
    7740
  ],
  "mdl_sum_ce": {
    "0": 10064.509662628174,
    "1": 10071.303291797638,
    "2": 10080.657813072205,
    "3": 10073.666427135468,
    "4": 9823.303339004517,
    "5": 9611.056882858276,
    "6": 9670.127537250519,
    "7": 9434.83591413498,
    "8": 9105.00384402275,
    "9": 8752.076275110245,
    "10": 8343.078158140182,
    "11": 8425.896610736847,
    "12": 8392.640990495682,
    "13": 8714.483311653137,
    "14": 8632.87803697586,
    "15": 8765.50777888298,
    "16": 8811.362537622452,
    "17": 9160.899034261703,
    "18": 9187.69375038147,
    "19": 9334.389897346497,
    "20": 9388.589617013931,
    "21": 9737.444159984589,
    "22": 9648.322959899902,
    "23": 9894.34332895279,
    "24": 9863.375570297241,
    "25": 10011.873411893845,
    "26": 10603.34827709198,
    "27": 10646.891653299332,
    "28": 11124.498554229736,
    "29": 11175.956098079681,
    "30": 11711.452260017395,
    "31": 11184.875826358795,
    "32": 16281.673288345337
  },
  "mdl_nll": {
    "0": 0.6933390508837265,
    "1": 0.6938070606088205,
    "2": 0.6944514889137644,
    "3": 0.6939698558236062,
    "4": 0.6767224675533561,
    "5": 0.6621009150494817,
    "6": 0.6661702629684844,
    "7": 0.6499611404061022,
    "8": 0.6272391736031104,
    "9": 0.6029261694068783,
    "10": 0.574750493120707,
    "11": 0.5804558150135607,
    "12": 0.5781648519217196,
    "13": 0.6003364089041842,
    "14": 0.5947146622331124,
    "15": 0.6038514590026853,
    "16": 0.6070103704617286,
    "17": 0.6310897653803874,
    "18": 0.6329356400097458,
    "19": 0.6430414644079978,
    "20": 0.6467752560632358,
    "21": 0.6708076715337964,
    "22": 0.6646681565100512,
    "23": 0.6816163770289879,
    "24": 0.6794830235806862,
    "25": 0.6897129658234944,
    "26": 0.7304593742829967,
    "27": 0.7334590557522274,
    "28": 0.7663611569461103,
    "29": 0.769906041476969,
    "30": 0.8067961049887983,
    "31": 0.7705205171093136,
    "32": 1.1216363521869204
  },
  "stopping_epochs_per_stage": {
    "0": [
      4,
      1,
      1,
      4
    ],
    "1": [
      4,
      2,
      3,
      4
    ],
    "2": [
      3,
      1,
      2,
      3
    ],
    "3": [
      3,
      3,
      2,
      1
    ],
    "4": [
      1,
      4,
      4,
      7
    ],
    "5": [
      2,
      4,
      3,
      4
    ],
    "6": [
      7,
      4,
      5,
      2
    ],
    "7": [
      6,
      6,
      5,
      4
    ],
    "8": [
      5,
      4,
      7,
      6
    ],
    "9": [
      5,
      4,
      7,
      3
    ],
    "10": [
      6,
      6,
      4,
      2
    ],
    "11": [
      6,
      3,
      2,
      3
    ],
    "12": [
      7,
      2,
      3,
      5
    ],
    "13": [
      4,
      2,
      4,
      6
    ],
    "14": [
      4,
      3,
      5,
      3
    ],
    "15": [
      4,
      3,
      3,
      3
    ],
    "16": [
      4,
      6,
      3,
      1
    ],
    "17": [
      5,
      2,
      4,
      1
    ],
    "18": [
      5,
      4,
      4,
      5
    ],
    "19": [
      6,
      5,
      3,
      6
    ],
    "20": [
      4,
      3,
      3,
      4
    ],
    "21": [
      7,
      4,
      1,
      6
    ],
    "22": [
      3,
      5,
      5,
      4
    ],
    "23": [
      4,
      5,
      2,
      4
    ],
    "24": [
      9,
      4,
      7,
      4
    ],
    "25": [
      8,
      4,
      5,
      3
    ],
    "26": [
      6,
      3,
      4,
      5
    ],
    "27": [
      7,
      4,
      3,
      5
    ],
    "28": [
      8,
      2,
      4,
      4
    ],
    "29": [
      6,
      7,
      3,
      4
    ],
    "30": [
      8,
      4,
      4,
      2
    ],
    "31": [
      10,
      2,
      4,
      4
    ],
    "32": [
      10,
      7,
      5,
      9
    ]
  },
  "test_acc": {
    "0": 0.4982,
    "1": 0.5013,
    "2": 0.5237,
    "3": 0.5407,
    "4": 0.5814,
    "5": 0.6038,
    "6": 0.635,
    "7": 0.6614,
    "8": 0.6496,
    "9": 0.6958,
    "10": 0.7196,
    "11": 0.7251,
    "12": 0.7228,
    "13": 0.7173,
    "14": 0.7064,
    "15": 0.7218,
    "16": 0.6827,
    "17": 0.7113,
    "18": 0.7116,
    "19": 0.7007,
    "20": 0.7045,
    "21": 0.6805,
    "22": 0.6863,
    "23": 0.6805,
    "24": 0.69,
    "25": 0.6828,
    "26": 0.6817,
    "27": 0.6861,
    "28": 0.6802,
    "29": 0.6786,
    "30": 0.6568,
    "31": 0.6848,
    "32": 0.6538
  },
  "test_loss": {
    "0": 0.6933184490203858,
    "1": 0.7020474384307861,
    "2": 0.6965185638427734,
    "3": 0.699346641254425,
    "4": 0.7010856320381165,
    "5": 0.6845591876029968,
    "6": 0.6538524099349976,
    "7": 0.6405777706146241,
    "8": 0.6598394746780396,
    "9": 0.6348173943519593,
    "10": 0.5885945977210999,
    "11": 0.580383691740036,
    "12": 0.5920031745910644,
    "13": 0.6087588386535645,
    "14": 0.6286576082229615,
    "15": 0.6056773636341095,
    "16": 0.6566612424850464,
    "17": 0.612537104511261,
    "18": 0.598515152835846,
    "19": 0.6235307054519653,
    "20": 0.613019412612915,
    "21": 0.6878500928878785,
    "22": 0.6391585412979126,
    "23": 0.6779674822807312,
    "24": 0.6475794206619263,
    "25": 0.6319124417304993,
    "26": 0.651879815864563,
    "27": 0.6522435054779053,
    "28": 0.6743402127265931,
    "29": 0.6802420139312744,
    "30": 0.7291276106834411,
    "31": 0.6499321271896362,
    "32": 0.784616540145874
  },
  "drift_final_total_l2": {
    "0": 6.151503086090088,
    "1": 18.19521713256836,
    "2": 31.654766082763672,
    "3": 31.634963989257812,
    "4": 36.24087905883789,
    "5": 37.11030197143555,
    "6": 35.50679016113281,
    "7": 32.58587646484375,
    "8": 35.996456146240234,
    "9": 38.52579116821289,
    "10": 38.224761962890625,
    "11": 37.727291107177734,
    "12": 36.25539779663086,
    "13": 39.12726974487305,
    "14": 37.27817153930664,
    "15": 35.435829162597656,
    "16": 32.77191162109375,
    "17": 32.38185501098633,
    "18": 28.016008377075195,
    "19": 30.83255386352539,
    "20": 26.247371673583984,
    "21": 28.48249626159668,
    "22": 27.658857345581055,
    "23": 24.493375778198242,
    "24": 26.814008712768555,
    "25": 23.78233528137207,
    "26": 23.485261917114258,
    "27": 23.546056747436523,
    "28": 26.34069061279297,
    "29": 24.022192001342773,
    "30": 24.28809928894043,
    "31": 21.894168853759766,
    "32": 16.798328399658203
  },
  "probe_type": "mlp",
  "probe_hidden_size": [
    256
  ],
  "init_strategy": "gamma",
  "init_gamma": 0.3,
  "effective_lr": 0.001,