{
  "config": {
    "model_short": "llama",
    "task_name": "somo",
    "dataset": {
      "train": "cache/llama/somo_train/",
      "test": "cache/llama/somo_test/"
    },
    "mdl": {
      "batch_size": 64,
      "probe_type": "mlp",
      "probe_hidden_size": [
        91
      ],
      "num_classes": 2,
      "init_strategy": "gamma_second_zero",
      "init_gamma": 0.6,
      "optimizer": "adamw",
      "train_epochs": 10,
      "lr": 0.001,
      "seed": 242,
      "early_stopping_gap": 3,
      "split_num": 5,
      "split_ratio": 2.0
    },
    "out_dir": "init_results/llama/somo/hidden-91/seed-242/strategy-gamma_second_zero/gamma-0.6/opt-adamw/2026-04-25_02-53-02"
  },
  "train_meta": {
    "dataset": "compling/somo",
    "split": "train",
    "text_col": "text",
    "model": "meta-llama/Meta-Llama-3.1-8B",
    "max_len": 64,
    "hidden_size": 4096,
    "num_hidden_layers": 32,
    "num_states": 33,
    "memmap_file": "last_token_hidden_states.memmap",
    "dtype": "float32",
    "shape": [
      15000,
      33,
      4096
    ]
  },
  "test_meta": {
    "dataset": "compling/somo",
    "split": "test",
    "text_col": "text",
    "model": "meta-llama/Meta-Llama-3.1-8B",
    "max_len": 64,
    "hidden_size": 4096,
    "num_hidden_layers": 32,
    "num_states": 33,
    "memmap_file": "last_token_hidden_states.memmap",
    "dtype": "float32",
    "shape": [
      10000,
      33,
      4096
    ]
  },
  "splits": [
    484,
    968,
    1936,
    3872,
    7740
  ],
  "mdl_sum_ce": {
    "0": 10061.70530796051,
    "1": 10061.525078773499,
    "2": 10060.866620540619,
    "3": 10018.697208404541,
    "4": 9760.766453742981,
    "5": 9505.923661231995,
    "6": 9538.159979343414,
    "7": 9233.053805351257,
    "8": 8872.762534618378,
    "9": 8511.624410867691,
    "10": 8118.14494395256,
    "11": 8068.6388103961945,
    "12": 8070.0925579071045,
    "13": 8128.672159671783,
    "14": 8199.37044596672,
    "15": 8316.222342014313,
    "16": 8454.175960540771,
    "17": 8428.711607933044,
    "18": 8514.199186563492,
    "19": 8570.703078269958,
    "20": 8618.841719388962,
    "21": 8665.250171661377,
    "22": 8646.050666809082,
    "23": 8703.100348472595,
    "24": 8742.971639633179,
    "25": 8808.285548210144,
    "26": 8751.791903018951,
    "27": 8790.434590816498,
    "28": 8867.524812221527,
    "29": 8846.074662208557,
    "30": 8885.525547027588,
    "31": 8795.039206981659,
    "32": 8887.032113075256
  },
  "mdl_nll": {
    "0": 0.6931458602893711,
    "1": 0.6931334443905689,
    "2": 0.6930880835313185,
    "3": 0.6901830537616795,
    "4": 0.6724143327185851,
    "5": 0.6548583398478917,
    "6": 0.6570790837244016,
    "7": 0.636060471572834,
    "8": 0.6112401856309161,
    "9": 0.5863615604069778,
    "10": 0.5592549561830091,
    "11": 0.5558445033339897,
    "12": 0.5559446512749452,
    "13": 0.5599801708233524,
    "14": 0.5648505405047342,
    "15": 0.5729004093424024,
    "16": 0.5824039653169448,
    "17": 0.5806497387663988,
    "18": 0.5865389354204665,
    "19": 0.5904314603382446,
    "20": 0.5937477073153046,
    "21": 0.5969447624456722,
    "22": 0.5956221181323423,
    "23": 0.5995522422480432,
    "24": 0.6022989556098911,
    "25": 0.6067983981957938,
    "26": 0.6029065791553425,
    "27": 0.6055686546442889,
    "28": 0.6108793615473634,
    "29": 0.6094016714114465,
    "30": 0.6121194231901066,
    "31": 0.6058858643553086,
    "32": 0.6122232097737157
  },
  "stopping_epochs_per_stage": {
    "0": [
      6,
      3,
      1,
      2
    ],
    "1": [
      9,
      2,
      1,
      3
    ],
    "2": [
      1,
      1,
      1,
      1
    ],
    "3": [
      5,
      1,
      2,
      8
    ],
    "4": [
      9,
      1,
      7,
      7
    ],
    "5": [
      9,
      10,
      8,
      10
    ],
    "6": [
      6,
      6,
      10,
      7
    ],
    "7": [
      10,
      9,
      9,
      10
    ],
    "8": [
      10,
      7,
      9,
      10
    ],
    "9": [
      10,
      7,
      6,
      7
    ],
    "10": [
      9,
      6,
      3,
      6
    ],
    "11": [
      8,
      9,
      5,
      10
    ],
    "12": [
      10,
      9,
      5,
      8
    ],
    "13": [
      9,
      3,
      5,
      4
    ],
    "14": [
      8,
      5,
      5,
      6
    ],
    "15": [
      5,
      5,
      9,
      5
    ],
    "16": [
      7,
      6,
      9,
      8
    ],
    "17": [
      6,
      5,
      10,
      5
    ],
    "18": [
      10,
      4,
      5,
      8
    ],
    "19": [
      8,
      6,
      9,
      5
    ],
    "20": [
      9,
      6,
      6,
      7
    ],
    "21": [
      5,
      8,
      7,
      3
    ],
    "22": [
      4,
      6,
      6,
      5
    ],
    "23": [
      4,
      7,
      6,
      9
    ],
    "24": [
      7,
      7,
      4,
      5
    ],
    "25": [
      7,
      7,
      10,
      9
    ],
    "26": [
      7,
      6,
      5,
      7
    ],
    "27": [
      3,
      5,
      7,
      5
    ],
    "28": [
      5,
      4,
      4,
      2
    ],
    "29": [
      3,
      6,
      8,
      6
    ],
    "30": [
      4,
      5,
      2,
      4
    ],
    "31": [
      5,
      4,
      6,
      6
    ],
    "32": [
      3,
      4,
      7,
      5
    ]
  },
  "test_acc": {
    "0": 0.5013,
    "1": 0.5013,
    "2": 0.5248,
    "3": 0.5484,
    "4": 0.6049,
    "5": 0.5979,
    "6": 0.6524,
    "7": 0.6687,
    "8": 0.6933,
    "9": 0.6943,
    "10": 0.7221,
    "11": 0.7334,
    "12": 0.7278,
    "13": 0.7296,
    "14": 0.7306,
    "15": 0.7074,
    "16": 0.7259,
    "17": 0.7165,
    "18": 0.7137,
    "19": 0.7204,
    "20": 0.7137,
    "21": 0.7141,
    "22": 0.711,
    "23": 0.7103,
    "24": 0.7018,
    "25": 0.6999,
    "26": 0.7037,
    "27": 0.6922,
    "28": 0.6772,
    "29": 0.692,
    "30": 0.6953,
    "31": 0.6646,
    "32": 0.6914
  },
  "test_loss": {
    "0": 0.6931579405784607,
    "1": 0.6931910488128662,
    "2": 0.6920781326293945,
    "3": 0.6853661571502686,
    "4": 0.6589927991867065,
    "5": 0.6905670761108399,
    "6": 0.6293999135971069,
    "7": 0.6139055297851562,
    "8": 0.587535219860077,
    "9": 0.5917440071105957,
    "10": 0.5486864469051361,
    "11": 0.5439648101329804,
    "12": 0.5414218970298768,
    "13": 0.5356411466598511,
    "14": 0.5537830221176148,
    "15": 0.5640246036529541,
    "16": 0.5535843214988708,
    "17": 0.5561554399967193,
    "18": 0.5690401894569397,
    "19": 0.5627948211669922,
    "20": 0.5679128164768219,
    "21": 0.5741560002326965,
    "22": 0.5730468338012695,
    "23": 0.5722410294055938,
    "24": 0.5813092468261719,
    "25": 0.574758222579956,
    "26": 0.5832787601470947,
    "27": 0.6013725063323975,
    "28": 0.6413886234760284,
    "29": 0.5855026914596557,
    "30": 0.5897410610198974,
    "31": 0.6538243175506592,
    "32": 0.5886474189758301
  },
  "drift_final_total_l2": {
    "0": 2.7337799072265625,
    "1": 3.7442572116851807,
    "2": 11.398752212524414,
    "3": 15.516911506652832,
    "4": 15.665961265563965,
    "5": 18.697439193725586,
    "6": 22.461809158325195,
    "7": 23.762222290039062,
    "8": 28.82343101501465,
    "9": 29.791568756103516,
    "10": 28.034061431884766,
    "11": 17.26923370361328,
    "12": 27.969459533691406,
    "13": 21.086423873901367,
    "14": 25.70636558532715,
    "15": 20.09588623046875,
    "16": 23.95783805847168,
    "17": 15.938899993896484,
    "18": 17.701702117919922,
    "19": 19.97359848022461,
    "20": 19.064104080200195,
    "21": 19.716201782226562,
    "22": 11.011096000671387,
    "23": 17.547624588012695,
    "24": 18.63878059387207,
    "25": 18.02896499633789,
    "26": 11.989240646362305,
    "27": 16.686798095703125,
    "28": 20.464757919311523,
    "29": 13.640109062194824,
    "30": 12.573575973510742,
    "31": 13.139204025268555,
    "32": 13.638328552246094
  },
  "probe_type": "mlp",
  "probe_hidden_size": [
    91
  ],
  "init_strategy": "gamma_second_zero",