{
  "config": {
    "model_short": "llama",
    "task_name": "somo",
    "dataset": {
      "train": "cache/llama/somo_train/",
      "test": "cache/llama/somo_test/"
    },
    "mdl": {
      "batch_size": 64,
      "probe_type": "mlp",
      "probe_hidden_size": [
        8
      ],
      "num_classes": 2,
      "init_strategy": "mup",
      "init_gamma": null,
      "optimizer": "adam",
      "train_epochs": 20,
      "lr": 6.103515625e-05,
      "seed": 442,
      "early_stopping_gap": 3,
      "split_num": 5,
      "split_ratio": 2.0
    },
    "out_dir": "muP_results/llama/somo/hidden-8/seed-442/strategy-mup/opt-adam/2026-04-30_00-20-03"
  },
  "train_meta": {
    "dataset": "compling/somo",
    "split": "train",
    "text_col": "text",
    "model": "meta-llama/Meta-Llama-3.1-8B",
    "max_len": 64,
    "hidden_size": 4096,
    "num_hidden_layers": 32,
    "num_states": 33,
    "memmap_file": "last_token_hidden_states.memmap",
    "dtype": "float32",
    "shape": [
      15000,
      33,
      4096
    ]
  },
  "test_meta": {
    "dataset": "compling/somo",
    "split": "test",
    "text_col": "text",
    "model": "meta-llama/Meta-Llama-3.1-8B",
    "max_len": 64,
    "hidden_size": 4096,
    "num_hidden_layers": 32,
    "num_states": 33,
    "memmap_file": "last_token_hidden_states.memmap",
    "dtype": "float32",
    "shape": [
      10000,
      33,
      4096
    ]
  },
  "splits": [
    484,
    968,
    1936,
    3872,
    7740
  ],
  "mdl_sum_ce": {
    "0": 10061.335702896118,
    "1": 10061.590161323547,
    "2": 10059.86168718338,
    "3": 10047.914204120636,
    "4": 9976.392350196838,
    "5": 9894.038676738739,
    "6": 9882.361240386963,
    "7": 9849.463441848755,
    "8": 9569.780030727386,
    "9": 9363.64830493927,
    "10": 9036.823700904846,
    "11": 8930.939719676971,
    "12": 8905.891592979431,
    "13": 8874.771519184113,
    "14": 8902.590746879578,
    "15": 9019.809639930725,
    "16": 9048.691714286804,
    "17": 9053.892152309418,
    "18": 9195.423592567444,
    "19": 9137.58859539032,
    "20": 9146.678701400757,
    "21": 9299.846592903137,
    "22": 9245.632705688477,
    "23": 9191.957118034363,
    "24": 9269.727692604065,
    "25": 9158.322103500366,
    "26": 9165.92564201355,
    "27": 9121.39227771759,
    "28": 9152.885717868805,
    "29": 9134.821221351624,
    "30": 9016.134615898132,
    "31": 8941.459941864014,
    "32": 8899.968459129333
  },
  "mdl_nll": {
    "0": 0.6931203983808293,
    "1": 0.6931379278949812,
    "2": 0.6930188541735588,
    "3": 0.6921957980242929,
    "4": 0.6872686931797216,
    "5": 0.6815953896899104,
    "6": 0.6807909369238745,
    "7": 0.678524623990683,
    "8": 0.659257373293427,
    "9": 0.645057061514141,
    "10": 0.6225422775492454,
    "11": 0.6152479828931504,
    "12": 0.6135224299379602,
    "13": 0.6113785835756484,
    "14": 0.6132950362964713,
    "15": 0.6213701873746711,
    "16": 0.6233598590718382,
    "17": 0.6237181146534457,
    "18": 0.6334681449826015,
    "19": 0.629483920872852,
    "20": 0.6301101337421299,
    "21": 0.640661793393713,
    "22": 0.6369270257432128,
    "23": 0.6332293412809564,
    "24": 0.6385869173742122,
    "25": 0.6309122419055089,
    "26": 0.6314360458813413,
    "27": 0.628368164626453,
    "28": 0.6305377320108022,
    "29": 0.6292932778555816,
    "30": 0.6211170168020207,
    "31": 0.6159727157525499,
    "32": 0.6131143882012492
  },
  "stopping_epochs_per_stage": {
    "0": [
      1,
      3,
      20,
      1
    ],
    "1": [
      1,
      7,
      8,
      1
    ],
    "2": [
      1,
      3,
      5,
      19
    ],
    "3": [
      1,
      19,
      11,
      20
    ],
    "4": [
      1,
      20,
      20,
      20
    ],
    "5": [
      2,
      20,
      20,
      20
    ],
    "6": [
      1,
      20,
      20,
      20
    ],
    "7": [
      1,
      20,
      20,
      20
    ],
    "8": [
      20,
      20,
      20,
      20
    ],
    "9": [
      12,
      20,
      20,
      20
    ],
    "10": [
      20,
      20,
      20,
      20
    ],
    "11": [
      19,
      20,
      20,
      20
    ],
    "12": [
      19,
      20,
      20,
      20
    ],
    "13": [
      20,
      20,
      20,
      20
    ],
    "14": [
      20,
      20,
      20,
      20
    ],
    "15": [
      20,
      20,
      20,
      20
    ],
    "16": [
      19,
      20,
      20,
      20
    ],
    "17": [
      1,
      20,
      20,
      20
    ],
    "18": [
      3,
      20,
      20,
      20
    ],
    "19": [
      1,
      20,
      20,
      20
    ],
    "20": [
      1,
      20,
      20,
      20
    ],
    "21": [
      16,
      20,
      20,
      20
    ],
    "22": [
      1,
      20,
      20,
      20
    ],
    "23": [
      9,
      20,
      20,
      20
    ],
    "24": [
      19,
      20,
      20,
      20
    ],
    "25": [
      4,
      20,
      20,
      20
    ],
    "26": [
      1,
      20,
      20,
      20
    ],
    "27": [
      11,
      20,
      20,
      20
    ],
    "28": [
      16,
      20,
      20,
      20
    ],
    "29": [
      19,
      20,
      20,
      20
    ],
    "30": [
      19,
      20,
      20,
      19
    ],
    "31": [
      19,
      20,
      20,
      20
    ],
    "32": [
      8,
      19,
      19,
      19
    ]
  },
  "test_acc": {
    "0": 0.4982,
    "1": 0.4975,
    "2": 0.5087,
    "3": 0.5273,
    "4": 0.5924,
    "5": 0.6076,
    "6": 0.6179,
    "7": 0.6422,
    "8": 0.6582,
    "9": 0.6834,
    "10": 0.71,
    "11": 0.7118,
    "12": 0.7123,
    "13": 0.7131,
    "14": 0.7096,
    "15": 0.7116,
    "16": 0.7042,
    "17": 0.7074,
    "18": 0.7069,
    "19": 0.7051,
    "20": 0.6961,
    "21": 0.7004,
    "22": 0.6922,
    "23": 0.6925,
    "24": 0.6905,
    "25": 0.6898,
    "26": 0.6976,
    "27": 0.6992,
    "28": 0.6891,
    "29": 0.6913,
    "30": 0.6946,
    "31": 0.6803,
    "32": 0.682
  },
  "test_loss": {
    "0": 0.693333394241333,
    "1": 0.6932254740715027,
    "2": 0.6926989475250244,
    "3": 0.6904601111412049,
    "4": 0.6751919350624085,
    "5": 0.6645869535446167,
    "6": 0.6593746660232543,
    "7": 0.6453225289344787,
    "8": 0.640208297920227,
    "9": 0.606531652545929,
    "10": 0.5797644457817077,
    "11": 0.5731625288963318,
    "12": 0.5698917209625244,
    "13": 0.5680566866874694,
    "14": 0.5721473815917969,
    "15": 0.5666340967178345,
    "16": 0.5771118388175964,
    "17": 0.5751774033546447,
    "18": 0.5745775799751281,
    "19": 0.5793064564704895,
    "20": 0.5886775234222412,
    "21": 0.5827120422363281,
    "22": 0.5931798599243164,
    "23": 0.5920711217880249,
    "24": 0.5959029041290284,
    "25": 0.5908841829299927,
    "26": 0.5847242674827575,
    "27": 0.5838409055709839,
    "28": 0.5919617881774902,
    "29": 0.5876196720123291,
    "30": 0.5835566883087158,
    "31": 0.5935330056190491,
    "32": 0.5879390798568725
  },
  "drift_final_total_l2": {
    "0": 0.7894251346588135,
    "1": 1.5336555242538452,
    "2": 2.3909308910369873,
    "3": 2.3942184448242188,
    "4": 3.846853494644165,
    "5": 4.670962810516357,
    "6": 4.363448143005371,
    "7": 4.414427757263184,
    "8": 6.406959056854248,
    "9": 6.777000904083252,
    "10": 8.242794036865234,
    "11": 6.983185768127441,
    "12": 6.145418643951416,
    "13": 6.310194969177246,
    "14": 6.372931003570557,
    "15": 5.026822566986084,
    "16": 4.8684773445129395,
    "17": 4.6095662117004395,
    "18": 4.218748569488525,
    "19": 3.993903398513794,
    "20": 4.416003704071045,
    "21": 3.8332908153533936,
    "22": 4.766585826873779,
    "23": 4.02081823348999,
    "24": 4.093081951141357,
    "25": 3.5045857429504395,
    "26": 3.061323404312134,
    "27": 2.98923397064209,
    "28": 3.3758139610290527,
    "29": 3.7505528926849365,
    "30": 3.306124687194824,
    "31": 3.1038386821746826,
    "32": 1.7392516136169434
  },
  "probe_type": "mlp",
  "probe_hidden_size": [
    8
  ],