{
  "config": {
    "model_short": "llama",
    "task_name": "somo",
    "dataset": {
      "train": "cache/llama/somo_train/",
      "test": "cache/llama/somo_test/"
    },
    "mdl": {
      "batch_size": 64,
      "probe_type": "mlp",
      "probe_hidden_size": [
        1024
      ],
      "num_classes": 2,
      "init_strategy": "gamma_second_zero",
      "init_gamma": 0.5,
      "optimizer": "adamw",
      "train_epochs": 10,
      "lr": 0.001,
      "seed": 42,
      "early_stopping_gap": 3,
      "split_num": 5,
      "split_ratio": 2.0
    },
    "out_dir": "init_results/llama/somo/hidden-1024/seed-42/strategy-gamma_second_zero/gamma-0.5/2026-04-21_00-01-38"
  },
  "train_meta": {
    "dataset": "compling/somo",
    "split": "train",
    "text_col": "text",
    "model": "meta-llama/Meta-Llama-3.1-8B",
    "max_len": 64,
    "hidden_size": 4096,
    "num_hidden_layers": 32,
    "num_states": 33,
    "memmap_file": "last_token_hidden_states.memmap",
    "dtype": "float32",
    "shape": [
      15000,
      33,
      4096
    ]
  },
  "test_meta": {
    "dataset": "compling/somo",
    "split": "test",
    "text_col": "text",
    "model": "meta-llama/Meta-Llama-3.1-8B",
    "max_len": 64,
    "hidden_size": 4096,
    "num_hidden_layers": 32,
    "num_states": 33,
    "memmap_file": "last_token_hidden_states.memmap",
    "dtype": "float32",
    "shape": [
      10000,
      33,
      4096
    ]
  },
  "splits": [
    484,
    968,
    1936,
    3872,
    7740
  ],
  "mdl_sum_ce": {
    "0": 10061.654151439667,
    "1": 10061.012697219849,
    "2": 10066.761836051941,
    "3": 10040.119998931885,
    "4": 9740.063730716705,
    "5": 9536.842290878296,
    "6": 9417.665218353271,
    "7": 9242.53607416153,
    "8": 8906.043718338013,
    "9": 8565.315371990204,
    "10": 8188.18971824646,
    "11": 8096.659046649933,
    "12": 8115.977296829224,
    "13": 8175.193405151367,
    "14": 8301.101577758789,
    "15": 8344.454520225525,
    "16": 8352.425961017609,
    "17": 8462.089892864227,
    "18": 8526.707767009735,
    "19": 8543.692931175232,
    "20": 8656.331087112427,
    "21": 8662.162436008453,
    "22": 8717.5869846344,
    "23": 8850.634261608124,
    "24": 8704.310587882996,
    "25": 8777.471440792084,
    "26": 8850.764474868774,
    "27": 8819.858763694763,
    "28": 8777.64181470871,
    "29": 8807.753804206848,
    "30": 8906.40502166748,
    "31": 8704.444744586945,
    "32": 8905.362025260925
  },
  "mdl_nll": {
    "0": 0.693142336142165,
    "1": 0.6930981466808934,
    "2": 0.6934942019875958,
    "3": 0.6916588591162776,
    "4": 0.6709881324549949,
    "5": 0.6569883088232499,
    "6": 0.6487782597377564,
    "7": 0.6367137003417973,
    "8": 0.6135329097780389,
    "9": 0.5900603039398046,
    "10": 0.564080305748585,
    "11": 0.557774803434137,
    "12": 0.5591056280538181,
    "13": 0.5631849962215051,
    "14": 0.5718587474344715,
    "15": 0.5748453100182919,
    "16": 0.5753944585986228,
    "17": 0.5829491521675549,
    "18": 0.5874006452886288,
    "19": 0.5885707447764695,
    "20": 0.5963303311595775,
    "21": 0.5967320498765812,
    "22": 0.6005502193878755,
    "23": 0.6097157799399369,
    "24": 0.5996356150374067,
    "25": 0.6046756297046076,
    "26": 0.609724750266518,
    "27": 0.6075956712382725,
    "28": 0.6046873666787482,
    "29": 0.6067617666166195,
    "30": 0.6135577997842023,
    "31": 0.5996448570258297,
    "32": 0.6134859482819596
  },
  "stopping_epochs_per_stage": {
    "0": [
      1,
      2,
      5,
      6
    ],
    "1": [
      1,
      8,
      2,
      3
    ],
    "2": [
      1,
      4,
      1,
      5
    ],
    "3": [
      2,
      7,
      2,
      4
    ],
    "4": [
      4,
      5,
      5,
      9
    ],
    "5": [
      5,
      8,
      6,
      7
    ],
    "6": [
      4,
      8,
      5,
      8
    ],
    "7": [
      6,
      4,
      7,
      6
    ],
    "8": [
      9,
      7,
      8,
      6
    ],
    "9": [
      8,
      4,
      5,
      2
    ],
    "10": [
      8,
      4,
      2,
      4
    ],
    "11": [
      6,
      4,
      6,
      3
    ],
    "12": [
      5,
      5,
      5,
      3
    ],
    "13": [
      5,
      4,
      2,
      5
    ],
    "14": [
      5,
      6,
      4,
      6
    ],
    "15": [
      3,
      3,
      5,
      6
    ],
    "16": [
      6,
      3,
      6,
      6
    ],
    "17": [
      3,
      3,
      4,
      6
    ],
    "18": [
      4,
      4,
      5,
      6
    ],
    "19": [
      6,
      5,
      4,
      8
    ],
    "20": [
      1,
      5,
      4,
      5
    ],
    "21": [
      2,
      4,
      4,
      5
    ],
    "22": [
      2,
      5,
      6,
      8
    ],
    "23": [
      2,
      5,
      5,
      8
    ],
    "24": [
      2,
      6,
      6,
      7
    ],
    "25": [
      1,
      5,
      6,
      4
    ],
    "26": [
      2,
      2,
      6,
      6
    ],
    "27": [
      1,
      5,
      7,
      6
    ],
    "28": [
      1,
      4,
      4,
      4
    ],
    "29": [
      1,
      5,
      5,
      5
    ],
    "30": [
      3,
      4,
      4,
      2
    ],
    "31": [
      2,
      4,
      6,
      5
    ],
    "32": [
      4,
      6,
      5,
      5
    ]
  },
  "test_acc": {
    "0": 0.5013,
    "1": 0.5028,
    "2": 0.527,
    "3": 0.5531,
    "4": 0.5944,
    "5": 0.6297,
    "6": 0.649,
    "7": 0.662,
    "8": 0.6519,
    "9": 0.6758,
    "10": 0.7164,
    "11": 0.7155,
    "12": 0.7251,
    "13": 0.7125,
    "14": 0.7125,
    "15": 0.7217,
    "16": 0.6979,
    "17": 0.7159,
    "18": 0.7112,
    "19": 0.6918,
    "20": 0.7091,
    "21": 0.6693,
    "22": 0.6912,
    "23": 0.6784,
    "24": 0.7011,
    "25": 0.7081,
    "26": 0.7011,
    "27": 0.6957,
    "28": 0.6874,
    "29": 0.6933,
    "30": 0.6923,
    "31": 0.6741,
    "32": 0.6713
  },
  "test_loss": {
    "0": 0.6931610257148743,
    "1": 0.6938791865348816,
    "2": 0.6924681985855102,
    "3": 0.6860886430740356,
    "4": 0.6649949220657349,
    "5": 0.6527717388153076,
    "6": 0.6354126371383667,
    "7": 0.6317382875442505,
    "8": 0.6423696475028992,
    "9": 0.640600765323639,
    "10": 0.5853236266613007,
    "11": 0.5938075202941895,
    "12": 0.5572411531448365,
    "13": 0.5936058766841888,
    "14": 0.6152742252826691,
    "15": 0.5813385522365571,
    "16": 0.6067895513534546,
    "17": 0.5837084052562713,
    "18": 0.5709096742630004,
    "19": 0.6015348495960235,
    "20": 0.5943411169528962,
    "21": 0.6367740270614624,
    "22": 0.6145955267906189,
    "23": 0.6112849214553833,
    "24": 0.6042958142280579,
    "25": 0.5852733726024628,
    "26": 0.6129373087406158,
    "27": 0.6148950937271118,
    "28": 0.6251942978858948,
    "29": 0.6063135005950928,
    "30": 0.6075505996704101,
    "31": 0.6564726778507233,
    "32": 0.6389530701637268
  },
  "drift_final_total_l2": {
    "0": 9.106715202331543,
    "1": 21.87787628173828,
    "2": 29.559432983398438,
    "3": 29.784879684448242,
    "4": 34.57900619506836,
    "5": 47.904579162597656,
    "6": 56.10285949707031,
    "7": 45.443267822265625,
    "8": 51.14252853393555,
    "9": 64.11969757080078,
    "10": 66.77183532714844,
    "11": 52.2713737487793,
    "12": 60.049137115478516,
    "13": 63.9362907409668,
    "14": 50.70753479003906,
    "15": 57.80004119873047,
    "16": 52.508094787597656,
    "17": 51.57139205932617,
    "18": 48.03594970703125,
    "19": 41.902984619140625,
    "20": 41.79642105102539,
    "21": 45.188114166259766,
    "22": 37.46015167236328,
    "23": 46.39879608154297,
    "24": 38.76437759399414,
    "25": 38.1789665222168,
    "26": 36.651607513427734,
    "27": 39.775184631347656,
    "28": 35.59751892089844,
    "29": 29.655521392822266,
    "30": 33.134239196777344,
    "31": 25.51814842224121,
    "32": 26.289106369018555
  },
  "probe_type": "mlp",
  "probe_hidden_size": [
    1024
  ],
  "init_strategy": "gamma_second_zero",
  "init_gamma": 0.5,