{
  "config": {
    "model_short": "llama",
    "task_name": "somo",
    "dataset": {
      "train": "cache/llama/somo_train/",
      "test": "cache/llama/somo_test/"
    },
    "mdl": {
      "batch_size": 64,
      "probe_type": "mlp",
      "probe_hidden_size": [
        724
      ],
      "num_classes": 2,
      "init_strategy": "gamma_second_zero",
      "init_gamma": 0.4,
      "optimizer": "adamw",
      "train_epochs": 10,
      "lr": 0.001,
      "seed": 42,
      "early_stopping_gap": 3,
      "split_num": 5,
      "split_ratio": 2.0
    },
    "out_dir": "init_results/llama/somo/hidden-724/seed-42/strategy-gamma_second_zero/gamma-0.4/opt-adamw/2026-04-25_02-57-38"
  },
  "train_meta": {
    "dataset": "compling/somo",
    "split": "train",
    "text_col": "text",
    "model": "meta-llama/Meta-Llama-3.1-8B",
    "max_len": 64,
    "hidden_size": 4096,
    "num_hidden_layers": 32,
    "num_states": 33,
    "memmap_file": "last_token_hidden_states.memmap",
    "dtype": "float32",
    "shape": [
      15000,
      33,
      4096
    ]
  },
  "test_meta": {
    "dataset": "compling/somo",
    "split": "test",
    "text_col": "text",
    "model": "meta-llama/Meta-Llama-3.1-8B",
    "max_len": 64,
    "hidden_size": 4096,
    "num_hidden_layers": 32,
    "num_states": 33,
    "memmap_file": "last_token_hidden_states.memmap",
    "dtype": "float32",
    "shape": [
      10000,
      33,
      4096
    ]
  },
  "splits": [
    484,
    968,
    1936,
    3872,
    7740
  ],
  "mdl_sum_ce": {
    "0": 10061.623784065247,
    "1": 10064.650133132935,
    "2": 10056.033678531647,
    "3": 10019.16958618164,
    "4": 9774.536444187164,
    "5": 9533.789930820465,
    "6": 9433.68858909607,
    "7": 9250.166980743408,
    "8": 8938.659291267395,
    "9": 8621.23928976059,
    "10": 8111.531997680664,
    "11": 8224.384734153748,
    "12": 8293.483084201813,
    "13": 8163.568748474121,
    "14": 8274.37307548523,
    "15": 8304.527451515198,
    "16": 8411.599384307861,
    "17": 8637.557984352112,
    "18": 8519.769457817078,
    "19": 8553.966019630432,
    "20": 8655.786612510681,
    "21": 8634.125336647034,
    "22": 8726.595278263092,
    "23": 8779.463529109955,
    "24": 8874.896394729614,
    "25": 8779.278001785278,
    "26": 8875.900223255157,
    "27": 8872.436599731445,
    "28": 8816.22147846222,
    "29": 8870.3450756073,
    "30": 8846.174210071564,
    "31": 8828.147165775299,
    "32": 9036.093115329742
  },
  "mdl_nll": {
    "0": 0.6931402441488872,
    "1": 0.6933487278267384,
    "2": 0.6927551445667984,
    "3": 0.6902155956311409,
    "4": 0.6733629404923646,
    "5": 0.656778033261261,
    "6": 0.6498821017564115,
    "7": 0.6372393896902321,
    "8": 0.6157797803298013,
    "9": 0.5939128747423938,
    "10": 0.5587993936126112,
    "11": 0.5665737623418123,
    "12": 0.5713339132131312,
    "13": 0.5623841794209232,
    "14": 0.5700174342439536,
    "15": 0.5720947541688618,
    "16": 0.5794708862157524,
    "17": 0.595037061473692,
    "18": 0.5869226686288976,
    "19": 0.5892784527163428,
    "20": 0.5962928225758254,
    "21": 0.5948005880853564,
    "22": 0.6011707962429796,
    "23": 0.6048128636752518,
    "24": 0.6113871861896951,
    "25": 0.6048000827903884,
    "26": 0.6114563394361503,
    "27": 0.6112177321391186,
    "28": 0.6073451004727348,
    "29": 0.6110736480853748,
    "30": 0.6094085292140785,
    "31": 0.6081666551236773,
    "32": 0.6224919478733634
  },
  "stopping_epochs_per_stage": {
    "0": [
      1,
      2,
      1,
      1
    ],
    "1": [
      1,
      4,
      2,
      1
    ],
    "2": [
      2,
      5,
      1,
      1
    ],
    "3": [
      1,
      6,
      5,
      5
    ],
    "4": [
      3,
      4,
      3,
      5
    ],
    "5": [
      5,
      4,
      4,
      6
    ],
    "6": [
      2,
      8,
      7,
      7
    ],
    "7": [
      6,
      6,
      8,
      5
    ],
    "8": [
      7,
      5,
      6,
      5
    ],
    "9": [
      8,
      6,
      2,
      5
    ],
    "10": [
      8,
      4,
      4,
      4
    ],
    "11": [
      7,
      5,
      2,
      7
    ],
    "12": [
      10,
      5,
      3,
      2
    ],
    "13": [
      5,
      5,
      3,
      4
    ],
    "14": [
      9,
      4,
      1,
      4
    ],
    "15": [
      6,
      3,
      4,
      6
    ],
    "16": [
      4,
      3,
      2,
      5
    ],
    "17": [
      7,
      7,
      4,
      2
    ],
    "18": [
      1,
      4,
      4,
      4
    ],
    "19": [
      6,
      4,
      3,
      6
    ],
    "20": [
      2,
      3,
      6,
      4
    ],
    "21": [
      3,
      5,
      6,
      5
    ],
    "22": [
      1,
      6,
      4,
      3
    ],
    "23": [
      1,
      4,
      5,
      5
    ],
    "24": [
      3,
      4,
      6,
      3
    ],
    "25": [
      1,
      5,
      5,
      5
    ],
    "26": [
      2,
      3,
      4,
      3
    ],
    "27": [
      1,
      5,
      4,
      5
    ],
    "28": [
      2,
      5,
      6,
      4
    ],
    "29": [
      1,
      3,
      4,
      5
    ],
    "30": [
      1,
      4,
      3,
      6
    ],
    "31": [
      1,
      5,
      3,
      4
    ],
    "32": [
      2,
      7,
      5,
      4
    ]
  },
  "test_acc": {
    "0": 0.5013,
    "1": 0.5028,
    "2": 0.5268,
    "3": 0.5508,
    "4": 0.6,
    "5": 0.6329,
    "6": 0.6382,
    "7": 0.6362,
    "8": 0.6873,
    "9": 0.6652,
    "10": 0.7265,
    "11": 0.726,
    "12": 0.7213,
    "13": 0.7093,
    "14": 0.7251,
    "15": 0.7271,
    "16": 0.7162,
    "17": 0.6874,
    "18": 0.7199,
    "19": 0.7094,
    "20": 0.7019,
    "21": 0.7044,
    "22": 0.7048,
    "23": 0.7045,
    "24": 0.6897,
    "25": 0.6983,
    "26": 0.6991,
    "27": 0.6969,
    "28": 0.7005,
    "29": 0.6934,
    "30": 0.6923,
    "31": 0.6915,
    "32": 0.6875
  },
  "test_loss": {
    "0": 0.6932205480575562,
    "1": 0.6943621745109558,
    "2": 0.6940141405105591,
    "3": 0.688510938167572,
    "4": 0.669104510307312,
    "5": 0.6470840167999268,
    "6": 0.6445945924758911,
    "7": 0.6623190569877625,
    "8": 0.612439626789093,
    "9": 0.6425836498260498,
    "10": 0.5750921234607697,
    "11": 0.5894912797927856,
    "12": 0.5821885314941406,
    "13": 0.6437689562797546,
    "14": 0.6121890114784241,
    "15": 0.5745392566680908,
    "16": 0.5896109251022339,
    "17": 0.6504369757652283,
    "18": 0.5816550880432129,
    "19": 0.5985395529270172,
    "20": 0.596367324256897,
    "21": 0.5987654456138611,
    "22": 0.6088718261241913,
    "23": 0.5951521481513977,
    "24": 0.6084361177444458,
    "25": 0.6273834072113037,
    "26": 0.6118004768371582,
    "27": 0.6108757833480835,
    "28": 0.6328658777236938,
    "29": 0.6242305829048157,
    "30": 0.6201005476951599,
    "31": 0.6055190080642701,
    "32": 0.6192776746749878
  },
  "drift_final_total_l2": {
    "0": 10.436470031738281,
    "1": 22.492923736572266,
    "2": 36.130271911621094,
    "3": 31.867294311523438,
    "4": 45.7823371887207,
    "5": 52.26142883300781,
    "6": 49.44367218017578,
    "7": 56.4986686706543,
    "8": 58.68122100830078,
    "9": 61.37677764892578,
    "10": 65.48802947998047,
    "11": 67.45639038085938,
    "12": 64.77713775634766,
    "13": 61.790863037109375,
    "14": 62.87440490722656,
    "15": 51.21547317504883,
    "16": 59.703407287597656,
    "17": 53.53118896484375,
    "18": 50.61417770385742,
    "19": 48.52615737915039,
    "20": 46.828338623046875,
    "21": 49.49082565307617,
    "22": 46.92454528808594,
    "23": 44.557861328125,
    "24": 44.01079177856445,
    "25": 46.26728820800781,
    "26": 42.48353958129883,
    "27": 43.762481689453125,
    "28": 44.52650833129883,
    "29": 40.92203140258789,
    "30": 39.11692428588867,
    "31": 35.65993881225586,
    "32": 31.731828689575195
  },
  "probe_type": "mlp",
  "probe_hidden_size": [
    724
  ],
  "init_strategy": "gamma_second_zero",
  "init_gamma": 0.4,