{
  "config": {
    "model_short": "llama",
    "task_name": "somo",
    "dataset": {
      "train": "cache/llama/somo_train/",
      "test": "cache/llama/somo_test/"
    },
    "mdl": {
      "batch_size": 64,
      "probe_type": "mlp",
      "probe_hidden_size": [
        2048
      ],
      "num_classes": 2,
      "init_strategy": "gamma_second_zero",
      "init_gamma": 1.7,
      "optimizer": "adamw",
      "train_epochs": 10,
      "lr": 0.001,
      "seed": 142,
      "early_stopping_gap": 3,
      "split_num": 5,
      "split_ratio": 2.0
    },
    "out_dir": "init_results/llama/somo/hidden-2048/seed-142/strategy-gamma_second_zero/gamma-1.7/opt-adamw/2026-04-25_03-15-10"
  },
  "train_meta": {
    "dataset": "compling/somo",
    "split": "train",
    "text_col": "text",
    "model": "meta-llama/Meta-Llama-3.1-8B",
    "max_len": 64,
    "hidden_size": 4096,
    "num_hidden_layers": 32,
    "num_states": 33,
    "memmap_file": "last_token_hidden_states.memmap",
    "dtype": "float32",
    "shape": [
      15000,
      33,
      4096
    ]
  },
  "test_meta": {
    "dataset": "compling/somo",
    "split": "test",
    "text_col": "text",
    "model": "meta-llama/Meta-Llama-3.1-8B",
    "max_len": 64,
    "hidden_size": 4096,
    "num_hidden_layers": 32,
    "num_states": 33,
    "memmap_file": "last_token_hidden_states.memmap",
    "dtype": "float32",
    "shape": [
      10000,
      33,
      4096
    ]
  },
  "splits": [
    484,
    968,
    1936,
    3872,
    7740
  ],
  "mdl_sum_ce": {
    "0": 10061.16540145874,
    "1": 10060.58811378479,
    "2": 10043.745698451996,
    "3": 9998.083767414093,
    "4": 9728.931547641754,
    "5": 9510.71333694458,
    "6": 9492.259565353394,
    "7": 9282.645861625671,
    "8": 8932.41164112091,
    "9": 8493.9507188797,
    "10": 8111.1034145355225,
    "11": 8214.955648422241,
    "12": 8190.150825500488,
    "13": 8222.384408473969,
    "14": 8239.512690067291,
    "15": 8434.009198665619,
    "16": 8403.071734428406,
    "17": 8438.566420078278,
    "18": 8654.376734733582,
    "19": 8603.891839027405,
    "20": 8603.01591205597,
    "21": 8739.417449951172,
    "22": 8767.000586032867,
    "23": 8798.009247303009,
    "24": 8837.918816566467,
    "25": 8797.99203634262,
    "26": 8932.010465145111,
    "27": 8951.62471485138,
    "28": 8877.89793920517,
    "29": 8891.38074016571,
    "30": 8959.837946891785,
    "31": 8814.110694885254,
    "32": 8944.342495441437
  },
  "mdl_nll": {
    "0": 0.6931086663997479,
    "1": 0.6930688973398175,
    "2": 0.6919086317478641,
    "3": 0.6887630040930073,
    "4": 0.670221241915249,
    "5": 0.6551882982188331,
    "6": 0.6539170270979191,
    "7": 0.6394768435950449,
    "8": 0.6153493828272879,
    "9": 0.5851440285808556,
    "10": 0.5587698687335025,
    "11": 0.5659241973286195,
    "12": 0.5642154054491931,
    "13": 0.5664359609034147,
    "14": 0.5676159196794772,
    "15": 0.5810146871497395,
    "16": 0.5788834206688073,
    "17": 0.5813286318598979,
    "18": 0.5961956967989516,
    "19": 0.5927178175135991,
    "20": 0.5926574753414142,
    "21": 0.6020541092553853,
    "22": 0.6039542977426886,
    "23": 0.606090468951709,
    "24": 0.6088398192729724,
    "25": 0.6060892832972321,
    "26": 0.6153217460144056,
    "27": 0.6166729618938674,
    "28": 0.6115939610915658,
    "29": 0.6125227845250558,
    "30": 0.6172387673526994,
    "31": 0.6071996896448921,
    "32": 0.6161712934307961
  },
  "stopping_epochs_per_stage": {
    "0": [
      1,
      3,
      5,
      1
    ],
    "1": [
      1,
      2,
      3,
      1
    ],
    "2": [
      2,
      1,
      5,
      7
    ],
    "3": [
      3,
      2,
      10,
      8
    ],
    "4": [
      6,
      2,
      9,
      7
    ],
    "5": [
      5,
      2,
      6,
      9
    ],
    "6": [
      4,
      3,
      7,
      8
    ],
    "7": [
      5,
      6,
      6,
      7
    ],
    "8": [
      5,
      7,
      7,
      6
    ],
    "9": [
      4,
      6,
      7,
      5
    ],
    "10": [
      7,
      2,
      4,
      4
    ],
    "11": [
      3,
      3,
      3,
      2
    ],
    "12": [
      8,
      5,
      3,
      5
    ],
    "13": [
      3,
      7,
      1,
      4
    ],
    "14": [
      2,
      6,
      3,
      3
    ],
    "15": [
      2,
      5,
      1,
      2
    ],
    "16": [
      1,
      7,
      5,
      4
    ],
    "17": [
      5,
      5,
      5,
      6
    ],
    "18": [
      4,
      4,
      5,
      2
    ],
    "19": [
      3,
      6,
      4,
      6
    ],
    "20": [
      7,
      4,
      6,
      3
    ],
    "21": [
      8,
      5,
      5,
      3
    ],
    "22": [
      4,
      6,
      3,
      4
    ],
    "23": [
      2,
      6,
      6,
      7
    ],
    "24": [
      2,
      5,
      4,
      3
    ],
    "25": [
      4,
      6,
      5,
      5
    ],
    "26": [
      6,
      5,
      3,
      4
    ],
    "27": [
      1,
      5,
      2,
      7
    ],
    "28": [
      5,
      5,
      5,
      4
    ],
    "29": [
      4,
      4,
      4,
      5
    ],
    "30": [
      3,
      5,
      4,
      4
    ],
    "31": [
      5,
      7,
      6,
      5
    ],
    "32": [
      6,
      7,
      3,
      5
    ]
  },
  "test_acc": {
    "0": 0.5013,
    "1": 0.4986,
    "2": 0.5219,
    "3": 0.5515,
    "4": 0.5872,
    "5": 0.6419,
    "6": 0.6311,
    "7": 0.6459,
    "8": 0.6852,
    "9": 0.7003,
    "10": 0.7258,
    "11": 0.7303,
    "12": 0.7249,
    "13": 0.7039,
    "14": 0.727,
    "15": 0.7077,
    "16": 0.7152,
    "17": 0.6904,
    "18": 0.7233,
    "19": 0.7242,
    "20": 0.689,
    "21": 0.6994,
    "22": 0.7094,
    "23": 0.7092,
    "24": 0.6999,
    "25": 0.6859,
    "26": 0.6977,
    "27": 0.6648,
    "28": 0.6906,
    "29": 0.6944,
    "30": 0.6862,
    "31": 0.6723,
    "32": 0.6907
  },
  "test_loss": {
    "0": 0.693447169971466,
    "1": 0.6936069127082825,
    "2": 0.6953096117019654,
    "3": 0.6852472688674927,
    "4": 0.6820217772483825,
    "5": 0.6360752582550049,
    "6": 0.6457252029418945,
    "7": 0.6456142510414123,
    "8": 0.5960696230888367,
    "9": 0.5933403002738953,
    "10": 0.559992644071579,
    "11": 0.5626797828674316,
    "12": 0.5671105201721192,
    "13": 0.597413306427002,
    "14": 0.5823126081943512,
    "15": 0.5994932583808898,
    "16": 0.5812809115409852,
    "17": 0.6276741788864135,
    "18": 0.5580870435714722,
    "19": 0.5619857492923737,
    "20": 0.6137431001663208,
    "21": 0.5811515119552613,
    "22": 0.5761688773155212,
    "23": 0.5755253358364105,
    "24": 0.6012960456848144,
    "25": 0.6051100092887879,
    "26": 0.60235870013237,
    "27": 0.635334458732605,
    "28": 0.6069327718734742,
    "29": 0.6219191482543945,
    "30": 0.6102385467529297,
    "31": 0.6350783424377442,
    "32": 0.5909235680580139
  },
  "drift_final_total_l2": {
    "0": 10.160855293273926,
    "1": 19.860010147094727,
    "2": 30.43583869934082,
    "3": 26.626432418823242,
    "4": 46.63711929321289,
    "5": 34.29617691040039,
    "6": 40.15381622314453,
    "7": 37.74837875366211,
    "8": 30.28971290588379,
    "9": 55.5016975402832,
    "10": 58.55039978027344,
    "11": 58.50906753540039,
    "12": 66.77315521240234,
    "13": 72.56989288330078,
    "14": 65.56906127929688,
    "15": 46.833621978759766,
    "16": 61.66749954223633,
    "17": 64.1679916381836,
    "18": 39.500431060791016,
    "19": 35.15137481689453,
    "20": 35.472328186035156,
    "21": 32.04813766479492,
    "22": 41.052513122558594,
    "23": 31.519454956054688,
    "24": 41.882572174072266,
    "25": 32.60028076171875,
    "26": 39.27320861816406,
    "27": 27.764230728149414,
    "28": 37.57429504394531,
    "29": 32.73557662963867,
    "30": 34.54976272583008,
    "31": 28.66609764099121,
    "32": 25.321800231933594
  },
  "probe_type": "mlp",
  "probe_hidden_size": [
    2048
  ],
  "init_strategy": "gamma_second_zero",
  "init_gamma": 1.7,