{
  "config": {
    "model_short": "llama",
    "task_name": "somo",
    "dataset": {
      "train": "cache/llama/somo_train/",
      "test": "cache/llama/somo_test/"
    },
    "mdl": {
      "batch_size": 64,
      "probe_type": "mlp",
      "probe_hidden_size": [
        16
      ],
      "num_classes": 2,
      "init_strategy": "mup",
      "init_gamma": null,
      "optimizer": "adamw",
      "train_epochs": 10,
      "lr": 0.001,
      "seed": 242,
      "early_stopping_gap": 3,
      "split_num": 5,
      "split_ratio": 2.0
    },
    "out_dir": "init_results/llama/somo/hidden-16/seed-242/strategy-mup/gamma-na/2026-04-20_22-05-22"
  },
  "train_meta": {
    "dataset": "compling/somo",
    "split": "train",
    "text_col": "text",
    "model": "meta-llama/Meta-Llama-3.1-8B",
    "max_len": 64,
    "hidden_size": 4096,
    "num_hidden_layers": 32,
    "num_states": 33,
    "memmap_file": "last_token_hidden_states.memmap",
    "dtype": "float32",
    "shape": [
      15000,
      33,
      4096
    ]
  },
  "test_meta": {
    "dataset": "compling/somo",
    "split": "test",
    "text_col": "text",
    "model": "meta-llama/Meta-Llama-3.1-8B",
    "max_len": 64,
    "hidden_size": 4096,
    "num_hidden_layers": 32,
    "num_states": 33,
    "memmap_file": "last_token_hidden_states.memmap",
    "dtype": "float32",
    "shape": [
      10000,
      33,
      4096
    ]
  },
  "splits": [
    484,
    968,
    1936,
    3872,
    7740
  ],
  "mdl_sum_ce": {
    "0": 10061.482939720154,
    "1": 10061.830924510956,
    "2": 10057.591941356659,
    "3": 10055.04830789566,
    "4": 9870.487841129303,
    "5": 9634.152767181396,
    "6": 9635.582592964172,
    "7": 9578.098556041718,
    "8": 9150.76565361023,
    "9": 8631.315176963806,
    "10": 8204.320353507996,
    "11": 8237.639427661896,
    "12": 8297.558916568756,
    "13": 8219.649847507477,
    "14": 8264.995963811874,
    "15": 8301.455353736877,
    "16": 8403.843228816986,
    "17": 8525.297995090485,
    "18": 8539.436845779419,
    "19": 8571.63181400299,
    "20": 8641.992008209229,
    "21": 8717.713417053223,
    "22": 8647.41473197937,
    "23": 8755.16696357727,
    "24": 8814.754609584808,
    "25": 8873.162031650543,
    "26": 8824.294005393982,
    "27": 9037.039046287537,
    "28": 8809.352437973022,
    "29": 8774.742361545563,
    "30": 8791.610287189484,
    "31": 8999.207129478455,
    "32": 9609.138936042786
  },
  "mdl_nll": {
    "0": 0.6931305414522013,
    "1": 0.6931545139508788,
    "2": 0.6928624925156144,
    "3": 0.6926872628751488,
    "4": 0.6799729843709909,
    "5": 0.6636919790011985,
    "6": 0.663790478986234,
    "7": 0.6598304323533837,
    "8": 0.6303916818414321,
    "9": 0.594606997586374,
    "10": 0.5651915371664368,
    "11": 0.5674868715666779,
    "12": 0.5716146952720278,
    "13": 0.5662475783623228,
    "14": 0.5693714496977043,
    "15": 0.5718831188851528,
    "16": 0.578936568532446,
    "17": 0.5873035268042495,
    "18": 0.5882775451763171,
    "19": 0.590495440479677,
    "20": 0.595342519165695,
    "21": 0.6005589292541487,
    "22": 0.5957160879015824,
    "23": 0.60313908539386,
    "24": 0.6072440486073856,
    "25": 0.6112677067822088,
    "26": 0.6079012128268105,
    "27": 0.6225571125852533,
    "28": 0.6068718956994367,
    "29": 0.6044876247964703,
    "30": 0.6056496477810336,
    "31": 0.619950890705322,
    "32": 0.6619687886499577
  },
  "stopping_epochs_per_stage": {
    "0": [
      6,
      1,
      1,
      1
    ],
    "1": [
      9,
      1,
      3,
      4
    ],
    "2": [
      7,
      1,
      1,
      8
    ],
    "3": [
      1,
      2,
      3,
      9
    ],
    "4": [
      10,
      9,
      10,
      9
    ],
    "5": [
      10,
      10,
      10,
      10
    ],
    "6": [
      9,
      10,
      10,
      10
    ],
    "7": [
      10,
      10,
      10,
      10
    ],
    "8": [
      10,
      10,
      10,
      10
    ],
    "9": [
      9,
      10,
      10,
      10
    ],
    "10": [
      10,
      10,
      10,
      8
    ],
    "11": [
      10,
      10,
      8,
      8
    ],
    "12": [
      10,
      10,
      10,
      10
    ],
    "13": [
      10,
      10,
      10,
      10
    ],
    "14": [
      10,
      9,
      9,
      10
    ],
    "15": [
      10,
      10,
      10,
      9
    ],
    "16": [
      10,
      10,
      9,
      10
    ],
    "17": [
      10,
      10,
      10,
      8
    ],
    "18": [
      10,
      10,
      8,
      10
    ],
    "19": [
      10,
      10,
      10,
      8
    ],
    "20": [
      10,
      9,
      9,
      10
    ],
    "21": [
      10,
      10,
      10,
      9
    ],
    "22": [
      9,
      9,
      10,
      8
    ],
    "23": [
      9,
      10,
      8,
      8
    ],
    "24": [
      10,
      10,
      10,
      8
    ],
    "25": [
      7,
      10,
      10,
      7
    ],
    "26": [
      9,
      10,
      10,
      10
    ],
    "27": [
      10,
      10,
      10,
      10
    ],
    "28": [
      10,
      10,
      10,
      9
    ],
    "29": [
      9,
      9,
      10,
      10
    ],
    "30": [
      9,
      10,
      9,
      10
    ],
    "31": [
      8,
      9,
      5,
      10
    ],
    "32": [
      4,
      7,
      10,
      4
    ]
  },
  "test_acc": {
    "0": 0.5013,
    "1": 0.4956,
    "2": 0.5117,
    "3": 0.5378,
    "4": 0.6023,
    "5": 0.6363,
    "6": 0.6363,
    "7": 0.6664,
    "8": 0.6856,
    "9": 0.7091,
    "10": 0.7262,
    "11": 0.7283,
    "12": 0.7305,
    "13": 0.7316,
    "14": 0.7269,
    "15": 0.725,
    "16": 0.7208,
    "17": 0.7251,
    "18": 0.7137,
    "19": 0.7123,
    "20": 0.7204,
    "21": 0.7176,
    "22": 0.7144,
    "23": 0.7118,
    "24": 0.7097,
    "25": 0.7053,
    "26": 0.696,
    "27": 0.7069,
    "28": 0.7082,
    "29": 0.7055,
    "30": 0.7024,
    "31": 0.6949,
    "32": 0.666
  },
  "test_loss": {
    "0": 0.693156856918335,
    "1": 0.6935156905174256,
    "2": 0.6926903086662293,
    "3": 0.687432794380188,
    "4": 0.6587819016456604,
    "5": 0.6369549847602844,
    "6": 0.6357407220840454,
    "7": 0.6150557017326355,
    "8": 0.5925787576675415,
    "9": 0.5734817661285401,
    "10": 0.5445750363349915,
    "11": 0.5431426305770874,
    "12": 0.5394908136367798,
    "13": 0.5358734508037567,
    "14": 0.5396038709640503,
    "15": 0.5407031455039978,
    "16": 0.5470095826148986,
    "17": 0.5480270341873169,
    "18": 0.5614248506069184,
    "19": 0.5576797252655029,
    "20": 0.5580258128166199,
    "21": 0.5591119109153747,
    "22": 0.5615933459281921,
    "23": 0.5659303008079529,
    "24": 0.5685983804702759,
    "25": 0.5760230065345764,
    "26": 0.5808913879394532,
    "27": 0.5698539482116699,
    "28": 0.5733729114532471,
    "29": 0.5756277438163757,
    "30": 0.5735920338630677,
    "31": 0.5759796418190003,
    "32": 0.6223864709854126
  },
  "drift_final_total_l2": {
    "0": 1.2535384893417358,
    "1": 6.855732440948486,
    "2": 11.96206283569336,
    "3": 20.249378204345703,
    "4": 21.094881057739258,
    "5": 22.532941818237305,
    "6": 24.89637565612793,
    "7": 21.57345962524414,
    "8": 21.191064834594727,
    "9": 21.702774047851562,
    "10": 24.054771423339844,
    "11": 23.271072387695312,
    "12": 22.604032516479492,
    "13": 22.270830154418945,
    "14": 20.890296936035156,
    "15": 22.698522567749023,
    "16": 18.01775360107422,
    "17": 17.09452247619629,
    "18": 19.02644920349121,
    "19": 17.373523712158203,
    "20": 16.375934600830078,
    "21": 15.335014343261719,
    "22": 16.04012680053711,
    "23": 16.401288986206055,
    "24": 17.968360900878906,
    "25": 14.146533012390137,
    "26": 13.340143203735352,
    "27": 11.768665313720703,
    "28": 14.552457809448242,
    "29": 12.915562629699707,
    "30": 12.766849517822266,
    "31": 5.731138229370117,
    "32": 9.725446701049805
  },
  "probe_type": "mlp",
  "probe_hidden_size": [
    16
  ],
  "init_strategy": "mup",