{
  "config": {
    "model_short": "llama",
    "task_name": "somo",
    "dataset": {
      "train": "cache/llama/somo_train/",
      "test": "cache/llama/somo_test/"
    },
    "mdl": {
      "batch_size": 64,
      "probe_type": "mlp",
      "probe_hidden_size": [
        64
      ],
      "num_classes": 2,
      "init_strategy": "gamma_second_zero",
      "init_gamma": 1.2,
      "optimizer": "adamw",
      "train_epochs": 10,
      "lr": 0.001,
      "seed": 242,
      "early_stopping_gap": 3,
      "split_num": 5,
      "split_ratio": 2.0
    },
    "out_dir": "init_results/llama/somo/hidden-64/seed-242/strategy-gamma_second_zero/gamma-1.2/opt-adamw/2026-04-25_03-29-03"
  },
  "train_meta": {
    "dataset": "compling/somo",
    "split": "train",
    "text_col": "text",
    "model": "meta-llama/Meta-Llama-3.1-8B",
    "max_len": 64,
    "hidden_size": 4096,
    "num_hidden_layers": 32,
    "num_states": 33,
    "memmap_file": "last_token_hidden_states.memmap",
    "dtype": "float32",
    "shape": [
      15000,
      33,
      4096
    ]
  },
  "test_meta": {
    "dataset": "compling/somo",
    "split": "test",
    "text_col": "text",
    "model": "meta-llama/Meta-Llama-3.1-8B",
    "max_len": 64,
    "hidden_size": 4096,
    "num_hidden_layers": 32,
    "num_states": 33,
    "memmap_file": "last_token_hidden_states.memmap",
    "dtype": "float32",
    "shape": [
      10000,
      33,
      4096
    ]
  },
  "splits": [
    484,
    968,
    1936,
    3872,
    7740
  ],
  "mdl_sum_ce": {
    "0": 10061.005278587341,
    "1": 10061.25436782837,
    "2": 10061.360186100006,
    "3": 10025.199663639069,
    "4": 9737.472578048706,
    "5": 9565.64771270752,
    "6": 9504.453389167786,
    "7": 9307.784339904785,
    "8": 8902.77702999115,
    "9": 8514.696516036987,
    "10": 8106.928711891174,
    "11": 8104.491967201233,
    "12": 8053.540211200714,
    "13": 8091.627315998077,
    "14": 8186.134756326675,
    "15": 8253.166805267334,
    "16": 8420.345518350601,
    "17": 8493.190247535706,
    "18": 8558.446376800537,
    "19": 8513.435739994049,
    "20": 8569.70467376709,
    "21": 8581.11215209961,
    "22": 8624.721044063568,
    "23": 8726.566418647766,
    "24": 8847.301923274994,
    "25": 8807.168200492859,
    "26": 8817.993175506592,
    "27": 8745.371266365051,
    "28": 8790.889788150787,
    "29": 8821.939207077026,
    "30": 8887.641380310059,
    "31": 8760.264672279358,
    "32": 8914.594395637512
  },
  "mdl_nll": {
    "0": 0.693097635615,
    "1": 0.6931147952485788,
    "2": 0.6931220850165339,
    "3": 0.6906310046596217,
    "4": 0.6708096292400597,
    "5": 0.6589726999660732,
    "6": 0.6547570535387012,
    "7": 0.6412086208256259,
    "8": 0.613307869247117,
    "9": 0.5865731961998476,
    "10": 0.558482275550508,
    "11": 0.5583144094241687,
    "12": 0.5548043683659902,
    "13": 0.5574281700191566,
    "14": 0.5639387404468639,
    "15": 0.5685565448654818,
    "16": 0.580073403027735,
    "17": 0.5850916400892605,
    "18": 0.5895871022871685,
    "19": 0.5864863419670742,
    "20": 0.5903626807500062,
    "21": 0.5911485362427397,
    "22": 0.5941527310597663,
    "23": 0.6011688081184738,
    "24": 0.6094862168142046,
    "25": 0.6067214246688385,
    "26": 0.6074671517984701,
    "27": 0.6024642646986119,
    "28": 0.6056000129616139,
    "29": 0.6077389919452346,
    "30": 0.6122651818896431,
    "31": 0.6034902640038136,
    "32": 0.6141219616724657
  },
  "stopping_epochs_per_stage": {
    "0": [
      10,
      1,
      1,
      6
    ],
    "1": [
      10,
      1,
      2,
      7
    ],
    "2": [
      6,
      2,
      1,
      1
    ],
    "3": [
      8,
      2,
      1,
      10
    ],
    "4": [
      10,
      6,
      8,
      10
    ],
    "5": [
      10,
      1,
      9,
      7
    ],
    "6": [
      6,
      7,
      10,
      10
    ],
    "7": [
      10,
      10,
      10,
      9
    ],
    "8": [
      10,
      9,
      10,
      7
    ],
    "9": [
      8,
      7,
      4,
      7
    ],
    "10": [
      10,
      7,
      6,
      5
    ],
    "11": [
      10,
      7,
      8,
      9
    ],
    "12": [
      9,
      9,
      6,
      10
    ],
    "13": [
      8,
      7,
      8,
      6
    ],
    "14": [
      9,
      4,
      6,
      8
    ],
    "15": [
      6,
      5,
      5,
      9
    ],
    "16": [
      7,
      5,
      8,
      2
    ],
    "17": [
      7,
      6,
      4,
      4
    ],
    "18": [
      7,
      5,
      10,
      5
    ],
    "19": [
      9,
      4,
      9,
      9
    ],
    "20": [
      8,
      6,
      7,
      6
    ],
    "21": [
      7,
      7,
      8,
      6
    ],
    "22": [
      7,
      7,
      6,
      6
    ],
    "23": [
      6,
      10,
      6,
      4
    ],
    "24": [
      9,
      9,
      5,
      10
    ],
    "25": [
      10,
      6,
      8,
      8
    ],
    "26": [
      5,
      9,
      3,
      3
    ],
    "27": [
      5,
      9,
      7,
      6
    ],
    "28": [
      7,
      7,
      7,
      4
    ],
    "29": [
      8,
      4,
      5,
      6
    ],
    "30": [
      7,
      8,
      4,
      5
    ],
    "31": [
      7,
      10,
      8,
      6
    ],
    "32": [
      4,
      6,
      5,
      6
    ]
  },
  "test_acc": {
    "0": 0.5013,
    "1": 0.4982,
    "2": 0.5236,
    "3": 0.5013,
    "4": 0.609,
    "5": 0.6419,
    "6": 0.6461,
    "7": 0.6608,
    "8": 0.6938,
    "9": 0.6938,
    "10": 0.7246,
    "11": 0.7312,
    "12": 0.7305,
    "13": 0.7274,
    "14": 0.6989,
    "15": 0.7201,
    "16": 0.7311,
    "17": 0.7198,
    "18": 0.719,
    "19": 0.7086,
    "20": 0.7157,
    "21": 0.7119,
    "22": 0.7059,
    "23": 0.6892,
    "24": 0.7086,
    "25": 0.7103,
    "26": 0.7047,
    "27": 0.7018,
    "28": 0.6963,
    "29": 0.6964,
    "30": 0.6936,
    "31": 0.7013,
    "32": 0.6917
  },
  "test_loss": {
    "0": 0.6932411794662475,
    "1": 0.6933133905410767,
    "2": 0.6914107232093811,
    "3": 0.6932194244384766,
    "4": 0.657099921798706,
    "5": 0.6349825084686279,
    "6": 0.6285379053115845,
    "7": 0.6149631092071534,
    "8": 0.5916038731575012,
    "9": 0.5802203927993774,
    "10": 0.5477585980415344,
    "11": 0.5491161501407623,
    "12": 0.5395409836769104,
    "13": 0.5416248645305634,
    "14": 0.5837789840698242,
    "15": 0.5445380097389221,
    "16": 0.5505850285530091,
    "17": 0.5576604785442353,
    "18": 0.5549546523571014,
    "19": 0.5794115073680878,
    "20": 0.5620410720825195,
    "21": 0.5687991218090057,
    "22": 0.5695410792350769,
    "23": 0.5935193683624268,
    "24": 0.5704030397415161,
    "25": 0.5716269447326661,
    "26": 0.5786469053268433,
    "27": 0.5825647620201111,
    "28": 0.5882188220500946,
    "29": 0.5967306777954101,
    "30": 0.6015262290000916,
    "31": 0.5803246143341064,
    "32": 0.5868078218460083
  },
  "drift_final_total_l2": {
    "0": 3.1928956508636475,
    "1": 7.027918338775635,
    "2": 13.35159683227539,
    "3": 2.906205177307129,
    "4": 13.61951732635498,
    "5": 14.082639694213867,
    "6": 13.134055137634277,
    "7": 15.711301803588867,
    "8": 20.235898971557617,
    "9": 15.710329055786133,
    "10": 19.028841018676758,
    "11": 22.613834381103516,
    "12": 15.562393188476562,
    "13": 24.165945053100586,
    "14": 23.112272262573242,
    "15": 19.027484893798828,
    "16": 23.36830711364746,
    "17": 18.511123657226562,
    "18": 17.88008689880371,
    "19": 14.074559211730957,
    "20": 14.343097686767578,
    "21": 16.45890235900879,
    "22": 15.235520362854004,
    "23": 17.64696502685547,
    "24": 12.605159759521484,
    "25": 9.227015495300293,
    "26": 13.14553165435791,
    "27": 14.148394584655762,
    "28": 15.165153503417969,
    "29": 15.539807319641113,
    "30": 16.147531509399414,
    "31": 15.25949764251709,
    "32": 11.17216682434082
  },
  "probe_type": "mlp",
  "probe_hidden_size": [
    64
  ],
  "init_strategy": "gamma_second_zero",