{
  "config": {
    "model_short": "llama",
    "task_name": "somo",
    "dataset": {
      "train": "cache/llama/somo_train/",
      "test": "cache/llama/somo_test/"
    },
    "mdl": {
      "batch_size": 64,
      "probe_type": "mlp",
      "probe_hidden_size": [
        32
      ],
      "num_classes": 2,
      "init_strategy": "ntk",
      "init_gamma": null,
      "optimizer": "sgd",
      "train_epochs": 10,
      "lr": 0.05,
      "seed": 42,
      "early_stopping_gap": 3,
      "split_num": 5,
      "split_ratio": 2.0
    },
    "out_dir": "init_results/llama/somo/hidden-32/seed-42/strategy-ntk/gamma-na/opt-sgd/2026-04-21_14-13-59"
  },
  "train_meta": {
    "dataset": "compling/somo",
    "split": "train",
    "text_col": "text",
    "model": "meta-llama/Meta-Llama-3.1-8B",
    "max_len": 64,
    "hidden_size": 4096,
    "num_hidden_layers": 32,
    "num_states": 33,
    "memmap_file": "last_token_hidden_states.memmap",
    "dtype": "float32",
    "shape": [
      15000,
      33,
      4096
    ]
  },
  "test_meta": {
    "dataset": "compling/somo",
    "split": "test",
    "text_col": "text",
    "model": "meta-llama/Meta-Llama-3.1-8B",
    "max_len": 64,
    "hidden_size": 4096,
    "num_hidden_layers": 32,
    "num_states": 33,
    "memmap_file": "last_token_hidden_states.memmap",
    "dtype": "float32",
    "shape": [
      10000,
      33,
      4096
    ]
  },
  "splits": [
    484,
    968,
    1936,
    3872,
    7740
  ],
  "mdl_sum_ce": {
    "0": 10061.684860229492,
    "1": 10062.18365573883,
    "2": 10061.998552322388,
    "3": 10053.945949077606,
    "4": 9997.170034885406,
    "5": 9827.302179336548,
    "6": 9920.48441362381,
    "7": 9706.545974731445,
    "8": 9560.042249202728,
    "9": 9226.453961372375,
    "10": 8763.436597824097,
    "11": 8639.084522724152,
    "12": 8716.394191741943,
    "13": 8541.79396724701,
    "14": 8520.62005329132,
    "15": 8559.113133430481,
    "16": 8660.094844818115,
    "17": 8839.804123878479,
    "18": 8817.968894958496,
    "19": 9167.2297706604,
    "20": 9014.737618923187,
    "21": 9040.962665557861,
    "22": 9053.034170150757,
    "23": 9357.504917621613,
    "24": 9331.768564224243,
    "25": 9199.033259391785,
    "26": 9291.673980236053,
    "27": 9265.91733121872,
    "28": 9390.124446868896,
    "29": 9280.718915939331,
    "30": 9433.320219516754,
    "31": 9306.234531402588,
    "32": 9330.49794101715
  },
  "mdl_nll": {
    "0": 0.6931444516553797,
    "1": 0.6931788134292388,
    "2": 0.6931660617472022,
    "3": 0.6926113219259855,
    "4": 0.6887000575148392,
    "5": 0.6769979456693681,
    "6": 0.6834172233138475,
    "7": 0.6686791109624859,
    "8": 0.6585865423810091,
    "9": 0.6356058116128669,
    "10": 0.603708776372561,
    "11": 0.5951422239407654,
    "12": 0.6004680484804314,
    "13": 0.5884399260985815,
    "14": 0.5869812657268753,
    "15": 0.5896330348188538,
    "16": 0.5965896145507106,
    "17": 0.608969697153381,
    "18": 0.6074654791236219,
    "19": 0.6315258866533756,
    "20": 0.621020778377183,
    "21": 0.6228274087598417,
    "22": 0.6236590086904628,
    "23": 0.6446338466259033,
    "24": 0.6428608820766218,
    "25": 0.633716813129773,
    "26": 0.6400987861832498,
    "27": 0.6383244234788316,
    "28": 0.6468809897264327,
    "29": 0.6393440972677963,
    "30": 0.6498567249598205,
    "31": 0.6411018552908919,
    "32": 0.6427733494776213
  },
  "stopping_epochs_per_stage": {
    "0": [
      5,
      1,
      9,
      1
    ],
    "1": [
      1,
      1,
      3,
      6
    ],
    "2": [
      1,
      1,
      3,
      4
    ],
    "3": [
      2,
      6,
      3,
      9
    ],
    "4": [
      5,
      10,
      8,
      9
    ],
    "5": [
      10,
      10,
      10,
      9
    ],
    "6": [
      10,
      1,
      10,
      10
    ],
    "7": [
      8,
      10,
      10,
      10
    ],
    "8": [
      9,
      10,
      10,
      10
    ],
    "9": [
      10,
      10,
      10,
      10
    ],
    "10": [
      10,
      9,
      9,
      10
    ],
    "11": [
      10,
      10,
      10,
      8
    ],
    "12": [
      9,
      10,
      10,
      8
    ],
    "13": [
      10,
      10,
      10,
      8
    ],
    "14": [
      9,
      10,
      9,
      8
    ],
    "15": [
      9,
      10,
      8,
      10
    ],
    "16": [
      10,
      10,
      10,
      10
    ],
    "17": [
      10,
      9,
      8,
      10
    ],
    "18": [
      3,
      10,
      9,
      9
    ],
    "19": [
      1,
      8,
      1,
      9
    ],
    "20": [
      9,
      9,
      9,
      10
    ],
    "21": [
      7,
      8,
      10,
      6
    ],
    "22": [
      4,
      8,
      10,
      8
    ],
    "23": [
      10,
      2,
      4,
      9
    ],
    "24": [
      5,
      10,
      10,
      7
    ],
    "25": [
      8,
      8,
      8,
      10
    ],
    "26": [
      2,
      2,
      8,
      9
    ],
    "27": [
      1,
      10,
      10,
      10
    ],
    "28": [
      4,
      10,
      10,
      7
    ],
    "29": [
      3,
      1,
      10,
      9
    ],
    "30": [
      2,
      4,
      9,
      6
    ],
    "31": [
      5,
      9,
      10,
      5
    ],
    "32": [
      9,
      10,
      6,
      10
    ]
  },
  "test_acc": {
    "0": 0.5013,
    "1": 0.5013,
    "2": 0.5002,
    "3": 0.5221,
    "4": 0.5732,
    "5": 0.6164,
    "6": 0.6202,
    "7": 0.6341,
    "8": 0.6727,
    "9": 0.6976,
    "10": 0.7183,
    "11": 0.7103,
    "12": 0.6551,
    "13": 0.6957,
    "14": 0.6961,
    "15": 0.6988,
    "16": 0.7201,
    "17": 0.7111,
    "18": 0.6997,
    "19": 0.6026,
    "20": 0.6367,
    "21": 0.6675,
    "22": 0.6905,
    "23": 0.5744,
    "24": 0.6507,
    "25": 0.6504,
    "26": 0.5681,
    "27": 0.5805,
    "28": 0.6685,
    "29": 0.5424,
    "30": 0.6433,
    "31": 0.6034,
    "32": 0.5578
  },
  "test_loss": {
    "0": 0.6932224705696106,
    "1": 0.6931838136672973,
    "2": 0.6936706645965576,
    "3": 0.6909679643630982,
    "4": 0.6793140265464783,
    "5": 0.6571210028648377,
    "6": 0.655571798324585,
    "7": 0.6464548238754273,
    "8": 0.6138266338348388,
    "9": 0.5877174807548523,
    "10": 0.5579630302429199,
    "11": 0.5626593075752259,
    "12": 0.6197455524444581,
    "13": 0.5764146219730377,
    "14": 0.5747261782646179,
    "15": 0.5693791672229767,
    "16": 0.550395822763443,
    "17": 0.5630113014698028,
    "18": 0.5707286083221436,
    "19": 0.7127114591598511,
    "20": 0.634091746711731,
    "21": 0.604671386051178,
    "22": 0.5830466092109681,
    "23": 0.6918024139404297,
    "24": 0.6215017084121705,
    "25": 0.6255928373336792,
    "26": 0.69966340675354,
    "27": 0.6757061286926269,
    "28": 0.6074936839103698,
    "29": 0.7412412275314331,
    "30": 0.6292934708595276,
    "31": 0.6763211376190186,
    "32": 0.7951095957756042
  },
  "drift_final_total_l2": {
    "0": 0.060240671038627625,
    "1": 0.10475326329469681,
    "2": 0.37057244777679443,
    "3": 0.6363625526428223,
    "4": 1.3475302457809448,
    "5": 2.089214563369751,
    "6": 2.0849037170410156,
    "7": 2.3066623210906982,
    "8": 2.959547996520996,
    "9": 3.2694778442382812,
    "10": 3.4692845344543457,
    "11": 3.388099431991577,
    "12": 3.540816068649292,
    "13": 3.3642988204956055,
    "14": 3.3803486824035645,
    "15": 3.32783579826355,
    "16": 3.360825300216675,
    "17": 3.437642812728882,
    "18": 3.408874988555908,
    "19": 3.422926425933838,
    "20": 3.423961639404297,
    "21": 3.3759570121765137,
    "22": 3.2170329093933105,
    "23": 3.357178211212158,
    "24": 3.109745979309082,
    "25": 3.301734447479248,
    "26": 3.3130595684051514,
    "27": 3.291555404663086,
    "28": 3.276921510696411,
    "29": 3.0852065086364746,
    "30": 3.3665781021118164,
    "31": 3.4295437335968018,
    "32": 4.121561527252197
  },
  "probe_type": "mlp",
  "probe_hidden_size": [
    32
  ],
  "init_strategy": "ntk",
  "init_gamma": null,