{
  "config": {
    "model_short": "llama",
    "task_name": "somo",
    "dataset": {
      "train": "cache/llama/somo_train/",
      "test": "cache/llama/somo_test/"
    },
    "mdl": {
      "batch_size": 64,
      "probe_type": "mlp",
      "probe_hidden_size": [
        1024
      ],
      "num_classes": 2,
      "init_strategy": "mf",
      "init_gamma": null,
      "optimizer": "sgd",
      "train_epochs": 10,
      "lr": 0.001,
      "seed": 342,
      "early_stopping_gap": 3,
      "split_num": 5,
      "split_ratio": 2.0
    },
    "out_dir": "init_results/llama/somo/hidden-1024/seed-342/strategy-mf/gamma-na/opt-sgd/2026-04-21_06-41-56"
  },
  "train_meta": {
    "dataset": "compling/somo",
    "split": "train",
    "text_col": "text",
    "model": "meta-llama/Meta-Llama-3.1-8B",
    "max_len": 64,
    "hidden_size": 4096,
    "num_hidden_layers": 32,
    "num_states": 33,
    "memmap_file": "last_token_hidden_states.memmap",
    "dtype": "float32",
    "shape": [
      15000,
      33,
      4096
    ]
  },
  "test_meta": {
    "dataset": "compling/somo",
    "split": "test",
    "text_col": "text",
    "model": "meta-llama/Meta-Llama-3.1-8B",
    "max_len": 64,
    "hidden_size": 4096,
    "num_hidden_layers": 32,
    "num_states": 33,
    "memmap_file": "last_token_hidden_states.memmap",
    "dtype": "float32",
    "shape": [
      10000,
      33,
      4096
    ]
  },
  "splits": [
    484,
    968,
    1936,
    3872,
    7740
  ],
  "mdl_sum_ce": {
    "0": 10061.450636863708,
    "1": 10061.354214191437,
    "2": 10061.261109828949,
    "3": 10060.852823734283,
    "4": 10058.905527114868,
    "5": 10055.161645412445,
    "6": 10052.015789985657,
    "7": 10048.396905899048,
    "8": 10038.298622131348,
    "9": 10015.238270282745,
    "10": 9976.942256450653,
    "11": 9946.453004360199,
    "12": 9942.757846355438,
    "13": 9901.132086753845,
    "14": 9901.604845046997,
    "15": 9885.914252281189,
    "16": 9900.625697612762,
    "17": 9881.217655658722,
    "18": 9879.003529548645,
    "19": 9853.395250797272,
    "20": 9829.869333267212,
    "21": 9790.27219581604,
    "22": 9747.216888904572,
    "23": 9750.172873973846,
    "24": 9768.260805130005,
    "25": 9728.887130260468,
    "26": 9697.653171539307,
    "27": 9667.184800624847,
    "28": 9692.520431995392,
    "29": 9566.785661697388,
    "30": 9510.531135559082,
    "31": 9289.888228416443,
    "32": 9193.354224205017
  },
  "mdl_nll": {
    "0": 0.6931283161245322,
    "1": 0.6931216736147311,
    "2": 0.693115259701636,
    "3": 0.6930871330762113,
    "4": 0.6929529847833334,
    "5": 0.6926950706401519,
    "6": 0.6924783542288273,
    "7": 0.6922290511090554,
    "8": 0.6915333853769184,
    "9": 0.689944769239649,
    "10": 0.6873065759472756,
    "11": 0.6852061865775833,
    "12": 0.6849516289856323,
    "13": 0.6820840511679419,
    "14": 0.6821166192509642,
    "15": 0.6810357021411676,
    "16": 0.6820491662725794,
    "17": 0.6807121559423204,
    "18": 0.6805596258989146,
    "19": 0.6787954843481173,
    "20": 0.6771747956232579,
    "21": 0.6744469685737146,
    "22": 0.6714809099548479,
    "23": 0.6716845462919431,
    "24": 0.6729306148477545,
    "25": 0.6702181820240057,
    "26": 0.6680664901859539,
    "27": 0.6659675393100611,
    "28": 0.6677128983187787,
    "29": 0.6590510927044219,
    "30": 0.6551757464562609,
    "31": 0.6399757666310584,
    "32": 0.6333255872282321
  },
  "stopping_epochs_per_stage": {
    "0": [
      10,
      10,
      10,
      10
    ],
    "1": [
      10,
      10,
      10,
      10
    ],
    "2": [
      10,
      10,
      10,
      10
    ],
    "3": [
      10,
      6,
      10,
      10
    ],
    "4": [
      10,
      6,
      10,
      10
    ],
    "5": [
      10,
      9,
      10,
      10
    ],
    "6": [
      10,
      4,
      10,
      10
    ],
    "7": [
      10,
      5,
      10,
      10
    ],
    "8": [
      10,
      6,
      10,
      10
    ],
    "9": [
      10,
      10,
      10,
      10
    ],
    "10": [
      10,
      10,
      10,
      10
    ],
    "11": [
      10,
      10,
      10,
      10
    ],
    "12": [
      10,
      10,
      10,
      10
    ],
    "13": [
      10,
      10,
      10,
      10
    ],
    "14": [
      10,
      10,
      10,
      10
    ],
    "15": [
      10,
      10,
      10,
      10
    ],
    "16": [
      10,
      10,
      10,
      10
    ],
    "17": [
      10,
      10,
      10,
      10
    ],
    "18": [
      10,
      10,
      10,
      10
    ],
    "19": [
      10,
      10,
      10,
      10
    ],
    "20": [
      10,
      10,
      10,
      10
    ],
    "21": [
      9,
      10,
      10,
      10
    ],
    "22": [
      10,
      10,
      10,
      10
    ],
    "23": [
      10,
      10,
      10,
      10
    ],
    "24": [
      10,
      10,
      10,
      9
    ],
    "25": [
      10,
      10,
      10,
      10
    ],
    "26": [
      9,
      10,
      10,
      10
    ],
    "27": [
      6,
      9,
      10,
      10
    ],
    "28": [
      10,
      9,
      9,
      10
    ],
    "29": [
      9,
      10,
      10,
      10
    ],
    "30": [
      9,
      10,
      10,
      9
    ],
    "31": [
      10,
      10,
      10,
      10
    ],
    "32": [
      2,
      8,
      8,
      9
    ]
  },
  "test_acc": {
    "0": 0.5013,
    "1": 0.5013,
    "2": 0.5013,
    "3": 0.5013,
    "4": 0.5069,
    "5": 0.5374,
    "6": 0.5377,
    "7": 0.5782,
    "8": 0.6124,
    "9": 0.6335,
    "10": 0.6461,
    "11": 0.6628,
    "12": 0.6669,
    "13": 0.6767,
    "14": 0.6658,
    "15": 0.6672,
    "16": 0.6485,
    "17": 0.6654,
    "18": 0.6645,
    "19": 0.6569,
    "20": 0.6509,
    "21": 0.6539,
    "22": 0.6498,
    "23": 0.6279,
    "24": 0.664,
    "25": 0.6391,
    "26": 0.6615,
    "27": 0.6568,
    "28": 0.6645,
    "29": 0.6606,
    "30": 0.6368,
    "31": 0.5983,
    "32": 0.676
  },
  "test_loss": {
    "0": 0.6931530163764954,
    "1": 0.6931617681503296,
    "2": 0.6931636157989503,
    "3": 0.6931217861175537,
    "4": 0.6927518764495849,
    "5": 0.6919138914108276,
    "6": 0.6912173684120179,
    "7": 0.6901968939781189,
    "8": 0.687154208278656,
    "9": 0.682343217754364,
    "10": 0.6743980454444886,
    "11": 0.6692058477401733,
    "12": 0.6665041296005249,
    "13": 0.6610783824920654,
    "14": 0.6598330270767212,
    "15": 0.6598433733940124,
    "16": 0.6609671282768249,
    "17": 0.6547275665283203,
    "18": 0.6541897978782654,
    "19": 0.6551481189727784,
    "20": 0.6506836183547974,
    "21": 0.6471188168525696,
    "22": 0.6421939085006714,
    "23": 0.6485317535400391,
    "24": 0.6391640934944153,
    "25": 0.6432003184318542,
    "26": 0.6354303659439087,
    "27": 0.63306978597641,
    "28": 0.6273735736846924,
    "29": 0.6227494589805603,
    "30": 0.6299556648254394,
    "31": 0.6556080260276794,
    "32": 0.5992268312454223
  },
  "drift_final_total_l2": {
    "0": 0.2791110575199127,
    "1": 0.35536524653434753,
    "2": 0.40764689445495605,
    "3": 0.5929642915725708,
    "4": 1.1168338060379028,
    "5": 1.7854862213134766,
    "6": 2.2111401557922363,
    "7": 2.6691160202026367,
    "8": 3.7448489665985107,
    "9": 5.047987937927246,
    "10": 6.7087225914001465,
    "11": 7.507989406585693,
    "12": 7.870113372802734,
    "13": 8.616941452026367,
    "14": 8.77757453918457,
    "15": 8.846097946166992,
    "16": 8.684185981750488,
    "17": 9.51333999633789,
    "18": 9.523266792297363,
    "19": 9.456803321838379,
    "20": 10.212928771972656,
    "21": 10.440776824951172,
    "22": 11.132294654846191,
    "23": 10.812819480895996,
    "24": 11.27691650390625,
    "25": 11.324362754821777,
    "26": 11.780176162719727,
    "27": 12.008454322814941,
    "28": 12.625146865844727,
    "29": 13.064048767089844,
    "30": 13.576913833618164,
    "31": 14.242026329040527,
    "32": 13.0658540725708
  },
  "probe_type": "mlp",