{
  "config": {
    "model_short": "llama",
    "task_name": "somo",
    "dataset": {
      "train": "cache/llama/somo_train/",
      "test": "cache/llama/somo_test/"
    },
    "mdl": {
      "batch_size": 64,
      "probe_type": "mlp",
      "probe_hidden_size": [
        64
      ],
      "num_classes": 2,
      "init_strategy": "gamma_second_zero",
      "init_gamma": 1.6,
      "optimizer": "adamw",
      "train_epochs": 10,
      "lr": 0.001,
      "seed": 142,
      "early_stopping_gap": 3,
      "split_num": 5,
      "split_ratio": 2.0
    },
    "out_dir": "init_results/llama/somo/hidden-64/seed-142/strategy-gamma_second_zero/gamma-1.6/opt-adamw/2026-04-25_03-25-04"
  },
  "train_meta": {
    "dataset": "compling/somo",
    "split": "train",
    "text_col": "text",
    "model": "meta-llama/Meta-Llama-3.1-8B",
    "max_len": 64,
    "hidden_size": 4096,
    "num_hidden_layers": 32,
    "num_states": 33,
    "memmap_file": "last_token_hidden_states.memmap",
    "dtype": "float32",
    "shape": [
      15000,
      33,
      4096
    ]
  },
  "test_meta": {
    "dataset": "compling/somo",
    "split": "test",
    "text_col": "text",
    "model": "meta-llama/Meta-Llama-3.1-8B",
    "max_len": 64,
    "hidden_size": 4096,
    "num_hidden_layers": 32,
    "num_states": 33,
    "memmap_file": "last_token_hidden_states.memmap",
    "dtype": "float32",
    "shape": [
      10000,
      33,
      4096
    ]
  },
  "splits": [
    484,
    968,
    1936,
    3872,
    7740
  ],
  "mdl_sum_ce": {
    "0": 10062.149464130402,
    "1": 10061.883089542389,
    "2": 10048.853601455688,
    "3": 10061.14238166809,
    "4": 9761.801510810852,
    "5": 9482.876531600952,
    "6": 9426.189402580261,
    "7": 9269.493648052216,
    "8": 8925.696687698364,
    "9": 8474.184915542603,
    "10": 8058.356053829193,
    "11": 8026.45591545105,
    "12": 8084.541995048523,
    "13": 8201.868245124817,
    "14": 8235.846341133118,
    "15": 8239.18418598175,
    "16": 8336.15312385559,
    "17": 8404.734115600586,
    "18": 8469.755030632019,
    "19": 8551.711033344269,
    "20": 8633.241889953613,
    "21": 8791.464363574982,
    "22": 8667.70660495758,
    "23": 8846.12608909607,
    "24": 8794.286600589752,
    "25": 9114.74234199524,
    "26": 8874.011678695679,
    "27": 8781.260116577148,
    "28": 8805.829730033875,
    "29": 8800.509478092194,
    "30": 8864.797138214111,
    "31": 8783.930787563324,
    "32": 9026.899457931519
  },
  "mdl_nll": {
    "0": 0.6931764579863875,
    "1": 0.6931581075738763,
    "2": 0.6922605126381709,
    "3": 0.6931070805778514,
    "4": 0.6724856372837457,
    "5": 0.6532706345825953,
    "6": 0.6493654865376317,
    "7": 0.6385707941617674,
    "8": 0.6148867930351587,
    "9": 0.5837823722473549,
    "10": 0.5551361293627165,
    "11": 0.5529385447403589,
    "12": 0.5569400657928164,
    "13": 0.5650226126429331,
    "14": 0.5673633467300302,
    "15": 0.567593289196869,
    "16": 0.5742734309627715,
    "17": 0.5789979412786295,
    "18": 0.5834771996853141,
    "19": 0.5891231078357859,
    "20": 0.5947397278832746,
    "21": 0.6056395951760114,
    "22": 0.597113984910277,
    "23": 0.6094052141840776,
    "24": 0.60583401767634,
    "25": 0.627910053871262,
    "26": 0.6113262385433782,
    "27": 0.6049366296898008,
    "28": 0.6066292181064945,
    "29": 0.606262708603761,
    "30": 0.6106914534454472,
    "31": 0.6051206108820146,
    "32": 0.6218586014006282
  },
  "stopping_epochs_per_stage": {
    "0": [
      1,
      9,
      3,
      3
    ],
    "1": [
      1,
      5,
      4,
      1
    ],
    "2": [
      9,
      1,
      2,
      9
    ],
    "3": [
      5,
      2,
      2,
      1
    ],
    "4": [
      10,
      2,
      10,
      10
    ],
    "5": [
      9,
      9,
      9,
      9
    ],
    "6": [
      8,
      9,
      10,
      10
    ],
    "7": [
      10,
      8,
      10,
      8
    ],
    "8": [
      10,
      9,
      8,
      9
    ],
    "9": [
      8,
      10,
      7,
      6
    ],
    "10": [
      8,
      8,
      7,
      5
    ],
    "11": [
      8,
      10,
      5,
      7
    ],
    "12": [
      10,
      10,
      8,
      9
    ],
    "13": [
      8,
      9,
      6,
      5
    ],
    "14": [
      9,
      5,
      6,
      5
    ],
    "15": [
      10,
      7,
      5,
      6
    ],
    "16": [
      8,
      10,
      9,
      6
    ],
    "17": [
      10,
      9,
      4,
      8
    ],
    "18": [
      10,
      10,
      7,
      6
    ],
    "19": [
      8,
      10,
      7,
      7
    ],
    "20": [
      7,
      9,
      10,
      4
    ],
    "21": [
      9,
      9,
      5,
      2
    ],
    "22": [
      7,
      8,
      8,
      4
    ],
    "23": [
      10,
      8,
      5,
      8
    ],
    "24": [
      3,
      10,
      10,
      7
    ],
    "25": [
      8,
      7,
      4,
      6
    ],
    "26": [
      9,
      5,
      3,
      3
    ],
    "27": [
      8,
      6,
      7,
      5
    ],
    "28": [
      6,
      4,
      4,
      5
    ],
    "29": [
      10,
      6,
      4,
      7
    ],
    "30": [
      3,
      6,
      9,
      7
    ],
    "31": [
      7,
      9,
      3,
      5
    ],
    "32": [
      8,
      7,
      4,
      9
    ]
  },
  "test_acc": {
    "0": 0.5013,
    "1": 0.5013,
    "2": 0.5215,
    "3": 0.5462,
    "4": 0.5961,
    "5": 0.6398,
    "6": 0.6431,
    "7": 0.6689,
    "8": 0.6963,
    "9": 0.7098,
    "10": 0.7236,
    "11": 0.6997,
    "12": 0.732,
    "13": 0.7265,
    "14": 0.7121,
    "15": 0.7201,
    "16": 0.7252,
    "17": 0.6427,
    "18": 0.724,
    "19": 0.7143,
    "20": 0.7173,
    "21": 0.7106,
    "22": 0.705,
    "23": 0.6935,
    "24": 0.7014,
    "25": 0.6862,
    "26": 0.6982,
    "27": 0.6897,
    "28": 0.6973,
    "29": 0.6977,
    "30": 0.7031,
    "31": 0.6818,
    "32": 0.6841
  },
  "test_loss": {
    "0": 0.693015914440155,
    "1": 0.6931562614440918,
    "2": 0.6932931232452393,
    "3": 0.6866644792556763,
    "4": 0.6611346319198609,
    "5": 0.6383273998260498,
    "6": 0.6320492845535278,
    "7": 0.6186144196510315,
    "8": 0.5851839166641235,
    "9": 0.5696424692153931,
    "10": 0.5534716656684876,
    "11": 0.605842558670044,
    "12": 0.5390649175643921,
    "13": 0.5476902976036072,
    "14": 0.5661056804656982,
    "15": 0.5531043801307678,
    "16": 0.5594282639026642,
    "17": 0.6550888870239258,
    "18": 0.5558099046707153,
    "19": 0.5599798206329346,
    "20": 0.559030160665512,
    "21": 0.5679943668842315,
    "22": 0.5804366050243378,
    "23": 0.6073300159454346,
    "24": 0.57610513920784,
    "25": 0.6266050692558288,
    "26": 0.5955145111083985,
    "27": 0.6106101555824279,
    "28": 0.5928249797821045,
    "29": 0.5853051604270935,
    "30": 0.5777597268104553,
    "31": 0.6333327136039734,
    "32": 0.6031684649467468
  },
  "drift_final_total_l2": {
    "0": 7.190813064575195,
    "1": 2.779726505279541,
    "2": 11.160541534423828,
    "3": 11.273212432861328,
    "4": 12.763891220092773,
    "5": 22.584444046020508,
    "6": 11.623576164245605,
    "7": 25.376436233520508,
    "8": 13.040929794311523,
    "9": 12.350139617919922,
    "10": 25.882930755615234,
    "11": 23.7802734375,
    "12": 10.450883865356445,
    "13": 24.626201629638672,
    "14": 25.28770637512207,
    "15": 15.712413787841797,
    "16": 18.192218780517578,
    "17": 20.007564544677734,
    "18": 21.901798248291016,
    "19": 16.154754638671875,
    "20": 9.399235725402832,
    "21": 18.125776290893555,
    "22": 21.88369369506836,
    "23": 11.936089515686035,
    "24": 7.113852500915527,
    "25": 13.09570598602295,
    "26": 12.763652801513672,
    "27": 12.410590171813965,
    "28": 9.76701831817627,
    "29": 10.762309074401855,
    "30": 14.439620018005371,
    "31": 11.954947471618652,
    "32": 9.629265785217285
  },
  "probe_type": "mlp",
  "probe_hidden_size": [
    64
  ],
  "init_strategy": "gamma_second_zero",