{
  "config": {
    "model_short": "llama",
    "task_name": "somo",
    "dataset": {
      "train": "cache/llama/somo_train/",
      "test": "cache/llama/somo_test/"
    },
    "mdl": {
      "batch_size": 64,
      "probe_type": "mlp",
      "probe_hidden_size": [
        1024
      ],
      "num_classes": 2,
      "init_strategy": "gamma_second_zero",
      "init_gamma": 0.9,
      "optimizer": "adamw",
      "train_epochs": 10,
      "lr": 0.001,
      "seed": 42,
      "early_stopping_gap": 3,
      "split_num": 5,
      "split_ratio": 2.0
    },
    "out_dir": "init_results/llama/somo/hidden-1024/seed-42/strategy-gamma_second_zero/gamma-0.9/opt-adamw/2026-04-25_03-07-52"
  },
  "train_meta": {
    "dataset": "compling/somo",
    "split": "train",
    "text_col": "text",
    "model": "meta-llama/Meta-Llama-3.1-8B",
    "max_len": 64,
    "hidden_size": 4096,
    "num_hidden_layers": 32,
    "num_states": 33,
    "memmap_file": "last_token_hidden_states.memmap",
    "dtype": "float32",
    "shape": [
      15000,
      33,
      4096
    ]
  },
  "test_meta": {
    "dataset": "compling/somo",
    "split": "test",
    "text_col": "text",
    "model": "meta-llama/Meta-Llama-3.1-8B",
    "max_len": 64,
    "hidden_size": 4096,
    "num_hidden_layers": 32,
    "num_states": 33,
    "memmap_file": "last_token_hidden_states.memmap",
    "dtype": "float32",
    "shape": [
      10000,
      33,
      4096
    ]
  },
  "splits": [
    484,
    968,
    1936,
    3872,
    7740
  ],
  "mdl_sum_ce": {
    "0": 10061.585951805115,
    "1": 10060.005599021912,
    "2": 10059.139317512512,
    "3": 10048.580199718475,
    "4": 9748.39260005951,
    "5": 9543.229736804962,
    "6": 9582.627181053162,
    "7": 9282.34908914566,
    "8": 8874.380815029144,
    "9": 8506.445003986359,
    "10": 8086.578392505646,
    "11": 8116.540891170502,
    "12": 8122.566688537598,
    "13": 8294.186935424805,
    "14": 8251.327561855316,
    "15": 8310.07372379303,
    "16": 8461.753202915192,
    "17": 8502.209815979004,
    "18": 8564.538671016693,
    "19": 8577.204038619995,
    "20": 8675.346771240234,
    "21": 8705.591039657593,
    "22": 8653.737040519714,
    "23": 8725.94908952713,
    "24": 8747.350776195526,
    "25": 8737.890013694763,
    "26": 8771.122477531433,
    "27": 8718.662481307983,
    "28": 8908.107867240906,
    "29": 8834.239765167236,
    "30": 8882.284901618958,
    "31": 8831.416362762451,
    "32": 8920.108194351196
  },
  "mdl_nll": {
    "0": 0.6931376379033559,
    "1": 0.6930287681883378,
    "2": 0.6929690904872219,
    "3": 0.6922416781288561,
    "4": 0.6715619041099138,
    "5": 0.6574283367873355,
    "6": 0.6601424070717251,
    "7": 0.6394563990869152,
    "8": 0.6113516681612803,
    "9": 0.5860047536502038,
    "10": 0.557080352197964,
    "11": 0.5591444537868905,
    "12": 0.5595595679620831,
    "13": 0.5713824011728303,
    "14": 0.5684298403041689,
    "15": 0.572476834099823,
    "16": 0.5829259577648933,
    "17": 0.5857129936607195,
    "18": 0.5900067973971268,
    "19": 0.5908793082543397,
    "20": 0.5976403121548798,
    "21": 0.5997238247215206,
    "22": 0.5961516285836121,
    "23": 0.6011262806232522,
    "24": 0.6026006321435331,
    "25": 0.6019488849335053,
    "26": 0.6042382527921902,
    "27": 0.6006243098173039,
    "28": 0.6136751079664443,
    "29": 0.608586371257043,
    "30": 0.6118961767442104,
    "31": 0.6083918684735775,
    "32": 0.6145018045157892
  },
  "stopping_epochs_per_stage": {
    "0": [
      3,
      1,
      1,
      1
    ],
    "1": [
      1,
      2,
      1,
      1
    ],
    "2": [
      3,
      10,
      1,
      1
    ],
    "3": [
      5,
      3,
      1,
      5
    ],
    "4": [
      7,
      5,
      6,
      9
    ],
    "5": [
      5,
      6,
      8,
      5
    ],
    "6": [
      1,
      10,
      1,
      5
    ],
    "7": [
      10,
      10,
      9,
      7
    ],
    "8": [
      8,
      7,
      9,
      8
    ],
    "9": [
      10,
      5,
      5,
      4
    ],
    "10": [
      9,
      3,
      2,
      6
    ],
    "11": [
      5,
      2,
      4,
      5
    ],
    "12": [
      8,
      6,
      5,
      3
    ],
    "13": [
      6,
      3,
      3,
      2
    ],
    "14": [
      5,
      4,
      3,
      5
    ],
    "15": [
      4,
      4,
      3,
      6
    ],
    "16": [
      6,
      3,
      3,
      4
    ],
    "17": [
      8,
      7,
      3,
      3
    ],
    "18": [
      5,
      4,
      5,
      4
    ],
    "19": [
      1,
      5,
      6,
      8
    ],
    "20": [
      9,
      5,
      7,
      9
    ],
    "21": [
      2,
      6,
      5,
      3
    ],
    "22": [
      1,
      5,
      7,
      6
    ],
    "23": [
      1,
      6,
      4,
      6
    ],
    "24": [
      2,
      4,
      4,
      4
    ],
    "25": [
      4,
      5,
      4,
      5
    ],
    "26": [
      3,
      8,
      4,
      6
    ],
    "27": [
      2,
      4,
      3,
      5
    ],
    "28": [
      1,
      5,
      6,
      2
    ],
    "29": [
      2,
      5,
      5,
      5
    ],
    "30": [
      2,
      4,
      3,
      4
    ],
    "31": [
      1,
      5,
      2,
      4
    ],
    "32": [
      4,
      6,
      4,
      5
    ]
  },
  "test_acc": {
    "0": 0.5013,
    "1": 0.5019,
    "2": 0.5259,
    "3": 0.5333,
    "4": 0.5932,
    "5": 0.638,
    "6": 0.6459,
    "7": 0.6577,
    "8": 0.6919,
    "9": 0.6905,
    "10": 0.7108,
    "11": 0.7137,
    "12": 0.7296,
    "13": 0.7273,
    "14": 0.7243,
    "15": 0.7293,
    "16": 0.6958,
    "17": 0.7197,
    "18": 0.6947,
    "19": 0.7229,
    "20": 0.7192,
    "21": 0.6797,
    "22": 0.6989,
    "23": 0.6879,
    "24": 0.7058,
    "25": 0.7016,
    "26": 0.6979,
    "27": 0.6891,
    "28": 0.6416,
    "29": 0.6772,
    "30": 0.6869,
    "31": 0.6941,
    "32": 0.6871
  },
  "test_loss": {
    "0": 0.6931438028335571,
    "1": 0.6934929521560669,
    "2": 0.6925876031875611,
    "3": 0.70299406042099,
    "4": 0.6766651624679565,
    "5": 0.646849859046936,
    "6": 0.6415028868675232,
    "7": 0.6262338859558105,
    "8": 0.5943882512092591,
    "9": 0.6019570936203003,
    "10": 0.5769760665893555,
    "11": 0.5765534976005554,
    "12": 0.5591474794387817,
    "13": 0.5637648633003235,
    "14": 0.5928984136581421,
    "15": 0.5511191236972809,
    "16": 0.6206451506614685,
    "17": 0.5686846384525299,
    "18": 0.5918896644115448,
    "19": 0.5585454278469085,
    "20": 0.5862522246360778,
    "21": 0.6374452032089234,
    "22": 0.599101858139038,
    "23": 0.6037197881698608,
    "24": 0.5867020143032073,
    "25": 0.5867111213684082,
    "26": 0.6001790143966674,
    "27": 0.6144306435585022,
    "28": 0.6589769105911255,
    "29": 0.6417090995788575,
    "30": 0.5983459302902222,
    "31": 0.5784439500808716,
    "32": 0.5972359701156617
  },
  "drift_final_total_l2": {
    "0": 10.07009220123291,
    "1": 20.332082748413086,
    "2": 21.91043472290039,
    "3": 25.202585220336914,
    "4": 27.803842544555664,
    "5": 40.134273529052734,
    "6": 32.51210021972656,
    "7": 31.083171844482422,
    "8": 37.260013580322266,
    "9": 40.08597183227539,
    "10": 55.12367630004883,
    "11": 58.72010040283203,
    "12": 52.0120735168457,
    "13": 58.14111328125,
    "14": 48.05537414550781,
    "15": 31.80333137512207,
    "16": 51.810150146484375,
    "17": 54.625579833984375,
    "18": 33.88581085205078,
    "19": 29.277740478515625,
    "20": 42.71714401245117,
    "21": 38.5865364074707,
    "22": 31.525867462158203,
    "23": 20.513025283813477,
    "24": 39.08264923095703,
    "25": 27.399091720581055,
    "26": 27.944616317749023,
    "27": 31.07152557373047,
    "28": 34.78153610229492,
    "29": 32.63804626464844,
    "30": 20.661209106445312,
    "31": 18.066450119018555,
    "32": 25.331384658813477
  },
  "probe_type": "mlp",
  "probe_hidden_size": [
    1024
  ],
  "init_strategy": "gamma_second_zero",
  "init_gamma": 0.9,