{
  "config": {
    "model_short": "llama",
    "task_name": "somo",
    "dataset": {
      "train": "cache/llama/somo_train/",
      "test": "cache/llama/somo_test/"
    },
    "mdl": {
      "batch_size": 64,
      "probe_type": "mlp",
      "probe_hidden_size": [
        11
      ],
      "num_classes": 2,
      "init_strategy": "gamma_second_zero",
      "init_gamma": 0.5,
      "optimizer": "adamw",
      "train_epochs": 10,
      "lr": 0.001,
      "seed": 42,
      "early_stopping_gap": 3,
      "split_num": 5,
      "split_ratio": 2.0
    },
    "out_dir": "init_results/llama/somo/hidden-11/seed-42/strategy-gamma_second_zero/gamma-0.5/opt-adamw/2026-04-25_02-40-07"
  },
  "train_meta": {
    "dataset": "compling/somo",
    "split": "train",
    "text_col": "text",
    "model": "meta-llama/Meta-Llama-3.1-8B",
    "max_len": 64,
    "hidden_size": 4096,
    "num_hidden_layers": 32,
    "num_states": 33,
    "memmap_file": "last_token_hidden_states.memmap",
    "dtype": "float32",
    "shape": [
      15000,
      33,
      4096
    ]
  },
  "test_meta": {
    "dataset": "compling/somo",
    "split": "test",
    "text_col": "text",
    "model": "meta-llama/Meta-Llama-3.1-8B",
    "max_len": 64,
    "hidden_size": 4096,
    "num_hidden_layers": 32,
    "num_states": 33,
    "memmap_file": "last_token_hidden_states.memmap",
    "dtype": "float32",
    "shape": [
      10000,
      33,
      4096
    ]
  },
  "splits": [
    484,
    968,
    1936,
    3872,
    7740
  ],
  "mdl_sum_ce": {
    "0": 10061.724806785583,
    "1": 10061.392619609833,
    "2": 10062.233979701996,
    "3": 10032.645089149475,
    "4": 9769.663753986359,
    "5": 9544.373782157898,
    "6": 9623.540823936462,
    "7": 9509.492924690247,
    "8": 9045.026066303253,
    "9": 8641.696309566498,
    "10": 8145.692708015442,
    "11": 8072.264346122742,
    "12": 8127.239152908325,
    "13": 8083.812261104584,
    "14": 8149.421096801758,
    "15": 8265.691039562225,
    "16": 8317.323401927948,
    "17": 8468.325510501862,
    "18": 8418.354635238647,
    "19": 8621.73319721222,
    "20": 8570.867718219757,
    "21": 8636.53335571289,
    "22": 8664.440297603607,
    "23": 8753.798483848572,
    "24": 8799.192335128784,
    "25": 8668.8498544693,
    "26": 8764.0507645607,
    "27": 8685.877918720245,
    "28": 8787.831988334656,
    "29": 8714.701513767242,
    "30": 9600.577461719513,
    "31": 8865.978847503662,
    "32": 8863.96966123581
  },
  "mdl_nll": {
    "0": 0.6931472035537051,
    "1": 0.6931243193448493,
    "2": 0.6931822802219617,
    "3": 0.6911439163095533,
    "4": 0.673027263294734,
    "5": 0.6575071495010952,
    "6": 0.6629609275238676,
    "7": 0.6551042246273248,
    "8": 0.62310733441053,
    "9": 0.5953221486336799,
    "10": 0.5611527079095785,
    "11": 0.5560942646819194,
    "12": 0.5598814517021442,
    "13": 0.5568897947853805,
    "14": 0.5614095547534966,
    "15": 0.5694193331194699,
    "16": 0.5729762608106881,
    "17": 0.583378720756535,
    "18": 0.5799362520831254,
    "19": 0.5939468997803954,
    "20": 0.5904428023022704,
    "21": 0.5949664753177797,
    "22": 0.5968889706257652,
    "23": 0.6030448115078928,
    "24": 0.6061719712819499,
    "25": 0.5971927427989322,
    "26": 0.6037510860127239,
    "27": 0.5983657976522627,
    "28": 0.6053893626573887,
    "29": 0.6003514407389944,
    "30": 0.6613789929539483,
    "31": 0.610772860809015,
    "32": 0.6106344489691243
  },
  "stopping_epochs_per_stage": {
    "0": [
      3,
      1,
      2,
      3
    ],
    "1": [
      3,
      1,
      2,
      1
    ],
    "2": [
      1,
      1,
      1,
      1
    ],
    "3": [
      6,
      7,
      1,
      8
    ],
    "4": [
      1,
      10,
      10,
      9
    ],
    "5": [
      10,
      10,
      10,
      10
    ],
    "6": [
      10,
      10,
      3,
      9
    ],
    "7": [
      6,
      10,
      9,
      10
    ],
    "8": [
      10,
      10,
      10,
      10
    ],
    "9": [
      10,
      10,
      8,
      10
    ],
    "10": [
      10,
      10,
      9,
      6
    ],
    "11": [
      10,
      10,
      10,
      8
    ],
    "12": [
      10,
      10,
      10,
      8
    ],
    "13": [
      10,
      9,
      9,
      8
    ],
    "14": [
      10,
      10,
      7,
      9
    ],
    "15": [
      10,
      10,
      5,
      9
    ],
    "16": [
      10,
      9,
      10,
      9
    ],
    "17": [
      9,
      9,
      10,
      10
    ],
    "18": [
      10,
      9,
      8,
      8
    ],
    "19": [
      10,
      10,
      9,
      10
    ],
    "20": [
      10,
      10,
      9,
      7
    ],
    "21": [
      10,
      10,
      9,
      6
    ],
    "22": [
      9,
      7,
      7,
      10
    ],
    "23": [
      6,
      10,
      10,
      9
    ],
    "24": [
      7,
      1,
      10,
      10
    ],
    "25": [
      10,
      7,
      6,
      8
    ],
    "26": [
      5,
      8,
      9,
      7
    ],
    "27": [
      3,
      9,
      9,
      7
    ],
    "28": [
      8,
      9,
      10,
      7
    ],
    "29": [
      4,
      7,
      8,
      9
    ],
    "30": [
      6,
      7,
      7,
      1
    ],
    "31": [
      2,
      9,
      9,
      8
    ],
    "32": [
      9,
      5,
      6,
      9
    ]
  },
  "test_acc": {
    "0": 0.5013,
    "1": 0.5013,
    "2": 0.5013,
    "3": 0.5013,
    "4": 0.5885,
    "5": 0.6352,
    "6": 0.6405,
    "7": 0.6646,
    "8": 0.6867,
    "9": 0.7032,
    "10": 0.7286,
    "11": 0.7338,
    "12": 0.7257,
    "13": 0.7328,
    "14": 0.732,
    "15": 0.7163,
    "16": 0.7233,
    "17": 0.6997,
    "18": 0.7231,
    "19": 0.7175,
    "20": 0.7166,
    "21": 0.7199,
    "22": 0.7158,
    "23": 0.696,
    "24": 0.6889,
    "25": 0.7053,
    "26": 0.7053,
    "27": 0.705,
    "28": 0.7021,
    "29": 0.5013,
    "30": 0.6909,
    "31": 0.6885,
    "32": 0.6982
  },
  "test_loss": {
    "0": 0.693227435207367,
    "1": 0.6932902322769166,
    "2": 0.6931448139190673,
    "3": 0.6931955731391907,
    "4": 0.6659024374008179,
    "5": 0.637776784992218,
    "6": 0.6329497129440308,
    "7": 0.6152078811645508,
    "8": 0.5909958990097046,
    "9": 0.5781296382904053,
    "10": 0.5370635494709015,
    "11": 0.5413004634857178,
    "12": 0.545052339553833,
    "13": 0.5432303791046142,
    "14": 0.5416770610809326,
    "15": 0.5468016640663147,
    "16": 0.548900464630127,
    "17": 0.586329670715332,
    "18": 0.5493943878173828,
    "19": 0.55903478307724,
    "20": 0.5574691582679748,
    "21": 0.5564439345359802,
    "22": 0.5630585817337036,
    "23": 0.5823690704822541,
    "24": 0.5965470502853394,
    "25": 0.5755777988433838,
    "26": 0.572599324798584,
    "27": 0.5793879803657531,
    "28": 0.5804604908466339,
    "29": 0.6931656539916993,
    "30": 0.603572627735138,
    "31": 0.6051474590301513,
    "32": 0.581576842880249
  },
  "drift_final_total_l2": {
    "0": 1.070682406425476,
    "1": 1.1309581995010376,
    "2": 1.2960798740386963,
    "3": 1.2708922624588013,
    "4": 8.634846687316895,
    "5": 11.434468269348145,
    "6": 12.782246589660645,
    "7": 8.086868286132812,
    "8": 13.237194061279297,
    "9": 13.437540054321289,
    "10": 14.825762748718262,
    "11": 13.847176551818848,
    "12": 9.167556762695312,
    "13": 14.014466285705566,
    "14": 12.668874740600586,
    "15": 12.45085620880127,
    "16": 12.105005264282227,
    "17": 12.405072212219238,
    "18": 10.489068031311035,
    "19": 11.549301147460938,
    "20": 10.660014152526855,
    "21": 11.209460258483887,
    "22": 11.238422393798828,
    "23": 9.075435638427734,
    "24": 9.722282409667969,
    "25": 8.358400344848633,
    "26": 7.644979476928711,
    "27": 5.923759460449219,
    "28": 9.284126281738281,
    "29": 1.7322983741760254,
    "30": 9.209331512451172,
    "31": 9.626272201538086,
    "32": 6.830618858337402
  },
  "probe_type": "mlp",
  "probe_hidden_size": [
    11
  ],