{
  "config": {
    "model_short": "llama",
    "task_name": "somo",
    "dataset": {
      "train": "cache/llama/somo_train/",
      "test": "cache/llama/somo_test/"
    },
    "mdl": {
      "batch_size": 64,
      "probe_type": "mlp",
      "probe_hidden_size": [
        2048
      ],
      "num_classes": 2,
      "init_strategy": "gamma_second_zero",
      "init_gamma": 1.3,
      "optimizer": "adamw",
      "train_epochs": 10,
      "lr": 0.001,
      "seed": 142,
      "early_stopping_gap": 3,
      "split_num": 5,
      "split_ratio": 2.0
    },
    "out_dir": "init_results/llama/somo/hidden-2048/seed-142/strategy-gamma_second_zero/gamma-1.3/opt-adamw/2026-04-25_03-14-32"
  },
  "train_meta": {
    "dataset": "compling/somo",
    "split": "train",
    "text_col": "text",
    "model": "meta-llama/Meta-Llama-3.1-8B",
    "max_len": 64,
    "hidden_size": 4096,
    "num_hidden_layers": 32,
    "num_states": 33,
    "memmap_file": "last_token_hidden_states.memmap",
    "dtype": "float32",
    "shape": [
      15000,
      33,
      4096
    ]
  },
  "test_meta": {
    "dataset": "compling/somo",
    "split": "test",
    "text_col": "text",
    "model": "meta-llama/Meta-Llama-3.1-8B",
    "max_len": 64,
    "hidden_size": 4096,
    "num_hidden_layers": 32,
    "num_states": 33,
    "memmap_file": "last_token_hidden_states.memmap",
    "dtype": "float32",
    "shape": [
      10000,
      33,
      4096
    ]
  },
  "splits": [
    484,
    968,
    1936,
    3872,
    7740
  ],
  "mdl_sum_ce": {
    "0": 10060.247395992279,
    "1": 10060.492087364197,
    "2": 10057.18264389038,
    "3": 9985.304300785065,
    "4": 9723.97483253479,
    "5": 9521.351506233215,
    "6": 9419.747336864471,
    "7": 9274.18299293518,
    "8": 8875.971464633942,
    "9": 8606.896292686462,
    "10": 8178.399834156036,
    "11": 8066.949290275574,
    "12": 8156.660931587219,
    "13": 8169.158129692078,
    "14": 8212.908136367798,
    "15": 8333.112174034119,
    "16": 8422.611445903778,
    "17": 8436.532643318176,
    "18": 8541.52057170868,
    "19": 8564.910375595093,
    "20": 8655.17759847641,
    "21": 8683.409921646118,
    "22": 8643.31037902832,
    "23": 8738.196283340454,
    "24": 8712.521369934082,
    "25": 8934.833623409271,
    "26": 8895.634377479553,
    "27": 8838.972346305847,
    "28": 8984.674242019653,
    "29": 8888.950825691223,
    "30": 9030.812133789062,
    "31": 8910.221789836884,
    "32": 8968.984663963318
  },
  "mdl_nll": {
    "0": 0.6930454254610278,
    "1": 0.6930622821275969,
    "2": 0.6928342962173037,
    "3": 0.6878826330108201,
    "4": 0.6698797762837414,
    "5": 0.6559211563952339,
    "6": 0.6489216958435156,
    "7": 0.6388938407918973,
    "8": 0.6114612472192024,
    "9": 0.5929247928276703,
    "10": 0.5634058855163983,
    "11": 0.5557281131355452,
    "12": 0.5619083033609272,
    "13": 0.5627692291052685,
    "14": 0.565783145244406,
    "15": 0.5740639414462744,
    "16": 0.5802295016467194,
    "17": 0.581188525993261,
    "18": 0.5884210920163047,
    "19": 0.5900324039401414,
    "20": 0.5962508679027563,
    "21": 0.5981957785647642,
    "22": 0.5954333410738716,
    "23": 0.6019699836966419,
    "24": 0.6002012517176964,
    "25": 0.6155162319791452,
    "26": 0.6128158154780624,
    "27": 0.6089123964112598,
    "28": 0.6189497273367079,
    "29": 0.6123553889288526,
    "30": 0.6221281436889682,
    "31": 0.6138207350397412,
    "32": 0.6178688801297408
  },
  "stopping_epochs_per_stage": {
    "0": [
      1,
      4,
      2,
      1
    ],
    "1": [
      1,
      1,
      3,
      10
    ],
    "2": [
      2,
      1,
      3,
      6
    ],
    "3": [
      4,
      1,
      9,
      10
    ],
    "4": [
      2,
      1,
      8,
      5
    ],
    "5": [
      6,
      3,
      9,
      9
    ],
    "6": [
      10,
      3,
      9,
      7
    ],
    "7": [
      7,
      2,
      8,
      6
    ],
    "8": [
      6,
      8,
      8,
      5
    ],
    "9": [
      9,
      7,
      2,
      4
    ],
    "10": [
      3,
      7,
      7,
      4
    ],
    "11": [
      4,
      4,
      4,
      4
    ],
    "12": [
      7,
      5,
      3,
      3
    ],
    "13": [
      6,
      4,
      3,
      3
    ],
    "14": [
      10,
      4,
      3,
      4
    ],
    "15": [
      6,
      3,
      5,
      5
    ],
    "16": [
      5,
      4,
      2,
      6
    ],
    "17": [
      3,
      4,
      5,
      4
    ],
    "18": [
      5,
      4,
      4,
      4
    ],
    "19": [
      4,
      6,
      4,
      3
    ],
    "20": [
      4,
      6,
      3,
      5
    ],
    "21": [
      5,
      6,
      4,
      6
    ],
    "22": [
      4,
      6,
      5,
      6
    ],
    "23": [
      5,
      4,
      4,
      5
    ],
    "24": [
      4,
      5,
      4,
      6
    ],
    "25": [
      1,
      5,
      7,
      3
    ],
    "26": [
      4,
      5,
      6,
      5
    ],
    "27": [
      4,
      4,
      4,
      4
    ],
    "28": [
      2,
      4,
      3,
      9
    ],
    "29": [
      3,
      4,
      4,
      3
    ],
    "30": [
      3,
      3,
      2,
      5
    ],
    "31": [
      3,
      5,
      6,
      6
    ],
    "32": [
      4,
      5,
      8,
      7
    ]
  },
  "test_acc": {
    "0": 0.5013,
    "1": 0.4893,
    "2": 0.5098,
    "3": 0.541,
    "4": 0.6003,
    "5": 0.6252,
    "6": 0.6399,
    "7": 0.6173,
    "8": 0.6885,
    "9": 0.7033,
    "10": 0.6889,
    "11": 0.7284,
    "12": 0.7235,
    "13": 0.7274,
    "14": 0.7078,
    "15": 0.7296,
    "16": 0.7274,
    "17": 0.6975,
    "18": 0.72,
    "19": 0.7238,
    "20": 0.7138,
    "21": 0.6959,
    "22": 0.7112,
    "23": 0.678,
    "24": 0.6979,
    "25": 0.6908,
    "26": 0.7036,
    "27": 0.6896,
    "28": 0.6651,
    "29": 0.6943,
    "30": 0.673,
    "31": 0.6951,
    "32": 0.6863
  },
  "test_loss": {
    "0": 0.6931741136550903,
    "1": 0.6936112688064575,
    "2": 0.7134061434745789,
    "3": 0.6968395655632019,
    "4": 0.6709660128593444,
    "5": 0.6523549811363221,
    "6": 0.6416892827987671,
    "7": 0.6878213777542114,
    "8": 0.6021886831283569,
    "9": 0.5905050256729126,
    "10": 0.5972629570007324,
    "11": 0.586895512008667,
    "12": 0.5644645573616028,
    "13": 0.5620064098834991,
    "14": 0.5886136780738831,
    "15": 0.5715947467327118,
    "16": 0.5822221036911011,
    "17": 0.5952028758525848,
    "18": 0.5624817101478576,
    "19": 0.5706187170982361,
    "20": 0.5618058165550232,
    "21": 0.6129408760547638,
    "22": 0.5757737782478333,
    "23": 0.606246622467041,
    "24": 0.5986928339958191,
    "25": 0.5886202756881714,
    "26": 0.588506565952301,
    "27": 0.6000392763137817,
    "28": 0.6237877540588379,
    "29": 0.6006205335617065,
    "30": 0.6519170755386352,
    "31": 0.5989147332668304,
    "32": 0.6039193838119506
  },
  "drift_final_total_l2": {
    "0": 10.298542022705078,
    "1": 21.100589752197266,
    "2": 36.08788299560547,
    "3": 35.51386260986328,
    "4": 34.28755569458008,
    "5": 30.00874900817871,
    "6": 52.601016998291016,
    "7": 55.03834533691406,
    "8": 55.93893814086914,
    "9": 54.01520538330078,
    "10": 67.126220703125,
    "11": 59.13161849975586,
    "12": 74.49909973144531,
    "13": 63.19651412963867,
    "14": 53.8138313293457,
    "15": 62.96184158325195,
    "16": 61.28927230834961,
    "17": 36.9155387878418,
    "18": 35.881935119628906,
    "19": 47.9775276184082,
    "20": 31.96476173400879,
    "21": 36.318912506103516,
    "22": 37.548397064208984,
    "23": 39.73044204711914,
    "24": 35.81532287597656,
    "25": 30.298648834228516,
    "26": 32.673789978027344,
    "27": 29.856504440307617,
    "28": 33.629241943359375,
    "29": 27.42313003540039,
    "30": 34.17152404785156,
    "31": 24.14858055114746,
    "32": 22.987220764160156
  },
  "probe_type": "mlp",
  "probe_hidden_size": [
    2048
  ],
  "init_strategy": "gamma_second_zero",
  "init_gamma": 1.3,