{
  "config": {
    "model_short": "llama",
    "task_name": "somo",
    "dataset": {
      "train": "cache/llama/somo_train/",
      "test": "cache/llama/somo_test/"
    },
    "mdl": {
      "batch_size": 64,
      "probe_type": "mlp",
      "probe_hidden_size": [
        128
      ],
      "num_classes": 2,
      "init_strategy": "mup",
      "init_gamma": null,
      "optimizer": "adamw",
      "train_epochs": 10,
      "lr": 0.001,
      "seed": 142,
      "early_stopping_gap": 3,
      "split_num": 5,
      "split_ratio": 2.0
    },
    "out_dir": "init_results/llama/somo/hidden-128/seed-142/strategy-mup/gamma-na/2026-04-20_22-17-51"
  },
  "train_meta": {
    "dataset": "compling/somo",
    "split": "train",
    "text_col": "text",
    "model": "meta-llama/Meta-Llama-3.1-8B",
    "max_len": 64,
    "hidden_size": 4096,
    "num_hidden_layers": 32,
    "num_states": 33,
    "memmap_file": "last_token_hidden_states.memmap",
    "dtype": "float32",
    "shape": [
      15000,
      33,
      4096
    ]
  },
  "test_meta": {
    "dataset": "compling/somo",
    "split": "test",
    "text_col": "text",
    "model": "meta-llama/Meta-Llama-3.1-8B",
    "max_len": 64,
    "hidden_size": 4096,
    "num_hidden_layers": 32,
    "num_states": 33,
    "memmap_file": "last_token_hidden_states.memmap",
    "dtype": "float32",
    "shape": [
      10000,
      33,
      4096
    ]
  },
  "splits": [
    484,
    968,
    1936,
    3872,
    7740
  ],
  "mdl_sum_ce": {
    "0": 10061.41609287262,
    "1": 10060.66999578476,
    "2": 10057.505141735077,
    "3": 10051.041662216187,
    "4": 9850.30351114273,
    "5": 9663.346741199493,
    "6": 9672.60065984726,
    "7": 9461.95825433731,
    "8": 9139.75915145874,
    "9": 8682.743733406067,
    "10": 8228.493612289429,
    "11": 8226.34415102005,
    "12": 8160.115836620331,
    "13": 8161.281998634338,
    "14": 8286.054978847504,
    "15": 8269.316458702087,
    "16": 8358.768944740295,
    "17": 8463.714747428894,
    "18": 8530.09454202652,
    "19": 8595.48371553421,
    "20": 8663.60256433487,
    "21": 8664.221137046814,
    "22": 8628.636459350586,
    "23": 8731.30104970932,
    "24": 8698.073247909546,
    "25": 8752.596757888794,
    "26": 8783.10683631897,
    "27": 8769.752098083496,
    "28": 8740.897046089172,
    "29": 8839.471842288971,
    "30": 8788.219174861908,
    "31": 8757.460151672363,
    "32": 8891.264778137207
  },
  "mdl_nll": {
    "0": 0.6931259364062152,
    "1": 0.6930745381499559,
    "2": 0.6928565129329758,
    "3": 0.6924112470526445,
    "4": 0.678582495945352,
    "5": 0.665703137310519,
    "6": 0.6663406351506792,
    "7": 0.6518295848951027,
    "8": 0.629633449397819,
    "9": 0.5981498851891752,
    "10": 0.5668568209072353,
    "11": 0.5667087455924532,
    "12": 0.5621463100454899,
    "13": 0.5622266463649999,
    "14": 0.5708221947401146,
    "15": 0.569669086435801,
    "16": 0.5758314235836522,
    "17": 0.5830610875881024,
    "18": 0.5876339585303472,
    "19": 0.5921385860797885,
    "20": 0.5968312595987096,
    "21": 0.5968738727643162,
    "22": 0.5944224620660365,
    "23": 0.6014949744908598,
    "24": 0.5992059277975713,
    "25": 0.6029620252058965,
    "26": 0.605063849291745,
    "27": 0.6041438480355122,
    "28": 0.6021560378953688,
    "29": 0.6089468064404086,
    "30": 0.605416035744138,
    "31": 0.6032970619779804,
    "32": 0.6125147959587495
  },
  "stopping_epochs_per_stage": {
    "0": [
      1,
      9,
      3,
      1
    ],
    "1": [
      1,
      1,
      2,
      6
    ],
    "2": [
      2,
      1,
      1,
      5
    ],
    "3": [
      10,
      1,
      10,
      1
    ],
    "4": [
      10,
      8,
      10,
      9
    ],
    "5": [
      10,
      9,
      10,
      9
    ],
    "6": [
      10,
      6,
      10,
      10
    ],
    "7": [
      9,
      8,
      10,
      10
    ],
    "8": [
      10,
      10,
      10,
      10
    ],
    "9": [
      10,
      10,
      10,
      10
    ],
    "10": [
      10,
      10,
      10,
      8
    ],
    "11": [
      10,
      10,
      9,
      8
    ],
    "12": [
      10,
      10,
      10,
      10
    ],
    "13": [
      10,
      9,
      10,
      10
    ],
    "14": [
      10,
      10,
      9,
      8
    ],
    "15": [
      10,
      10,
      10,
      10
    ],
    "16": [
      10,
      10,
      10,
      10
    ],
    "17": [
      10,
      10,
      10,
      9
    ],
    "18": [
      8,
      10,
      10,
      9
    ],
    "19": [
      10,
      10,
      10,
      10
    ],
    "20": [
      10,
      9,
      10,
      9
    ],
    "21": [
      10,
      9,
      10,
      9
    ],
    "22": [
      10,
      10,
      9,
      9
    ],
    "23": [
      10,
      10,
      10,
      10
    ],
    "24": [
      10,
      10,
      10,
      10
    ],
    "25": [
      7,
      9,
      8,
      10
    ],
    "26": [
      8,
      9,
      10,
      10
    ],
    "27": [
      10,
      10,
      10,
      10
    ],
    "28": [
      4,
      10,
      10,
      9
    ],
    "29": [
      10,
      8,
      10,
      9
    ],
    "30": [
      2,
      7,
      10,
      9
    ],
    "31": [
      10,
      10,
      9,
      8
    ],
    "32": [
      3,
      8,
      10,
      8
    ]
  },
  "test_acc": {
    "0": 0.4982,
    "1": 0.4969,
    "2": 0.5102,
    "3": 0.545,
    "4": 0.5997,
    "5": 0.612,
    "6": 0.6368,
    "7": 0.6531,
    "8": 0.6428,
    "9": 0.693,
    "10": 0.727,
    "11": 0.7301,
    "12": 0.7278,
    "13": 0.7316,
    "14": 0.7244,
    "15": 0.7274,
    "16": 0.7303,
    "17": 0.7225,
    "18": 0.723,
    "19": 0.7183,
    "20": 0.723,
    "21": 0.7133,
    "22": 0.709,
    "23": 0.7042,
    "24": 0.7059,
    "25": 0.6904,
    "26": 0.7069,
    "27": 0.6945,
    "28": 0.7062,
    "29": 0.6594,
    "30": 0.7071,
    "31": 0.7031,
    "32": 0.6966
  },
  "test_loss": {
    "0": 0.6934049599647522,
    "1": 0.6932085899353028,
    "2": 0.6925544617652893,
    "3": 0.6864089580535888,
    "4": 0.6614738550186158,
    "5": 0.6510607125282287,
    "6": 0.635178032875061,
    "7": 0.6218586634635925,
    "8": 0.6234402220726013,
    "9": 0.5844164290428162,
    "10": 0.5442981666564941,
    "11": 0.5422648125171662,
    "12": 0.5423048665046691,
    "13": 0.5363878614902496,
    "14": 0.5423252265930176,
    "15": 0.5407653178215027,
    "16": 0.5400303184986115,
    "17": 0.5475437314033508,
    "18": 0.54959566116333,
    "19": 0.5554596776962281,
    "20": 0.5567315486907959,
    "21": 0.5651445819854737,
    "22": 0.5697394227027893,
    "23": 0.5721757843017579,
    "24": 0.5742545490264892,
    "25": 0.5860377545356751,
    "26": 0.5699686650276184,
    "27": 0.5838793375015259,
    "28": 0.5694441045284271,
    "29": 0.620946845626831,
    "30": 0.5718525199890137,
    "31": 0.5713394521713256,
    "32": 0.5791465175628662
  },
  "drift_final_total_l2": {
    "0": 5.748217582702637,
    "1": 16.26206398010254,
    "2": 26.046588897705078,
    "3": 42.61751937866211,
    "4": 59.83882522583008,
    "5": 59.71593475341797,
    "6": 60.388214111328125,
    "7": 63.99552917480469,
    "8": 60.582889556884766,
    "9": 65.91427612304688,
    "10": 62.7161979675293,
    "11": 66.52632141113281,
    "12": 63.21260070800781,
    "13": 64.29912567138672,
    "14": 60.26213455200195,
    "15": 58.82798767089844,
    "16": 56.98180389404297,
    "17": 52.41206741333008,
    "18": 51.852474212646484,
    "19": 46.31564712524414,
    "20": 46.617431640625,
    "21": 42.98336410522461,
    "22": 43.98805236816406,
    "23": 44.458980560302734,
    "24": 38.912628173828125,
    "25": 39.694847106933594,
    "26": 42.6934928894043,
    "27": 34.76176071166992,
    "28": 36.898441314697266,
    "29": 33.82865905761719,
    "30": 32.89038848876953,
    "31": 27.68329620361328,
    "32": 23.004905700683594
  },
  "probe_type": "mlp",
  "probe_hidden_size": [
    128
  ],
  "init_strategy": "mup",
  "init_gamma": null,