{
  "config": {
    "model_short": "llama",
    "task_name": "somo",
    "dataset": {
      "train": "cache/llama/somo_train/",
      "test": "cache/llama/somo_test/"
    },
    "mdl": {
      "batch_size": 64,
      "probe_type": "mlp",
      "probe_hidden_size": [
        4
      ],
      "num_classes": 2,
      "init_strategy": "gamma",
      "init_gamma": 0.3,
      "optimizer": "adamw",
      "train_epochs": 10,
      "lr": 0.001,
      "seed": 242,
      "early_stopping_gap": 3,
      "split_num": 5,
      "split_ratio": 2.0
    },
    "out_dir": "init_results/llama/somo/hidden-4/seed-242/strategy-gamma/gamma-0.3/opt-adamw/2026-04-22_01-01-23"
  },
  "train_meta": {
    "dataset": "compling/somo",
    "split": "train",
    "text_col": "text",
    "model": "meta-llama/Meta-Llama-3.1-8B",
    "max_len": 64,
    "hidden_size": 4096,
    "num_hidden_layers": 32,
    "num_states": 33,
    "memmap_file": "last_token_hidden_states.memmap",
    "dtype": "float32",
    "shape": [
      15000,
      33,
      4096
    ]
  },
  "test_meta": {
    "dataset": "compling/somo",
    "split": "test",
    "text_col": "text",
    "model": "meta-llama/Meta-Llama-3.1-8B",
    "max_len": 64,
    "hidden_size": 4096,
    "num_hidden_layers": 32,
    "num_states": 33,
    "memmap_file": "last_token_hidden_states.memmap",
    "dtype": "float32",
    "shape": [
      10000,
      33,
      4096
    ]
  },
  "splits": [
    484,
    968,
    1936,
    3872,
    7740
  ],
  "mdl_sum_ce": {
    "0": 10063.100212574005,
    "1": 10060.797523498535,
    "2": 10056.839005470276,
    "3": 10040.969079971313,
    "4": 9902.172286510468,
    "5": 9619.99844121933,
    "6": 9590.033416748047,
    "7": 9358.99732542038,
    "8": 9428.58043050766,
    "9": 8802.127265930176,
    "10": 8262.277561187744,
    "11": 8287.841099739075,
    "12": 8341.57450580597,
    "13": 8422.228461265564,
    "14": 8250.021083593369,
    "15": 8402.961210250854,
    "16": 8471.491772174835,
    "17": 8602.621118545532,
    "18": 8690.802096366882,
    "19": 8870.245942115784,
    "20": 9626.9569272995,
    "21": 8998.071610450745,
    "22": 8958.914695739746,
    "23": 9760.613993644714,
    "24": 9140.271693229675,
    "25": 9067.858335494995,
    "26": 9754.852967262268,
    "27": 9990.87280845642,
    "28": 9015.299265861511,
    "29": 9315.455955505371,
    "30": 10045.443380355835,
    "31": 9994.038599967957,
    "32": 9961.037878990173
  },
  "mdl_nll": {
    "0": 0.6932419545724721,
    "1": 0.6930833234705521,
    "2": 0.6928106231379357,
    "3": 0.6917173518855961,
    "4": 0.6821557100103657,
    "5": 0.6627168945452832,
    "6": 0.6606526189548118,
    "7": 0.644736657854807,
    "8": 0.6495302032590011,
    "9": 0.6063741572010317,
    "10": 0.5691841802967583,
    "11": 0.5709452397174893,
    "12": 0.5746469072613647,
    "13": 0.5802031180260102,
    "14": 0.5683398376683224,
    "15": 0.5788758067133407,
    "16": 0.5835968429439815,
    "17": 0.5926302782133874,
    "18": 0.5987050217943567,
    "19": 0.611066818828588,
    "20": 0.6631962611807316,
    "21": 0.6198726653658545,
    "22": 0.6171751650413162,
    "23": 0.6724038298184565,
    "24": 0.6296687581447834,
    "25": 0.6246802380473268,
    "26": 0.6720069555843392,
    "27": 0.688266244726951,
    "28": 0.621059469954637,
    "29": 0.6417371145980553,
    "30": 0.6920255842074838,
    "31": 0.6884843345252105,
    "32": 0.6862109313164904
  },
  "stopping_epochs_per_stage": {
    "0": [
      4,
      3,
      1,
      4
    ],
    "1": [
      7,
      1,
      1,
      4
    ],
    "2": [
      1,
      3,
      1,
      8
    ],
    "3": [
      3,
      4,
      3,
      8
    ],
    "4": [
      3,
      1,
      5,
      10
    ],
    "5": [
      1,
      1,
      10,
      8
    ],
    "6": [
      5,
      1,
      9,
      10
    ],
    "7": [
      1,
      10,
      6,
      10
    ],
    "8": [
      2,
      1,
      10,
      9
    ],
    "9": [
      10,
      10,
      10,
      10
    ],
    "10": [
      4,
      10,
      8,
      6
    ],
    "11": [
      10,
      10,
      10,
      9
    ],
    "12": [
      10,
      1,
      10,
      8
    ],
    "13": [
      2,
      10,
      10,
      7
    ],
    "14": [
      10,
      10,
      8,
      10
    ],
    "15": [
      1,
      10,
      6,
      10
    ],
    "16": [
      10,
      10,
      9,
      9
    ],
    "17": [
      10,
      10,
      9,
      9
    ],
    "18": [
      1,
      9,
      10,
      10
    ],
    "19": [
      4,
      1,
      9,
      8
    ],
    "20": [
      5,
      10,
      8,
      1
    ],
    "21": [
      10,
      10,
      8,
      10
    ],
    "22": [
      10,
      2,
      10,
      9
    ],
    "23": [
      1,
      10,
      10,
      4
    ],
    "24": [
      9,
      2,
      10,
      8
    ],
    "25": [
      10,
      1,
      9,
      9
    ],
    "26": [
      5,
      7,
      9,
      1
    ],
    "27": [
      9,
      10,
      1,
      1
    ],
    "28": [
      5,
      10,
      8,
      9
    ],
    "29": [
      7,
      8,
      7,
      9
    ],
    "30": [
      7,
      5,
      2,
      1
    ],
    "31": [
      2,
      10,
      1,
      8
    ],
    "32": [
      3,
      7,
      10,
      10
    ]
  },
  "test_acc": {
    "0": 0.5013,
    "1": 0.5015,
    "2": 0.5013,
    "3": 0.5384,
    "4": 0.6066,
    "5": 0.6365,
    "6": 0.6419,
    "7": 0.6613,
    "8": 0.6897,
    "9": 0.6923,
    "10": 0.7311,
    "11": 0.7316,
    "12": 0.7294,
    "13": 0.7194,
    "14": 0.718,
    "15": 0.7268,
    "16": 0.7129,
    "17": 0.7013,
    "18": 0.7061,
    "19": 0.7193,
    "20": 0.7186,
    "21": 0.7041,
    "22": 0.7078,
    "23": 0.7095,
    "24": 0.6829,
    "25": 0.6957,
    "26": 0.5028,
    "27": 0.6984,
    "28": 0.6822,
    "29": 0.7024,
    "30": 0.5013,
    "31": 0.5016,
    "32": 0.506
  },
  "test_loss": {
    "0": 0.6931561570167541,
    "1": 0.6933023823738098,
    "2": 0.6932524541854859,
    "3": 0.6898734844207763,
    "4": 0.65897181224823,
    "5": 0.6372517189979553,
    "6": 0.6334364040374756,
    "7": 0.6211392667770386,
    "8": 0.5914042077064514,
    "9": 0.5884566204071044,
    "10": 0.5429011346817016,
    "11": 0.5430827929973602,
    "12": 0.543376840353012,
    "13": 0.5526735469818115,
    "14": 0.5529367626190186,
    "15": 0.5455290462970733,
    "16": 0.5607437502861023,
    "17": 0.5739747325897216,
    "18": 0.5795674654960632,
    "19": 0.5613091211795807,
    "20": 0.5611909942626954,
    "21": 0.5771849721431732,
    "22": 0.5637889243125915,
    "23": 0.5744994178771973,
    "24": 0.5913172821044922,
    "25": 0.586366455411911,
    "26": 0.6933832421302796,
    "27": 0.5894769292831421,
    "28": 0.6022501523971557,
    "29": 0.583048570728302,
    "30": 0.6928277041435241,
    "31": 0.6930157564163208,
    "32": 0.6946114310264587
  },
  "drift_final_total_l2": {
    "0": 1.002331018447876,
    "1": 3.002577304840088,
    "2": 1.7082080841064453,
    "3": 5.593223571777344,
    "4": 9.2180757522583,
    "5": 12.267065048217773,
    "6": 7.7194647789001465,
    "7": 8.029275894165039,
    "8": 9.634339332580566,
    "9": 9.378748893737793,
    "10": 8.867237091064453,
    "11": 9.965675354003906,
    "12": 10.63589096069336,
    "13": 8.510198593139648,
    "14": 8.811933517456055,
    "15": 7.9583024978637695,
    "16": 8.124398231506348,
    "17": 6.756547927856445,
    "18": 6.009263038635254,
    "19": 5.834092140197754,
    "20": 6.9200286865234375,
    "21": 5.123324394226074,
    "22": 6.884458065032959,
    "23": 6.0063276290893555,
    "24": 6.277831077575684,
    "25": 6.985233783721924,
    "26": 3.7961549758911133,
    "27": 8.699313163757324,
    "28": 6.036637783050537,
    "29": 6.387124061584473,
    "30": 2.2149429321289062,
    "31": 1.1369938850402832,
    "32": 2.573000192642212
  },
  "probe_type": "mlp",
  "probe_hidden_size": [
    4
  ],
  "init_strategy": "gamma",
  "init_gamma": 0.3,