{
  "config": {
    "model_short": "llama",
    "task_name": "somo",
    "dataset": {
      "train": "cache/llama/somo_train/",
      "test": "cache/llama/somo_test/"
    },
    "mdl": {
      "batch_size": 64,
      "probe_type": "mlp",
      "probe_hidden_size": [
        4
      ],
      "num_classes": 2,
      "init_strategy": "gamma_second_zero",
      "init_gamma": 1.6,
      "optimizer": "adamw",
      "train_epochs": 10,
      "lr": 0.001,
      "seed": 342,
      "early_stopping_gap": 3,
      "split_num": 5,
      "split_ratio": 2.0
    },
    "out_dir": "init_results/llama/somo/hidden-4/seed-342/strategy-gamma_second_zero/gamma-1.6/opt-adamw/2026-04-25_03-13-49"
  },
  "train_meta": {
    "dataset": "compling/somo",
    "split": "train",
    "text_col": "text",
    "model": "meta-llama/Meta-Llama-3.1-8B",
    "max_len": 64,
    "hidden_size": 4096,
    "num_hidden_layers": 32,
    "num_states": 33,
    "memmap_file": "last_token_hidden_states.memmap",
    "dtype": "float32",
    "shape": [
      15000,
      33,
      4096
    ]
  },
  "test_meta": {
    "dataset": "compling/somo",
    "split": "test",
    "text_col": "text",
    "model": "meta-llama/Meta-Llama-3.1-8B",
    "max_len": 64,
    "hidden_size": 4096,
    "num_hidden_layers": 32,
    "num_states": 33,
    "memmap_file": "last_token_hidden_states.memmap",
    "dtype": "float32",
    "shape": [
      10000,
      33,
      4096
    ]
  },
  "splits": [
    484,
    968,
    1936,
    3872,
    7740
  ],
  "mdl_sum_ce": {
    "0": 10060.834147453308,
    "1": 10060.116820335388,
    "2": 10060.729955673218,
    "3": 10055.412278175354,
    "4": 9869.471828460693,
    "5": 10042.059069633484,
    "6": 10049.07157278061,
    "7": 9889.285297393799,
    "8": 9392.689755439758,
    "9": 9203.06931591034,
    "10": 8268.758197784424,
    "11": 8341.345310211182,
    "12": 8385.595255851746,
    "13": 8507.330610275269,
    "14": 8340.872549533844,
    "15": 8831.918013572693,
    "16": 8509.817400932312,
    "17": 8686.797805309296,
    "18": 8706.22604894638,
    "19": 8738.721140861511,
    "20": 9629.30674791336,
    "21": 8851.097591400146,
    "22": 8752.171045303345,
    "23": 9648.51240348816,
    "24": 9201.044268608093,
    "25": 9963.31718158722,
    "26": 9711.577788829803,
    "27": 8959.755893230438,
    "28": 8850.523604393005,
    "29": 8966.894576072693,
    "30": 8903.446758270264,
    "31": 9719.203611850739,
    "32": 8852.12956571579
  },
  "mdl_nll": {
    "0": 0.6930858464765299,
    "1": 0.6930364301691505,
    "2": 0.6930786687567662,
    "3": 0.6927123366061831,
    "4": 0.6799029917649968,
    "5": 0.6917924407297799,
    "6": 0.6922755285740293,
    "7": 0.6812679317576329,
    "8": 0.647057712554406,
    "9": 0.6339948550503127,
    "10": 0.5696306281196214,
    "11": 0.5746311180911533,
    "12": 0.5776794747762294,
    "13": 0.5860657626257418,
    "14": 0.5745985498438857,
    "15": 0.6084264269476917,
    "16": 0.5862370763937939,
    "17": 0.5984291681805798,
    "18": 0.5997675701947079,
    "19": 0.6020061408694896,
    "20": 0.663358139150824,
    "21": 0.609747698498219,
    "22": 0.6029326980782134,
    "23": 0.6646812071843593,
    "24": 0.6338553505516735,
    "25": 0.6863679513355758,
    "26": 0.6690257501260543,
    "27": 0.6172331147168943,
    "28": 0.6097081568195788,
    "29": 0.6177248950174079,
    "30": 0.6133540064942314,
    "31": 0.6695510892705111,
    "32": 0.6098187906941162
  },
  "stopping_epochs_per_stage": {
    "0": [
      6,
      1,
      1,
      4
    ],
    "1": [
      6,
      2,
      1,
      10
    ],
    "2": [
      4,
      1,
      1,
      2
    ],
    "3": [
      10,
      1,
      9,
      3
    ],
    "4": [
      10,
      1,
      1,
      10
    ],
    "5": [
      10,
      10,
      1,
      3
    ],
    "6": [
      5,
      10,
      1,
      3
    ],
    "7": [
      10,
      2,
      9,
      3
    ],
    "8": [
      9,
      2,
      1,
      9
    ],
    "9": [
      9,
      1,
      1,
      9
    ],
    "10": [
      10,
      10,
      10,
      9
    ],
    "11": [
      10,
      10,
      10,
      10
    ],
    "12": [
      10,
      1,
      10,
      10
    ],
    "13": [
      10,
      2,
      10,
      10
    ],
    "14": [
      10,
      9,
      8,
      10
    ],
    "15": [
      10,
      10,
      1,
      9
    ],
    "16": [
      10,
      10,
      9,
      10
    ],
    "17": [
      10,
      10,
      10,
      10
    ],
    "18": [
      8,
      10,
      10,
      10
    ],
    "19": [
      10,
      9,
      10,
      8
    ],
    "20": [
      10,
      10,
      9,
      5
    ],
    "21": [
      9,
      10,
      10,
      10
    ],
    "22": [
      8,
      10,
      10,
      9
    ],
    "23": [
      10,
      9,
      8,
      4
    ],
    "24": [
      10,
      9,
      1,
      9
    ],
    "25": [
      8,
      8,
      1,
      2
    ],
    "26": [
      8,
      9,
      10,
      2
    ],
    "27": [
      9,
      2,
      10,
      10
    ],
    "28": [
      10,
      9,
      6,
      8
    ],
    "29": [
      6,
      1,
      9,
      10
    ],
    "30": [
      9,
      10,
      5,
      6
    ],
    "31": [
      10,
      7,
      9,
      4
    ],
    "32": [
      6,
      10,
      10,
      10
    ]
  },
  "test_acc": {
    "0": 0.5013,
    "1": 0.5013,
    "2": 0.5013,
    "3": 0.5496,
    "4": 0.5013,
    "5": 0.5013,
    "6": 0.5013,
    "7": 0.5013,
    "8": 0.6798,
    "9": 0.7098,
    "10": 0.6942,
    "11": 0.7294,
    "12": 0.732,
    "13": 0.7349,
    "14": 0.7315,
    "15": 0.5013,
    "16": 0.7198,
    "17": 0.7194,
    "18": 0.5013,
    "19": 0.7253,
    "20": 0.5013,
    "21": 0.7083,
    "22": 0.5013,
    "23": 0.4987,
    "24": 0.6914,
    "25": 0.7109,
    "26": 0.7039,
    "27": 0.5013,
    "28": 0.7014,
    "29": 0.701,
    "30": 0.5013,
    "31": 0.7034,
    "32": 0.684
  },
  "test_loss": {
    "0": 0.6931851399421692,
    "1": 0.693194324874878,
    "2": 0.6931604110717774,
    "3": 0.6855241502761841,
    "4": 0.6932151975631714,
    "5": 0.6931591529846192,
    "6": 0.6931447403907776,
    "7": 0.6931512105941773,
    "8": 0.5986499257087707,
    "9": 0.5744969038009644,
    "10": 0.5914651923179627,
    "11": 0.5409331533432007,
    "12": 0.538952533531189,
    "13": 0.530177266216278,
    "14": 0.5412991681098938,
    "15": 0.6931581111907958,
    "16": 0.5535253144264222,
    "17": 0.5608487542152405,
    "18": 0.6931701698303223,
    "19": 0.5546069268226623,
    "20": 0.6931614486694336,
    "21": 0.5753324841499329,
    "22": 0.6931501486778259,
    "23": 0.693147668838501,
    "24": 0.58849238986969,
    "25": 0.5666216252326965,
    "26": 0.5791846502304077,
    "27": 0.6932323608398437,
    "28": 0.5928830419540405,
    "29": 0.5775109788894653,
    "30": 0.6932283295631408,
    "31": 0.5794645511627198,
    "32": 0.5987681754112244
  },
  "drift_final_total_l2": {
    "0": 0.42626509070396423,
    "1": 0.760021984577179,
    "2": 0.69632488489151,
    "3": 8.614041328430176,
    "4": 1.1585965156555176,
    "5": 1.0222373008728027,
    "6": 0.6986410021781921,
    "7": 0.6917652487754822,
    "8": 8.586137771606445,
    "9": 9.39710521697998,
    "10": 10.44188117980957,
    "11": 9.991378784179688,
    "12": 10.286073684692383,
    "13": 11.18647575378418,
    "14": 7.88533878326416,
    "15": 0.7250574231147766,
    "16": 7.297776222229004,
    "17": 6.6745171546936035,
    "18": 3.213594436645508,
    "19": 7.721708297729492,
    "20": 0.7958643436431885,
    "21": 7.04874324798584,
    "22": 0.6260115504264832,
    "23": 1.1636189222335815,
    "24": 5.91440486907959,
    "25": 5.477321147918701,
    "26": 7.0822906494140625,
    "27": 0.678594172000885,
    "28": 5.427630424499512,
    "29": 5.46617317199707,
    "30": 0.7409804463386536,
    "31": 4.913322448730469,
    "32": 5.776285648345947
  },
  "probe_type": "mlp",
  "probe_hidden_size": [
    4
  ],