{
  "config": {
    "model_short": "llama",
    "task_name": "somo",
    "dataset": {
      "train": "cache/llama/somo_train/",
      "test": "cache/llama/somo_test/"
    },
    "mdl": {
      "batch_size": 64,
      "probe_type": "mlp",
      "probe_hidden_size": [
        2048
      ],
      "num_classes": 2,
      "init_strategy": "gamma",
      "init_gamma": 1.0,
      "optimizer": "adamw",
      "train_epochs": 10,
      "lr": 0.001,
      "seed": 142,
      "early_stopping_gap": 3,
      "split_num": 5,
      "split_ratio": 2.0
    },
    "out_dir": "init_results/llama/somo/hidden-2048/seed-142/strategy-gamma/gamma-1.0/opt-adamw/2026-04-22_04-53-31"
  },
  "train_meta": {
    "dataset": "compling/somo",
    "split": "train",
    "text_col": "text",
    "model": "meta-llama/Meta-Llama-3.1-8B",
    "max_len": 64,
    "hidden_size": 4096,
    "num_hidden_layers": 32,
    "num_states": 33,
    "memmap_file": "last_token_hidden_states.memmap",
    "dtype": "float32",
    "shape": [
      15000,
      33,
      4096
    ]
  },
  "test_meta": {
    "dataset": "compling/somo",
    "split": "test",
    "text_col": "text",
    "model": "meta-llama/Meta-Llama-3.1-8B",
    "max_len": 64,
    "hidden_size": 4096,
    "num_hidden_layers": 32,
    "num_states": 33,
    "memmap_file": "last_token_hidden_states.memmap",
    "dtype": "float32",
    "shape": [
      10000,
      33,
      4096
    ]
  },
  "splits": [
    484,
    968,
    1936,
    3872,
    7740
  ],
  "mdl_sum_ce": {
    "0": 10060.486465454102,
    "1": 10060.680280685425,
    "2": 10059.564697265625,
    "3": 10000.372053146362,
    "4": 9741.787177562714,
    "5": 9513.301603794098,
    "6": 9461.871366024017,
    "7": 9254.778199195862,
    "8": 8949.052392482758,
    "9": 8481.477467536926,
    "10": 8117.740261077881,
    "11": 8099.996322631836,
    "12": 8087.638268947601,
    "13": 8187.613481998444,
    "14": 8387.780806541443,
    "15": 8321.253791332245,
    "16": 8439.037225723267,
    "17": 8491.089940547943,
    "18": 8459.845371246338,
    "19": 8646.044172286987,
    "20": 8592.941915512085,
    "21": 8619.428089141846,
    "22": 8713.05928182602,
    "23": 8703.512267112732,
    "24": 8796.109899520874,
    "25": 8798.46984243393,
    "26": 8928.104037284851,
    "27": 8795.396189689636,
    "28": 8883.971946239471,
    "29": 8943.686454296112,
    "30": 8889.804797649384,
    "31": 8840.335175037384,
    "32": 9032.448224067688
  },
  "mdl_nll": {
    "0": 0.6930618948370144,
    "1": 0.693075246671633,
    "2": 0.6929983946862514,
    "3": 0.6889206429557979,
    "4": 0.67110685984863,
    "5": 0.6553666026311723,
    "6": 0.6518235992025363,
    "7": 0.6375570542295304,
    "8": 0.6164957558888645,
    "9": 0.5842847525170106,
    "10": 0.5592270777816121,
    "11": 0.5580047067120306,
    "12": 0.5571533665574264,
    "13": 0.5640406091208627,
    "14": 0.5778300362731774,
    "15": 0.5732470233764291,
    "16": 0.5813610654259621,
    "17": 0.5849469509884226,
    "18": 0.5827945281927761,
    "19": 0.5956216707279545,
    "20": 0.5919634827440124,
    "21": 0.593788102035123,
    "22": 0.6002383081996431,
    "23": 0.5995806191177137,
    "24": 0.6059596238303164,
    "25": 0.6061221991205518,
    "26": 0.6150526341474821,
    "27": 0.6059104567160124,
    "28": 0.6120123964066873,
    "29": 0.6161260990835018,
    "30": 0.6124142186311231,
    "31": 0.6090062810028509,
    "32": 0.6222408531322463
  },
  "stopping_epochs_per_stage": {
    "0": [
      1,
      3,
      2,
      1
    ],
    "1": [
      1,
      2,
      1,
      2
    ],
    "2": [
      5,
      1,
      4,
      3
    ],
    "3": [
      5,
      3,
      8,
      9
    ],
    "4": [
      4,
      3,
      6,
      5
    ],
    "5": [
      4,
      9,
      7,
      6
    ],
    "6": [
      9,
      9,
      8,
      8
    ],
    "7": [
      6,
      5,
      10,
      6
    ],
    "8": [
      7,
      6,
      7,
      4
    ],
    "9": [
      8,
      10,
      5,
      4
    ],
    "10": [
      7,
      5,
      3,
      2
    ],
    "11": [
      6,
      6,
      3,
      6
    ],
    "12": [
      3,
      5,
      4,
      5
    ],
    "13": [
      4,
      4,
      6,
      4
    ],
    "14": [
      9,
      4,
      2,
      5
    ],
    "15": [
      6,
      5,
      2,
      3
    ],
    "16": [
      4,
      6,
      3,
      5
    ],
    "17": [
      5,
      3,
      4,
      5
    ],
    "18": [
      7,
      5,
      6,
      6
    ],
    "19": [
      4,
      6,
      5,
      7
    ],
    "20": [
      7,
      7,
      4,
      6
    ],
    "21": [
      6,
      7,
      5,
      4
    ],
    "22": [
      6,
      5,
      2,
      4
    ],
    "23": [
      4,
      7,
      5,
      6
    ],
    "24": [
      6,
      6,
      5,
      4
    ],
    "25": [
      5,
      5,
      4,
      4
    ],
    "26": [
      2,
      4,
      3,
      4
    ],
    "27": [
      8,
      7,
      4,
      5
    ],
    "28": [
      4,
      4,
      3,
      5
    ],
    "29": [
      4,
      4,
      4,
      3
    ],
    "30": [
      3,
      5,
      6,
      5
    ],
    "31": [
      4,
      4,
      4,
      8
    ],
    "32": [
      5,
      5,
      3,
      4
    ]
  },
  "test_acc": {
    "0": 0.5013,
    "1": 0.501,
    "2": 0.5183,
    "3": 0.5431,
    "4": 0.6067,
    "5": 0.5891,
    "6": 0.6468,
    "7": 0.6568,
    "8": 0.658,
    "9": 0.6804,
    "10": 0.7208,
    "11": 0.7307,
    "12": 0.7187,
    "13": 0.7283,
    "14": 0.7192,
    "15": 0.7251,
    "16": 0.7279,
    "17": 0.6827,
    "18": 0.7043,
    "19": 0.7058,
    "20": 0.7199,
    "21": 0.7135,
    "22": 0.7093,
    "23": 0.6944,
    "24": 0.6991,
    "25": 0.6936,
    "26": 0.6498,
    "27": 0.6978,
    "28": 0.7023,
    "29": 0.6945,
    "30": 0.7005,
    "31": 0.6986,
    "32": 0.6919
  },
  "test_loss": {
    "0": 0.6932441355705261,
    "1": 0.6940301361083985,
    "2": 0.693383913230896,
    "3": 0.6923802691459656,
    "4": 0.6563157999038697,
    "5": 0.6886241660118103,
    "6": 0.6373611022949218,
    "7": 0.6368444683074951,
    "8": 0.6238669395446778,
    "9": 0.625369469165802,
    "10": 0.5915532798290253,
    "11": 0.5670638027667999,
    "12": 0.5645884777545929,
    "13": 0.5675036214828492,
    "14": 0.5935288124084472,
    "15": 0.566091399526596,
    "16": 0.5601387765884399,
    "17": 0.646774325466156,
    "18": 0.5753166305541992,
    "19": 0.5912352887153626,
    "20": 0.5687541812419892,
    "21": 0.5732059792995453,
    "22": 0.5855886581420898,
    "23": 0.5892335176467896,
    "24": 0.5799959211349487,
    "25": 0.6023433075904846,
    "26": 0.6464227366447449,
    "27": 0.581750053024292,
    "28": 0.6051608013153076,
    "29": 0.6054717009544373,
    "30": 0.5982629693984985,
    "31": 0.5843806257247924,
    "32": 0.5932546328544617
  },
  "drift_final_total_l2": {
    "0": 13.684418678283691,
    "1": 22.012802124023438,
    "2": 29.80188751220703,
    "3": 29.076305389404297,
    "4": 26.022279739379883,
    "5": 41.84953308105469,
    "6": 45.82150650024414,
    "7": 31.61249542236328,
    "8": 49.2042236328125,
    "9": 63.17744827270508,
    "10": 51.870643615722656,
    "11": 53.56700897216797,
    "12": 66.57075500488281,
    "13": 73.48726654052734,
    "14": 60.957950592041016,
    "15": 58.68688201904297,
    "16": 49.68903732299805,
    "17": 61.64692306518555,
    "18": 42.033836364746094,
    "19": 34.1528434753418,
    "20": 35.07649612426758,
    "21": 34.891815185546875,
    "22": 41.67147445678711,
    "23": 37.607025146484375,
    "24": 33.674827575683594,
    "25": 34.433494567871094,
    "26": 35.97336196899414,
    "27": 32.51393127441406,
    "28": 31.895174026489258,
    "29": 35.50722885131836,
    "30": 26.382463455200195,
    "31": 24.442447662353516,
    "32": 23.92074966430664
  },
  "probe_type": "mlp",
  "probe_hidden_size": [
    2048
  ],
  "init_strategy": "gamma",
  "init_gamma": 1.0,
  "effective_lr": 0.001,