{
  "config": {
    "model_short": "llama",
    "task_name": "somo",
    "dataset": {
      "train": "cache/llama/somo_train/",
      "test": "cache/llama/somo_test/"
    },
    "mdl": {
      "batch_size": 64,
      "probe_type": "mlp",
      "probe_hidden_size": [
        4
      ],
      "num_classes": 2,
      "init_strategy": "mup",
      "init_gamma": null,
      "optimizer": "adam",
      "train_epochs": 20,
      "lr": 6.103515625e-05,
      "seed": 242,
      "early_stopping_gap": 3,
      "split_num": 5,
      "split_ratio": 2.0
    },
    "out_dir": "muP_results/llama/somo/hidden-4/seed-242/strategy-mup/opt-adam/2026-04-28_19-44-29"
  },
  "train_meta": {
    "dataset": "compling/somo",
    "split": "train",
    "text_col": "text",
    "model": "meta-llama/Meta-Llama-3.1-8B",
    "max_len": 64,
    "hidden_size": 4096,
    "num_hidden_layers": 32,
    "num_states": 33,
    "memmap_file": "last_token_hidden_states.memmap",
    "dtype": "float32",
    "shape": [
      15000,
      33,
      4096
    ]
  },
  "test_meta": {
    "dataset": "compling/somo",
    "split": "test",
    "text_col": "text",
    "model": "meta-llama/Meta-Llama-3.1-8B",
    "max_len": 64,
    "hidden_size": 4096,
    "num_hidden_layers": 32,
    "num_states": 33,
    "memmap_file": "last_token_hidden_states.memmap",
    "dtype": "float32",
    "shape": [
      10000,
      33,
      4096
    ]
  },
  "splits": [
    484,
    968,
    1936,
    3872,
    7740
  ],
  "mdl_sum_ce": {
    "0": 10061.538896083832,
    "1": 10060.89013004303,
    "2": 10059.95340871811,
    "3": 10045.611173152924,
    "4": 9993.748037815094,
    "5": 9907.776142120361,
    "6": 9881.813821315765,
    "7": 9837.508112430573,
    "8": 9737.963157653809,
    "9": 9218.33609008789,
    "10": 8955.10176897049,
    "11": 8925.771721839905,
    "12": 8972.264376163483,
    "13": 9040.278386116028,
    "14": 9102.193486213684,
    "15": 9032.926102638245,
    "16": 8961.36431646347,
    "17": 9034.102509021759,
    "18": 9165.076289653778,
    "19": 9360.41247844696,
    "20": 9487.526055335999,
    "21": 9191.978868484497,
    "22": 9054.41283082962,
    "23": 9481.967334747314,
    "24": 9241.770114898682,
    "25": 9229.659048080444,
    "26": 9181.396653652191,
    "27": 9126.203303337097,
    "28": 9466.892592906952,
    "29": 9123.486691474915,
    "30": 9081.12672662735,
    "31": 9249.0631275177,
    "32": 8968.761567115784
  },
  "mdl_nll": {
    "0": 0.6931343962581863,
    "1": 0.6930897030892139,
    "2": 0.6930251728243393,
    "3": 0.6920371433695869,
    "4": 0.6884643178434207,
    "5": 0.6825417568283523,
    "6": 0.6807532254970905,
    "7": 0.6777010273099044,
    "8": 0.6708434250243737,
    "9": 0.635046575508948,
    "10": 0.6169124944179174,
    "11": 0.6148919620997454,
    "12": 0.6180948178674209,
    "13": 0.622780269090385,
    "14": 0.6270455694553378,
    "15": 0.6222737739486253,
    "16": 0.6173439181912008,
    "17": 0.6223548159976412,
    "18": 0.6313775344208996,
    "19": 0.6448341470409865,
    "20": 0.6535909379537062,
    "21": 0.6332308396586179,
    "22": 0.6237539839370089,
    "23": 0.6532080004648191,
    "24": 0.6366609337902095,
    "25": 0.6358266084376167,
    "26": 0.6325018361568057,
    "27": 0.6286995937818336,
    "28": 0.6521695090181147,
    "29": 0.6285124477455852,
    "30": 0.6255942908946921,
    "31": 0.6371633457920708,
    "32": 0.617853511099186
  },
  "stopping_epochs_per_stage": {
    "0": [
      20,
      1,
      1,
      7
    ],
    "1": [
      20,
      2,
      1,
      20
    ],
    "2": [
      19,
      1,
      1,
      20
    ],
    "3": [
      1,
      4,
      1,
      20
    ],
    "4": [
      3,
      3,
      20,
      20
    ],
    "5": [
      20,
      1,
      20,
      20
    ],
    "6": [
      20,
      20,
      20,
      20
    ],
    "7": [
      20,
      20,
      20,
      20
    ],
    "8": [
      20,
      20,
      20,
      20
    ],
    "9": [
      20,
      20,
      20,
      20
    ],
    "10": [
      20,
      20,
      20,
      20
    ],
    "11": [
      20,
      20,
      20,
      20
    ],
    "12": [
      20,
      20,
      20,
      20
    ],
    "13": [
      20,
      20,
      20,
      20
    ],
    "14": [
      20,
      20,
      20,
      20
    ],
    "15": [
      20,
      20,
      20,
      20
    ],
    "16": [
      20,
      20,
      20,
      20
    ],
    "17": [
      20,
      20,
      20,
      20
    ],
    "18": [
      20,
      20,
      20,
      20
    ],
    "19": [
      20,
      20,
      20,
      20
    ],
    "20": [
      20,
      20,
      20,
      20
    ],
    "21": [
      20,
      20,
      20,
      20
    ],
    "22": [
      20,
      20,
      20,
      20
    ],
    "23": [
      20,
      20,
      20,
      20
    ],
    "24": [
      20,
      20,
      20,
      20
    ],
    "25": [
      20,
      20,
      20,
      20
    ],
    "26": [
      1,
      20,
      19,
      20
    ],
    "27": [
      20,
      1,
      20,
      18
    ],
    "28": [
      20,
      20,
      20,
      20
    ],
    "29": [
      20,
      20,
      20,
      20
    ],
    "30": [
      19,
      20,
      19,
      20
    ],
    "31": [
      20,
      20,
      19,
      20
    ],
    "32": [
      20,
      20,
      18,
      18
    ]
  },
  "test_acc": {
    "0": 0.4982,
    "1": 0.4979,
    "2": 0.5085,
    "3": 0.5409,
    "4": 0.5792,
    "5": 0.6001,
    "6": 0.626,
    "7": 0.6313,
    "8": 0.6652,
    "9": 0.6878,
    "10": 0.7183,
    "11": 0.7113,
    "12": 0.7136,
    "13": 0.7169,
    "14": 0.7148,
    "15": 0.7098,
    "16": 0.7085,
    "17": 0.7078,
    "18": 0.7062,
    "19": 0.701,
    "20": 0.6961,
    "21": 0.7064,
    "22": 0.6929,
    "23": 0.693,
    "24": 0.6946,
    "25": 0.6931,
    "26": 0.6845,
    "27": 0.6853,
    "28": 0.6922,
    "29": 0.6871,
    "30": 0.697,
    "31": 0.6957,
    "32": 0.6786
  },
  "test_loss": {
    "0": 0.6932364065170288,
    "1": 0.693272662639618,
    "2": 0.6926730916976929,
    "3": 0.6899690415382386,
    "4": 0.6794452173233032,
    "5": 0.6744837955474854,
    "6": 0.6544587275505066,
    "7": 0.6541108444213867,
    "8": 0.6274619572639465,
    "9": 0.6018294640541076,
    "10": 0.5625399353027344,
    "11": 0.5702705968856812,
    "12": 0.6084345417022705,
    "13": 0.5614250979423523,
    "14": 0.5584037925720214,
    "15": 0.5676470627784729,
    "16": 0.5762131126403809,
    "17": 0.5717983340263366,
    "18": 0.5771719372749329,
    "19": 0.5819346451759339,
    "20": 0.5936475580215455,
    "21": 0.5755080448150635,
    "22": 0.5924916244506836,
    "23": 0.5938277669906616,
    "24": 0.5950932033538818,
    "25": 0.5924324378013611,
    "26": 0.6197211641311645,
    "27": 0.6280342489242554,
    "28": 0.5888892595291138,
    "29": 0.5929790405273437,
    "30": 0.5811258293151855,
    "31": 0.5796310488700867,
    "32": 0.5977320035934448
  },
  "drift_final_total_l2": {
    "0": 0.46265846490859985,
    "1": 1.1674251556396484,
    "2": 1.3800662755966187,
    "3": 1.813250184059143,
    "4": 3.052626609802246,
    "5": 4.339107513427734,
    "6": 2.7614171504974365,
    "7": 3.5114996433258057,
    "8": 3.8205454349517822,
    "9": 4.394143581390381,
    "10": 3.9819467067718506,
    "11": 4.629710674285889,
    "12": 3.625406503677368,
    "13": 3.814634323120117,
    "14": 3.177098035812378,
    "15": 3.6792409420013428,
    "16": 3.674062967300415,
    "17": 3.024029493331909,
    "18": 3.050992727279663,
    "19": 2.773108720779419,
    "20": 3.5694103240966797,
    "21": 2.3154101371765137,
    "22": 3.5467958450317383,
    "23": 3.066335916519165,
    "24": 2.8605611324310303,
    "25": 2.3035194873809814,
    "26": 1.7841074466705322,
    "27": 2.619842290878296,
    "28": 2.2600812911987305,
    "29": 2.4351425170898438,
    "30": 1.8431100845336914,
    "31": 1.4611163139343262,
    "32": 1.4317090511322021
  },
  "probe_type": "mlp",