{
  "config": {
    "model_short": "llama",
    "task_name": "somo",
    "dataset": {
      "train": "cache/llama/somo_train/",
      "test": "cache/llama/somo_test/"
    },
    "mdl": {
      "batch_size": 64,
      "probe_type": "mlp",
      "probe_hidden_size": [
        512
      ],
      "num_classes": 2,
      "init_strategy": "gamma_second_zero",
      "init_gamma": 0.4,
      "optimizer": "adamw",
      "train_epochs": 10,
      "lr": 0.001,
      "seed": 342,
      "early_stopping_gap": 3,
      "split_num": 5,
      "split_ratio": 2.0
    },
    "out_dir": "init_results/llama/somo/hidden-512/seed-342/strategy-gamma_second_zero/gamma-0.4/2026-04-21_02-51-45"
  },
  "train_meta": {
    "dataset": "compling/somo",
    "split": "train",
    "text_col": "text",
    "model": "meta-llama/Meta-Llama-3.1-8B",
    "max_len": 64,
    "hidden_size": 4096,
    "num_hidden_layers": 32,
    "num_states": 33,
    "memmap_file": "last_token_hidden_states.memmap",
    "dtype": "float32",
    "shape": [
      15000,
      33,
      4096
    ]
  },
  "test_meta": {
    "dataset": "compling/somo",
    "split": "test",
    "text_col": "text",
    "model": "meta-llama/Meta-Llama-3.1-8B",
    "max_len": 64,
    "hidden_size": 4096,
    "num_hidden_layers": 32,
    "num_states": 33,
    "memmap_file": "last_token_hidden_states.memmap",
    "dtype": "float32",
    "shape": [
      10000,
      33,
      4096
    ]
  },
  "splits": [
    484,
    968,
    1936,
    3872,
    7740
  ],
  "mdl_sum_ce": {
    "0": 10061.530880451202,
    "1": 10061.236788272858,
    "2": 10060.978867530823,
    "3": 10014.209567546844,
    "4": 9803.634724140167,
    "5": 9514.638043880463,
    "6": 9480.57113981247,
    "7": 9280.728016853333,
    "8": 8852.11104297638,
    "9": 8522.076163768768,
    "10": 8122.684186935425,
    "11": 8095.539868354797,
    "12": 8117.388232707977,
    "13": 8147.8379073143005,
    "14": 8270.41012763977,
    "15": 8398.52680850029,
    "16": 8420.499608516693,
    "17": 8480.761853694916,
    "18": 8542.177922487259,
    "19": 8663.56354546547,
    "20": 8655.626069068909,
    "21": 8685.089219093323,
    "22": 8797.816012859344,
    "23": 8715.728559494019,
    "24": 8805.000932693481,
    "25": 8773.699909210205,
    "26": 8804.913876056671,
    "27": 8878.820370674133,
    "28": 8818.277069568634,
    "29": 8793.272386550903,
    "30": 8851.133418083191,
    "31": 8850.531352043152,
    "32": 9018.639928817749
  },
  "mdl_nll": {
    "0": 0.6931338440652522,
    "1": 0.6931135842017675,
    "2": 0.6930958161704893,
    "3": 0.6898739024212486,
    "4": 0.6753675064852692,
    "5": 0.6554586693221591,
    "6": 0.6531118172921239,
    "7": 0.6393447242252227,
    "8": 0.6098175146718365,
    "9": 0.5870815764514169,
    "10": 0.5595676623681058,
    "11": 0.5576977037995865,
    "12": 0.5592028267227871,
    "13": 0.5613004896193373,
    "14": 0.5697444287434397,
    "15": 0.5785703229884466,
    "16": 0.5800840182224231,
    "17": 0.584235454236354,
    "18": 0.5884663765835808,
    "19": 0.5968285716082578,
    "20": 0.5962817628181943,
    "21": 0.5983114645283358,
    "22": 0.6060771571272626,
    "23": 0.6004221934068626,
    "24": 0.6065721226710858,
    "25": 0.604415810775021,
    "26": 0.6065661253827963,
    "27": 0.6116575069353908,
    "28": 0.6074867091188092,
    "29": 0.6057641489770531,
    "30": 0.6097501665805449,
    "31": 0.6097086905513331,
    "32": 0.6212896065595033
  },
  "stopping_epochs_per_stage": {
    "0": [
      3,
      5,
      3,
      3
    ],
    "1": [
      2,
      1,
      3,
      1
    ],
    "2": [
      1,
      1,
      1,
      1
    ],
    "3": [
      1,
      1,
      5,
      7
    ],
    "4": [
      1,
      1,
      4,
      4
    ],
    "5": [
      1,
      1,
      5,
      9
    ],
    "6": [
      3,
      7,
      4,
      5
    ],
    "7": [
      6,
      6,
      4,
      6
    ],
    "8": [
      8,
      9,
      7,
      6
    ],
    "9": [
      6,
      4,
      6,
      5
    ],
    "10": [
      5,
      6,
      4,
      3
    ],
    "11": [
      5,
      5,
      5,
      4
    ],
    "12": [
      6,
      7,
      4,
      3
    ],
    "13": [
      6,
      5,
      3,
      3
    ],
    "14": [
      4,
      3,
      4,
      4
    ],
    "15": [
      6,
      7,
      3,
      4
    ],
    "16": [
      2,
      4,
      6,
      4
    ],
    "17": [
      6,
      2,
      5,
      5
    ],
    "18": [
      5,
      5,
      6,
      5
    ],
    "19": [
      4,
      6,
      2,
      6
    ],
    "20": [
      5,
      3,
      3,
      4
    ],
    "21": [
      2,
      6,
      4,
      3
    ],
    "22": [
      6,
      7,
      2,
      3
    ],
    "23": [
      3,
      6,
      5,
      5
    ],
    "24": [
      3,
      6,
      4,
      7
    ],
    "25": [
      2,
      4,
      6,
      6
    ],
    "26": [
      3,
      4,
      4,
      3
    ],
    "27": [
      3,
      3,
      4,
      2
    ],
    "28": [
      3,
      5,
      5,
      4
    ],
    "29": [
      3,
      4,
      3,
      4
    ],
    "30": [
      2,
      4,
      4,
      5
    ],
    "31": [
      2,
      5,
      3,
      5
    ],
    "32": [
      4,
      1,
      5,
      7
    ]
  },
  "test_acc": {
    "0": 0.5013,
    "1": 0.5,
    "2": 0.5291,
    "3": 0.552,
    "4": 0.603,
    "5": 0.6335,
    "6": 0.6445,
    "7": 0.6683,
    "8": 0.6879,
    "9": 0.6573,
    "10": 0.6925,
    "11": 0.7261,
    "12": 0.7232,
    "13": 0.7194,
    "14": 0.7087,
    "15": 0.7226,
    "16": 0.7172,
    "17": 0.71,
    "18": 0.7123,
    "19": 0.6884,
    "20": 0.7111,
    "21": 0.7044,
    "22": 0.6914,
    "23": 0.6917,
    "24": 0.6985,
    "25": 0.7056,
    "26": 0.6907,
    "27": 0.6911,
    "28": 0.7021,
    "29": 0.7026,
    "30": 0.6816,
    "31": 0.6958,
    "32": 0.6767
  },
  "test_loss": {
    "0": 0.6931642654418946,
    "1": 0.6937162849426269,
    "2": 0.6923671363830567,
    "3": 0.6860097365379334,
    "4": 0.6653114982604981,
    "5": 0.641108114528656,
    "6": 0.6428646484375,
    "7": 0.6239220590591431,
    "8": 0.6182465496063232,
    "9": 0.6539487564086914,
    "10": 0.6149942989349365,
    "11": 0.5816783582687378,
    "12": 0.5603647593975067,
    "13": 0.5695704983234405,
    "14": 0.6089917095184326,
    "15": 0.5893445114135742,
    "16": 0.5807100619792939,
    "17": 0.6129523982524872,
    "18": 0.5699253714561462,
    "19": 0.6095951727867126,
    "20": 0.5855112430095673,
    "21": 0.5858451237678528,
    "22": 0.611800022315979,
    "23": 0.6032962316513062,
    "24": 0.605224848985672,
    "25": 0.5981442374229431,
    "26": 0.605425678062439,
    "27": 0.6185680596351624,
    "28": 0.5918535060882568,
    "29": 0.5927525617599487,
    "30": 0.6513543710708618,
    "31": 0.603452888393402,
    "32": 0.6141703665733338
  },
  "drift_final_total_l2": {
    "0": 6.854648590087891,
    "1": 19.909666061401367,
    "2": 29.404449462890625,
    "3": 30.84650993347168,
    "4": 38.688316345214844,
    "5": 44.40863037109375,
    "6": 47.62627029418945,
    "7": 48.55284881591797,
    "8": 56.622379302978516,
    "9": 56.230812072753906,
    "10": 57.958526611328125,
    "11": 62.19011306762695,
    "12": 53.739925384521484,
    "13": 56.08245849609375,
    "14": 57.7910041809082,
    "15": 54.50019836425781,
    "16": 52.56253433227539,
    "17": 49.65327835083008,
    "18": 43.24437713623047,
    "19": 47.03439712524414,
    "20": 44.22262954711914,
    "21": 43.24173355102539,
    "22": 43.2010498046875,
    "23": 40.507266998291016,
    "24": 40.997440338134766,
    "25": 42.419490814208984,
    "26": 36.549625396728516,
    "27": 36.84113693237305,
    "28": 36.7503662109375,
    "29": 27.708023071289062,
    "30": 37.24332809448242,
    "31": 28.138242721557617,
    "32": 28.169065475463867
  },
  "probe_type": "mlp",
  "probe_hidden_size": [
    512
  ],
  "init_strategy": "gamma_second_zero",
  "init_gamma": 0.4,
  "effective_lr": 0.001,