{
  "config": {
    "model_short": "llama",
    "task_name": "somo",
    "dataset": {
      "train": "cache/llama/somo_train/",
      "test": "cache/llama/somo_test/"
    },
    "mdl": {
      "batch_size": 64,
      "probe_type": "mlp",
      "probe_hidden_size": [
        512
      ],
      "num_classes": 2,
      "init_strategy": "mup",
      "init_gamma": null,
      "optimizer": "adam",
      "train_epochs": 20,
      "lr": 0.0001220703125,
      "seed": 242,
      "early_stopping_gap": 3,
      "split_num": 5,
      "split_ratio": 2.0
    },
    "out_dir": "muP_results/llama/somo/hidden-512/seed-242/strategy-mup/opt-adam/2026-04-28_20-11-51"
  },
  "train_meta": {
    "dataset": "compling/somo",
    "split": "train",
    "text_col": "text",
    "model": "meta-llama/Meta-Llama-3.1-8B",
    "max_len": 64,
    "hidden_size": 4096,
    "num_hidden_layers": 32,
    "num_states": 33,
    "memmap_file": "last_token_hidden_states.memmap",
    "dtype": "float32",
    "shape": [
      15000,
      33,
      4096
    ]
  },
  "test_meta": {
    "dataset": "compling/somo",
    "split": "test",
    "text_col": "text",
    "model": "meta-llama/Meta-Llama-3.1-8B",
    "max_len": 64,
    "hidden_size": 4096,
    "num_hidden_layers": 32,
    "num_states": 33,
    "memmap_file": "last_token_hidden_states.memmap",
    "dtype": "float32",
    "shape": [
      10000,
      33,
      4096
    ]
  },
  "splits": [
    484,
    968,
    1936,
    3872,
    7740
  ],
  "mdl_sum_ce": {
    "0": 10061.409331321716,
    "1": 10061.33350276947,
    "2": 10058.197647571564,
    "3": 10042.92970752716,
    "4": 9922.304634571075,
    "5": 9785.79124212265,
    "6": 9748.383491516113,
    "7": 9634.614889144897,
    "8": 9384.83653831482,
    "9": 9033.987643241882,
    "10": 8637.20173215866,
    "11": 8601.96732378006,
    "12": 8656.290474891663,
    "13": 8569.012831687927,
    "14": 8577.899362564087,
    "15": 8636.56119298935,
    "16": 8728.531908035278,
    "17": 8752.632954597473,
    "18": 8788.588151931763,
    "19": 8833.896136760712,
    "20": 8857.208698272705,
    "21": 8857.628802776337,
    "22": 8847.044576644897,
    "23": 8895.214710235596,
    "24": 8898.259448051453,
    "25": 8886.91683292389,
    "26": 8858.913339614868,
    "27": 8875.931959152222,
    "28": 8838.967825889587,
    "29": 8838.363579273224,
    "30": 8798.917033195496,
    "31": 8807.249987602234,
    "32": 8807.460934638977
  },
  "mdl_nll": {
    "0": 0.6931254706063459,
    "1": 0.6931202468152019,
    "2": 0.6929042193146572,
    "3": 0.6918524185400359,
    "4": 0.6835426174270512,
    "5": 0.6741382779086973,
    "6": 0.6715612766269022,
    "7": 0.663723814352776,
    "8": 0.6465167083435395,
    "9": 0.6223469029513559,
    "10": 0.5950125194377694,
    "11": 0.5925852386180808,
    "12": 0.5963275334039448,
    "13": 0.5903150200942359,
    "14": 0.5909272087740485,
    "15": 0.5949683930138708,
    "16": 0.6013042097020721,
    "17": 0.602964518779104,
    "18": 0.6054414543904494,
    "19": 0.6085626988675056,
    "20": 0.6101686896026939,
    "21": 0.6101976303924178,
    "22": 0.6094684883332114,
    "23": 0.6127869048109393,
    "24": 0.6129966552804803,
    "25": 0.6122152681815851,
    "26": 0.6102861214945486,
    "27": 0.6114585257062705,
    "28": 0.6089120850020383,
    "29": 0.608870458754011,
    "30": 0.6061530058690752,
    "31": 0.6067270589420112,
    "32": 0.6067415909781605
  },
  "stopping_epochs_per_stage": {
    "0": [
      20,
      1,
      1,
      7
    ],
    "1": [
      14,
      1,
      1,
      20
    ],
    "2": [
      1,
      1,
      1,
      20
    ],
    "3": [
      5,
      5,
      1,
      20
    ],
    "4": [
      20,
      12,
      20,
      20
    ],
    "5": [
      20,
      19,
      20,
      19
    ],
    "6": [
      20,
      20,
      20,
      20
    ],
    "7": [
      20,
      20,
      20,
      20
    ],
    "8": [
      20,
      19,
      20,
      20
    ],
    "9": [
      20,
      20,
      20,
      20
    ],
    "10": [
      20,
      20,
      20,
      19
    ],
    "11": [
      20,
      20,
      20,
      20
    ],
    "12": [
      20,
      20,
      20,
      20
    ],
    "13": [
      20,
      20,
      20,
      19
    ],
    "14": [
      20,
      20,
      20,
      20
    ],
    "15": [
      20,
      20,
      20,
      20
    ],
    "16": [
      20,
      20,
      20,
      20
    ],
    "17": [
      20,
      20,
      20,
      20
    ],
    "18": [
      20,
      20,
      20,
      20
    ],
    "19": [
      20,
      20,
      20,
      20
    ],
    "20": [
      20,
      20,
      20,
      20
    ],
    "21": [
      20,
      20,
      20,
      19
    ],
    "22": [
      20,
      19,
      19,
      20
    ],
    "23": [
      20,
      20,
      20,
      20
    ],
    "24": [
      20,
      20,
      20,
      19
    ],
    "25": [
      20,
      20,
      20,
      20
    ],
    "26": [
      20,
      20,
      20,
      20
    ],
    "27": [
      20,
      20,
      20,
      20
    ],
    "28": [
      20,
      20,
      19,
      19
    ],
    "29": [
      20,
      20,
      20,
      19
    ],
    "30": [
      20,
      19,
      19,
      19
    ],
    "31": [
      19,
      20,
      19,
      12
    ],
    "32": [
      9,
      15,
      15,
      14
    ]
  },
  "test_acc": {
    "0": 0.4982,
    "1": 0.5023,
    "2": 0.5098,
    "3": 0.545,
    "4": 0.5925,
    "5": 0.6237,
    "6": 0.629,
    "7": 0.6453,
    "8": 0.6782,
    "9": 0.6981,
    "10": 0.7201,
    "11": 0.7223,
    "12": 0.7204,
    "13": 0.725,
    "14": 0.7193,
    "15": 0.7174,
    "16": 0.7137,
    "17": 0.7127,
    "18": 0.71,
    "19": 0.7117,
    "20": 0.7085,
    "21": 0.7104,
    "22": 0.7098,
    "23": 0.7084,
    "24": 0.7066,
    "25": 0.7027,
    "26": 0.7034,
    "27": 0.6996,
    "28": 0.7036,
    "29": 0.7008,
    "30": 0.7049,
    "31": 0.7014,
    "32": 0.6984
  },
  "test_loss": {
    "0": 0.6932876666069031,
    "1": 0.6931948596954346,
    "2": 0.6926252035140992,
    "3": 0.6883056360244751,
    "4": 0.6695593524932861,
    "5": 0.6498310870170593,
    "6": 0.6467640409469605,
    "7": 0.6345409963607788,
    "8": 0.6058590752601624,
    "9": 0.5845847120285034,
    "10": 0.5533452961921692,
    "11": 0.5531988840579987,
    "12": 0.553268939781189,
    "13": 0.5484742267608642,
    "14": 0.5506402398109436,
    "15": 0.5528402286529541,
    "16": 0.5599169148445129,
    "17": 0.5627979085922241,
    "18": 0.5644231680870057,
    "19": 0.566630384349823,
    "20": 0.5672371424674988,
    "21": 0.5691551721572876,
    "22": 0.5700738242149354,
    "23": 0.5711961089134217,
    "24": 0.5733497755050659,
    "25": 0.5761165628433228,
    "26": 0.5741068157196045,
    "27": 0.5753511301040649,
    "28": 0.5742743619918823,
    "29": 0.5738339900970459,
    "30": 0.5730327362060547,
    "31": 0.5727622312545776,
    "32": 0.5743255998611451
  },
  "drift_final_total_l2": {
    "0": 6.252254009246826,
    "1": 20.967159271240234,
    "2": 30.188180923461914,
    "3": 37.14713668823242,
    "4": 54.883628845214844,
    "5": 61.20654296875,
    "6": 57.32738494873047,
    "7": 62.777015686035156,
    "8": 65.18223571777344,
    "9": 72.39730072021484,
    "10": 76.3095474243164,
    "11": 70.49727630615234,
    "12": 70.1959228515625,
    "13": 67.34324645996094,
    "14": 64.40335083007812,
    "15": 60.99287414550781,
    "16": 59.118011474609375,
    "17": 55.8050651550293,
    "18": 52.388572692871094,
    "19": 50.62957763671875,
    "20": 47.85348129272461,
    "21": 46.35805892944336,
    "22": 44.51463317871094,
    "23": 41.66823196411133,
    "24": 41.11609649658203,
    "25": 39.407100677490234,
    "26": 37.420654296875,
    "27": 36.512062072753906,
    "28": 36.63813781738281,
    "29": 34.90496826171875,
    "30": 33.79296875,
    "31": 29.69001007080078,
    "32": 21.998624801635742
  },
  "probe_type": "mlp",
  "probe_hidden_size": [
    512
  ],