{
  "config": {
    "model_short": "llama",
    "task_name": "somo",
    "dataset": {
      "train": "cache/llama/somo_train/",
      "test": "cache/llama/somo_test/"
    },
    "mdl": {
      "batch_size": 64,
      "probe_type": "mlp",
      "probe_hidden_size": [
        362
      ],
      "num_classes": 2,
      "init_strategy": "gamma_second_zero",
      "init_gamma": 0.5,
      "optimizer": "adamw",
      "train_epochs": 10,
      "lr": 0.001,
      "seed": 142,
      "early_stopping_gap": 3,
      "split_num": 5,
      "split_ratio": 2.0
    },
    "out_dir": "init_results/llama/somo/hidden-362/seed-142/strategy-gamma_second_zero/gamma-0.5/opt-adamw/2026-04-25_02-58-32"
  },
  "train_meta": {
    "dataset": "compling/somo",
    "split": "train",
    "text_col": "text",
    "model": "meta-llama/Meta-Llama-3.1-8B",
    "max_len": 64,
    "hidden_size": 4096,
    "num_hidden_layers": 32,
    "num_states": 33,
    "memmap_file": "last_token_hidden_states.memmap",
    "dtype": "float32",
    "shape": [
      15000,
      33,
      4096
    ]
  },
  "test_meta": {
    "dataset": "compling/somo",
    "split": "test",
    "text_col": "text",
    "model": "meta-llama/Meta-Llama-3.1-8B",
    "max_len": 64,
    "hidden_size": 4096,
    "num_hidden_layers": 32,
    "num_states": 33,
    "memmap_file": "last_token_hidden_states.memmap",
    "dtype": "float32",
    "shape": [
      10000,
      33,
      4096
    ]
  },
  "splits": [
    484,
    968,
    1936,
    3872,
    7740
  ],
  "mdl_sum_ce": {
    "0": 10061.207198143005,
    "1": 10059.148983955383,
    "2": 10060.591230869293,
    "3": 9999.021733283997,
    "4": 9698.603019237518,
    "5": 9505.797616004944,
    "6": 9429.696022033691,
    "7": 9285.201442718506,
    "8": 8863.883383750916,
    "9": 8535.658339977264,
    "10": 8160.130905151367,
    "11": 8148.103236198425,
    "12": 8081.24031829834,
    "13": 8158.686469554901,
    "14": 8186.530026435852,
    "15": 8289.477131843567,
    "16": 8371.352155685425,
    "17": 8508.942705631256,
    "18": 8546.372019290924,
    "19": 8610.302305221558,
    "20": 8656.863729476929,
    "21": 8641.354649543762,
    "22": 8908.708010196686,
    "23": 8792.582650184631,
    "24": 8755.735585689545,
    "25": 8845.855589866638,
    "26": 8818.342284679413,
    "27": 8852.228637695312,
    "28": 8878.463112354279,
    "29": 8884.293403148651,
    "30": 8912.471088409424,
    "31": 8818.014381408691,
    "32": 8954.425953865051
  },
  "mdl_nll": {
    "0": 0.6931115457524804,
    "1": 0.69296975640365,
    "2": 0.6930691120742142,
    "3": 0.688827620093965,
    "4": 0.6681319247201377,
    "5": 0.6548496566550664,
    "6": 0.649607055802817,
    "7": 0.6396528963019087,
    "8": 0.6106285053562218,
    "9": 0.5880172457961742,
    "10": 0.5621473481090774,
    "11": 0.5613187679938293,
    "12": 0.5567126149282405,
    "13": 0.5620478416612635,
    "14": 0.5639659704075402,
    "15": 0.5710579451531804,
    "16": 0.5766982747096601,
    "17": 0.5861768190707671,
    "18": 0.5887553058205376,
    "19": 0.5931594313324302,
    "20": 0.5963670246264073,
    "21": 0.59529861184512,
    "22": 0.6137164515153407,
    "23": 0.6057166333827936,
    "24": 0.6031782574875685,
    "25": 0.6093865796270762,
    "26": 0.607491201755264,
    "27": 0.6098256157133723,
    "28": 0.6116328955879222,
    "29": 0.6120345414128308,
    "30": 0.6139756880965433,
    "31": 0.6074686126624891,
    "32": 0.6168659378523733
  },
  "stopping_epochs_per_stage": {
    "0": [
      1,
      8,
      2,
      1
    ],
    "1": [
      1,
      1,
      2,
      1
    ],
    "2": [
      3,
      1,
      1,
      1
    ],
    "3": [
      4,
      1,
      7,
      10
    ],
    "4": [
      8,
      2,
      8,
      10
    ],
    "5": [
      10,
      2,
      7,
      7
    ],
    "6": [
      5,
      5,
      10,
      10
    ],
    "7": [
      3,
      7,
      9,
      9
    ],
    "8": [
      6,
      9,
      6,
      6
    ],
    "9": [
      7,
      6,
      7,
      6
    ],
    "10": [
      5,
      7,
      4,
      5
    ],
    "11": [
      10,
      6,
      4,
      4
    ],
    "12": [
      6,
      5,
      3,
      3
    ],
    "13": [
      8,
      5,
      4,
      3
    ],
    "14": [
      5,
      6,
      4,
      5
    ],
    "15": [
      5,
      5,
      2,
      5
    ],
    "16": [
      6,
      7,
      5,
      5
    ],
    "17": [
      5,
      2,
      3,
      3
    ],
    "18": [
      4,
      8,
      2,
      6
    ],
    "19": [
      5,
      6,
      5,
      3
    ],
    "20": [
      1,
      5,
      4,
      4
    ],
    "21": [
      4,
      7,
      3,
      4
    ],
    "22": [
      4,
      6,
      6,
      2
    ],
    "23": [
      2,
      5,
      6,
      3
    ],
    "24": [
      8,
      6,
      5,
      3
    ],
    "25": [
      3,
      6,
      2,
      6
    ],
    "26": [
      6,
      6,
      6,
      4
    ],
    "27": [
      1,
      3,
      4,
      3
    ],
    "28": [
      6,
      6,
      3,
      5
    ],
    "29": [
      1,
      5,
      6,
      6
    ],
    "30": [
      3,
      3,
      7,
      4
    ],
    "31": [
      5,
      2,
      5,
      5
    ],
    "32": [
      4,
      4,
      3,
      6
    ]
  },
  "test_acc": {
    "0": 0.5013,
    "1": 0.5018,
    "2": 0.5242,
    "3": 0.5514,
    "4": 0.609,
    "5": 0.6321,
    "6": 0.648,
    "7": 0.6631,
    "8": 0.6614,
    "9": 0.7083,
    "10": 0.7283,
    "11": 0.7261,
    "12": 0.7072,
    "13": 0.7304,
    "14": 0.7311,
    "15": 0.727,
    "16": 0.7142,
    "17": 0.7147,
    "18": 0.7196,
    "19": 0.7086,
    "20": 0.7133,
    "21": 0.7186,
    "22": 0.6939,
    "23": 0.7075,
    "24": 0.6926,
    "25": 0.698,
    "26": 0.69,
    "27": 0.6976,
    "28": 0.6919,
    "29": 0.6962,
    "30": 0.6987,
    "31": 0.7008,
    "32": 0.6939
  },
  "test_loss": {
    "0": 0.6931536226272583,
    "1": 0.6931747009277344,
    "2": 0.692164121055603,
    "3": 0.686363208770752,
    "4": 0.6622502161026,
    "5": 0.642834965133667,
    "6": 0.6275953450202942,
    "7": 0.6278295645713806,
    "8": 0.6304791780471801,
    "9": 0.586144421005249,
    "10": 0.5577391298294068,
    "11": 0.5550840679168701,
    "12": 0.6014061996459961,
    "13": 0.5556683694839477,
    "14": 0.5464018890857697,
    "15": 0.5478677427768708,
    "16": 0.5835519745826722,
    "17": 0.5724534452438355,
    "18": 0.5619670820236206,
    "19": 0.5792972443580627,
    "20": 0.5819101450920104,
    "21": 0.5611329161643982,
    "22": 0.6060878410339355,
    "23": 0.5788250829696655,
    "24": 0.593051118850708,
    "25": 0.5899566083908081,
    "26": 0.6088629119873047,
    "27": 0.595283760547638,
    "28": 0.6065249411582947,
    "29": 0.6064497825622559,
    "30": 0.599829873085022,
    "31": 0.5852383441448211,
    "32": 0.5875339955329895
  },
  "drift_final_total_l2": {
    "0": 5.055200576782227,
    "1": 16.731138229370117,
    "2": 15.55447769165039,
    "3": 18.642107009887695,
    "4": 27.182504653930664,
    "5": 36.10858154296875,
    "6": 26.502187728881836,
    "7": 33.6489143371582,
    "8": 35.90983581542969,
    "9": 37.02434539794922,
    "10": 43.692962646484375,
    "11": 48.29059600830078,
    "12": 42.23994827270508,
    "13": 34.938289642333984,
    "14": 25.41859245300293,
    "15": 39.859066009521484,
    "16": 41.88898849487305,
    "17": 30.538625717163086,
    "18": 29.503124237060547,
    "19": 31.58486557006836,
    "20": 33.504310607910156,
    "21": 21.753557205200195,
    "22": 29.58534049987793,
    "23": 25.047109603881836,
    "24": 33.13255310058594,
    "25": 26.527809143066406,
    "26": 28.739225387573242,
    "27": 23.00846290588379,
    "28": 27.587026596069336,
    "29": 23.239749908447266,
    "30": 24.327526092529297,
    "31": 18.693683624267578,
    "32": 18.08061981201172
  },
  "probe_type": "mlp",
  "probe_hidden_size": [
    362
  ],
  "init_strategy": "gamma_second_zero",
  "init_gamma": 0.5,