{
  "config": {
    "model_short": "llama",
    "task_name": "somo",
    "dataset": {
      "train": "cache/llama/somo_train/",
      "test": "cache/llama/somo_test/"
    },
    "mdl": {
      "batch_size": 64,
      "probe_type": "mlp",
      "probe_hidden_size": [
        4
      ],
      "num_classes": 2,
      "init_strategy": "gamma",
      "init_gamma": 0.8,
      "optimizer": "adamw",
      "train_epochs": 10,
      "lr": 0.001,
      "seed": 342,
      "early_stopping_gap": 3,
      "split_num": 5,
      "split_ratio": 2.0
    },
    "out_dir": "init_results/llama/somo/hidden-4/seed-342/strategy-gamma/gamma-0.8/opt-adamw/2026-04-22_03-39-15"
  },
  "train_meta": {
    "dataset": "compling/somo",
    "split": "train",
    "text_col": "text",
    "model": "meta-llama/Meta-Llama-3.1-8B",
    "max_len": 64,
    "hidden_size": 4096,
    "num_hidden_layers": 32,
    "num_states": 33,
    "memmap_file": "last_token_hidden_states.memmap",
    "dtype": "float32",
    "shape": [
      15000,
      33,
      4096
    ]
  },
  "test_meta": {
    "dataset": "compling/somo",
    "split": "test",
    "text_col": "text",
    "model": "meta-llama/Meta-Llama-3.1-8B",
    "max_len": 64,
    "hidden_size": 4096,
    "num_hidden_layers": 32,
    "num_states": 33,
    "memmap_file": "last_token_hidden_states.memmap",
    "dtype": "float32",
    "shape": [
      10000,
      33,
      4096
    ]
  },
  "splits": [
    484,
    968,
    1936,
    3872,
    7740
  ],
  "mdl_sum_ce": {
    "0": 10061.48840045929,
    "1": 10060.756679058075,
    "2": 10063.815409183502,
    "3": 10033.888159751892,
    "4": 9851.254030704498,
    "5": 9930.398038387299,
    "6": 10055.171820163727,
    "7": 9580.42503452301,
    "8": 9012.937209129333,
    "9": 8810.347811698914,
    "10": 8405.21734571457,
    "11": 8303.582119941711,
    "12": 8211.174366950989,
    "13": 8104.409080505371,
    "14": 8412.660359859467,
    "15": 8511.338803768158,
    "16": 8336.91359615326,
    "17": 8813.807696342468,
    "18": 8610.411255836487,
    "19": 8628.671653747559,
    "20": 8568.303170204163,
    "21": 9754.420394897461,
    "22": 9021.808905601501,
    "23": 9726.51098537445,
    "24": 9010.871587753296,
    "25": 8798.264101982117,
    "26": 9762.495863437653,
    "27": 9762.133873462677,
    "28": 9172.657258033752,
    "29": 10052.729440689087,
    "30": 9777.880175590515,
    "31": 9287.422667980194,
    "32": 10031.895981311798
  },
  "mdl_nll": {
    "0": 0.6931309176397967,
    "1": 0.6930805097174204,
    "2": 0.693291224110189,
    "3": 0.6912295508233599,
    "4": 0.6786479767638811,
    "5": 0.6841001679792849,
    "6": 0.692695771573693,
    "7": 0.6599907022956055,
    "8": 0.6208967490444567,
    "9": 0.6069404664989607,
    "10": 0.5790312307601659,
    "11": 0.5720296307482579,
    "12": 0.5656637067340169,
    "13": 0.5583086994010313,
    "14": 0.5795439762923303,
    "15": 0.5863418850763404,
    "16": 0.5743258195200647,
    "17": 0.6071788162264031,
    "18": 0.5931669368859526,
    "19": 0.5944248865904904,
    "20": 0.59026613186857,
    "21": 0.6719771558898774,
    "22": 0.6215079157895771,
    "23": 0.6700544905879341,
    "24": 0.6207544494181108,
    "25": 0.6061080257634415,
    "26": 0.6725334708898907,
    "27": 0.6725085335810607,
    "28": 0.6318997835515123,
    "29": 0.6925275172698462,
    "30": 0.673593288481022,
    "31": 0.639805915402328,
    "32": 0.6910923106442407
  },
  "stopping_epochs_per_stage": {
    "0": [
      6,
      2,
      2,
      1
    ],
    "1": [
      7,
      1,
      1,
      6
    ],
    "2": [
      3,
      1,
      1,
      2
    ],
    "3": [
      2,
      1,
      10,
      9
    ],
    "4": [
      6,
      3,
      10,
      10
    ],
    "5": [
      10,
      10,
      10,
      6
    ],
    "6": [
      9,
      2,
      1,
      5
    ],
    "7": [
      10,
      1,
      1,
      9
    ],
    "8": [
      10,
      10,
      10,
      10
    ],
    "9": [
      10,
      3,
      10,
      10
    ],
    "10": [
      10,
      9,
      10,
      10
    ],
    "11": [
      9,
      9,
      10,
      10
    ],
    "12": [
      10,
      9,
      9,
      9
    ],
    "13": [
      10,
      10,
      9,
      9
    ],
    "14": [
      10,
      10,
      10,
      10
    ],
    "15": [
      10,
      10,
      10,
      9
    ],
    "16": [
      9,
      10,
      9,
      6
    ],
    "17": [
      10,
      10,
      1,
      9
    ],
    "18": [
      9,
      9,
      10,
      10
    ],
    "19": [
      9,
      8,
      8,
      9
    ],
    "20": [
      9,
      10,
      8,
      5
    ],
    "21": [
      6,
      1,
      7,
      3
    ],
    "22": [
      6,
      10,
      1,
      10
    ],
    "23": [
      8,
      2,
      9,
      3
    ],
    "24": [
      9,
      2,
      10,
      10
    ],
    "25": [
      10,
      9,
      10,
      9
    ],
    "26": [
      1,
      1,
      5,
      3
    ],
    "27": [
      8,
      2,
      4,
      5
    ],
    "28": [
      5,
      1,
      1,
      8
    ],
    "29": [
      8,
      3,
      1,
      5
    ],
    "30": [
      10,
      2,
      10,
      3
    ],
    "31": [
      10,
      8,
      1,
      9
    ],
    "32": [
      8,
      4,
      2,
      5
    ]
  },
  "test_acc": {
    "0": 0.5013,
    "1": 0.5013,
    "2": 0.5013,
    "3": 0.5013,
    "4": 0.5013,
    "5": 0.6372,
    "6": 0.6335,
    "7": 0.6617,
    "8": 0.6952,
    "9": 0.7102,
    "10": 0.5013,
    "11": 0.7303,
    "12": 0.7336,
    "13": 0.7331,
    "14": 0.7271,
    "15": 0.7127,
    "16": 0.7262,
    "17": 0.7241,
    "18": 0.5013,
    "19": 0.7198,
    "20": 0.5013,
    "21": 0.6952,
    "22": 0.7132,
    "23": 0.5013,
    "24": 0.5013,
    "25": 0.5013,
    "26": 0.6927,
    "27": 0.5013,
    "28": 0.5015,
    "29": 0.6844,
    "30": 0.5013,
    "31": 0.5013,
    "32": 0.5013
  },
  "test_loss": {
    "0": 0.6931096593856811,
    "1": 0.6931504757881165,
    "2": 0.6931786482810974,
    "3": 0.6932487392425537,
    "4": 0.69318790102005,
    "5": 0.6346283628463745,
    "6": 0.6372818323135376,
    "7": 0.6171669773101807,
    "8": 0.5889061892509461,
    "9": 0.5707224182128906,
    "10": 0.6931782011032105,
    "11": 0.540561711549759,
    "12": 0.5336303874015809,
    "13": 0.5391424018859863,
    "14": 0.5521195642471314,
    "15": 0.5675575981616974,
    "16": 0.5453862603187561,
    "17": 0.5503482500076294,
    "18": 0.693175078201294,
    "19": 0.5549288988113403,
    "20": 0.6931804421424865,
    "21": 0.5803573305130005,
    "22": 0.5655071753501892,
    "23": 0.6931738874435425,
    "24": 0.6932891825675964,
    "25": 0.6932090538978577,
    "26": 0.5878927835464478,
    "27": 0.6931472208023072,
    "28": 0.6935807871818542,
    "29": 0.6037727869033813,
    "30": 0.6931655241966248,
    "31": 0.6931529030799866,
    "32": 0.6931527778625488
  },
  "drift_final_total_l2": {
    "0": 0.9900082349777222,
    "1": 0.7492329478263855,
    "2": 0.754610002040863,
    "3": 1.1882330179214478,
    "4": 0.7867801785469055,
    "5": 9.490641593933105,
    "6": 8.887157440185547,
    "7": 7.460617542266846,
    "8": 5.9843621253967285,
    "9": 8.248687744140625,
    "10": 0.7573336958885193,
    "11": 8.64600944519043,
    "12": 8.190969467163086,
    "13": 8.770461082458496,
    "14": 6.192112922668457,
    "15": 8.759531021118164,
    "16": 5.756570339202881,
    "17": 6.286157131195068,
    "18": 0.7467743754386902,
    "19": 6.72628927230835,
    "20": 0.6779003739356995,
    "21": 5.818360328674316,
    "22": 4.3501787185668945,
    "23": 0.7529160976409912,
    "24": 0.9200748205184937,
    "25": 1.436306118965149,
    "26": 3.8958706855773926,
    "27": 0.7108645439147949,
    "28": 2.6201188564300537,
    "29": 5.080996990203857,
    "30": 0.754063069820404,
    "31": 0.6912707686424255,
    "32": 0.6937195658683777
  },
  "probe_type": "mlp",
  "probe_hidden_size": [
    4
  ],
  "init_strategy": "gamma",
  "init_gamma": 0.8,