{
  "config": {
    "model_short": "llama",
    "task_name": "somo",
    "dataset": {
      "train": "cache/llama/somo_train/",
      "test": "cache/llama/somo_test/"
    },
    "mdl": {
      "batch_size": 64,
      "probe_type": "mlp",
      "probe_hidden_size": [
        32
      ],
      "num_classes": 2,
      "init_strategy": "gamma_second_zero",
      "init_gamma": 1.0,
      "optimizer": "adamw",
      "train_epochs": 10,
      "lr": 0.001,
      "seed": 142,
      "early_stopping_gap": 3,
      "split_num": 5,
      "split_ratio": 2.0
    },
    "out_dir": "init_results/llama/somo/hidden-32/seed-142/strategy-gamma_second_zero/gamma-1.0/2026-04-21_02-47-59"
  },
  "train_meta": {
    "dataset": "compling/somo",
    "split": "train",
    "text_col": "text",
    "model": "meta-llama/Meta-Llama-3.1-8B",
    "max_len": 64,
    "hidden_size": 4096,
    "num_hidden_layers": 32,
    "num_states": 33,
    "memmap_file": "last_token_hidden_states.memmap",
    "dtype": "float32",
    "shape": [
      15000,
      33,
      4096
    ]
  },
  "test_meta": {
    "dataset": "compling/somo",
    "split": "test",
    "text_col": "text",
    "model": "meta-llama/Meta-Llama-3.1-8B",
    "max_len": 64,
    "hidden_size": 4096,
    "num_hidden_layers": 32,
    "num_states": 33,
    "memmap_file": "last_token_hidden_states.memmap",
    "dtype": "float32",
    "shape": [
      10000,
      33,
      4096
    ]
  },
  "splits": [
    484,
    968,
    1936,
    3872,
    7740
  ],
  "mdl_sum_ce": {
    "0": 10060.853549480438,
    "1": 10060.566883087158,
    "2": 10057.3862490654,
    "3": 9999.929776191711,
    "4": 9788.828730583191,
    "5": 9588.340879440308,
    "6": 9525.732091903687,
    "7": 9283.866284370422,
    "8": 8929.63819026947,
    "9": 8522.67128944397,
    "10": 8060.720383167267,
    "11": 8045.3205099105835,
    "12": 8071.612913131714,
    "13": 8061.507528305054,
    "14": 8197.657566070557,
    "15": 8372.232706069946,
    "16": 8336.937524318695,
    "17": 8433.892783641815,
    "18": 8417.334601402283,
    "19": 8508.125483989716,
    "20": 8687.00809955597,
    "21": 8669.344036102295,
    "22": 8616.166893959045,
    "23": 8706.496032238007,
    "24": 8753.186579704285,
    "25": 8857.40709400177,
    "26": 9151.17935705185,
    "27": 8758.076075553894,
    "28": 8831.408378124237,
    "29": 8862.327253341675,
    "30": 8865.107975006104,
    "31": 8904.372522354126,
    "32": 9003.370875358582
  },
  "mdl_nll": {
    "0": 0.6930871830725019,
    "1": 0.6930674347676467,
    "2": 0.6928483224762606,
    "3": 0.688890174716982,
    "4": 0.6743475289737663,
    "5": 0.6605360209038514,
    "6": 0.6562229327572118,
    "7": 0.6395609179092328,
    "8": 0.6151583211814184,
    "9": 0.5871225743623567,
    "10": 0.5552990068315835,
    "11": 0.5542381172437713,
    "12": 0.5560493877880762,
    "13": 0.5553532328675291,
    "14": 0.5647325410630033,
    "15": 0.5767589353864664,
    "16": 0.5743274679194472,
    "17": 0.5810066673768128,
    "18": 0.5798659824608903,
    "19": 0.5861205210794789,
    "20": 0.5984436552463467,
    "21": 0.5972267867251512,
    "22": 0.5935634399255336,
    "23": 0.5997861692090112,
    "24": 0.6030026577365861,
    "25": 0.6101823569855174,
    "26": 0.6304201816651867,
    "27": 0.6033394926669808,
    "28": 0.6083913184158334,
    "29": 0.6105213043084647,
    "30": 0.6107128668370145,
    "31": 0.6134177819202347,
    "32": 0.6202377290822941
  },
  "stopping_epochs_per_stage": {
    "0": [
      1,
      8,
      3,
      1
    ],
    "1": [
      3,
      4,
      4,
      1
    ],
    "2": [
      10,
      3,
      9,
      1
    ],
    "3": [
      6,
      3,
      10,
      9
    ],
    "4": [
      9,
      4,
      10,
      10
    ],
    "5": [
      10,
      10,
      9,
      6
    ],
    "6": [
      10,
      1,
      10,
      8
    ],
    "7": [
      10,
      8,
      10,
      6
    ],
    "8": [
      9,
      10,
      10,
      9
    ],
    "9": [
      9,
      9,
      10,
      10
    ],
    "10": [
      8,
      7,
      8,
      8
    ],
    "11": [
      9,
      8,
      6,
      8
    ],
    "12": [
      9,
      10,
      9,
      6
    ],
    "13": [
      10,
      10,
      8,
      5
    ],
    "14": [
      9,
      9,
      9,
      8
    ],
    "15": [
      10,
      10,
      6,
      7
    ],
    "16": [
      9,
      9,
      8,
      5
    ],
    "17": [
      9,
      10,
      10,
      9
    ],
    "18": [
      10,
      10,
      7,
      6
    ],
    "19": [
      10,
      7,
      10,
      7
    ],
    "20": [
      10,
      8,
      8,
      10
    ],
    "21": [
      4,
      8,
      6,
      9
    ],
    "22": [
      10,
      6,
      5,
      7
    ],
    "23": [
      8,
      10,
      6,
      6
    ],
    "24": [
      10,
      10,
      10,
      9
    ],
    "25": [
      10,
      10,
      9,
      10
    ],
    "26": [
      9,
      8,
      9,
      9
    ],
    "27": [
      9,
      6,
      5,
      7
    ],
    "28": [
      10,
      6,
      5,
      5
    ],
    "29": [
      10,
      10,
      8,
      3
    ],
    "30": [
      10,
      7,
      8,
      4
    ],
    "31": [
      4,
      5,
      9,
      6
    ],
    "32": [
      5,
      10,
      2,
      6
    ]
  },
  "test_acc": {
    "0": 0.5013,
    "1": 0.5013,
    "2": 0.5,
    "3": 0.5467,
    "4": 0.6018,
    "5": 0.636,
    "6": 0.6066,
    "7": 0.667,
    "8": 0.6883,
    "9": 0.7075,
    "10": 0.7185,
    "11": 0.7326,
    "12": 0.7112,
    "13": 0.7284,
    "14": 0.7318,
    "15": 0.7254,
    "16": 0.7263,
    "17": 0.7191,
    "18": 0.7144,
    "19": 0.7151,
    "20": 0.7171,
    "21": 0.7154,
    "22": 0.7116,
    "23": 0.709,
    "24": 0.7091,
    "25": 0.6987,
    "26": 0.6998,
    "27": 0.7053,
    "28": 0.6794,
    "29": 0.6995,
    "30": 0.6978,
    "31": 0.6859,
    "32": 0.6889
  },
  "test_loss": {
    "0": 0.6931522075653076,
    "1": 0.6931687257766723,
    "2": 0.6932965306282044,
    "3": 0.6881190050125122,
    "4": 0.6610265503883361,
    "5": 0.637446450996399,
    "6": 0.6659013941764832,
    "7": 0.6130188307762146,
    "8": 0.5987092948913574,
    "9": 0.5748925168037414,
    "10": 0.5595642973899841,
    "11": 0.5378812798500061,
    "12": 0.5803702756881713,
    "13": 0.551559128332138,
    "14": 0.5420644372940063,
    "15": 0.5426383189201355,
    "16": 0.5442526077747345,
    "17": 0.5711464341163636,
    "18": 0.556692376089096,
    "19": 0.5656495421409607,
    "20": 0.5579393925189972,
    "21": 0.5649470582962036,
    "22": 0.5701589772224426,
    "23": 0.5736681307792664,
    "24": 0.5702869442939759,
    "25": 0.5797139345645904,
    "26": 0.5834165699005127,
    "27": 0.5749409854888916,
    "28": 0.6030533052444458,
    "29": 0.5885624738693237,
    "30": 0.5879629765987396,
    "31": 0.5893772174358368,
    "32": 0.5934765449523925
  },
  "drift_final_total_l2": {
    "0": 1.981229305267334,
    "1": 3.870680332183838,
    "2": 6.015369415283203,
    "3": 10.888140678405762,
    "4": 12.524507522583008,
    "5": 12.962995529174805,
    "6": 14.517223358154297,
    "7": 15.225055694580078,
    "8": 16.704879760742188,
    "9": 14.3723783493042,
    "10": 15.641401290893555,
    "11": 12.47924518585205,
    "12": 16.835155487060547,
    "13": 19.689289093017578,
    "14": 18.60445213317871,
    "15": 11.69028377532959,
    "16": 17.084306716918945,
    "17": 17.07839584350586,
    "18": 9.813143730163574,
    "19": 16.472335815429688,
    "20": 6.503196716308594,
    "21": 14.78026294708252,
    "22": 10.964333534240723,
    "23": 12.230212211608887,
    "24": 12.23965072631836,
    "25": 8.180285453796387,
    "26": 15.566388130187988,
    "27": 8.633469581604004,
    "28": 10.273998260498047,
    "29": 11.76706600189209,
    "30": 11.478057861328125,
    "31": 9.393838882446289,
    "32": 11.398256301879883
  },
  "probe_type": "mlp",
  "probe_hidden_size": [
    32
  ],
  "init_strategy": "gamma_second_zero",