{
  "config": {
    "model_short": "llama",
    "task_name": "somo",
    "dataset": {
      "train": "cache/llama/somo_train/",
      "test": "cache/llama/somo_test/"
    },
    "mdl": {
      "batch_size": 64,
      "probe_type": "mlp",
      "probe_hidden_size": [
        512
      ],
      "num_classes": 2,
      "init_strategy": "mf",
      "init_gamma": null,
      "optimizer": "adamw",
      "train_epochs": 10,
      "lr": 0.001,
      "seed": 442,
      "early_stopping_gap": 3,
      "split_num": 5,
      "split_ratio": 2.0
    },
    "out_dir": "init_results/llama/somo/hidden-512/seed-442/strategy-mf/gamma-na/2026-04-20_22-41-32"
  },
  "train_meta": {
    "dataset": "compling/somo",
    "split": "train",
    "text_col": "text",
    "model": "meta-llama/Meta-Llama-3.1-8B",
    "max_len": 64,
    "hidden_size": 4096,
    "num_hidden_layers": 32,
    "num_states": 33,
    "memmap_file": "last_token_hidden_states.memmap",
    "dtype": "float32",
    "shape": [
      15000,
      33,
      4096
    ]
  },
  "test_meta": {
    "dataset": "compling/somo",
    "split": "test",
    "text_col": "text",
    "model": "meta-llama/Meta-Llama-3.1-8B",
    "max_len": 64,
    "hidden_size": 4096,
    "num_hidden_layers": 32,
    "num_states": 33,
    "memmap_file": "last_token_hidden_states.memmap",
    "dtype": "float32",
    "shape": [
      10000,
      33,
      4096
    ]
  },
  "splits": [
    484,
    968,
    1936,
    3872,
    7740
  ],
  "mdl_sum_ce": {
    "0": 10061.70500946045,
    "1": 10062.82126379013,
    "2": 10070.497030258179,
    "3": 10078.509062767029,
    "4": 10016.414073467255,
    "5": 9909.381785392761,
    "6": 9940.144412994385,
    "7": 9885.2547955513,
    "8": 9808.874889850616,
    "9": 8671.561820983887,
    "10": 8267.235941410065,
    "11": 8326.84700012207,
    "12": 8587.788792133331,
    "13": 8318.26231431961,
    "14": 8431.839445114136,
    "15": 8651.564280986786,
    "16": 8662.941957950592,
    "17": 8926.399230480194,
    "18": 9010.922153949738,
    "19": 9065.131420135498,
    "20": 9439.487297534943,
    "21": 9022.110073566437,
    "22": 9271.020105361938,
    "23": 9669.989276885986,
    "24": 9126.896264076233,
    "25": 9223.698411941528,
    "26": 9395.763558864594,
    "27": 9798.529319763184,
    "28": 9259.275737285614,
    "29": 9277.261115074158,
    "30": 9272.495856285095,
    "31": 9201.065309047699,
    "32": 9872.367597579956
  },
  "mdl_nll": {
    "0": 0.6931458397258508,
    "1": 0.6932227379298795,
    "2": 0.6937515176534981,
    "3": 0.6943034625769515,
    "4": 0.6900257697345863,
    "5": 0.6826523687925573,
    "6": 0.6847715908648653,
    "7": 0.6809902724959562,
    "8": 0.675728498887477,
    "9": 0.5973795688195017,
    "10": 0.5695257606372324,
    "11": 0.5736323367402915,
    "12": 0.5916084866446218,
    "13": 0.5730409420170578,
    "14": 0.5808652139097641,
    "15": 0.5960019482630743,
    "16": 0.5967857507543808,
    "17": 0.6149351908569988,
    "18": 0.6207579328981633,
    "19": 0.6244923822082873,
    "20": 0.6502815718886017,
    "21": 0.621528663100471,
    "22": 0.6386759510444984,
    "23": 0.6661607382809305,
    "24": 0.6287473315015316,
    "25": 0.6354159831869336,
    "26": 0.6472694653392528,
    "27": 0.6750157977241102,
    "28": 0.6378668873853413,
    "29": 0.6391058910908072,
    "30": 0.6387776147895491,
    "31": 0.6338568000170639,
    "32": 0.680102479855329
  },
  "stopping_epochs_per_stage": {
    "0": [
      5,
      2,
      1,
      4
    ],
    "1": [
      3,
      3,
      5,
      3
    ],
    "2": [
      2,
      4,
      5,
      9
    ],
    "3": [
      4,
      4,
      5,
      1
    ],
    "4": [
      3,
      10,
      5,
      1
    ],
    "5": [
      2,
      5,
      4,
      7
    ],
    "6": [
      6,
      4,
      5,
      5
    ],
    "7": [
      3,
      5,
      5,
      2
    ],
    "8": [
      6,
      6,
      3,
      8
    ],
    "9": [
      10,
      6,
      6,
      10
    ],
    "10": [
      5,
      4,
      3,
      4
    ],
    "11": [
      2,
      5,
      4,
      5
    ],
    "12": [
      9,
      3,
      4,
      4
    ],
    "13": [
      4,
      4,
      4,
      5
    ],
    "14": [
      2,
      3,
      5,
      3
    ],
    "15": [
      4,
      5,
      7,
      1
    ],
    "16": [
      6,
      9,
      3,
      8
    ],
    "17": [
      5,
      7,
      8,
      2
    ],
    "18": [
      4,
      5,
      2,
      3
    ],
    "19": [
      5,
      7,
      7,
      4
    ],
    "20": [
      5,
      9,
      3,
      3
    ],
    "21": [
      10,
      10,
      3,
      3
    ],
    "22": [
      4,
      6,
      2,
      3
    ],
    "23": [
      5,
      9,
      6,
      6
    ],
    "24": [
      2,
      7,
      3,
      2
    ],
    "25": [
      4,
      4,
      7,
      2
    ],
    "26": [
      4,
      8,
      3,
      10
    ],
    "27": [
      7,
      8,
      2,
      3
    ],
    "28": [
      7,
      10,
      4,
      3
    ],
    "29": [
      10,
      4,
      6,
      3
    ],
    "30": [
      5,
      3,
      6,
      3
    ],
    "31": [
      8,
      6,
      3,
      6
    ],
    "32": [
      5,
      9,
      10,
      3
    ]
  },
  "test_acc": {
    "0": 0.5013,
    "1": 0.5013,
    "2": 0.5013,
    "3": 0.5013,
    "4": 0.5013,
    "5": 0.5012,
    "6": 0.5031,
    "7": 0.5074,
    "8": 0.521,
    "9": 0.6046,
    "10": 0.7134,
    "11": 0.6926,
    "12": 0.694,
    "13": 0.7139,
    "14": 0.6986,
    "15": 0.7055,
    "16": 0.5202,
    "17": 0.6542,
    "18": 0.5472,
    "19": 0.6734,
    "20": 0.6666,
    "21": 0.6702,
    "22": 0.5604,
    "23": 0.5357,
    "24": 0.6288,
    "25": 0.5002,
    "26": 0.5054,
    "27": 0.6412,
    "28": 0.5013,
    "29": 0.6345,
    "30": 0.5652,
    "31": 0.6424,
    "32": 0.5405
  },
  "test_loss": {
    "0": 0.6931439696311951,
    "1": 0.6931437481880188,
    "2": 0.693145311832428,
    "3": 0.6931604290008545,
    "4": 0.6931460671424866,
    "5": 0.6930763071060181,
    "6": 0.6931261739730835,
    "7": 0.7191807289123535,
    "8": 0.6891478995323181,
    "9": 0.6662370034217835,
    "10": 0.5622451664924621,
    "11": 0.6339196229934693,
    "12": 0.6147009915351868,
    "13": 0.5567919445037842,
    "14": 0.6012380316734314,
    "15": 0.5719450522422791,
    "16": 0.6595730323791504,
    "17": 0.631156339931488,
    "18": 0.6731496927261352,
    "19": 0.6248873197555542,
    "20": 0.6402527961730957,
    "21": 0.6248228037834167,
    "22": 0.7285892060279846,
    "23": 0.6899756811141968,
    "24": 0.6503376126289367,
    "25": 0.693716475200653,
    "26": 0.6930386693000793,
    "27": 0.6683397947311401,
    "28": 0.6931474262237549,
    "29": 0.6348258779525757,
    "30": 0.6863975447654724,
    "31": 0.6266766540527344,
    "32": 0.6878687177658082
  },
  "drift_final_total_l2": {
    "0": 99.49581909179688,
    "1": 46.1161003112793,
    "2": 38.85327911376953,
    "3": 61.48268127441406,
    "4": 40.85483932495117,
    "5": 827.3082885742188,
    "6": 239.7706298828125,
    "7": 941.6192016601562,
    "8": 592.9541015625,
    "9": 417.5400085449219,
    "10": 434.3664855957031,
    "11": 1044.51953125,
    "12": 585.7904663085938,
    "13": 500.0453186035156,
    "14": 433.0083312988281,
    "15": 688.4335327148438,
    "16": 686.2506103515625,
    "17": 622.2626953125,
    "18": 687.7507934570312,
    "19": 452.99322509765625,
    "20": 606.6192626953125,
    "21": 362.4502868652344,
    "22": 532.74951171875,
    "23": 780.4757690429688,
    "24": 798.5216674804688,
    "25": 379.22637939453125,
    "26": 423.1207275390625,
    "27": 414.88623046875,
    "28": 110.41450500488281,
    "29": 471.9844665527344,
    "30": 866.8890991210938,
    "31": 471.40313720703125,
    "32": 206.4891357421875
  },
  "probe_type": "mlp",
  "probe_hidden_size": [
    512
  ],
  "init_strategy": "mf",
  "init_gamma": null,
  "effective_lr": 0.512,
  "lr_scaling_rule": "base_lr*width",