{
  "config": {
    "model_short": "llama",
    "task_name": "somo",
    "dataset": {
      "train": "cache/llama/somo_train/",
      "test": "cache/llama/somo_test/"
    },
    "mdl": {
      "batch_size": 64,
      "probe_type": "mlp",
      "probe_hidden_size": [
        4
      ],
      "num_classes": 2,
      "init_strategy": "mup",
      "init_gamma": null,
      "optimizer": "adam",
      "train_epochs": 20,
      "lr": 0.0009765625,
      "seed": 142,
      "early_stopping_gap": 3,
      "split_num": 5,
      "split_ratio": 2.0
    },
    "out_dir": "muP_results/llama/somo/hidden-4/seed-142/strategy-mup/opt-adam/2026-04-28_19-31-40"
  },
  "train_meta": {
    "dataset": "compling/somo",
    "split": "train",
    "text_col": "text",
    "model": "meta-llama/Meta-Llama-3.1-8B",
    "max_len": 64,
    "hidden_size": 4096,
    "num_hidden_layers": 32,
    "num_states": 33,
    "memmap_file": "last_token_hidden_states.memmap",
    "dtype": "float32",
    "shape": [
      15000,
      33,
      4096
    ]
  },
  "test_meta": {
    "dataset": "compling/somo",
    "split": "test",
    "text_col": "text",
    "model": "meta-llama/Meta-Llama-3.1-8B",
    "max_len": 64,
    "hidden_size": 4096,
    "num_hidden_layers": 32,
    "num_states": 33,
    "memmap_file": "last_token_hidden_states.memmap",
    "dtype": "float32",
    "shape": [
      10000,
      33,
      4096
    ]
  },
  "splits": [
    484,
    968,
    1936,
    3872,
    7740
  ],
  "mdl_sum_ce": {
    "0": 10061.344589233398,
    "1": 10058.820052623749,
    "2": 10058.63536119461,
    "3": 10056.81573343277,
    "4": 9766.444874286652,
    "5": 9517.681005477905,
    "6": 9606.52368402481,
    "7": 9242.260765075684,
    "8": 8874.27699136734,
    "9": 8523.319641590118,
    "10": 8102.76870059967,
    "11": 8110.018483161926,
    "12": 8040.467512130737,
    "13": 8180.99792766571,
    "14": 8350.3521900177,
    "15": 8288.707655906677,
    "16": 8270.405967712402,
    "17": 8397.636458396912,
    "18": 8609.892938613892,
    "19": 9085.324414730072,
    "20": 9442.05693101883,
    "21": 9045.180962562561,
    "22": 9957.980726242065,
    "23": 9961.80265045166,
    "24": 9071.918626785278,
    "25": 9170.916299819946,
    "26": 9243.265188217163,
    "27": 8729.52970123291,
    "28": 8855.37645816803,
    "29": 9692.605527877808,
    "30": 9696.473068237305,
    "31": 10029.173293590546,
    "32": 9308.001630783081
  },
  "mdl_nll": {
    "0": 0.6931210105561724,
    "1": 0.6929470964882715,
    "2": 0.6929343731878348,
    "3": 0.6928090199388791,
    "4": 0.6728055162776696,
    "5": 0.6556682974288995,
    "6": 0.6617886252428224,
    "7": 0.6366947344361865,
    "8": 0.6113445158010017,
    "9": 0.5871672390183328,
    "10": 0.5581956944474835,
    "11": 0.5586951283522958,
    "12": 0.5539037966471988,
    "13": 0.5635848668824546,
    "14": 0.5752515975487531,
    "15": 0.5710049363396719,
    "16": 0.5697441421681181,
    "17": 0.5785089872138958,
    "18": 0.5931312302710038,
    "19": 0.6258834675344497,
    "20": 0.6504585926576764,
    "21": 0.6231180051365777,
    "22": 0.6860003255884586,
    "23": 0.6862636160410347,
    "24": 0.6249599494892035,
    "25": 0.6317798498084835,
    "26": 0.636763928645437,
    "27": 0.6013729471777977,
    "28": 0.6100424674957309,
    "29": 0.6677187605316759,
    "30": 0.6679851934580673,
    "31": 0.6909047460450913,
    "32": 0.6412235898858557
  },
  "stopping_epochs_per_stage": {
    "0": [
      1,
      5,
      8,
      2
    ],
    "1": [
      1,
      3,
      10,
      2
    ],
    "2": [
      15,
      3,
      3,
      1
    ],
    "3": [
      17,
      2,
      9,
      1
    ],
    "4": [
      20,
      6,
      20,
      19
    ],
    "5": [
      2,
      7,
      20,
      20
    ],
    "6": [
      1,
      17,
      8,
      16
    ],
    "7": [
      20,
      3,
      20,
      20
    ],
    "8": [
      20,
      20,
      20,
      19
    ],
    "9": [
      20,
      20,
      20,
      17
    ],
    "10": [
      20,
      20,
      20,
      20
    ],
    "11": [
      20,
      19,
      20,
      8
    ],
    "12": [
      20,
      20,
      19,
      11
    ],
    "13": [
      20,
      20,
      20,
      20
    ],
    "14": [
      20,
      20,
      19,
      19
    ],
    "15": [
      20,
      20,
      18,
      19
    ],
    "16": [
      20,
      20,
      17,
      17
    ],
    "17": [
      18,
      20,
      20,
      13
    ],
    "18": [
      20,
      7,
      20,
      14
    ],
    "19": [
      2,
      4,
      7,
      16
    ],
    "20": [
      20,
      18,
      17,
      1
    ],
    "21": [
      20,
      20,
      6,
      13
    ],
    "22": [
      1,
      15,
      10,
      1
    ],
    "23": [
      1,
      19,
      7,
      1
    ],
    "24": [
      19,
      19,
      14,
      11
    ],
    "25": [
      1,
      8,
      4,
      16
    ],
    "26": [
      1,
      8,
      9,
      9
    ],
    "27": [
      1,
      17,
      17,
      16
    ],
    "28": [
      1,
      20,
      15,
      20
    ],
    "29": [
      1,
      5,
      18,
      1
    ],
    "30": [
      1,
      19,
      20,
      1
    ],
    "31": [
      20,
      1,
      8,
      1
    ],
    "32": [
      1,
      6,
      15,
      12
    ]
  },
  "test_acc": {
    "0": 0.5013,
    "1": 0.5013,
    "2": 0.5186,
    "3": 0.5493,
    "4": 0.5013,
    "5": 0.6389,
    "6": 0.6459,
    "7": 0.668,
    "8": 0.6972,
    "9": 0.7049,
    "10": 0.7262,
    "11": 0.7344,
    "12": 0.7294,
    "13": 0.7375,
    "14": 0.7343,
    "15": 0.7128,
    "16": 0.7234,
    "17": 0.7281,
    "18": 0.7249,
    "19": 0.7083,
    "20": 0.725,
    "21": 0.5013,
    "22": 0.7142,
    "23": 0.7151,
    "24": 0.6829,
    "25": 0.7055,
    "26": 0.7039,
    "27": 0.7113,
    "28": 0.6976,
    "29": 0.7036,
    "30": 0.5013,
    "31": 0.6752,
    "32": 0.6899
  },
  "test_loss": {
    "0": 0.6931441234588623,
    "1": 0.6933012310028076,
    "2": 0.6940570318222046,
    "3": 0.6863191831588745,
    "4": 0.693222377204895,
    "5": 0.6388610473632812,
    "6": 0.6296240796089172,
    "7": 0.613407627773285,
    "8": 0.5887122407913208,
    "9": 0.5766903051376343,
    "10": 0.5453143115997314,
    "11": 0.5379655311584473,
    "12": 0.5430120309829712,
    "13": 0.5333714491844177,
    "14": 0.5359384863853455,
    "15": 0.5657873214721679,
    "16": 0.5474056817054749,
    "17": 0.5469124632358551,
    "18": 0.5505460975646973,
    "19": 0.5756530318260192,
    "20": 0.5517759274482728,
    "21": 0.6932471717834473,
    "22": 0.5692363932132721,
    "23": 0.5661432032585144,
    "24": 0.5949729969978332,
    "25": 0.5742982670783997,
    "26": 0.5757389329910279,
    "27": 0.5807057077407837,
    "28": 0.5859768886566162,
    "29": 0.5834911577224732,
    "30": 0.6932090700149536,
    "31": 0.6415939562797547,
    "32": 0.5955923851013184
  },
  "drift_final_total_l2": {
    "0": 0.8331247568130493,
    "1": 0.9274159073829651,
    "2": 12.914402961730957,
    "3": 14.16456413269043,
    "4": 0.7803528308868408,
    "5": 16.636390686035156,
    "6": 10.52657699584961,
    "7": 12.777202606201172,
    "8": 12.98427677154541,
    "9": 12.891646385192871,
    "10": 15.56056022644043,
    "11": 16.233007431030273,
    "12": 13.683553695678711,
    "13": 11.839262962341309,
    "14": 14.442766189575195,
    "15": 15.750843048095703,
    "16": 13.759175300598145,
    "17": 14.00034236907959,
    "18": 11.331886291503906,
    "19": 10.285465240478516,
    "20": 12.775945663452148,
    "21": 0.7968652248382568,
    "22": 11.604841232299805,
    "23": 10.070413589477539,
    "24": 7.469192028045654,
    "25": 8.31162166595459,
    "26": 8.4573974609375,
    "27": 9.660871505737305,
    "28": 7.408342361450195,
    "29": 10.205313682556152,
    "30": 0.721057653427124,
    "31": 6.781327247619629,
    "32": 6.812922954559326
  },
  "probe_type": "mlp",
  "probe_hidden_size": [
    4
  ],
  "init_strategy": "mup",