{
  "config": {
    "model_short": "llama",
    "task_name": "somo",
    "dataset": {
      "train": "cache/llama/somo_train/",
      "test": "cache/llama/somo_test/"
    },
    "mdl": {
      "batch_size": 64,
      "probe_type": "mlp",
      "probe_hidden_size": [
        2048
      ],
      "num_classes": 2,
      "init_strategy": "gamma_second_zero",
      "init_gamma": 0.5,
      "optimizer": "adamw",
      "train_epochs": 10,
      "lr": 0.001,
      "seed": 342,
      "early_stopping_gap": 3,
      "split_num": 5,
      "split_ratio": 2.0
    },
    "out_dir": "init_results/llama/somo/hidden-2048/seed-342/strategy-gamma_second_zero/gamma-0.5/2026-04-21_00-51-25"
  },
  "train_meta": {
    "dataset": "compling/somo",
    "split": "train",
    "text_col": "text",
    "model": "meta-llama/Meta-Llama-3.1-8B",
    "max_len": 64,
    "hidden_size": 4096,
    "num_hidden_layers": 32,
    "num_states": 33,
    "memmap_file": "last_token_hidden_states.memmap",
    "dtype": "float32",
    "shape": [
      15000,
      33,
      4096
    ]
  },
  "test_meta": {
    "dataset": "compling/somo",
    "split": "test",
    "text_col": "text",
    "model": "meta-llama/Meta-Llama-3.1-8B",
    "max_len": 64,
    "hidden_size": 4096,
    "num_hidden_layers": 32,
    "num_states": 33,
    "memmap_file": "last_token_hidden_states.memmap",
    "dtype": "float32",
    "shape": [
      10000,
      33,
      4096
    ]
  },
  "splits": [
    484,
    968,
    1936,
    3872,
    7740
  ],
  "mdl_sum_ce": {
    "0": 10061.292430400848,
    "1": 10061.752248287201,
    "2": 10062.50776386261,
    "3": 10019.844372749329,
    "4": 9750.270296573639,
    "5": 9508.86130475998,
    "6": 9478.379846096039,
    "7": 9304.215305805206,
    "8": 8959.746775627136,
    "9": 8560.471830368042,
    "10": 8130.883077144623,
    "11": 8185.378039598465,
    "12": 8172.9290137290955,
    "13": 8229.598059177399,
    "14": 8263.117497444153,
    "15": 8340.980061531067,
    "16": 8421.314397335052,
    "17": 8672.258029937744,
    "18": 8697.258888483047,
    "19": 8648.412644386292,
    "20": 8719.365762233734,
    "21": 8682.098731994629,
    "22": 8769.442697525024,
    "23": 8748.825468540192,
    "24": 8914.560503959656,
    "25": 8863.184936523438,
    "26": 8857.779339790344,
    "27": 8810.260620594025,
    "28": 8792.64985370636,
    "29": 8879.528684139252,
    "30": 8901.666951179504,
    "31": 8802.125486373901,
    "32": 8978.520687103271
  },
  "mdl_nll": {
    "0": 0.6931174173602127,
    "1": 0.6931490939850649,
    "2": 0.6932011410762338,
    "3": 0.6902620813412323,
    "4": 0.6716912576862524,
    "5": 0.6550607126453554,
    "6": 0.6529608601609286,
    "7": 0.6409627518465973,
    "8": 0.6172324866097504,
    "9": 0.5897266347732186,
    "10": 0.5601324798253391,
    "11": 0.5638866106088775,
    "12": 0.5630290034258126,
    "13": 0.5669329057024937,
    "14": 0.5692420430865357,
    "15": 0.5746059562917516,
    "16": 0.5801401486177358,
    "17": 0.5974275303070917,
    "18": 0.5991498269828498,
    "19": 0.5957848335895765,
    "20": 0.6006727584895105,
    "21": 0.5981054513636421,
    "22": 0.6041225335853557,
    "23": 0.6027022229636395,
    "24": 0.614119626891682,
    "25": 0.6105803896750783,
    "26": 0.6102080008122309,
    "27": 0.6069344599472324,
    "28": 0.605721262999887,
    "29": 0.6117063022967244,
    "30": 0.6132313964714456,
    "31": 0.6063740346082875,
    "32": 0.6185258120076654
  },
  "stopping_epochs_per_stage": {
    "0": [
      3,
      1,
      1,
      1
    ],
    "1": [
      2,
      1,
      1,
      1
    ],
    "2": [
      2,
      1,
      1,
      1
    ],
    "3": [
      1,
      1,
      6,
      8
    ],
    "4": [
      1,
      5,
      7,
      5
    ],
    "5": [
      6,
      7,
      5,
      7
    ],
    "6": [
      3,
      9,
      7,
      8
    ],
    "7": [
      5,
      6,
      6,
      9
    ],
    "8": [
      2,
      7,
      3,
      5
    ],
    "9": [
      6,
      5,
      3,
      6
    ],
    "10": [
      4,
      3,
      3,
      5
    ],
    "11": [
      5,
      5,
      3,
      2
    ],
    "12": [
      6,
      5,
      3,
      3
    ],
    "13": [
      5,
      6,
      3,
      4
    ],
    "14": [
      4,
      5,
      5,
      3
    ],
    "15": [
      5,
      4,
      3,
      6
    ],
    "16": [
      4,
      5,
      4,
      5
    ],
    "17": [
      3,
      3,
      4,
      4
    ],
    "18": [
      6,
      4,
      2,
      5
    ],
    "19": [
      4,
      4,
      3,
      3
    ],
    "20": [
      1,
      6,
      5,
      2
    ],
    "21": [
      4,
      6,
      2,
      3
    ],
    "22": [
      2,
      2,
      4,
      3
    ],
    "23": [
      3,
      4,
      3,
      4
    ],
    "24": [
      2,
      3,
      4,
      3
    ],
    "25": [
      1,
      4,
      4,
      4
    ],
    "26": [
      3,
      6,
      6,
      4
    ],
    "27": [
      5,
      6,
      4,
      4
    ],
    "28": [
      2,
      4,
      3,
      5
    ],
    "29": [
      2,
      5,
      2,
      4
    ],
    "30": [
      3,
      5,
      2,
      3
    ],
    "31": [
      5,
      3,
      6,
      7
    ],
    "32": [
      2,
      2,
      3,
      7
    ]
  },
  "test_acc": {
    "0": 0.5013,
    "1": 0.5111,
    "2": 0.5277,
    "3": 0.5528,
    "4": 0.6065,
    "5": 0.6302,
    "6": 0.6462,
    "7": 0.6552,
    "8": 0.6668,
    "9": 0.6848,
    "10": 0.7253,
    "11": 0.7274,
    "12": 0.7178,
    "13": 0.7254,
    "14": 0.695,
    "15": 0.7186,
    "16": 0.7143,
    "17": 0.7196,
    "18": 0.7208,
    "19": 0.7,
    "20": 0.7176,
    "21": 0.7138,
    "22": 0.6889,
    "23": 0.6786,
    "24": 0.7024,
    "25": 0.6994,
    "26": 0.6874,
    "27": 0.6931,
    "28": 0.7018,
    "29": 0.6779,
    "30": 0.6953,
    "31": 0.6889,
    "32": 0.692
  },
  "test_loss": {
    "0": 0.6932403393745422,
    "1": 0.6933664249420166,
    "2": 0.6932113815307617,
    "3": 0.6844397559165954,
    "4": 0.6630934752464295,
    "5": 0.6553160784721375,
    "6": 0.6480945736885071,
    "7": 0.6486837563514709,
    "8": 0.6237391577720642,
    "9": 0.6317579879760742,
    "10": 0.5874197783470154,
    "11": 0.5729904564857483,
    "12": 0.5851682017326355,
    "13": 0.5956221892356872,
    "14": 0.712227604675293,
    "15": 0.5710241804599762,
    "16": 0.5838137180805206,
    "17": 0.5766424505710602,
    "18": 0.582339263010025,
    "19": 0.634487423992157,
    "20": 0.5766069820404053,
    "21": 0.5694716291427613,
    "22": 0.6090898097991944,
    "23": 0.6218818760871887,
    "24": 0.597962755870819,
    "25": 0.6011497627258301,
    "26": 0.6217105159759522,
    "27": 0.6325817805767059,
    "28": 0.6012876062393189,
    "29": 0.6447624342918395,
    "30": 0.6167654559135437,
    "31": 0.6009721243858337,
    "32": 0.5935031401157379
  },
  "drift_final_total_l2": {
    "0": 12.443414688110352,
    "1": 29.546493530273438,
    "2": 32.821083068847656,
    "3": 27.402610778808594,
    "4": 43.87882614135742,
    "5": 54.25214385986328,
    "6": 60.22661209106445,
    "7": 56.236366271972656,
    "8": 64.25040435791016,
    "9": 77.09993743896484,
    "10": 82.93077087402344,
    "11": 63.47270584106445,
    "12": 64.12757110595703,
    "13": 77.9413070678711,
    "14": 75.67860412597656,
    "15": 64.53778839111328,
    "16": 64.35285186767578,
    "17": 63.018436431884766,
    "18": 58.4088020324707,
    "19": 57.9985237121582,
    "20": 46.415565490722656,
    "21": 48.0406494140625,
    "22": 50.353004455566406,
    "23": 51.13229751586914,
    "24": 48.1005973815918,
    "25": 41.37641143798828,
    "26": 43.05935287475586,
    "27": 40.83292770385742,
    "28": 41.23284912109375,
    "29": 39.10294723510742,
    "30": 37.01557159423828,
    "31": 25.484058380126953,
    "32": 29.051509857177734
  },
  "probe_type": "mlp",
  "probe_hidden_size": [
    2048
  ],
  "init_strategy": "gamma_second_zero",
  "init_gamma": 0.5,
  "effective_lr": 0.001,