{
  "config": {
    "model_short": "llama",
    "task_name": "somo",
    "dataset": {
      "train": "cache/llama/somo_train/",
      "test": "cache/llama/somo_test/"
    },
    "mdl": {
      "batch_size": 64,
      "probe_type": "mlp",
      "probe_hidden_size": [
        11
      ],
      "num_classes": 2,
      "init_strategy": "gamma_second_zero",
      "init_gamma": 1.9,
      "optimizer": "adamw",
      "train_epochs": 10,
      "lr": 0.001,
      "seed": 442,
      "early_stopping_gap": 3,
      "split_num": 5,
      "split_ratio": 2.0
    },
    "out_dir": "init_results/llama/somo/hidden-11/seed-442/strategy-gamma_second_zero/gamma-1.9/opt-adamw/2026-04-25_03-33-03"
  },
  "train_meta": {
    "dataset": "compling/somo",
    "split": "train",
    "text_col": "text",
    "model": "meta-llama/Meta-Llama-3.1-8B",
    "max_len": 64,
    "hidden_size": 4096,
    "num_hidden_layers": 32,
    "num_states": 33,
    "memmap_file": "last_token_hidden_states.memmap",
    "dtype": "float32",
    "shape": [
      15000,
      33,
      4096
    ]
  },
  "test_meta": {
    "dataset": "compling/somo",
    "split": "test",
    "text_col": "text",
    "model": "meta-llama/Meta-Llama-3.1-8B",
    "max_len": 64,
    "hidden_size": 4096,
    "num_hidden_layers": 32,
    "num_states": 33,
    "memmap_file": "last_token_hidden_states.memmap",
    "dtype": "float32",
    "shape": [
      10000,
      33,
      4096
    ]
  },
  "splits": [
    484,
    968,
    1936,
    3872,
    7740
  ],
  "mdl_sum_ce": {
    "0": 10060.9213514328,
    "1": 10061.10837650299,
    "2": 10054.275984287262,
    "3": 10015.568990707397,
    "4": 9977.679332733154,
    "5": 9562.055225372314,
    "6": 9669.865406036377,
    "7": 9418.749300003052,
    "8": 9175.678842544556,
    "9": 8878.67216539383,
    "10": 8202.933304786682,
    "11": 8388.311567783356,
    "12": 8131.8488512039185,
    "13": 8160.655640602112,
    "14": 8307.12219953537,
    "15": 8542.816844940186,
    "16": 8497.562724113464,
    "17": 8726.09974527359,
    "18": 8516.47869682312,
    "19": 8733.984192848206,
    "20": 8710.802680015564,
    "21": 8593.115461826324,
    "22": 8890.697712421417,
    "23": 8714.028421878815,
    "24": 8832.14208650589,
    "25": 10061.116003036499,
    "26": 9630.011241436005,
    "27": 9648.468248844147,
    "28": 8794.352072238922,
    "29": 8865.003542900085,
    "30": 8817.082656383514,
    "31": 9779.399417877197,
    "32": 9243.080821990967
  },
  "mdl_nll": {
    "0": 0.6930918539151832,
    "1": 0.6931047379789881,
    "2": 0.6926340578869704,
    "3": 0.6899675524047532,
    "4": 0.687357352764753,
    "5": 0.6587252153053399,
    "6": 0.6661522048798827,
    "7": 0.6488529415819132,
    "8": 0.632107939001416,
    "9": 0.6116472971475495,
    "10": 0.5650959840718298,
    "11": 0.5778666001504102,
    "12": 0.5601990115185945,
    "13": 0.5621834968725621,
    "14": 0.572273505065815,
    "15": 0.5885103916326939,
    "16": 0.5853928578198859,
    "17": 0.6011366592224848,
    "18": 0.5866959697453238,
    "19": 0.6016798148834531,
    "20": 0.6000828520264235,
    "21": 0.5919754382630424,
    "22": 0.6124757310844183,
    "23": 0.6003050717745119,
    "24": 0.608441863220301,
    "25": 0.6931052633670777,
    "26": 0.6634066713582257,
    "27": 0.6646781653929559,
    "28": 0.6058385279855967,
    "29": 0.6107056725613176,
    "30": 0.6074044265902118,
    "31": 0.6736979483244142,
    "32": 0.6367512277480688
  },
  "stopping_epochs_per_stage": {
    "0": [
      1,
      1,
      9,
      5
    ],
    "1": [
      1,
      3,
      3,
      3
    ],
    "2": [
      1,
      2,
      3,
      9
    ],
    "3": [
      1,
      4,
      7,
      10
    ],
    "4": [
      1,
      10,
      10,
      5
    ],
    "5": [
      1,
      10,
      10,
      10
    ],
    "6": [
      1,
      10,
      10,
      10
    ],
    "7": [
      1,
      3,
      10,
      10
    ],
    "8": [
      1,
      2,
      10,
      10
    ],
    "9": [
      1,
      10,
      10,
      9
    ],
    "10": [
      10,
      10,
      9,
      10
    ],
    "11": [
      9,
      10,
      10,
      10
    ],
    "12": [
      10,
      10,
      10,
      10
    ],
    "13": [
      10,
      10,
      10,
      10
    ],
    "14": [
      9,
      9,
      9,
      9
    ],
    "15": [
      10,
      7,
      9,
      9
    ],
    "16": [
      1,
      8,
      10,
      9
    ],
    "17": [
      1,
      10,
      10,
      10
    ],
    "18": [
      10,
      10,
      10,
      10
    ],
    "19": [
      9,
      3,
      10,
      10
    ],
    "20": [
      1,
      10,
      10,
      9
    ],
    "21": [
      2,
      10,
      10,
      9
    ],
    "22": [
      1,
      10,
      5,
      9
    ],
    "23": [
      9,
      10,
      8,
      10
    ],
    "24": [
      1,
      10,
      8,
      9
    ],
    "25": [
      1,
      7,
      1,
      3
    ],
    "26": [
      9,
      10,
      10,
      3
    ],
    "27": [
      1,
      9,
      9,
      2
    ],
    "28": [
      2,
      9,
      9,
      10
    ],
    "29": [
      1,
      7,
      10,
      8
    ],
    "30": [
      1,
      9,
      8,
      5
    ],
    "31": [
      8,
      3,
      9,
      5
    ],
    "32": [
      7,
      3,
      1,
      5
    ]
  },
  "test_acc": {
    "0": 0.5013,
    "1": 0.5013,
    "2": 0.5013,
    "3": 0.554,
    "4": 0.6072,
    "5": 0.6165,
    "6": 0.636,
    "7": 0.5013,
    "8": 0.6916,
    "9": 0.7072,
    "10": 0.7332,
    "11": 0.7321,
    "12": 0.7303,
    "13": 0.7279,
    "14": 0.7339,
    "15": 0.7172,
    "16": 0.7159,
    "17": 0.7214,
    "18": 0.6808,
    "19": 0.7173,
    "20": 0.7231,
    "21": 0.7198,
    "22": 0.6473,
    "23": 0.7043,
    "24": 0.7056,
    "25": 0.6592,
    "26": 0.6652,
    "27": 0.7019,
    "28": 0.6628,
    "29": 0.6902,
    "30": 0.7022,
    "31": 0.7007,
    "32": 0.6896
  },
  "test_loss": {
    "0": 0.6931708557128906,
    "1": 0.693240630531311,
    "2": 0.6931920718193054,
    "3": 0.6848285879135132,
    "4": 0.6586332553863525,
    "5": 0.6533721613883973,
    "6": 0.6354818949699402,
    "7": 0.6932132513046264,
    "8": 0.5894866785049439,
    "9": 0.5734652206420898,
    "10": 0.5367465198516845,
    "11": 0.5399771726608277,
    "12": 0.5403009105682373,
    "13": 0.542221725654602,
    "14": 0.5379184237957001,
    "15": 0.5608621900558471,
    "16": 0.550713150882721,
    "17": 0.5535484891891479,
    "18": 0.6028141668319702,
    "19": 0.5625124855041503,
    "20": 0.5529228974342346,
    "21": 0.5602668343544006,
    "22": 0.6471101073265075,
    "23": 0.5699931991577148,
    "24": 0.5729586751937866,
    "25": 0.6162086500167847,
    "26": 0.6355279580116272,
    "27": 0.5800115403175354,
    "28": 0.6348023490905762,
    "29": 0.594630563545227,
    "30": 0.58012909450531,
    "31": 0.5848066088676452,
    "32": 0.5967274033546448
  },
  "drift_final_total_l2": {
    "0": 1.0268397331237793,
    "1": 0.8038172125816345,
    "2": 1.3461824655532837,
    "3": 8.867866516113281,
    "4": 10.718960762023926,
    "5": 9.80233383178711,
    "6": 11.394281387329102,
    "7": 0.9715514183044434,
    "8": 12.924078941345215,
    "9": 10.876495361328125,
    "10": 12.309115409851074,
    "11": 14.972333908081055,
    "12": 10.033201217651367,
    "13": 14.192642211914062,
    "14": 11.349308967590332,
    "15": 12.833821296691895,
    "16": 11.024356842041016,
    "17": 9.444085121154785,
    "18": 7.27970027923584,
    "19": 7.194982051849365,
    "20": 9.624383926391602,
    "21": 9.620904922485352,
    "22": 7.830862045288086,
    "23": 8.811491012573242,
    "24": 8.195070266723633,
    "25": 9.56716537475586,
    "26": 10.177619934082031,
    "27": 9.639097213745117,
    "28": 5.61507511138916,
    "29": 7.454444885253906,
    "30": 5.557918071746826,
    "31": 7.159101486206055,
    "32": 7.371601104736328
  },
  "probe_type": "mlp",
  "probe_hidden_size": [
    11
  ],