{
  "config": {
    "model_short": "llama",
    "task_name": "somo",
    "dataset": {
      "train": "cache/llama/somo_train/",
      "test": "cache/llama/somo_test/"
    },
    "mdl": {
      "batch_size": 64,
      "probe_type": "mlp",
      "probe_hidden_size": [
        8
      ],
      "num_classes": 2,
      "init_strategy": "gamma_second_zero",
      "init_gamma": 2.0,
      "optimizer": "adamw",
      "train_epochs": 10,
      "lr": 0.001,
      "seed": 42,
      "early_stopping_gap": 3,
      "split_num": 5,
      "split_ratio": 2.0
    },
    "out_dir": "init_results/llama/somo/hidden-8/seed-42/strategy-gamma_second_zero/gamma-2.0/opt-adamw/2026-04-25_02-39-41"
  },
  "train_meta": {
    "dataset": "compling/somo",
    "split": "train",
    "text_col": "text",
    "model": "meta-llama/Meta-Llama-3.1-8B",
    "max_len": 64,
    "hidden_size": 4096,
    "num_hidden_layers": 32,
    "num_states": 33,
    "memmap_file": "last_token_hidden_states.memmap",
    "dtype": "float32",
    "shape": [
      15000,
      33,
      4096
    ]
  },
  "test_meta": {
    "dataset": "compling/somo",
    "split": "test",
    "text_col": "text",
    "model": "meta-llama/Meta-Llama-3.1-8B",
    "max_len": 64,
    "hidden_size": 4096,
    "num_hidden_layers": 32,
    "num_states": 33,
    "memmap_file": "last_token_hidden_states.memmap",
    "dtype": "float32",
    "shape": [
      10000,
      33,
      4096
    ]
  },
  "splits": [
    484,
    968,
    1936,
    3872,
    7740
  ],
  "mdl_sum_ce": {
    "0": 10061.354259490967,
    "1": 10061.023423194885,
    "2": 10061.07783794403,
    "3": 10041.124687194824,
    "4": 9987.25512599945,
    "5": 9581.936100006104,
    "6": 10035.48020362854,
    "7": 9454.203224658966,
    "8": 9753.130940914154,
    "9": 8763.06754398346,
    "10": 8366.383067131042,
    "11": 8289.879296302795,
    "12": 8290.895131587982,
    "13": 8191.243059158325,
    "14": 8373.792229652405,
    "15": 8403.610975265503,
    "16": 8601.544703960419,
    "17": 9568.976214408875,
    "18": 8634.266558647156,
    "19": 8719.32131576538,
    "20": 8757.497929573059,
    "21": 8852.90022945404,
    "22": 8823.082013607025,
    "23": 9007.669290542603,
    "24": 8787.953631401062,
    "25": 8879.962072372437,
    "26": 9675.19608783722,
    "27": 8905.330031394958,
    "28": 9693.866926193237,
    "29": 9127.164120197296,
    "30": 9140.231783866882,
    "31": 8797.538305282593,
    "32": 8979.035541534424
  },
  "mdl_nll": {
    "0": 0.6931216767353932,
    "1": 0.693098885587964,
    "2": 0.6931026341928928,
    "3": 0.6917280715896131,
    "4": 0.6880170243868456,
    "5": 0.6600947988430769,
    "6": 0.6913392259319744,
    "7": 0.6512953447684601,
    "8": 0.6718883260480955,
    "9": 0.6036833524375489,
    "10": 0.5763559566775311,
    "11": 0.5710856500621931,
    "12": 0.5711556304483316,
    "13": 0.5642906488811191,
    "14": 0.5768663701882341,
    "15": 0.5789205687011231,
    "16": 0.5925561245494915,
    "17": 0.6592019987881561,
    "18": 0.5948103167985089,
    "19": 0.6006696965944738,
    "20": 0.6032996644787172,
    "21": 0.609871881334668,
    "22": 0.6078177193171002,
    "23": 0.6205338447604438,
    "24": 0.6053977425875628,
    "25": 0.6117361581959518,
    "26": 0.6665194328904119,
    "27": 0.6134837442404903,
    "28": 0.6678056576324909,
    "29": 0.6287657839761157,
    "30": 0.6296660088086857,
    "31": 0.6060580259908096,
    "32": 0.6185612800726388
  },
  "stopping_epochs_per_stage": {
    "0": [
      6,
      1,
      5,
      1
    ],
    "1": [
      1,
      2,
      6,
      2
    ],
    "2": [
      4,
      1,
      3,
      1
    ],
    "3": [
      10,
      1,
      4,
      9
    ],
    "4": [
      4,
      10,
      9,
      1
    ],
    "5": [
      10,
      10,
      9,
      9
    ],
    "6": [
      10,
      10,
      6,
      1
    ],
    "7": [
      10,
      1,
      10,
      9
    ],
    "8": [
      10,
      1,
      10,
      1
    ],
    "9": [
      1,
      10,
      10,
      10
    ],
    "10": [
      10,
      10,
      8,
      10
    ],
    "11": [
      2,
      9,
      10,
      10
    ],
    "12": [
      10,
      10,
      9,
      10
    ],
    "13": [
      10,
      10,
      10,
      9
    ],
    "14": [
      10,
      10,
      9,
      10
    ],
    "15": [
      3,
      10,
      10,
      10
    ],
    "16": [
      10,
      9,
      10,
      10
    ],
    "17": [
      10,
      10,
      9,
      1
    ],
    "18": [
      10,
      9,
      7,
      9
    ],
    "19": [
      10,
      1,
      9,
      8
    ],
    "20": [
      10,
      10,
      10,
      7
    ],
    "21": [
      10,
      10,
      10,
      7
    ],
    "22": [
      8,
      10,
      10,
      9
    ],
    "23": [
      3,
      1,
      10,
      9
    ],
    "24": [
      2,
      10,
      8,
      9
    ],
    "25": [
      10,
      1,
      10,
      10
    ],
    "26": [
      10,
      6,
      10,
      1
    ],
    "27": [
      2,
      1,
      10,
      8
    ],
    "28": [
      6,
      10,
      7,
      1
    ],
    "29": [
      5,
      9,
      3,
      6
    ],
    "30": [
      5,
      9,
      7,
      7
    ],
    "31": [
      7,
      9,
      8,
      9
    ],
    "32": [
      8,
      10,
      8,
      9
    ]
  },
  "test_acc": {
    "0": 0.5013,
    "1": 0.5066,
    "2": 0.5013,
    "3": 0.5013,
    "4": 0.5884,
    "5": 0.5013,
    "6": 0.6488,
    "7": 0.662,
    "8": 0.6825,
    "9": 0.7069,
    "10": 0.7298,
    "11": 0.7328,
    "12": 0.7294,
    "13": 0.7354,
    "14": 0.7337,
    "15": 0.7294,
    "16": 0.5013,
    "17": 0.7261,
    "18": 0.7229,
    "19": 0.5013,
    "20": 0.6963,
    "21": 0.7151,
    "22": 0.6983,
    "23": 0.7132,
    "24": 0.5013,
    "25": 0.7087,
    "26": 0.7026,
    "27": 0.5013,
    "28": 0.6909,
    "29": 0.5013,
    "30": 0.6953,
    "31": 0.6844,
    "32": 0.6939
  },
  "test_loss": {
    "0": 0.6932809484481811,
    "1": 0.6932199628829956,
    "2": 0.6932487703323365,
    "3": 0.6932029737472534,
    "4": 0.666714926147461,
    "5": 0.6931553945541382,
    "6": 0.6279313701629639,
    "7": 0.6169531454086303,
    "8": 0.59792594871521,
    "9": 0.5756437456130982,
    "10": 0.5522347551822663,
    "11": 0.5402855150699616,
    "12": 0.5400665638923645,
    "13": 0.5362311476707459,
    "14": 0.5350039125442505,
    "15": 0.5372043620586395,
    "16": 0.6932872354507447,
    "17": 0.5507482562065125,
    "18": 0.5559167743682861,
    "19": 0.6931454683303833,
    "20": 0.5846544128417969,
    "21": 0.5621809024810791,
    "22": 0.5740303566932679,
    "23": 0.5637086431503295,
    "24": 0.6931581516265869,
    "25": 0.5721237018585205,
    "26": 0.5756759007453919,
    "27": 0.6931607410430908,
    "28": 0.587843221282959,
    "29": 0.6931783985137939,
    "30": 0.5844466303825379,
    "31": 0.601691315126419,
    "32": 0.5896272624015808
  },
  "drift_final_total_l2": {
    "0": 0.8312054872512817,
    "1": 6.9369988441467285,
    "2": 0.8245881795883179,
    "3": 0.8532495498657227,
    "4": 9.404437065124512,
    "5": 0.9106379747390747,
    "6": 12.174128532409668,
    "7": 8.32437515258789,
    "8": 14.19591236114502,
    "9": 8.338521003723145,
    "10": 11.506966590881348,
    "11": 10.081947326660156,
    "12": 12.289114952087402,
    "13": 8.932547569274902,
    "14": 10.920196533203125,
    "15": 12.139054298400879,
    "16": 0.9448965191841125,
    "17": 10.238042831420898,
    "18": 6.767367362976074,
    "19": 1.1990547180175781,
    "20": 6.20899772644043,
    "21": 9.004345893859863,
    "22": 9.634078025817871,
    "23": 8.59228229522705,
    "24": 1.2027339935302734,
    "25": 5.607997894287109,
    "26": 9.79533576965332,
    "27": 0.9535191059112549,
    "28": 7.157533645629883,
    "29": 1.0039864778518677,
    "30": 6.829296588897705,
    "31": 7.8138861656188965,
    "32": 5.177230358123779
  },
  "probe_type": "mlp",
  "probe_hidden_size": [
    8
  ],