{
  "config": {
    "model_short": "llama",
    "task_name": "somo",
    "dataset": {
      "train": "cache/llama/somo_train/",
      "test": "cache/llama/somo_test/"
    },
    "mdl": {
      "batch_size": 64,
      "probe_type": "mlp",
      "probe_hidden_size": [
        1024
      ],
      "num_classes": 2,
      "init_strategy": "gamma_second_zero",
      "init_gamma": 0.6,
      "optimizer": "adamw",
      "train_epochs": 10,
      "lr": 0.001,
      "seed": 42,
      "early_stopping_gap": 3,
      "split_num": 5,
      "split_ratio": 2.0
    },
    "out_dir": "init_results/llama/somo/hidden-1024/seed-42/strategy-gamma_second_zero/gamma-0.6/2026-04-21_00-12-33"
  },
  "train_meta": {
    "dataset": "compling/somo",
    "split": "train",
    "text_col": "text",
    "model": "meta-llama/Meta-Llama-3.1-8B",
    "max_len": 64,
    "hidden_size": 4096,
    "num_hidden_layers": 32,
    "num_states": 33,
    "memmap_file": "last_token_hidden_states.memmap",
    "dtype": "float32",
    "shape": [
      15000,
      33,
      4096
    ]
  },
  "test_meta": {
    "dataset": "compling/somo",
    "split": "test",
    "text_col": "text",
    "model": "meta-llama/Meta-Llama-3.1-8B",
    "max_len": 64,
    "hidden_size": 4096,
    "num_hidden_layers": 32,
    "num_states": 33,
    "memmap_file": "last_token_hidden_states.memmap",
    "dtype": "float32",
    "shape": [
      10000,
      33,
      4096
    ]
  },
  "splits": [
    484,
    968,
    1936,
    3872,
    7740
  ],
  "mdl_sum_ce": {
    "0": 10062.000682353973,
    "1": 10060.00936460495,
    "2": 10060.230834007263,
    "3": 10034.044476509094,
    "4": 9757.974638938904,
    "5": 9497.839806079865,
    "6": 9434.49945640564,
    "7": 9253.223421096802,
    "8": 8824.19098186493,
    "9": 8556.210102081299,
    "10": 8109.460001945496,
    "11": 8117.866441249847,
    "12": 8190.267865180969,
    "13": 8139.991050720215,
    "14": 8280.626786231995,
    "15": 8295.941058158875,
    "16": 8388.076204299927,
    "17": 8450.397945404053,
    "18": 8489.69582748413,
    "19": 8567.16998243332,
    "20": 8599.783007621765,
    "21": 8577.748111724854,
    "22": 8732.502918243408,
    "23": 8681.159229755402,
    "24": 8686.40549659729,
    "25": 8780.664623260498,
    "26": 8784.18063879013,
    "27": 8833.72840166092,
    "28": 8815.66567325592,
    "29": 8807.828595161438,
    "30": 8855.303094863892,
    "31": 8743.132318019867,
    "32": 8906.34627532959
  },
  "mdl_nll": {
    "0": 0.6931662084840158,
    "1": 0.6930290275974752,
    "2": 0.6930442845141405,
    "3": 0.691240319406799,
    "4": 0.6722220059891777,
    "5": 0.6543014470983649,
    "6": 0.6499379620009397,
    "7": 0.6374499463417471,
    "8": 0.6078941155872781,
    "9": 0.5894330464371245,
    "10": 0.5586566548598441,
    "11": 0.5592357702707252,
    "12": 0.5642234682544068,
    "13": 0.5607599235822689,
    "14": 0.5704482492581975,
    "15": 0.5715032418130941,
    "16": 0.5778503860774268,
    "17": 0.5821436997384991,
    "18": 0.5848509112347844,
    "19": 0.5901880671282254,
    "20": 0.5924347621673853,
    "21": 0.5909167891791715,
    "22": 0.6015777706147292,
    "23": 0.5980407295229678,
    "24": 0.5984021422290776,
    "25": 0.604895606452225,
    "26": 0.6051378230084136,
    "27": 0.6085511436801405,
    "28": 0.6073068113292863,
    "29": 0.6067669189281785,
    "30": 0.6100374135342995,
    "31": 0.6023100246638101,
    "32": 0.6135537527782853
  },
  "stopping_epochs_per_stage": {
    "0": [
      3,
      1,
      1,
      1
    ],
    "1": [
      1,
      2,
      1,
      1
    ],
    "2": [
      3,
      5,
      1,
      1
    ],
    "3": [
      3,
      4,
      6,
      3
    ],
    "4": [
      7,
      6,
      3,
      5
    ],
    "5": [
      10,
      6,
      6,
      10
    ],
    "6": [
      7,
      8,
      6,
      7
    ],
    "7": [
      8,
      8,
      5,
      10
    ],
    "8": [
      10,
      5,
      6,
      8
    ],
    "9": [
      9,
      4,
      5,
      6
    ],
    "10": [
      7,
      5,
      2,
      4
    ],
    "11": [
      9,
      4,
      5,
      4
    ],
    "12": [
      8,
      5,
      7,
      7
    ],
    "13": [
      4,
      4,
      6,
      3
    ],
    "14": [
      8,
      5,
      3,
      3
    ],
    "15": [
      8,
      3,
      6,
      2
    ],
    "16": [
      7,
      7,
      3,
      4
    ],
    "17": [
      6,
      2,
      4,
      5
    ],
    "18": [
      5,
      5,
      4,
      4
    ],
    "19": [
      5,
      5,
      5,
      6
    ],
    "20": [
      2,
      9,
      6,
      7
    ],
    "21": [
      3,
      6,
      6,
      6
    ],
    "22": [
      5,
      7,
      2,
      6
    ],
    "23": [
      1,
      5,
      6,
      5
    ],
    "24": [
      1,
      4,
      7,
      5
    ],
    "25": [
      2,
      4,
      5,
      4
    ],
    "26": [
      2,
      3,
      5,
      5
    ],
    "27": [
      3,
      3,
      3,
      4
    ],
    "28": [
      1,
      4,
      6,
      4
    ],
    "29": [
      1,
      6,
      4,
      4
    ],
    "30": [
      2,
      4,
      5,
      4
    ],
    "31": [
      5,
      4,
      4,
      5
    ],
    "32": [
      2,
      6,
      4,
      4
    ]
  },
  "test_acc": {
    "0": 0.5013,
    "1": 0.5073,
    "2": 0.5254,
    "3": 0.5314,
    "4": 0.608,
    "5": 0.6284,
    "6": 0.6262,
    "7": 0.6583,
    "8": 0.6742,
    "9": 0.6901,
    "10": 0.7231,
    "11": 0.7233,
    "12": 0.7262,
    "13": 0.7177,
    "14": 0.7299,
    "15": 0.7216,
    "16": 0.7184,
    "17": 0.7064,
    "18": 0.7221,
    "19": 0.7161,
    "20": 0.694,
    "21": 0.6785,
    "22": 0.6978,
    "23": 0.6998,
    "24": 0.7062,
    "25": 0.6755,
    "26": 0.7075,
    "27": 0.6988,
    "28": 0.702,
    "29": 0.6897,
    "30": 0.6951,
    "31": 0.6958,
    "32": 0.6768
  },
  "test_loss": {
    "0": 0.6931437652587891,
    "1": 0.6933353236198425,
    "2": 0.6919908410072326,
    "3": 0.7036938013076782,
    "4": 0.6597001543998718,
    "5": 0.6444659395217895,
    "6": 0.6424439242362976,
    "7": 0.6295892848968506,
    "8": 0.6189026397705079,
    "9": 0.6065748760223388,
    "10": 0.5815971781730652,
    "11": 0.5793296072006225,
    "12": 0.5591257605075837,
    "13": 0.5755647738933564,
    "14": 0.5714963819503784,
    "15": 0.5815662352561951,
    "16": 0.5819030225753784,
    "17": 0.585689640378952,
    "18": 0.5723272216320038,
    "19": 0.5664760773181915,
    "20": 0.5919073669433593,
    "21": 0.636352266216278,
    "22": 0.6153271252632141,
    "23": 0.5965311819076539,
    "24": 0.5778683257102967,
    "25": 0.6316391965866089,
    "26": 0.5867614379882813,
    "27": 0.598228834438324,
    "28": 0.5943026208400727,
    "29": 0.6145471117019653,
    "30": 0.601995080947876,
    "31": 0.5989213376998901,
    "32": 0.611804536819458
  },
  "drift_final_total_l2": {
    "0": 10.025809288024902,
    "1": 21.84157371520996,
    "2": 19.57598876953125,
    "3": 27.6871395111084,
    "4": 21.8526611328125,
    "5": 33.33822250366211,
    "6": 30.379823684692383,
    "7": 38.44913101196289,
    "8": 50.09540939331055,
    "9": 49.20812225341797,
    "10": 67.99879455566406,
    "11": 66.4608383178711,
    "12": 60.97948455810547,
    "13": 63.7095832824707,
    "14": 52.4964485168457,
    "15": 62.06582260131836,
    "16": 59.7491569519043,
    "17": 35.896263122558594,
    "18": 44.86749267578125,
    "19": 34.30060958862305,
    "20": 29.122922897338867,
    "21": 38.57215881347656,
    "22": 35.70132827758789,
    "23": 32.88671875,
    "24": 24.90941619873047,
    "25": 29.67555809020996,
    "26": 30.917856216430664,
    "27": 28.038562774658203,
    "28": 22.68807029724121,
    "29": 32.84288024902344,
    "30": 27.572223663330078,
    "31": 28.567703247070312,
    "32": 21.27075958251953
  },
  "probe_type": "mlp",
  "probe_hidden_size": [
    1024
  ],
  "init_strategy": "gamma_second_zero",
  "init_gamma": 0.6,
  "effective_lr": 0.001,