{
  "config": {
    "model_short": "llama",
    "task_name": "somo",
    "dataset": {
      "train": "cache/llama/somo_train/",
      "test": "cache/llama/somo_test/"
    },
    "mdl": {
      "batch_size": 64,
      "probe_type": "mlp",
      "probe_hidden_size": [
        8
      ],
      "num_classes": 2,
      "init_strategy": "gamma_second_zero",
      "init_gamma": 0.8,
      "optimizer": "adamw",
      "train_epochs": 10,
      "lr": 0.001,
      "seed": 42,
      "early_stopping_gap": 3,
      "split_num": 5,
      "split_ratio": 2.0
    },
    "out_dir": "init_results/llama/somo/hidden-8/seed-42/strategy-gamma_second_zero/gamma-0.8/opt-adamw/2026-04-25_02-39-23"
  },
  "train_meta": {
    "dataset": "compling/somo",
    "split": "train",
    "text_col": "text",
    "model": "meta-llama/Meta-Llama-3.1-8B",
    "max_len": 64,
    "hidden_size": 4096,
    "num_hidden_layers": 32,
    "num_states": 33,
    "memmap_file": "last_token_hidden_states.memmap",
    "dtype": "float32",
    "shape": [
      15000,
      33,
      4096
    ]
  },
  "test_meta": {
    "dataset": "compling/somo",
    "split": "test",
    "text_col": "text",
    "model": "meta-llama/Meta-Llama-3.1-8B",
    "max_len": 64,
    "hidden_size": 4096,
    "num_hidden_layers": 32,
    "num_states": 33,
    "memmap_file": "last_token_hidden_states.memmap",
    "dtype": "float32",
    "shape": [
      10000,
      33,
      4096
    ]
  },
  "splits": [
    484,
    968,
    1936,
    3872,
    7740
  ],
  "mdl_sum_ce": {
    "0": 10060.950074195862,
    "1": 10061.382305145264,
    "2": 10060.359734535217,
    "3": 10061.334837913513,
    "4": 10009.624100208282,
    "5": 9687.742012023926,
    "6": 9989.472286224365,
    "7": 9380.098340034485,
    "8": 9001.351334571838,
    "9": 8760.559903144836,
    "10": 8116.183533668518,
    "11": 8277.682412147522,
    "12": 8174.168234348297,
    "13": 8196.321807861328,
    "14": 8421.05862236023,
    "15": 8257.645359992981,
    "16": 8302.44691324234,
    "17": 9652.534321308136,
    "18": 8722.339262485504,
    "19": 9652.589218139648,
    "20": 8605.039715766907,
    "21": 9611.110113620758,
    "22": 9531.45374584198,
    "23": 8799.753596305847,
    "24": 8723.340945243835,
    "25": 9102.13367843628,
    "26": 8814.085065841675,
    "27": 8812.4890127182,
    "28": 8738.531795978546,
    "29": 8889.393892288208,
    "30": 9102.2755818367,
    "31": 8761.97126197815,
    "32": 9067.993744373322
  },
  "mdl_nll": {
    "0": 0.6930938326120049,
    "1": 0.6931236087865296,
    "2": 0.6930531644072208,
    "3": 0.693120338792609,
    "4": 0.6895580118633426,
    "5": 0.6673837153502291,
    "6": 0.6881697634489091,
    "7": 0.646190296227231,
    "8": 0.6200986039247616,
    "9": 0.603510602310887,
    "10": 0.5591198356068144,
    "11": 0.5702454127960541,
    "12": 0.5631143727161957,
    "13": 0.5646405213461924,
    "14": 0.5801225284072905,
    "15": 0.5688650702668078,
    "16": 0.5719514269249338,
    "17": 0.6649582750970058,
    "18": 0.600877601438792,
    "19": 0.6649620569123483,
    "20": 0.5927968941696684,
    "21": 0.6621045820901597,
    "22": 0.6566170946432888,
    "23": 0.6062106362845031,
    "24": 0.6009466068644141,
    "25": 0.6270414493273821,
    "26": 0.6071979240728627,
    "27": 0.607087972769234,
    "28": 0.6019930969949397,
    "29": 0.612385911565735,
    "30": 0.6270512249818614,
    "31": 0.6036078301169847,
    "32": 0.6246895662974181
  },
  "stopping_epochs_per_stage": {
    "0": [
      3,
      1,
      6,
      1
    ],
    "1": [
      1,
      1,
      9,
      1
    ],
    "2": [
      5,
      1,
      3,
      1
    ],
    "3": [
      3,
      1,
      2,
      1
    ],
    "4": [
      10,
      10,
      10,
      1
    ],
    "5": [
      10,
      9,
      8,
      9
    ],
    "6": [
      2,
      1,
      9,
      1
    ],
    "7": [
      10,
      10,
      9,
      10
    ],
    "8": [
      10,
      10,
      10,
      10
    ],
    "9": [
      9,
      10,
      10,
      10
    ],
    "10": [
      10,
      10,
      8,
      10
    ],
    "11": [
      6,
      10,
      9,
      10
    ],
    "12": [
      1,
      10,
      10,
      10
    ],
    "13": [
      10,
      10,
      8,
      8
    ],
    "14": [
      10,
      10,
      10,
      8
    ],
    "15": [
      9,
      10,
      10,
      10
    ],
    "16": [
      10,
      10,
      9,
      10
    ],
    "17": [
      10,
      10,
      8,
      1
    ],
    "18": [
      10,
      10,
      10,
      9
    ],
    "19": [
      10,
      1,
      9,
      1
    ],
    "20": [
      9,
      10,
      8,
      10
    ],
    "21": [
      10,
      9,
      9,
      1
    ],
    "22": [
      10,
      9,
      10,
      1
    ],
    "23": [
      5,
      10,
      10,
      9
    ],
    "24": [
      9,
      7,
      10,
      9
    ],
    "25": [
      8,
      9,
      3,
      8
    ],
    "26": [
      5,
      8,
      10,
      10
    ],
    "27": [
      9,
      10,
      10,
      10
    ],
    "28": [
      9,
      8,
      7,
      10
    ],
    "29": [
      10,
      2,
      9,
      10
    ],
    "30": [
      4,
      10,
      4,
      8
    ],
    "31": [
      8,
      9,
      10,
      9
    ],
    "32": [
      10,
      8,
      5,
      10
    ]
  },
  "test_acc": {
    "0": 0.5013,
    "1": 0.5013,
    "2": 0.5013,
    "3": 0.5013,
    "4": 0.6072,
    "5": 0.6357,
    "6": 0.6395,
    "7": 0.5013,
    "8": 0.6884,
    "9": 0.7098,
    "10": 0.7274,
    "11": 0.7306,
    "12": 0.7242,
    "13": 0.7081,
    "14": 0.7309,
    "15": 0.7288,
    "16": 0.7263,
    "17": 0.7236,
    "18": 0.7225,
    "19": 0.7169,
    "20": 0.5013,
    "21": 0.7191,
    "22": 0.7116,
    "23": 0.712,
    "24": 0.6927,
    "25": 0.704,
    "26": 0.7123,
    "27": 0.7066,
    "28": 0.6946,
    "29": 0.5013,
    "30": 0.6966,
    "31": 0.6862,
    "32": 0.6858
  },
  "test_loss": {
    "0": 0.6932153839111328,
    "1": 0.6931537317276001,
    "2": 0.6931542400360108,
    "3": 0.6931613258361816,
    "4": 0.6575607906341553,
    "5": 0.6360303142547608,
    "6": 0.6371567222595215,
    "7": 0.6931847197532653,
    "8": 0.5993411211013794,
    "9": 0.5724890850067139,
    "10": 0.5445398567199707,
    "11": 0.5413518647193909,
    "12": 0.5474184068679809,
    "13": 0.5685774804115296,
    "14": 0.534276153755188,
    "15": 0.54107880859375,
    "16": 0.5487790526390076,
    "17": 0.5524317028522492,
    "18": 0.5489009852409363,
    "19": 0.5650886865139008,
    "20": 0.6931849168777466,
    "21": 0.5600467838287354,
    "22": 0.5686978641033172,
    "23": 0.5690801050186157,
    "24": 0.5840312973499298,
    "25": 0.5737466324806213,
    "26": 0.5655527820587158,
    "27": 0.5730813055515289,
    "28": 0.5878668656349182,
    "29": 0.6931450336456298,
    "30": 0.594221234703064,
    "31": 0.5922427959442139,
    "32": 0.5939883755683899
  },
  "drift_final_total_l2": {
    "0": 3.013612747192383,
    "1": 1.255602478981018,
    "2": 1.282310128211975,
    "3": 0.9135415554046631,
    "4": 9.00127124786377,
    "5": 12.47857666015625,
    "6": 10.321155548095703,
    "7": 1.1108070611953735,
    "8": 14.005295753479004,
    "9": 8.004165649414062,
    "10": 10.310239791870117,
    "11": 11.010229110717773,
    "12": 9.249540328979492,
    "13": 11.383268356323242,
    "14": 9.417938232421875,
    "15": 11.762042045593262,
    "16": 11.406453132629395,
    "17": 6.871617794036865,
    "18": 8.563519477844238,
    "19": 8.060053825378418,
    "20": 1.0324790477752686,
    "21": 8.873588562011719,
    "22": 10.547096252441406,
    "23": 10.548896789550781,
    "24": 5.957333564758301,
    "25": 7.682283401489258,
    "26": 8.301615715026855,
    "27": 5.542941093444824,
    "28": 7.647908687591553,
    "29": 1.0055116415023804,
    "30": 8.044354438781738,
    "31": 6.252195835113525,
    "32": 4.893779754638672
  },
  "probe_type": "mlp",
  "probe_hidden_size": [
    8
  ],