{
  "config": {
    "model_short": "llama",
    "task_name": "somo",
    "dataset": {
      "train": "cache/llama/somo_train/",
      "test": "cache/llama/somo_test/"
    },
    "mdl": {
      "batch_size": 64,
      "probe_type": "mlp",
      "probe_hidden_size": [
        128
      ],
      "num_classes": 2,
      "init_strategy": "gamma_second_zero",
      "init_gamma": 0.4,
      "optimizer": "adamw",
      "train_epochs": 10,
      "lr": 0.001,
      "seed": 242,
      "early_stopping_gap": 3,
      "split_num": 5,
      "split_ratio": 2.0
    },
    "out_dir": "init_results/llama/somo/hidden-128/seed-242/strategy-gamma_second_zero/gamma-0.4/2026-04-21_02-39-03"
  },
  "train_meta": {
    "dataset": "compling/somo",
    "split": "train",
    "text_col": "text",
    "model": "meta-llama/Meta-Llama-3.1-8B",
    "max_len": 64,
    "hidden_size": 4096,
    "num_hidden_layers": 32,
    "num_states": 33,
    "memmap_file": "last_token_hidden_states.memmap",
    "dtype": "float32",
    "shape": [
      15000,
      33,
      4096
    ]
  },
  "test_meta": {
    "dataset": "compling/somo",
    "split": "test",
    "text_col": "text",
    "model": "meta-llama/Meta-Llama-3.1-8B",
    "max_len": 64,
    "hidden_size": 4096,
    "num_hidden_layers": 32,
    "num_states": 33,
    "memmap_file": "last_token_hidden_states.memmap",
    "dtype": "float32",
    "shape": [
      10000,
      33,
      4096
    ]
  },
  "splits": [
    484,
    968,
    1936,
    3872,
    7740
  ],
  "mdl_sum_ce": {
    "0": 10061.493100643158,
    "1": 10060.38162279129,
    "2": 10060.726071834564,
    "3": 10014.146755218506,
    "4": 9721.369584083557,
    "5": 9526.293046474457,
    "6": 9490.521176815033,
    "7": 9311.737539291382,
    "8": 8904.276559114456,
    "9": 8560.161068439484,
    "10": 8144.466464281082,
    "11": 8113.344609737396,
    "12": 8136.770256757736,
    "13": 8178.402423143387,
    "14": 8271.04637002945,
    "15": 8352.735940694809,
    "16": 8378.882897615433,
    "17": 8496.218236923218,
    "18": 8555.772178173065,
    "19": 8642.081316947937,
    "20": 8655.791017532349,
    "21": 8782.453432559967,
    "22": 8655.37573814392,
    "23": 8707.774714946747,
    "24": 8794.931607246399,
    "25": 8757.392101287842,
    "26": 8917.7905960083,
    "27": 8791.24325799942,
    "28": 8805.408670425415,
    "29": 8851.770079135895,
    "30": 8923.330616474152,
    "31": 8870.150043964386,
    "32": 8940.546902656555
  },
  "mdl_nll": {
    "0": 0.6931312414331192,
    "1": 0.6930546722782647,
    "2": 0.6930784012010585,
    "3": 0.6898695753112776,
    "4": 0.6697003020173297,
    "5": 0.6562615766378105,
    "6": 0.6537972703785501,
    "7": 0.6414809547596708,
    "8": 0.6134111710605165,
    "9": 0.5897052265389559,
    "10": 0.5610682325903198,
    "11": 0.5589242635531411,
    "12": 0.5605380446925968,
    "13": 0.5634060638704455,
    "14": 0.5697882591643324,
    "15": 0.5754158129439797,
    "16": 0.5772170637651856,
    "17": 0.5853002367679263,
    "18": 0.5894028780775051,
    "19": 0.595348671600161,
    "20": 0.596293126035571,
    "21": 0.6050188366326789,
    "22": 0.5962645176456269,
    "23": 0.5998742570230605,
    "24": 0.605878451863213,
    "25": 0.6032923740209315,
    "26": 0.6143421463218725,
    "27": 0.6056243633231896,
    "28": 0.6066002115200755,
    "29": 0.6097940258429246,
    "30": 0.6147237955686244,
    "31": 0.6110602124527684,
    "32": 0.6159098169369355
  },
  "stopping_epochs_per_stage": {
    "0": [
      6,
      3,
      2,
      4
    ],
    "1": [
      6,
      1,
      1,
      9
    ],
    "2": [
      1,
      3,
      2,
      4
    ],
    "3": [
      5,
      1,
      1,
      9
    ],
    "4": [
      5,
      6,
      7,
      10
    ],
    "5": [
      6,
      7,
      9,
      7
    ],
    "6": [
      9,
      7,
      8,
      9
    ],
    "7": [
      3,
      7,
      8,
      4
    ],
    "8": [
      8,
      8,
      9,
      8
    ],
    "9": [
      10,
      4,
      6,
      3
    ],
    "10": [
      8,
      4,
      5,
      4
    ],
    "11": [
      9,
      5,
      3,
      5
    ],
    "12": [
      7,
      5,
      4,
      7
    ],
    "13": [
      7,
      3,
      4,
      4
    ],
    "14": [
      7,
      3,
      5,
      5
    ],
    "15": [
      6,
      3,
      2,
      6
    ],
    "16": [
      8,
      7,
      3,
      5
    ],
    "17": [
      6,
      6,
      4,
      6
    ],
    "18": [
      5,
      7,
      5,
      3
    ],
    "19": [
      6,
      5,
      4,
      3
    ],
    "20": [
      5,
      3,
      3,
      7
    ],
    "21": [
      2,
      3,
      4,
      5
    ],
    "22": [
      5,
      3,
      6,
      5
    ],
    "23": [
      5,
      5,
      7,
      5
    ],
    "24": [
      6,
      4,
      4,
      6
    ],
    "25": [
      3,
      6,
      6,
      5
    ],
    "26": [
      4,
      4,
      5,
      4
    ],
    "27": [
      4,
      4,
      5,
      3
    ],
    "28": [
      4,
      3,
      6,
      5
    ],
    "29": [
      6,
      4,
      4,
      3
    ],
    "30": [
      4,
      5,
      3,
      6
    ],
    "31": [
      1,
      5,
      2,
      7
    ],
    "32": [
      4,
      3,
      5,
      5
    ]
  },
  "test_acc": {
    "0": 0.4982,
    "1": 0.5013,
    "2": 0.5147,
    "3": 0.54,
    "4": 0.5916,
    "5": 0.6365,
    "6": 0.6525,
    "7": 0.6646,
    "8": 0.6794,
    "9": 0.7064,
    "10": 0.7165,
    "11": 0.7315,
    "12": 0.7286,
    "13": 0.7341,
    "14": 0.7182,
    "15": 0.7225,
    "16": 0.7237,
    "17": 0.7148,
    "18": 0.722,
    "19": 0.7167,
    "20": 0.7177,
    "21": 0.7154,
    "22": 0.7057,
    "23": 0.7032,
    "24": 0.7026,
    "25": 0.701,
    "26": 0.6967,
    "27": 0.6992,
    "28": 0.703,
    "29": 0.6911,
    "30": 0.6884,
    "31": 0.7026,
    "32": 0.6879
  },
  "test_loss": {
    "0": 0.6932666214942932,
    "1": 0.6932573086738586,
    "2": 0.6925649235725403,
    "3": 0.6927579183578492,
    "4": 0.6762681603431702,
    "5": 0.6373086367607117,
    "6": 0.6293510244369507,
    "7": 0.6226306959152221,
    "8": 0.6048761312484742,
    "9": 0.5876173064231872,
    "10": 0.5677490508079529,
    "11": 0.5556384805679321,
    "12": 0.5472970870018006,
    "13": 0.5569005352973938,
    "14": 0.5755636239051819,
    "15": 0.5762802464962006,
    "16": 0.5537784639358521,
    "17": 0.575112384557724,
    "18": 0.5646966836929321,
    "19": 0.5681837728023529,
    "20": 0.5682607284545899,
    "21": 0.5711396074295044,
    "22": 0.5917340065479278,
    "23": 0.5852504890441894,
    "24": 0.5786603821754456,
    "25": 0.6022925709724426,
    "26": 0.5913873592376709,
    "27": 0.5942669951438904,
    "28": 0.5950099360466004,
    "29": 0.6142415788650513,
    "30": 0.6219020878314971,
    "31": 0.5914806762695313,
    "32": 0.5984270715713501
  },
  "drift_final_total_l2": {
    "0": 4.438968181610107,
    "1": 5.452208042144775,
    "2": 16.944982528686523,
    "3": 17.155027389526367,
    "4": 26.093219757080078,
    "5": 35.000770568847656,
    "6": 30.201940536499023,
    "7": 35.42874526977539,
    "8": 33.730995178222656,
    "9": 35.26503372192383,
    "10": 36.98134994506836,
    "11": 37.30891036987305,
    "12": 35.02943420410156,
    "13": 32.674659729003906,
    "14": 34.49821472167969,
    "15": 32.88949966430664,
    "16": 31.217613220214844,
    "17": 28.97736167907715,
    "18": 29.09494400024414,
    "19": 29.26540756225586,
    "20": 28.451955795288086,
    "21": 26.823469161987305,
    "22": 29.175817489624023,
    "23": 26.583860397338867,
    "24": 27.370460510253906,
    "25": 26.080570220947266,
    "26": 23.459815979003906,
    "27": 25.623586654663086,
    "28": 22.801860809326172,
    "29": 26.636137008666992,
    "30": 23.466896057128906,
    "31": 20.496299743652344,
    "32": 19.85767936706543
  },
  "probe_type": "mlp",
  "probe_hidden_size": [
    128
  ],
  "init_strategy": "gamma_second_zero",
  "init_gamma": 0.4,