{
  "config": {
    "model_short": "llama",
    "task_name": "somo",
    "dataset": {
      "train": "cache/llama/somo_train/",
      "test": "cache/llama/somo_test/"
    },
    "mdl": {
      "batch_size": 64,
      "probe_type": "mlp",
      "probe_hidden_size": [
        4
      ],
      "num_classes": 2,
      "init_strategy": "gamma_second_zero",
      "init_gamma": 1.3,
      "optimizer": "adamw",
      "train_epochs": 10,
      "lr": 0.001,
      "seed": 142,
      "early_stopping_gap": 3,
      "split_num": 5,
      "split_ratio": 2.0
    },
    "out_dir": "init_results/llama/somo/hidden-4/seed-142/strategy-gamma_second_zero/gamma-1.3/opt-adamw/2026-04-25_03-06-10"
  },
  "train_meta": {
    "dataset": "compling/somo",
    "split": "train",
    "text_col": "text",
    "model": "meta-llama/Meta-Llama-3.1-8B",
    "max_len": 64,
    "hidden_size": 4096,
    "num_hidden_layers": 32,
    "num_states": 33,
    "memmap_file": "last_token_hidden_states.memmap",
    "dtype": "float32",
    "shape": [
      15000,
      33,
      4096
    ]
  },
  "test_meta": {
    "dataset": "compling/somo",
    "split": "test",
    "text_col": "text",
    "model": "meta-llama/Meta-Llama-3.1-8B",
    "max_len": 64,
    "hidden_size": 4096,
    "num_hidden_layers": 32,
    "num_states": 33,
    "memmap_file": "last_token_hidden_states.memmap",
    "dtype": "float32",
    "shape": [
      10000,
      33,
      4096
    ]
  },
  "splits": [
    484,
    968,
    1936,
    3872,
    7740
  ],
  "mdl_sum_ce": {
    "0": 10062.680712223053,
    "1": 10060.670608997345,
    "2": 10060.829571723938,
    "3": 10055.309757709503,
    "4": 9776.979583263397,
    "5": 9711.219408512115,
    "6": 10053.3114361763,
    "7": 10041.089579105377,
    "8": 8974.869256973267,
    "9": 8615.503643989563,
    "10": 8487.333327293396,
    "11": 8314.696752548218,
    "12": 8309.717077255249,
    "13": 8309.640840053558,
    "14": 8823.616864204407,
    "15": 8405.175399780273,
    "16": 8519.163581371307,
    "17": 8560.953678131104,
    "18": 8694.25189781189,
    "19": 9082.821353912354,
    "20": 9558.678641319275,
    "21": 8965.37524318695,
    "22": 8787.79395198822,
    "23": 9661.447218894958,
    "24": 9630.699178218842,
    "25": 9271.485501766205,
    "26": 10041.591784477234,
    "27": 8826.712633132935,
    "28": 9004.017937660217,
    "29": 9027.49366569519,
    "30": 8936.931523323059,
    "31": 8972.47387933731,
    "32": 9121.829730987549
  },
  "mdl_nll": {
    "0": 0.693213055402525,
    "1": 0.693074580393865,
    "2": 0.6930855312568158,
    "3": 0.6927052740224238,
    "4": 0.6735312471247863,
    "5": 0.6690010614847145,
    "6": 0.6925676106486842,
    "7": 0.6917256530108417,
    "8": 0.6182742668071967,
    "9": 0.5935177489659385,
    "10": 0.5846881597749652,
    "11": 0.572795312244986,
    "12": 0.5724522648977163,
    "13": 0.5724470129549158,
    "14": 0.6078545649079916,
    "15": 0.5790283411256733,
    "16": 0.5868809301027355,
    "17": 0.5897598290252896,
    "18": 0.5989426768952804,
    "19": 0.6257110329231437,
    "20": 0.6584926041140311,
    "21": 0.6176202289326915,
    "22": 0.6053867423524538,
    "23": 0.6655722801663653,
    "24": 0.66345406298008,
    "25": 0.6387080119706672,
    "26": 0.6917602496884289,
    "27": 0.6080678308854323,
    "28": 0.620282304881525,
    "29": 0.6218995360771005,
    "30": 0.6156607552578575,
    "31": 0.6181092504365742,
    "32": 0.6283983005640361
  },
  "stopping_epochs_per_stage": {
    "0": [
      7,
      5,
      3,
      2
    ],
    "1": [
      10,
      4,
      3,
      1
    ],
    "2": [
      1,
      4,
      9,
      1
    ],
    "3": [
      10,
      6,
      10,
      1
    ],
    "4": [
      10,
      5,
      10,
      10
    ],
    "5": [
      10,
      10,
      9,
      10
    ],
    "6": [
      2,
      10,
      7,
      1
    ],
    "7": [
      10,
      10,
      6,
      1
    ],
    "8": [
      10,
      10,
      10,
      9
    ],
    "9": [
      5,
      10,
      10,
      10
    ],
    "10": [
      10,
      5,
      9,
      10
    ],
    "11": [
      10,
      10,
      10,
      9
    ],
    "12": [
      10,
      10,
      10,
      10
    ],
    "13": [
      10,
      9,
      10,
      9
    ],
    "14": [
      10,
      10,
      5,
      10
    ],
    "15": [
      10,
      10,
      10,
      8
    ],
    "16": [
      10,
      10,
      10,
      10
    ],
    "17": [
      9,
      10,
      9,
      9
    ],
    "18": [
      10,
      10,
      10,
      10
    ],
    "19": [
      4,
      10,
      6,
      10
    ],
    "20": [
      10,
      10,
      10,
      1
    ],
    "21": [
      7,
      4,
      8,
      9
    ],
    "22": [
      5,
      10,
      10,
      6
    ],
    "23": [
      9,
      10,
      10,
      1
    ],
    "24": [
      9,
      10,
      10,
      1
    ],
    "25": [
      3,
      10,
      7,
      8
    ],
    "26": [
      10,
      4,
      7,
      1
    ],
    "27": [
      4,
      10,
      10,
      8
    ],
    "28": [
      3,
      10,
      10,
      8
    ],
    "29": [
      3,
      6,
      9,
      9
    ],
    "30": [
      1,
      10,
      7,
      9
    ],
    "31": [
      8,
      5,
      6,
      9
    ],
    "32": [
      7,
      10,
      9,
      10
    ]
  },
  "test_acc": {
    "0": 0.5013,
    "1": 0.5013,
    "2": 0.5013,
    "3": 0.5461,
    "4": 0.5013,
    "5": 0.6377,
    "6": 0.5013,
    "7": 0.6662,
    "8": 0.6807,
    "9": 0.5013,
    "10": 0.7308,
    "11": 0.7305,
    "12": 0.7252,
    "13": 0.7305,
    "14": 0.5013,
    "15": 0.7282,
    "16": 0.7303,
    "17": 0.7025,
    "18": 0.7165,
    "19": 0.719,
    "20": 0.5013,
    "21": 0.7097,
    "22": 0.7189,
    "23": 0.7098,
    "24": 0.5013,
    "25": 0.7095,
    "26": 0.6945,
    "27": 0.7044,
    "28": 0.7041,
    "29": 0.5013,
    "30": 0.5013,
    "31": 0.6793,
    "32": 0.69
  },
  "test_loss": {
    "0": 0.6932709745407104,
    "1": 0.6932082794189454,
    "2": 0.6931545797348022,
    "3": 0.6860965557098389,
    "4": 0.6931682984352112,
    "5": 0.6368127702713012,
    "6": 0.6931986081123352,
    "7": 0.6140631341934204,
    "8": 0.5943648753166199,
    "9": 0.6931596450805664,
    "10": 0.5408295164108277,
    "11": 0.5394064690589905,
    "12": 0.5458884721755981,
    "13": 0.5338100370407104,
    "14": 0.6931640396118164,
    "15": 0.5401629909992218,
    "16": 0.5432355835914612,
    "17": 0.5758349600791931,
    "18": 0.5567042769432068,
    "19": 0.5549515879154205,
    "20": 0.6931482238769531,
    "21": 0.5661951765060425,
    "22": 0.562655886554718,
    "23": 0.5736255354881287,
    "24": 0.6931631134986878,
    "25": 0.5701264284133911,
    "26": 0.5850142991065979,
    "27": 0.5760191469192505,
    "28": 0.5725855785846711,
    "29": 0.6931757772445679,
    "30": 0.6932060609817505,
    "31": 0.5983042834758758,
    "32": 0.5930830163955688
  },
  "drift_final_total_l2": {
    "0": 0.5078884959220886,
    "1": 0.5984518527984619,
    "2": 0.6413351893424988,
    "3": 8.459973335266113,
    "4": 0.6976990103721619,
    "5": 11.143599510192871,
    "6": 0.7303328514099121,
    "7": 8.621187210083008,
    "8": 11.710813522338867,
    "9": 0.9313488006591797,
    "10": 7.934624195098877,
    "11": 9.034528732299805,
    "12": 8.038480758666992,
    "13": 12.120631217956543,
    "14": 0.6998060941696167,
    "15": 11.407458305358887,
    "16": 6.928099632263184,
    "17": 8.739730834960938,
    "18": 6.572200298309326,
    "19": 6.118013858795166,
    "20": 0.6401068568229675,
    "21": 8.031908988952637,
    "22": 6.988646507263184,
    "23": 5.866426944732666,
    "24": 0.8585277795791626,
    "25": 5.688610076904297,
    "26": 5.742240905761719,
    "27": 8.602324485778809,
    "28": 6.572767734527588,
    "29": 0.733660876750946,
    "30": 0.7332117557525635,
    "31": 4.991611480712891,
    "32": 5.401454448699951
  },
  "probe_type": "mlp",
  "probe_hidden_size": [
    4
  ],