{
  "config": {
    "model_short": "llama",
    "task_name": "somo",
    "dataset": {
      "train": "cache/llama/somo_train/",
      "test": "cache/llama/somo_test/"
    },
    "mdl": {
      "batch_size": 64,
      "probe_type": "mlp",
      "probe_hidden_size": [
        4
      ],
      "num_classes": 2,
      "init_strategy": "gamma_second_zero",
      "init_gamma": 0.6,
      "optimizer": "adamw",
      "train_epochs": 10,
      "lr": 0.001,
      "seed": 42,
      "early_stopping_gap": 3,
      "split_num": 5,
      "split_ratio": 2.0
    },
    "out_dir": "init_results/llama/somo/hidden-4/seed-42/strategy-gamma_second_zero/gamma-0.6/2026-04-20_23-59-46"
  },
  "train_meta": {
    "dataset": "compling/somo",
    "split": "train",
    "text_col": "text",
    "model": "meta-llama/Meta-Llama-3.1-8B",
    "max_len": 64,
    "hidden_size": 4096,
    "num_hidden_layers": 32,
    "num_states": 33,
    "memmap_file": "last_token_hidden_states.memmap",
    "dtype": "float32",
    "shape": [
      15000,
      33,
      4096
    ]
  },
  "test_meta": {
    "dataset": "compling/somo",
    "split": "test",
    "text_col": "text",
    "model": "meta-llama/Meta-Llama-3.1-8B",
    "max_len": 64,
    "hidden_size": 4096,
    "num_hidden_layers": 32,
    "num_states": 33,
    "memmap_file": "last_token_hidden_states.memmap",
    "dtype": "float32",
    "shape": [
      10000,
      33,
      4096
    ]
  },
  "splits": [
    484,
    968,
    1936,
    3872,
    7740
  ],
  "mdl_sum_ce": {
    "0": 10061.59124135971,
    "1": 10061.10654592514,
    "2": 10060.981857299805,
    "3": 10038.906885147095,
    "4": 10061.425753593445,
    "5": 9742.804962158203,
    "6": 10046.29811668396,
    "7": 9917.0032081604,
    "8": 9290.47278881073,
    "9": 8697.524752616882,
    "10": 8338.630703926086,
    "11": 8463.229407310486,
    "12": 8284.948521137238,
    "13": 8383.568403244019,
    "14": 8311.213220596313,
    "15": 9457.495322227478,
    "16": 9034.81561756134,
    "17": 8674.28227519989,
    "18": 8594.883073329926,
    "19": 9748.295085430145,
    "20": 9652.30187177658,
    "21": 9172.838822364807,
    "22": 9109.804696559906,
    "23": 8770.081054210663,
    "24": 8872.49809885025,
    "25": 8951.136347293854,
    "26": 8868.913280010223,
    "27": 9120.629163265228,
    "28": 8793.408311367035,
    "29": 9671.071766853333,
    "30": 8822.946222782135,
    "31": 9155.35577249527,
    "32": 9324.457334518433
  },
  "mdl_nll": {
    "0": 0.6931380022981338,
    "1": 0.6931046118713929,
    "2": 0.6930960221341833,
    "3": 0.691575288312696,
    "4": 0.6931266019284544,
    "5": 0.671176974521783,
    "6": 0.6920844665668201,
    "7": 0.6831774048057592,
    "8": 0.6400160367050655,
    "9": 0.5991681422304272,
    "10": 0.5744441102181101,
    "11": 0.5830276527494135,
    "12": 0.5707459714203112,
    "13": 0.577539845910996,
    "14": 0.5725553334662657,
    "15": 0.6515221357279883,
    "16": 0.6224039416892629,
    "17": 0.5975669795535885,
    "18": 0.5920972081379117,
    "19": 0.6715551863757333,
    "20": 0.6649422617647135,
    "21": 0.6319122914277217,
    "22": 0.6275699019399219,
    "23": 0.6041665096590426,
    "24": 0.6112219687827397,
    "25": 0.6166393184964076,
    "26": 0.6109750124008145,
    "27": 0.6283155940524406,
    "28": 0.6057735127698426,
    "29": 0.6662353104748783,
    "30": 0.6078083647549004,
    "31": 0.630707892842055,
    "32": 0.6423572151087374
  },
  "stopping_epochs_per_stage": {
    "0": [
      3,
      1,
      2,
      1
    ],
    "1": [
      2,
      1,
      9,
      1
    ],
    "2": [
      8,
      1,
      2,
      1
    ],
    "3": [
      2,
      1,
      7,
      10
    ],
    "4": [
      7,
      1,
      6,
      1
    ],
    "5": [
      10,
      1,
      3,
      10
    ],
    "6": [
      10,
      10,
      2,
      1
    ],
    "7": [
      4,
      1,
      10,
      1
    ],
    "8": [
      10,
      10,
      3,
      10
    ],
    "9": [
      10,
      10,
      10,
      10
    ],
    "10": [
      10,
      10,
      10,
      10
    ],
    "11": [
      10,
      10,
      10,
      10
    ],
    "12": [
      10,
      10,
      10,
      10
    ],
    "13": [
      9,
      10,
      8,
      10
    ],
    "14": [
      10,
      10,
      10,
      8
    ],
    "15": [
      10,
      9,
      10,
      1
    ],
    "16": [
      9,
      1,
      4,
      10
    ],
    "17": [
      10,
      1,
      10,
      10
    ],
    "18": [
      9,
      10,
      8,
      10
    ],
    "19": [
      9,
      10,
      10,
      1
    ],
    "20": [
      10,
      1,
      10,
      1
    ],
    "21": [
      10,
      1,
      4,
      7
    ],
    "22": [
      7,
      1,
      9,
      9
    ],
    "23": [
      1,
      10,
      10,
      6
    ],
    "24": [
      6,
      10,
      10,
      9
    ],
    "25": [
      10,
      10,
      10,
      8
    ],
    "26": [
      5,
      1,
      8,
      10
    ],
    "27": [
      1,
      10,
      4,
      9
    ],
    "28": [
      5,
      10,
      8,
      9
    ],
    "29": [
      10,
      10,
      10,
      1
    ],
    "30": [
      10,
      9,
      8,
      4
    ],
    "31": [
      9,
      9,
      10,
      10
    ],
    "32": [
      4,
      7,
      9,
      7
    ]
  },
  "test_acc": {
    "0": 0.5013,
    "1": 0.4995,
    "2": 0.5013,
    "3": 0.5013,
    "4": 0.5894,
    "5": 0.6299,
    "6": 0.6241,
    "7": 0.6581,
    "8": 0.5013,
    "9": 0.6976,
    "10": 0.7291,
    "11": 0.7255,
    "12": 0.7335,
    "13": 0.7272,
    "14": 0.7333,
    "15": 0.5013,
    "16": 0.7259,
    "17": 0.7248,
    "18": 0.5013,
    "19": 0.6991,
    "20": 0.7158,
    "21": 0.6875,
    "22": 0.6972,
    "23": 0.712,
    "24": 0.6789,
    "25": 0.5013,
    "26": 0.705,
    "27": 0.7051,
    "28": 0.5013,
    "29": 0.7057,
    "30": 0.6985,
    "31": 0.706,
    "32": 0.6886
  },
  "test_loss": {
    "0": 0.693145094203949,
    "1": 0.6932032803535462,
    "2": 0.6932285877227783,
    "3": 0.6932531147956849,
    "4": 0.6681566947937012,
    "5": 0.642101938533783,
    "6": 0.6455690789222718,
    "7": 0.6239434232711792,
    "8": 0.693175500202179,
    "9": 0.5856471312522888,
    "10": 0.5383115502357483,
    "11": 0.5463384121417999,
    "12": 0.5379865766525268,
    "13": 0.5413956859588623,
    "14": 0.5370313037872314,
    "15": 0.693152388381958,
    "16": 0.554348603773117,
    "17": 0.5461327854633331,
    "18": 0.6932306167602539,
    "19": 0.5740219292163848,
    "20": 0.5590414506912231,
    "21": 0.5965368646621704,
    "22": 0.5945416884422302,
    "23": 0.5694337661743164,
    "24": 0.6161550520896911,
    "25": 0.6933008587837219,
    "26": 0.5761544768333435,
    "27": 0.5731784669876099,
    "28": 0.6931837976455688,
    "29": 0.5772801924705505,
    "30": 0.5860883983612061,
    "31": 0.5745192246437073,
    "32": 0.5869529292106629
  },
  "drift_final_total_l2": {
    "0": 0.7353953123092651,
    "1": 1.6375004053115845,
    "2": 1.2439745664596558,
    "3": 0.9322991371154785,
    "4": 8.453849792480469,
    "5": 8.582204818725586,
    "6": 8.362621307373047,
    "7": 8.500598907470703,
    "8": 0.6985933184623718,
    "9": 8.08794116973877,
    "10": 12.162514686584473,
    "11": 10.526573181152344,
    "12": 11.119470596313477,
    "13": 10.456771850585938,
    "14": 9.650687217712402,
    "15": 0.6850507259368896,
    "16": 9.50987720489502,
    "17": 8.762253761291504,
    "18": 0.7153939604759216,
    "19": 7.311732769012451,
    "20": 7.653167247772217,
    "21": 8.20854663848877,
    "22": 6.285397529602051,
    "23": 7.5127034187316895,
    "24": 6.542626857757568,
    "25": 0.7118306756019592,
    "26": 5.684263229370117,
    "27": 6.034548759460449,
    "28": 0.7072920203208923,
    "29": 5.817523002624512,
    "30": 7.315351486206055,
    "31": 5.004764080047607,
    "32": 5.83406400680542
  },
  "probe_type": "mlp",
  "probe_hidden_size": [
    4
  ],
  "init_strategy": "gamma_second_zero",