{
  "config": {
    "model_short": "llama",
    "task_name": "somo",
    "dataset": {
      "train": "cache/llama/somo_train/",
      "test": "cache/llama/somo_test/"
    },
    "mdl": {
      "batch_size": 64,
      "probe_type": "mlp",
      "probe_hidden_size": [
        64
      ],
      "num_classes": 2,
      "init_strategy": "mup",
      "init_gamma": null,
      "optimizer": "adam",
      "train_epochs": 20,
      "lr": 6.103515625e-05,
      "seed": 442,
      "early_stopping_gap": 3,
      "split_num": 5,
      "split_ratio": 2.0
    },
    "out_dir": "muP_results/llama/somo/hidden-64/seed-442/strategy-mup/opt-adam/2026-04-28_20-14-30"
  },
  "train_meta": {
    "dataset": "compling/somo",
    "split": "train",
    "text_col": "text",
    "model": "meta-llama/Meta-Llama-3.1-8B",
    "max_len": 64,
    "hidden_size": 4096,
    "num_hidden_layers": 32,
    "num_states": 33,
    "memmap_file": "last_token_hidden_states.memmap",
    "dtype": "float32",
    "shape": [
      15000,
      33,
      4096
    ]
  },
  "test_meta": {
    "dataset": "compling/somo",
    "split": "test",
    "text_col": "text",
    "model": "meta-llama/Meta-Llama-3.1-8B",
    "max_len": 64,
    "hidden_size": 4096,
    "num_hidden_layers": 32,
    "num_states": 33,
    "memmap_file": "last_token_hidden_states.memmap",
    "dtype": "float32",
    "shape": [
      10000,
      33,
      4096
    ]
  },
  "splits": [
    484,
    968,
    1936,
    3872,
    7740
  ],
  "mdl_sum_ce": {
    "0": 10061.066201210022,
    "1": 10061.121365070343,
    "2": 10061.126657009125,
    "3": 10050.769682884216,
    "4": 9983.333991527557,
    "5": 9885.185658454895,
    "6": 9885.346851348877,
    "7": 9799.353116512299,
    "8": 9638.883406162262,
    "9": 9393.348189353943,
    "10": 9007.288761615753,
    "11": 9000.797840118408,
    "12": 8974.914058208466,
    "13": 8883.462122917175,
    "14": 8932.325523853302,
    "15": 8945.603901386261,
    "16": 9075.98692035675,
    "17": 9083.650384902954,
    "18": 9127.696732521057,
    "19": 9125.328152179718,
    "20": 9175.046759605408,
    "21": 9178.4817237854,
    "22": 9127.651640892029,
    "23": 9186.726078987122,
    "24": 9177.156536102295,
    "25": 9172.067049980164,
    "26": 9146.044295310974,
    "27": 9083.80865573883,
    "28": 9098.990692138672,
    "29": 9038.684160232544,
    "30": 9044.265481948853,
    "31": 8937.5304646492,
    "32": 8875.927248954773
  },
  "mdl_nll": {
    "0": 0.6931018325440907,
    "1": 0.6931056327549148,
    "2": 0.6931059973139381,
    "3": 0.6923925105321174,
    "4": 0.6877468993887819,
    "5": 0.6809855096758677,
    "6": 0.6809966141739375,
    "7": 0.6750725486712799,
    "8": 0.6640178703611368,
    "9": 0.6471030717383537,
    "10": 0.6205076303124658,
    "11": 0.6200604739679256,
    "12": 0.6182773531419444,
    "13": 0.6119772749322937,
    "14": 0.6153434502516741,
    "15": 0.6162581910571963,
    "16": 0.6252402122042402,
    "17": 0.6257681444545986,
    "18": 0.6288024753734539,
    "19": 0.6286393050550921,
    "20": 0.6320643951229958,
    "21": 0.6323010280921328,
    "22": 0.6287993690336201,
    "23": 0.6328689776100249,
    "24": 0.6322097365735942,
    "25": 0.6318591244130727,
    "26": 0.6300664298230211,
    "27": 0.625779047653543,
    "28": 0.6268249305689357,
    "29": 0.6226704436644078,
    "30": 0.6230549381337044,
    "31": 0.6157020160270874,
    "32": 0.6114582012231174
  },
  "stopping_epochs_per_stage": {
    "0": [
      1,
      7,
      18,
      3
    ],
    "1": [
      1,
      1,
      1,
      2
    ],
    "2": [
      1,
      2,
      7,
      2
    ],
    "3": [
      1,
      12,
      9,
      20
    ],
    "4": [
      1,
      20,
      20,
      20
    ],
    "5": [
      2,
      20,
      20,
      20
    ],
    "6": [
      1,
      20,
      20,
      20
    ],
    "7": [
      1,
      20,
      20,
      20
    ],
    "8": [
      1,
      20,
      20,
      20
    ],
    "9": [
      20,
      20,
      20,
      20
    ],
    "10": [
      20,
      20,
      20,
      20
    ],
    "11": [
      20,
      20,
      20,
      20
    ],
    "12": [
      20,
      20,
      20,
      20
    ],
    "13": [
      20,
      20,
      20,
      20
    ],
    "14": [
      20,
      20,
      20,
      20
    ],
    "15": [
      20,
      20,
      20,
      20
    ],
    "16": [
      1,
      20,
      20,
      20
    ],
    "17": [
      20,
      20,
      20,
      20
    ],
    "18": [
      19,
      20,
      20,
      20
    ],
    "19": [
      20,
      20,
      20,
      20
    ],
    "20": [
      1,
      20,
      20,
      20
    ],
    "21": [
      1,
      20,
      20,
      20
    ],
    "22": [
      20,
      20,
      20,
      20
    ],
    "23": [
      17,
      20,
      20,
      20
    ],
    "24": [
      7,
      20,
      20,
      20
    ],
    "25": [
      20,
      20,
      19,
      20
    ],
    "26": [
      1,
      20,
      19,
      20
    ],
    "27": [
      1,
      20,
      20,
      20
    ],
    "28": [
      1,
      20,
      20,
      19
    ],
    "29": [
      20,
      20,
      20,
      20
    ],
    "30": [
      1,
      20,
      19,
      19
    ],
    "31": [
      18,
      20,
      20,
      20
    ],
    "32": [
      19,
      12,
      18,
      20
    ]
  },
  "test_acc": {
    "0": 0.4982,
    "1": 0.4978,
    "2": 0.5114,
    "3": 0.5364,
    "4": 0.5808,
    "5": 0.6155,
    "6": 0.6182,
    "7": 0.6341,
    "8": 0.6659,
    "9": 0.6864,
    "10": 0.7134,
    "11": 0.7078,
    "12": 0.7106,
    "13": 0.7137,
    "14": 0.7105,
    "15": 0.7115,
    "16": 0.7087,
    "17": 0.7063,
    "18": 0.6995,
    "19": 0.6979,
    "20": 0.6989,
    "21": 0.6986,
    "22": 0.7008,
    "23": 0.6984,
    "24": 0.6958,
    "25": 0.6931,
    "26": 0.6936,
    "27": 0.6937,
    "28": 0.6942,
    "29": 0.6924,
    "30": 0.6979,
    "31": 0.6985,
    "32": 0.6937
  },
  "test_loss": {
    "0": 0.6932739301681519,
    "1": 0.6932410124778747,
    "2": 0.6926850000381469,
    "3": 0.6901725640296936,
    "4": 0.6777685865402222,
    "5": 0.6611146280288697,
    "6": 0.661077857208252,
    "7": 0.6519199824333191,
    "8": 0.6264898887634277,
    "9": 0.6019972096443176,
    "10": 0.5713572536468506,
    "11": 0.5706217094421386,
    "12": 0.5699189230918884,
    "13": 0.5668192687988282,
    "14": 0.567093798828125,
    "15": 0.5683286117553711,
    "16": 0.5745908333778381,
    "17": 0.5753180307388306,
    "18": 0.584565803527832,
    "19": 0.5858358591079712,
    "20": 0.5860516801834107,
    "21": 0.5845963788986206,
    "22": 0.5822934251785278,
    "23": 0.5870651226043702,
    "24": 0.586217160987854,
    "25": 0.5899789674758911,
    "26": 0.5892374408721924,
    "27": 0.5889856199264526,
    "28": 0.5843267095565796,
    "29": 0.5845286745071411,
    "30": 0.5834553842544555,
    "31": 0.5790985181808471,
    "32": 0.5789075161933899
  },
  "drift_final_total_l2": {
    "0": 2.633176326751709,
    "1": 4.297332286834717,
    "2": 6.194825172424316,
    "3": 7.6095099449157715,
    "4": 11.72913646697998,
    "5": 12.759958267211914,
    "6": 12.762709617614746,
    "7": 13.660783767700195,
    "8": 15.186670303344727,
    "9": 17.529123306274414,
    "10": 19.76697540283203,
    "11": 17.92226791381836,
    "12": 16.674909591674805,
    "13": 17.246675491333008,
    "14": 16.46872329711914,
    "15": 15.06528377532959,
    "16": 15.18878173828125,
    "17": 13.234742164611816,
    "18": 13.533514976501465,
    "19": 13.202043533325195,
    "20": 12.285650253295898,
    "21": 11.298054695129395,
    "22": 10.588292121887207,
    "23": 10.517358779907227,
    "24": 9.973326683044434,
    "25": 10.392179489135742,
    "26": 9.98431396484375,
    "27": 9.912108421325684,
    "28": 8.782356262207031,
    "29": 8.597954750061035,
    "30": 8.03011417388916,
    "31": 7.230159759521484,
    "32": 4.8596391677856445
  },
  "probe_type": "mlp",