{
  "config": {
    "model_short": "llama",
    "task_name": "somo",
    "dataset": {
      "train": "cache/llama/somo_train/",
      "test": "cache/llama/somo_test/"
    },
    "mdl": {
      "batch_size": 64,
      "probe_type": "mlp",
      "probe_hidden_size": [
        64
      ],
      "num_classes": 2,
      "init_strategy": "gamma_second_zero",
      "init_gamma": 0.9,
      "optimizer": "adamw",
      "train_epochs": 10,
      "lr": 0.001,
      "seed": 242,
      "early_stopping_gap": 3,
      "split_num": 5,
      "split_ratio": 2.0
    },
    "out_dir": "init_results/llama/somo/hidden-64/seed-242/strategy-gamma_second_zero/gamma-0.9/opt-adamw/2026-04-25_03-28-50"
  },
  "train_meta": {
    "dataset": "compling/somo",
    "split": "train",
    "text_col": "text",
    "model": "meta-llama/Meta-Llama-3.1-8B",
    "max_len": 64,
    "hidden_size": 4096,
    "num_hidden_layers": 32,
    "num_states": 33,
    "memmap_file": "last_token_hidden_states.memmap",
    "dtype": "float32",
    "shape": [
      15000,
      33,
      4096
    ]
  },
  "test_meta": {
    "dataset": "compling/somo",
    "split": "test",
    "text_col": "text",
    "model": "meta-llama/Meta-Llama-3.1-8B",
    "max_len": 64,
    "hidden_size": 4096,
    "num_hidden_layers": 32,
    "num_states": 33,
    "memmap_file": "last_token_hidden_states.memmap",
    "dtype": "float32",
    "shape": [
      10000,
      33,
      4096
    ]
  },
  "splits": [
    484,
    968,
    1936,
    3872,
    7740
  ],
  "mdl_sum_ce": {
    "0": 10060.979156017303,
    "1": 10061.376453399658,
    "2": 10052.459327220917,
    "3": 10031.356051445007,
    "4": 9787.380263328552,
    "5": 9530.06152677536,
    "6": 9486.093308448792,
    "7": 9309.672983169556,
    "8": 8969.136616230011,
    "9": 8497.732169866562,
    "10": 8084.2746868133545,
    "11": 8092.473014831543,
    "12": 8046.651363372803,
    "13": 8147.8771114349365,
    "14": 8151.898472309113,
    "15": 8302.848744869232,
    "16": 8342.922865390778,
    "17": 8470.999115943909,
    "18": 8476.767694473267,
    "19": 8612.792397975922,
    "20": 8751.220876216888,
    "21": 8657.597813129425,
    "22": 8716.794696807861,
    "23": 8666.802302360535,
    "24": 8779.250017166138,
    "25": 8734.5103597641,
    "26": 8763.246570587158,
    "27": 8736.341374874115,
    "28": 8727.349909305573,
    "29": 8880.333930969238,
    "30": 8874.818610191345,
    "31": 8795.232979774475,
    "32": 9091.81458568573
  },
  "mdl_nll": {
    "0": 0.6930958360441791,
    "1": 0.6931232056626935,
    "2": 0.6925089092877457,
    "3": 0.6910551151450129,
    "4": 0.6742477447870318,
    "5": 0.6565211853661725,
    "6": 0.6534922367352433,
    "7": 0.6413387285181562,
    "8": 0.6178793480456056,
    "9": 0.585404530853304,
    "10": 0.5569216510618183,
    "11": 0.5574864297899933,
    "12": 0.5543297990750071,
    "13": 0.5613031903716544,
    "14": 0.5615802199165826,
    "15": 0.5719791089052929,
    "16": 0.5747397950806543,
    "17": 0.5835629041019502,
    "18": 0.5839602985997014,
    "19": 0.5933309725803197,
    "20": 0.6028672414037537,
    "21": 0.5964175952830962,
    "22": 0.6004956390746666,
    "23": 0.5970516879553964,
    "24": 0.6047981549439334,
    "25": 0.6017160622598581,
    "26": 0.6036956854909864,
    "27": 0.60184219997755,
    "28": 0.6012227823991163,
    "29": 0.6117617753492173,
    "30": 0.6113818276516496,
    "31": 0.6058992132663595,
    "32": 0.6263305721745474
  },
  "stopping_epochs_per_stage": {
    "0": [
      10,
      1,
      1,
      6
    ],
    "1": [
      3,
      1,
      1,
      3
    ],
    "2": [
      10,
      1,
      1,
      10
    ],
    "3": [
      8,
      1,
      2,
      9
    ],
    "4": [
      8,
      4,
      9,
      9
    ],
    "5": [
      9,
      10,
      9,
      9
    ],
    "6": [
      10,
      9,
      7,
      8
    ],
    "7": [
      9,
      9,
      10,
      7
    ],
    "8": [
      10,
      9,
      8,
      10
    ],
    "9": [
      10,
      10,
      8,
      7
    ],
    "10": [
      10,
      5,
      6,
      9
    ],
    "11": [
      9,
      7,
      8,
      7
    ],
    "12": [
      10,
      7,
      9,
      8
    ],
    "13": [
      10,
      4,
      5,
      8
    ],
    "14": [
      10,
      6,
      5,
      9
    ],
    "15": [
      6,
      6,
      7,
      3
    ],
    "16": [
      9,
      6,
      7,
      9
    ],
    "17": [
      6,
      5,
      6,
      6
    ],
    "18": [
      8,
      4,
      10,
      6
    ],
    "19": [
      10,
      6,
      10,
      4
    ],
    "20": [
      8,
      8,
      7,
      5
    ],
    "21": [
      7,
      5,
      6,
      5
    ],
    "22": [
      6,
      6,
      5,
      9
    ],
    "23": [
      4,
      5,
      5,
      6
    ],
    "24": [
      5,
      9,
      8,
      3
    ],
    "25": [
      10,
      7,
      9,
      7
    ],
    "26": [
      4,
      9,
      10,
      8
    ],
    "27": [
      6,
      6,
      7,
      4
    ],
    "28": [
      7,
      8,
      5,
      5
    ],
    "29": [
      5,
      6,
      6,
      4
    ],
    "30": [
      7,
      10,
      4,
      7
    ],
    "31": [
      5,
      3,
      8,
      6
    ],
    "32": [
      3,
      6,
      10,
      3
    ]
  },
  "test_acc": {
    "0": 0.5013,
    "1": 0.5013,
    "2": 0.5244,
    "3": 0.5474,
    "4": 0.61,
    "5": 0.635,
    "6": 0.6172,
    "7": 0.6684,
    "8": 0.661,
    "9": 0.682,
    "10": 0.7286,
    "11": 0.7197,
    "12": 0.7325,
    "13": 0.7154,
    "14": 0.73,
    "15": 0.6847,
    "16": 0.7163,
    "17": 0.7154,
    "18": 0.7165,
    "19": 0.7121,
    "20": 0.6155,
    "21": 0.7153,
    "22": 0.7126,
    "23": 0.6934,
    "24": 0.6993,
    "25": 0.6885,
    "26": 0.7023,
    "27": 0.6924,
    "28": 0.7023,
    "29": 0.6989,
    "30": 0.6976,
    "31": 0.6877,
    "32": 0.6973
  },
  "test_loss": {
    "0": 0.6935474531173706,
    "1": 0.6931507472038269,
    "2": 0.6919120685577392,
    "3": 0.6872918710708619,
    "4": 0.6551210527420044,
    "5": 0.6396507455825806,
    "6": 0.6584493641853333,
    "7": 0.6107705041885376,
    "8": 0.6202048092842102,
    "9": 0.6111959281921386,
    "10": 0.539731537103653,
    "11": 0.5573690649032593,
    "12": 0.5372357677459717,
    "13": 0.5641675558567047,
    "14": 0.5463148859977722,
    "15": 0.5977819208145142,
    "16": 0.5750066785812378,
    "17": 0.5634772974014283,
    "18": 0.5635107297897339,
    "19": 0.5745825722694397,
    "20": 0.6945568557739258,
    "21": 0.5594801717281341,
    "22": 0.5654814809799195,
    "23": 0.5915610136032105,
    "24": 0.5789991121292114,
    "25": 0.5952540697097778,
    "26": 0.5813064086914063,
    "27": 0.591269303226471,
    "28": 0.5874098028659821,
    "29": 0.5792886827468872,
    "30": 0.5950462603569031,
    "31": 0.61738347158432,
    "32": 0.5786631853103638
  },
  "drift_final_total_l2": {
    "0": 3.8453094959259033,
    "1": 2.533256769180298,
    "2": 9.349599838256836,
    "3": 11.544663429260254,
    "4": 13.908567428588867,
    "5": 15.986116409301758,
    "6": 15.524046897888184,
    "7": 12.57297134399414,
    "8": 15.48979663848877,
    "9": 22.350692749023438,
    "10": 19.20101547241211,
    "11": 14.2055025100708,
    "12": 19.156749725341797,
    "13": 14.814065933227539,
    "14": 20.225374221801758,
    "15": 21.57292938232422,
    "16": 23.116804122924805,
    "17": 17.50020980834961,
    "18": 14.149174690246582,
    "19": 15.655146598815918,
    "20": 21.372051239013672,
    "21": 9.56374454498291,
    "22": 9.231468200683594,
    "23": 12.412351608276367,
    "24": 10.106224060058594,
    "25": 6.34124755859375,
    "26": 13.174894332885742,
    "27": 11.235605239868164,
    "28": 17.46652603149414,
    "29": 9.045607566833496,
    "30": 16.678945541381836,
    "31": 11.336033821105957,
    "32": 9.524027824401855
  },
  "probe_type": "mlp",
  "probe_hidden_size": [
    64
  ],
  "init_strategy": "gamma_second_zero",