{
  "config": {
    "model_short": "llama",
    "task_name": "somo",
    "dataset": {
      "train": "cache/llama/somo_train/",
      "test": "cache/llama/somo_test/"
    },
    "mdl": {
      "batch_size": 64,
      "probe_type": "mlp",
      "probe_hidden_size": [
        8
      ],
      "num_classes": 2,
      "init_strategy": "gamma_second_zero",
      "init_gamma": 1.5,
      "optimizer": "adamw",
      "train_epochs": 10,
      "lr": 0.001,
      "seed": 442,
      "early_stopping_gap": 3,
      "split_num": 5,
      "split_ratio": 2.0
    },
    "out_dir": "init_results/llama/somo/hidden-8/seed-442/strategy-gamma_second_zero/gamma-1.5/opt-adamw/2026-04-25_02-56-24"
  },
  "train_meta": {
    "dataset": "compling/somo",
    "split": "train",
    "text_col": "text",
    "model": "meta-llama/Meta-Llama-3.1-8B",
    "max_len": 64,
    "hidden_size": 4096,
    "num_hidden_layers": 32,
    "num_states": 33,
    "memmap_file": "last_token_hidden_states.memmap",
    "dtype": "float32",
    "shape": [
      15000,
      33,
      4096
    ]
  },
  "test_meta": {
    "dataset": "compling/somo",
    "split": "test",
    "text_col": "text",
    "model": "meta-llama/Meta-Llama-3.1-8B",
    "max_len": 64,
    "hidden_size": 4096,
    "num_hidden_layers": 32,
    "num_states": 33,
    "memmap_file": "last_token_hidden_states.memmap",
    "dtype": "float32",
    "shape": [
      10000,
      33,
      4096
    ]
  },
  "splits": [
    484,
    968,
    1936,
    3872,
    7740
  ],
  "mdl_sum_ce": {
    "0": 10060.927188396454,
    "1": 10060.258564472198,
    "2": 10059.857342243195,
    "3": 10060.364791870117,
    "4": 10055.74390411377,
    "5": 9574.342157840729,
    "6": 9679.927752494812,
    "7": 9575.355993270874,
    "8": 9146.753395080566,
    "9": 8660.665748596191,
    "10": 8283.632498264313,
    "11": 8330.019992351532,
    "12": 8383.568978309631,
    "13": 8247.158180713654,
    "14": 8369.049392700195,
    "15": 8483.026861667633,
    "16": 8698.901167869568,
    "17": 8689.941017150879,
    "18": 8528.505047798157,
    "19": 8810.755136966705,
    "20": 9650.105981826782,
    "21": 8831.82656955719,
    "22": 8793.23801612854,
    "23": 9053.443191051483,
    "24": 9088.331747055054,
    "25": 8880.007513999939,
    "26": 8955.784333229065,
    "27": 8856.24795293808,
    "28": 8826.39340353012,
    "29": 8819.837064743042,
    "30": 8907.587930679321,
    "31": 8786.491231918335,
    "32": 9258.384101867676
  },
  "mdl_nll": {
    "0": 0.6930922560206981,
    "1": 0.693046194852039,
    "2": 0.6930185548527965,
    "3": 0.6930535128044997,
    "4": 0.6927351821516788,
    "5": 0.6595716559548587,
    "6": 0.6668453949087084,
    "7": 0.6596414985719808,
    "8": 0.6301152793524777,
    "9": 0.5966289438272383,
    "10": 0.570655311260975,
    "11": 0.5738509225924174,
    "12": 0.5775398855269793,
    "13": 0.5681426137168403,
    "14": 0.5765396385161335,
    "15": 0.5843914895058993,
    "16": 0.5992629627906839,
    "17": 0.5986457024766381,
    "18": 0.5875244590657314,
    "19": 0.6069685269335013,
    "20": 0.6647909880012939,
    "21": 0.6084201274150723,
    "22": 0.6057617812157992,
    "23": 0.6236871859363105,
    "24": 0.6260906411583806,
    "25": 0.611739288647006,
    "26": 0.6169595159292549,
    "27": 0.610102504335773,
    "28": 0.6080458393173134,
    "29": 0.6075941764083109,
    "30": 0.6136392897960403,
    "31": 0.6052969986165841,
    "32": 0.6378054630661116
  },
  "stopping_epochs_per_stage": {
    "0": [
      1,
      1,
      9,
      5
    ],
    "1": [
      1,
      9,
      10,
      5
    ],
    "2": [
      1,
      2,
      8,
      2
    ],
    "3": [
      1,
      3,
      8,
      3
    ],
    "4": [
      1,
      9,
      2,
      6
    ],
    "5": [
      1,
      9,
      10,
      10
    ],
    "6": [
      1,
      10,
      5,
      9
    ],
    "7": [
      1,
      9,
      8,
      10
    ],
    "8": [
      1,
      10,
      10,
      10
    ],
    "9": [
      1,
      10,
      9,
      10
    ],
    "10": [
      1,
      10,
      10,
      10
    ],
    "11": [
      10,
      10,
      10,
      9
    ],
    "12": [
      10,
      10,
      10,
      10
    ],
    "13": [
      10,
      9,
      9,
      9
    ],
    "14": [
      10,
      10,
      9,
      10
    ],
    "15": [
      10,
      10,
      9,
      8
    ],
    "16": [
      1,
      10,
      10,
      9
    ],
    "17": [
      5,
      10,
      10,
      9
    ],
    "18": [
      9,
      10,
      7,
      6
    ],
    "19": [
      1,
      10,
      10,
      9
    ],
    "20": [
      9,
      10,
      10,
      3
    ],
    "21": [
      1,
      10,
      9,
      10
    ],
    "22": [
      1,
      10,
      10,
      8
    ],
    "23": [
      1,
      10,
      2,
      10
    ],
    "24": [
      9,
      9,
      2,
      8
    ],
    "25": [
      2,
      5,
      9,
      10
    ],
    "26": [
      2,
      10,
      10,
      7
    ],
    "27": [
      1,
      10,
      10,
      9
    ],
    "28": [
      9,
      10,
      10,
      10
    ],
    "29": [
      2,
      10,
      8,
      9
    ],
    "30": [
      1,
      10,
      10,
      5
    ],
    "31": [
      9,
      8,
      8,
      8
    ],
    "32": [
      4,
      7,
      3,
      6
    ]
  },
  "test_acc": {
    "0": 0.5013,
    "1": 0.5013,
    "2": 0.5013,
    "3": 0.5013,
    "4": 0.6069,
    "5": 0.5013,
    "6": 0.6464,
    "7": 0.6551,
    "8": 0.6805,
    "9": 0.7091,
    "10": 0.7313,
    "11": 0.7304,
    "12": 0.7183,
    "13": 0.7265,
    "14": 0.7209,
    "15": 0.7261,
    "16": 0.732,
    "17": 0.5013,
    "18": 0.7207,
    "19": 0.7114,
    "20": 0.712,
    "21": 0.6892,
    "22": 0.5013,
    "23": 0.5013,
    "24": 0.7062,
    "25": 0.7093,
    "26": 0.5013,
    "27": 0.698,
    "28": 0.702,
    "29": 0.7043,
    "30": 0.7035,
    "31": 0.5013,
    "32": 0.6963
  },
  "test_loss": {
    "0": 0.6931716831207275,
    "1": 0.6932369554519653,
    "2": 0.6932133111953735,
    "3": 0.6931650911331176,
    "4": 0.658018302154541,
    "5": 0.6932382072448731,
    "6": 0.6291283267974853,
    "7": 0.6215530447006226,
    "8": 0.5958554644584656,
    "9": 0.570537537765503,
    "10": 0.5434854721069335,
    "11": 0.5399767292499542,
    "12": 0.5530022260665893,
    "13": 0.5413637329101563,
    "14": 0.5483268466949462,
    "15": 0.5485079452514648,
    "16": 0.5443066357135773,
    "17": 0.6932449527740479,
    "18": 0.549544651222229,
    "19": 0.5622950685024262,
    "20": 0.5654978892326356,
    "21": 0.5917988699913025,
    "22": 0.6932427328109741,
    "23": 0.6932367166519166,
    "24": 0.5711226449012756,
    "25": 0.576970539855957,
    "26": 0.6931626173973083,
    "27": 0.5824170063018799,
    "28": 0.577844047164917,
    "29": 0.5761418733596801,
    "30": 0.5741902325630188,
    "31": 0.6932161424636841,
    "32": 0.5884157043457031
  },
  "drift_final_total_l2": {
    "0": 0.9086393713951111,
    "1": 0.8929002285003662,
    "2": 1.6259782314300537,
    "3": 0.8565687537193298,
    "4": 13.313838958740234,
    "5": 0.9593080282211304,
    "6": 9.778512954711914,
    "7": 10.407861709594727,
    "8": 12.626826286315918,
    "9": 12.405177116394043,
    "10": 9.32496452331543,
    "11": 10.754079818725586,
    "12": 11.185680389404297,
    "13": 12.375836372375488,
    "14": 12.371591567993164,
    "15": 7.9090681076049805,
    "16": 7.031588077545166,
    "17": 0.9913071393966675,
    "18": 9.133783340454102,
    "19": 9.457432746887207,
    "20": 6.093055248260498,
    "21": 10.024812698364258,
    "22": 0.9561171531677246,
    "23": 1.4039057493209839,
    "24": 6.749783515930176,
    "25": 7.979969501495361,
    "26": 1.3076117038726807,
    "27": 8.122904777526855,
    "28": 5.580334663391113,
    "29": 5.50568962097168,
    "30": 6.913724899291992,
    "31": 1.1078574657440186,
    "32": 5.172632217407227
  },
  "probe_type": "mlp",
  "probe_hidden_size": [
    8
  ],