{
  "config": {
    "model_short": "llama",
    "task_name": "somo",
    "dataset": {
      "train": "cache/llama/somo_train/",
      "test": "cache/llama/somo_test/"
    },
    "mdl": {
      "batch_size": 64,
      "probe_type": "mlp",
      "probe_hidden_size": [
        32
      ],
      "num_classes": 2,
      "init_strategy": "gamma_first_zero",
      "init_gamma": 0.6,
      "optimizer": "adamw",
      "train_epochs": 10,
      "lr": 0.001,
      "seed": 42,
      "early_stopping_gap": 3,
      "split_num": 5,
      "split_ratio": 2.0
    },
    "out_dir": "init_results/llama/somo/hidden-32/seed-42/strategy-gamma_first_zero/gamma-0.6/2026-04-20_22-57-32"
  },
  "train_meta": {
    "dataset": "compling/somo",
    "split": "train",
    "text_col": "text",
    "model": "meta-llama/Meta-Llama-3.1-8B",
    "max_len": 64,
    "hidden_size": 4096,
    "num_hidden_layers": 32,
    "num_states": 33,
    "memmap_file": "last_token_hidden_states.memmap",
    "dtype": "float32",
    "shape": [
      15000,
      33,
      4096
    ]
  },
  "test_meta": {
    "dataset": "compling/somo",
    "split": "test",
    "text_col": "text",
    "model": "meta-llama/Meta-Llama-3.1-8B",
    "max_len": 64,
    "hidden_size": 4096,
    "num_hidden_layers": 32,
    "num_states": 33,
    "memmap_file": "last_token_hidden_states.memmap",
    "dtype": "float32",
    "shape": [
      10000,
      33,
      4096
    ]
  },
  "splits": [
    484,
    968,
    1936,
    3872,
    7740
  ],
  "mdl_sum_ce": {
    "0": 10061.634407043457,
    "1": 10061.205717086792,
    "2": 10061.299302101135,
    "3": 10061.047819137573,
    "4": 10061.14681482315,
    "5": 10061.21252155304,
    "6": 10061.495657920837,
    "7": 10061.468793392181,
    "8": 10061.489795684814,
    "9": 10061.741289138794,
    "10": 10061.322258472443,
    "11": 10061.274218559265,
    "12": 10061.163039684296,
    "13": 10061.337671279907,
    "14": 10061.289040088654,
    "15": 10061.582896232605,
    "16": 10061.035140037537,
    "17": 10061.422781467438,
    "18": 10061.382529735565,
    "19": 10061.368382453918,
    "20": 10061.209505081177,
    "21": 10061.12351179123,
    "22": 10061.425785541534,
    "23": 10061.400786876678,
    "24": 10061.261894702911,
    "25": 10061.501809120178,
    "26": 10061.396344184875,
    "27": 10061.349690437317,
    "28": 10061.24134349823,
    "29": 10061.046668052673,
    "30": 10061.122687339783,
    "31": 10061.652090549469,
    "32": 10061.503157615662
  },
  "mdl_nll": {
    "0": 0.6931409759605578,
    "1": 0.6931114437232565,
    "2": 0.6931178907482182,
    "3": 0.693100566212288,
    "4": 0.6931073859756924,
    "5": 0.6931119124795425,
    "6": 0.693131417602703,
    "7": 0.6931295669187229,
    "8": 0.6931310137561872,
    "9": 0.693148339014797,
    "10": 0.6931194722011879,
    "11": 0.6931161627555295,
    "12": 0.6931085036982844,
    "13": 0.6931205339818067,
    "14": 0.6931171838032966,
    "15": 0.6931374274064898,
    "16": 0.6930996927554104,
    "17": 0.6931263971801762,
    "18": 0.6931236242584434,
    "19": 0.693122649659267,
    "20": 0.6931117046763005,
    "21": 0.6931057806414459,
    "22": 0.6931266041293425,
    "23": 0.6931248819837889,
    "24": 0.6931153137712118,
    "25": 0.6931318413557577,
    "26": 0.6931245759289664,
    "27": 0.6931213619755661,
    "28": 0.6931138980089715,
    "29": 0.6931004869146234,
    "30": 0.693105723845397,
    "31": 0.6931421941684671,
    "32": 0.693131934252939
  },
  "stopping_epochs_per_stage": {
    "0": [
      4,
      1,
      3,
      1
    ],
    "1": [
      2,
      1,
      5,
      1
    ],
    "2": [
      1,
      2,
      7,
      1
    ],
    "3": [
      3,
      1,
      8,
      1
    ],
    "4": [
      5,
      1,
      3,
      1
    ],
    "5": [
      6,
      1,
      10,
      1
    ],
    "6": [
      1,
      1,
      6,
      1
    ],
    "7": [
      1,
      1,
      9,
      1
    ],
    "8": [
      6,
      2,
      5,
      1
    ],
    "9": [
      1,
      1,
      7,
      1
    ],
    "10": [
      5,
      2,
      6,
      1
    ],
    "11": [
      3,
      1,
      6,
      1
    ],
    "12": [
      1,
      1,
      1,
      1
    ],
    "13": [
      3,
      1,
      4,
      1
    ],
    "14": [
      3,
      1,
      4,
      2
    ],
    "15": [
      1,
      1,
      9,
      1
    ],
    "16": [
      9,
      1,
      1,
      1
    ],
    "17": [
      2,
      1,
      7,
      1
    ],
    "18": [
      6,
      1,
      4,
      1
    ],
    "19": [
      1,
      1,
      10,
      1
    ],
    "20": [
      1,
      1,
      9,
      1
    ],
    "21": [
      8,
      1,
      4,
      1
    ],
    "22": [
      1,
      2,
      9,
      1
    ],
    "23": [
      4,
      1,
      5,
      1
    ],
    "24": [
      5,
      1,
      3,
      1
    ],
    "25": [
      1,
      1,
      3,
      1
    ],
    "26": [
      6,
      2,
      4,
      1
    ],
    "27": [
      1,
      1,
      6,
      1
    ],
    "28": [
      1,
      1,
      8,
      1
    ],
    "29": [
      10,
      1,
      6,
      1
    ],
    "30": [
      1,
      1,
      6,
      1
    ],
    "31": [
      1,
      2,
      7,
      1
    ],
    "32": [
      2,
      1,
      1,
      1
    ]
  },
  "test_acc": {
    "0": 0.5013,
    "1": 0.5013,
    "2": 0.5013,
    "3": 0.5013,
    "4": 0.5013,
    "5": 0.5013,
    "6": 0.5013,
    "7": 0.5013,
    "8": 0.5013,
    "9": 0.5013,
    "10": 0.5013,
    "11": 0.5013,
    "12": 0.5013,
    "13": 0.5013,
    "14": 0.5013,
    "15": 0.5013,
    "16": 0.5013,
    "17": 0.5013,
    "18": 0.5013,
    "19": 0.5013,
    "20": 0.5013,
    "21": 0.5013,
    "22": 0.5013,
    "23": 0.5013,
    "24": 0.5013,
    "25": 0.5013,
    "26": 0.5013,
    "27": 0.5013,
    "28": 0.5013,
    "29": 0.5013,
    "30": 0.5013,
    "31": 0.5013,
    "32": 0.5013
  },
  "test_loss": {
    "0": 0.6932471827507019,
    "1": 0.6932379357337952,
    "2": 0.6931893971443176,
    "3": 0.6932135061264038,
    "4": 0.6932102855682373,
    "5": 0.6931548965454102,
    "6": 0.6932434101104736,
    "7": 0.6932661779403686,
    "8": 0.6931616186141968,
    "9": 0.6932001949310302,
    "10": 0.6932126810073852,
    "11": 0.6931558289527893,
    "12": 0.6932644958496094,
    "13": 0.69316138381958,
    "14": 0.6931585476875305,
    "15": 0.6932071683883667,
    "16": 0.6931922389030456,
    "17": 0.6931740812301636,
    "18": 0.6932007183074951,
    "19": 0.6931446256637573,
    "20": 0.6931919791221619,
    "21": 0.6932559509277344,
    "22": 0.6931996642112732,
    "23": 0.6932736910820008,
    "24": 0.6931440958976746,
    "25": 0.6931518166542053,
    "26": 0.6931570782661438,
    "27": 0.6931575603485107,
    "28": 0.6933107201576233,
    "29": 0.6931699827194214,
    "30": 0.693215620136261,
    "31": 0.6931615387916565,
    "32": 0.6932684722900391
  },
  "drift_final_total_l2": {
    "0": 0.02812149003148079,
    "1": 0.023501485586166382,
    "2": 0.018579090014100075,
    "3": 0.020880453288555145,
    "4": 0.02043251134455204,
    "5": 0.016547298058867455,
    "6": 0.02734825760126114,
    "7": 0.02621065080165863,
    "8": 0.013899865560233593,
    "9": 0.019930293783545494,
    "10": 0.021555231884121895,
    "11": 0.01373719610273838,
    "12": 0.028271270915865898,
    "13": 0.01897522248327732,
    "14": 0.0179358571767807,
    "15": 0.030369030311703682,
    "16": 0.022760096937417984,
    "17": 0.018026048317551613,
    "18": 0.020969850942492485,
    "19": 0.009623860009014606,
    "20": 0.018266187980771065,
    "21": 0.032565318048000336,
    "22": 0.01975751481950283,
    "23": 0.026940925046801567,
    "24": 0.0051765055395662785,
    "25": 0.011955543421208858,
    "26": 0.011747540906071663,
    "27": 0.012139363214373589,
    "28": 0.03029470331966877,
    "29": 0.028194230049848557,
    "30": 0.025098472833633423,
    "31": 0.014716431498527527,
    "32": 0.027075540274381638
  },
  "probe_type": "mlp",