{
  "config": {
    "model_short": "llama",
    "task_name": "somo",
    "dataset": {
      "train": "cache/llama/somo_train/",
      "test": "cache/llama/somo_test/"
    },
    "mdl": {
      "batch_size": 64,
      "probe_type": "mlp",
      "probe_hidden_size": [
        128
      ],
      "num_classes": 2,
      "init_strategy": "gamma_second_zero",
      "init_gamma": 0.7,
      "optimizer": "adamw",
      "train_epochs": 10,
      "lr": 0.001,
      "seed": 142,
      "early_stopping_gap": 3,
      "split_num": 5,
      "split_ratio": 2.0
    },
    "out_dir": "init_results/llama/somo/hidden-128/seed-142/strategy-gamma_second_zero/gamma-0.7/2026-04-21_01-27-45"
  },
  "train_meta": {
    "dataset": "compling/somo",
    "split": "train",
    "text_col": "text",
    "model": "meta-llama/Meta-Llama-3.1-8B",
    "max_len": 64,
    "hidden_size": 4096,
    "num_hidden_layers": 32,
    "num_states": 33,
    "memmap_file": "last_token_hidden_states.memmap",
    "dtype": "float32",
    "shape": [
      15000,
      33,
      4096
    ]
  },
  "test_meta": {
    "dataset": "compling/somo",
    "split": "test",
    "text_col": "text",
    "model": "meta-llama/Meta-Llama-3.1-8B",
    "max_len": 64,
    "hidden_size": 4096,
    "num_hidden_layers": 32,
    "num_states": 33,
    "memmap_file": "last_token_hidden_states.memmap",
    "dtype": "float32",
    "shape": [
      10000,
      33,
      4096
    ]
  },
  "splits": [
    484,
    968,
    1936,
    3872,
    7740
  ],
  "mdl_sum_ce": {
    "0": 10061.226966381073,
    "1": 10061.873794555664,
    "2": 10061.64506483078,
    "3": 10041.71993637085,
    "4": 9707.161056518555,
    "5": 9460.446809768677,
    "6": 9409.351234912872,
    "7": 9201.915509223938,
    "8": 8839.187502384186,
    "9": 8481.790228843689,
    "10": 8101.371455669403,
    "11": 8020.800786495209,
    "12": 8081.421695232391,
    "13": 8123.566519737244,
    "14": 8221.85455417633,
    "15": 8311.575735092163,
    "16": 8300.789576530457,
    "17": 8366.861817359924,
    "18": 8455.543648719788,
    "19": 8526.408151626587,
    "20": 8644.011518001556,
    "21": 8661.72989654541,
    "22": 8640.076233386993,
    "23": 8712.268719673157,
    "24": 8814.85277748108,
    "25": 8783.870102882385,
    "26": 8848.096208572388,
    "27": 8843.34769487381,
    "28": 8862.290304660797,
    "29": 8886.381515979767,
    "30": 8834.04328918457,
    "31": 8779.321068763733,
    "32": 8874.445366859436
  },
  "mdl_nll": {
    "0": 0.6931129075765413,
    "1": 0.6931574672468769,
    "2": 0.6931417101702108,
    "3": 0.6917690780084631,
    "4": 0.6687214836400217,
    "5": 0.6517254622326176,
    "6": 0.6482055135652296,
    "7": 0.6339153698831591,
    "8": 0.6089272184061852,
    "9": 0.5843062984874406,
    "10": 0.5580994389411272,
    "11": 0.5525489657271431,
    "12": 0.5567251098947638,
    "13": 0.5596284458347509,
    "14": 0.5663994595051206,
    "15": 0.5725803069090771,
    "16": 0.5718372538254655,
    "17": 0.5763889375420174,
    "18": 0.5824981846734492,
    "19": 0.5873800049343199,
    "20": 0.5954816421880378,
    "21": 0.5967022524487056,
    "22": 0.5952105423937031,
    "23": 0.6001838467672331,
    "24": 0.6072508113447974,
    "25": 0.6051164303446118,
    "26": 0.6095409347321843,
    "27": 0.609213811991858,
    "28": 0.6105187589322676,
    "29": 0.6121783904642992,
    "30": 0.6085728361245915,
    "31": 0.6048030496530541,
    "32": 0.6113561151046731
  },
  "stopping_epochs_per_stage": {
    "0": [
      1,
      8,
      2,
      1
    ],
    "1": [
      6,
      1,
      2,
      1
    ],
    "2": [
      1,
      2,
      5,
      2
    ],
    "3": [
      7,
      3,
      9,
      1
    ],
    "4": [
      9,
      9,
      9,
      9
    ],
    "5": [
      8,
      9,
      7,
      7
    ],
    "6": [
      10,
      10,
      10,
      6
    ],
    "7": [
      10,
      8,
      8,
      9
    ],
    "8": [
      9,
      10,
      8,
      9
    ],
    "9": [
      10,
      7,
      6,
      4
    ],
    "10": [
      9,
      8,
      3,
      4
    ],
    "11": [
      10,
      8,
      4,
      9
    ],
    "12": [
      8,
      4,
      4,
      6
    ],
    "13": [
      7,
      6,
      4,
      4
    ],
    "14": [
      5,
      6,
      4,
      4
    ],
    "15": [
      9,
      6,
      3,
      3
    ],
    "16": [
      10,
      7,
      5,
      5
    ],
    "17": [
      9,
      10,
      3,
      6
    ],
    "18": [
      9,
      9,
      6,
      7
    ],
    "19": [
      8,
      10,
      6,
      8
    ],
    "20": [
      7,
      10,
      4,
      4
    ],
    "21": [
      7,
      7,
      5,
      4
    ],
    "22": [
      9,
      9,
      7,
      6
    ],
    "23": [
      10,
      5,
      7,
      4
    ],
    "24": [
      1,
      7,
      7,
      4
    ],
    "25": [
      10,
      7,
      7,
      5
    ],
    "26": [
      6,
      10,
      4,
      6
    ],
    "27": [
      1,
      7,
      5,
      6
    ],
    "28": [
      6,
      8,
      4,
      4
    ],
    "29": [
      7,
      7,
      4,
      3
    ],
    "30": [
      5,
      6,
      4,
      6
    ],
    "31": [
      9,
      7,
      6,
      4
    ],
    "32": [
      5,
      7,
      7,
      7
    ]
  },
  "test_acc": {
    "0": 0.5013,
    "1": 0.5013,
    "2": 0.5151,
    "3": 0.5522,
    "4": 0.6027,
    "5": 0.6319,
    "6": 0.6313,
    "7": 0.6498,
    "8": 0.6539,
    "9": 0.7074,
    "10": 0.7282,
    "11": 0.7338,
    "12": 0.7273,
    "13": 0.7297,
    "14": 0.7291,
    "15": 0.7279,
    "16": 0.7263,
    "17": 0.7202,
    "18": 0.7202,
    "19": 0.715,
    "20": 0.7227,
    "21": 0.7081,
    "22": 0.7131,
    "23": 0.7123,
    "24": 0.6817,
    "25": 0.6725,
    "26": 0.7089,
    "27": 0.7034,
    "28": 0.7017,
    "29": 0.6748,
    "30": 0.7043,
    "31": 0.6981,
    "32": 0.6905
  },
  "test_loss": {
    "0": 0.6932185743331909,
    "1": 0.6936555872917175,
    "2": 0.6924234914779663,
    "3": 0.6859383458137512,
    "4": 0.6617080978393555,
    "5": 0.640327077293396,
    "6": 0.639009168434143,
    "7": 0.6346412554740906,
    "8": 0.6327300489425659,
    "9": 0.5769807639122009,
    "10": 0.5520054134368897,
    "11": 0.545523373413086,
    "12": 0.5552647994995117,
    "13": 0.541994772529602,
    "14": 0.5516915092945099,
    "15": 0.5574236827373504,
    "16": 0.5511461703777313,
    "17": 0.5579114767074584,
    "18": 0.5542052181720734,
    "19": 0.5667252535820008,
    "20": 0.5553001803398132,
    "21": 0.5733797111511231,
    "22": 0.5699604436874389,
    "23": 0.5633291809082032,
    "24": 0.6111584558963775,
    "25": 0.6394154809951782,
    "26": 0.5722782755851745,
    "27": 0.5817747589111328,
    "28": 0.5865155111312866,
    "29": 0.6308362374782562,
    "30": 0.5830475912094116,
    "31": 0.5841987238883972,
    "32": 0.5911041469573974
  },
  "drift_final_total_l2": {
    "0": 2.9952328205108643,
    "1": 5.1609392166137695,
    "2": 11.186047554016113,
    "3": 13.56447696685791,
    "4": 23.833345413208008,
    "5": 20.39842987060547,
    "6": 16.772153854370117,
    "7": 23.397972106933594,
    "8": 17.97417449951172,
    "9": 22.03742790222168,
    "10": 23.20197105407715,
    "11": 22.966552734375,
    "12": 28.747861862182617,
    "13": 34.72748947143555,
    "14": 25.634639739990234,
    "15": 29.15415382385254,
    "16": 19.725757598876953,
    "17": 19.865474700927734,
    "18": 23.54560661315918,
    "19": 21.65776252746582,
    "20": 13.67309856414795,
    "21": 24.777799606323242,
    "22": 16.137706756591797,
    "23": 13.6920747756958,
    "24": 23.454923629760742,
    "25": 20.94329071044922,
    "26": 17.895774841308594,
    "27": 13.070586204528809,
    "28": 11.633594512939453,
    "29": 17.539079666137695,
    "30": 11.130088806152344,
    "31": 11.423247337341309,
    "32": 17.82320213317871
  },
  "probe_type": "mlp",
  "probe_hidden_size": [
    128
  ],
  "init_strategy": "gamma_second_zero",
  "init_gamma": 0.7,