{
  "config": {
    "model_short": "llama",
    "task_name": "somo",
    "dataset": {
      "train": "cache/llama/somo_train/",
      "test": "cache/llama/somo_test/"
    },
    "mdl": {
      "batch_size": 64,
      "probe_type": "mlp",
      "probe_hidden_size": [
        2048
      ],
      "num_classes": 2,
      "init_strategy": "mup",
      "init_gamma": null,
      "optimizer": "adam",
      "train_epochs": 20,
      "lr": 0.001953125,
      "seed": 342,
      "early_stopping_gap": 3,
      "split_num": 5,
      "split_ratio": 2.0
    },
    "out_dir": "muP_results/llama/somo/hidden-2048/seed-342/strategy-mup/opt-adam/2026-04-28_20-22-02"
  },
  "train_meta": {
    "dataset": "compling/somo",
    "split": "train",
    "text_col": "text",
    "model": "meta-llama/Meta-Llama-3.1-8B",
    "max_len": 64,
    "hidden_size": 4096,
    "num_hidden_layers": 32,
    "num_states": 33,
    "memmap_file": "last_token_hidden_states.memmap",
    "dtype": "float32",
    "shape": [
      15000,
      33,
      4096
    ]
  },
  "test_meta": {
    "dataset": "compling/somo",
    "split": "test",
    "text_col": "text",
    "model": "meta-llama/Meta-Llama-3.1-8B",
    "max_len": 64,
    "hidden_size": 4096,
    "num_hidden_layers": 32,
    "num_states": 33,
    "memmap_file": "last_token_hidden_states.memmap",
    "dtype": "float32",
    "shape": [
      10000,
      33,
      4096
    ]
  },
  "splits": [
    484,
    968,
    1936,
    3872,
    7740
  ],
  "mdl_sum_ce": {
    "0": 10061.267484664917,
    "1": 10061.725666046143,
    "2": 10062.712579727173,
    "3": 10047.405680656433,
    "4": 9729.68978214264,
    "5": 9463.549221992493,
    "6": 9433.116265773773,
    "7": 9165.97467136383,
    "8": 8799.416317939758,
    "9": 8414.138664245605,
    "10": 8035.300084114075,
    "11": 7963.187718868256,
    "12": 7989.9300327301025,
    "13": 8054.782996177673,
    "14": 8097.141416788101,
    "15": 8289.406377315521,
    "16": 8251.04276752472,
    "17": 8344.490938901901,
    "18": 8400.347212314606,
    "19": 8484.356001853943,
    "20": 8483.671284675598,
    "21": 8555.86667919159,
    "22": 8584.993262767792,
    "23": 8627.42998123169,
    "24": 8694.25697183609,
    "25": 8675.040647983551,
    "26": 8701.974113941193,
    "27": 8724.909574508667,
    "28": 8740.523887634277,
    "29": 8702.645363330841,
    "30": 8717.647300720215,
    "31": 8646.870498657227,
    "32": 8857.756478309631
  },
  "mdl_nll": {
    "0": 0.6931156988609064,
    "1": 0.6931472627477364,
    "2": 0.6932152507389896,
    "3": 0.6921607660964751,
    "4": 0.6702734763118379,
    "5": 0.6519391858633572,
    "6": 0.6498426746881905,
    "7": 0.6314394234888282,
    "8": 0.6061874013460842,
    "9": 0.5796458159441723,
    "10": 0.5535478151084372,
    "11": 0.5485800302334153,
    "12": 0.5504222948973617,
    "13": 0.5548899832032015,
    "14": 0.5578080336723685,
    "15": 0.5710530709090329,
    "16": 0.5684102209647781,
    "17": 0.5748478188827433,
    "18": 0.5786957296992702,
    "19": 0.5844830533104122,
    "20": 0.5844358834855056,
    "21": 0.589409388205538,
    "22": 0.591415904020928,
    "23": 0.5943393483901688,
    "24": 0.5989430264422768,
    "25": 0.5976192234764088,
    "26": 0.5994746565128956,
    "27": 0.6010546689520988,
    "28": 0.6021303311955275,
    "29": 0.5995208985485562,
    "30": 0.600554374532944,
    "31": 0.5956785959394617,
    "32": 0.610206425896227
  },
  "stopping_epochs_per_stage": {
    "0": [
      1,
      4,
      1,
      2
    ],
    "1": [
      3,
      1,
      3,
      1
    ],
    "2": [
      5,
      1,
      4,
      1
    ],
    "3": [
      2,
      1,
      16,
      1
    ],
    "4": [
      2,
      14,
      14,
      8
    ],
    "5": [
      18,
      14,
      20,
      19
    ],
    "6": [
      19,
      1,
      20,
      20
    ],
    "7": [
      19,
      20,
      17,
      16
    ],
    "8": [
      19,
      9,
      17,
      15
    ],
    "9": [
      20,
      20,
      14,
      11
    ],
    "10": [
      20,
      9,
      13,
      11
    ],
    "11": [
      19,
      18,
      13,
      10
    ],
    "12": [
      20,
      19,
      12,
      13
    ],
    "13": [
      15,
      12,
      8,
      15
    ],
    "14": [
      17,
      12,
      8,
      9
    ],
    "15": [
      11,
      7,
      13,
      5
    ],
    "16": [
      18,
      9,
      12,
      12
    ],
    "17": [
      19,
      13,
      10,
      8
    ],
    "18": [
      20,
      13,
      11,
      12
    ],
    "19": [
      10,
      17,
      18,
      10
    ],
    "20": [
      16,
      14,
      14,
      14
    ],
    "21": [
      8,
      16,
      5,
      10
    ],
    "22": [
      15,
      10,
      9,
      8
    ],
    "23": [
      13,
      16,
      10,
      12
    ],
    "24": [
      6,
      19,
      5,
      6
    ],
    "25": [
      11,
      12,
      7,
      14
    ],
    "26": [
      9,
      14,
      8,
      8
    ],
    "27": [
      20,
      13,
      11,
      6
    ],
    "28": [
      5,
      14,
      7,
      5
    ],
    "29": [
      13,
      9,
      7,
      11
    ],
    "30": [
      11,
      11,
      12,
      9
    ],
    "31": [
      20,
      10,
      7,
      8
    ],
    "32": [
      4,
      7,
      2,
      11
    ]
  },
  "test_acc": {
    "0": 0.5013,
    "1": 0.5037,
    "2": 0.5217,
    "3": 0.5532,
    "4": 0.6029,
    "5": 0.6317,
    "6": 0.647,
    "7": 0.6682,
    "8": 0.6967,
    "9": 0.7092,
    "10": 0.7278,
    "11": 0.7154,
    "12": 0.7297,
    "13": 0.7312,
    "14": 0.7347,
    "15": 0.7319,
    "16": 0.7332,
    "17": 0.7278,
    "18": 0.7211,
    "19": 0.6922,
    "20": 0.72,
    "21": 0.7128,
    "22": 0.7149,
    "23": 0.7125,
    "24": 0.6955,
    "25": 0.7131,
    "26": 0.7069,
    "27": 0.7048,
    "28": 0.6982,
    "29": 0.6847,
    "30": 0.6972,
    "31": 0.7013,
    "32": 0.6919
  },
  "test_loss": {
    "0": 0.6932875799179077,
    "1": 0.693378441619873,
    "2": 0.6919638996124268,
    "3": 0.6838567525863647,
    "4": 0.6601703834533691,
    "5": 0.6398745334625244,
    "6": 0.6274639043807984,
    "7": 0.6122519556045533,
    "8": 0.5849130401611328,
    "9": 0.5787536134719848,
    "10": 0.5453122521400452,
    "11": 0.5658709966182709,
    "12": 0.5466561473846435,
    "13": 0.5456598566055297,
    "14": 0.5438092618465423,
    "15": 0.558263364315033,
    "16": 0.5462761098861695,
    "17": 0.5558771389484406,
    "18": 0.5569462762832642,
    "19": 0.6024370684623718,
    "20": 0.5640557649612427,
    "21": 0.5734989665031434,
    "22": 0.5751222175598144,
    "23": 0.5639699740409851,
    "24": 0.5961279104232788,
    "25": 0.5638439878463745,
    "26": 0.583109330368042,
    "27": 0.5789690068721771,
    "28": 0.6102452836513519,
    "29": 0.620083620929718,
    "30": 0.6030795482635498,
    "31": 0.5890634737968444,
    "32": 0.6007700387001038
  },
  "drift_final_total_l2": {
    "0": 22.058897018432617,
    "1": 171.56312561035156,
    "2": 238.35012817382812,
    "3": 376.6026306152344,
    "4": 461.8843078613281,
    "5": 432.7707824707031,
    "6": 400.1522521972656,
    "7": 433.3074035644531,
    "8": 459.61236572265625,
    "9": 472.53814697265625,
    "10": 501.21209716796875,
    "11": 509.2923583984375,
    "12": 494.8484191894531,
    "13": 508.3644714355469,
    "14": 456.2657165527344,
    "15": 484.2621154785156,
    "16": 437.4734191894531,
    "17": 432.7327880859375,
    "18": 387.66485595703125,
    "19": 402.5472106933594,
    "20": 389.0328674316406,
    "21": 384.9296569824219,
    "22": 361.4366760253906,
    "23": 302.4952697753906,
    "24": 362.1303405761719,
    "25": 257.4029235839844,
    "26": 323.0957946777344,
    "27": 298.146240234375,
    "28": 340.156494140625,
    "29": 292.2095031738281,
    "30": 318.656494140625,
    "31": 201.78445434570312,
    "32": 238.7445526123047
  },
  "probe_type": "mlp",
  "probe_hidden_size": [
    2048
  ],
  "init_strategy": "mup",