{
  "config": {
    "model_short": "llama",
    "task_name": "somo",
    "dataset": {
      "train": "cache/llama/somo_train/",
      "test": "cache/llama/somo_test/"
    },
    "mdl": {
      "batch_size": 64,
      "probe_type": "mlp",
      "probe_hidden_size": [
        512
      ],
      "num_classes": 2,
      "init_strategy": "mup",
      "init_gamma": null,
      "optimizer": "adam",
      "train_epochs": 20,
      "lr": 0.0078125,
      "seed": 142,
      "early_stopping_gap": 3,
      "split_num": 5,
      "split_ratio": 2.0
    },
    "out_dir": "muP_results/llama/somo/hidden-512/seed-142/strategy-mup/opt-adam/2026-04-28_19-51-24"
  },
  "train_meta": {
    "dataset": "compling/somo",
    "split": "train",
    "text_col": "text",
    "model": "meta-llama/Meta-Llama-3.1-8B",
    "max_len": 64,
    "hidden_size": 4096,
    "num_hidden_layers": 32,
    "num_states": 33,
    "memmap_file": "last_token_hidden_states.memmap",
    "dtype": "float32",
    "shape": [
      15000,
      33,
      4096
    ]
  },
  "test_meta": {
    "dataset": "compling/somo",
    "split": "test",
    "text_col": "text",
    "model": "meta-llama/Meta-Llama-3.1-8B",
    "max_len": 64,
    "hidden_size": 4096,
    "num_hidden_layers": 32,
    "num_states": 33,
    "memmap_file": "last_token_hidden_states.memmap",
    "dtype": "float32",
    "shape": [
      10000,
      33,
      4096
    ]
  },
  "splits": [
    484,
    968,
    1936,
    3872,
    7740
  ],
  "mdl_sum_ce": {
    "0": 10059.833389282227,
    "1": 10062.407747268677,
    "2": 10062.082453250885,
    "3": 9979.84554719925,
    "4": 9675.883053779602,
    "5": 9458.860609054565,
    "6": 9431.225158691406,
    "7": 9187.602853775024,
    "8": 8876.797769546509,
    "9": 8510.754158973694,
    "10": 8035.25479221344,
    "11": 8179.622738838196,
    "12": 8068.18025302887,
    "13": 8064.7626967430115,
    "14": 8260.941988945007,
    "15": 8258.162274837494,
    "16": 8385.729930877686,
    "17": 8428.810027122498,
    "18": 8428.17864704132,
    "19": 8569.279974937439,
    "20": 8544.350597381592,
    "21": 8608.941640853882,
    "22": 8667.026138305664,
    "23": 8689.764233589172,
    "24": 8683.081382751465,
    "25": 8722.535688400269,
    "26": 8846.018198013306,
    "27": 8792.475813865662,
    "28": 8826.814071178436,
    "29": 8832.846729278564,
    "30": 8872.953753948212,
    "31": 8788.735038757324,
    "32": 8986.858722686768
  },
  "mdl_nll": {
    "0": 0.6930169047452622,
    "1": 0.6931942509829621,
    "2": 0.69317184164032,
    "3": 0.6875065821989012,
    "4": 0.6665667576315515,
    "5": 0.6516161896565559,
    "6": 0.6497123972644948,
    "7": 0.6329293781878633,
    "8": 0.6115181709525013,
    "9": 0.5863016091880473,
    "10": 0.5535446949719923,
    "11": 0.5634901308100162,
    "12": 0.5558129135456648,
    "13": 0.5555774797976724,
    "14": 0.5690921733910862,
    "15": 0.5689006802726297,
    "16": 0.5776887524715959,
    "17": 0.5806565188152726,
    "18": 0.5806130233563875,
    "19": 0.5903334234594543,
    "20": 0.5886160510734081,
    "21": 0.593065695842786,
    "22": 0.597067107902016,
    "23": 0.5986335239452447,
    "24": 0.5981731456841737,
    "25": 0.6008911331220907,
    "26": 0.6093977816211977,
    "27": 0.6057092734820654,
    "28": 0.6080748189017936,
    "29": 0.608490405709463,
    "30": 0.6112533586351758,
    "31": 0.605451573350601,
    "32": 0.619100215120334
  },
  "stopping_epochs_per_stage": {
    "0": [
      1,
      3,
      2,
      2
    ],
    "1": [
      3,
      1,
      1,
      3
    ],
    "2": [
      3,
      2,
      1,
      4
    ],
    "3": [
      7,
      1,
      12,
      10
    ],
    "4": [
      8,
      2,
      13,
      9
    ],
    "5": [
      1,
      3,
      8,
      10
    ],
    "6": [
      15,
      13,
      4,
      12
    ],
    "7": [
      11,
      8,
      12,
      9
    ],
    "8": [
      10,
      14,
      4,
      8
    ],
    "9": [
      6,
      9,
      9,
      5
    ],
    "10": [
      6,
      6,
      5,
      5
    ],
    "11": [
      12,
      9,
      7,
      3
    ],
    "12": [
      8,
      11,
      6,
      6
    ],
    "13": [
      10,
      10,
      4,
      5
    ],
    "14": [
      9,
      9,
      3,
      3
    ],
    "15": [
      6,
      8,
      6,
      5
    ],
    "16": [
      14,
      11,
      4,
      4
    ],
    "17": [
      12,
      7,
      4,
      6
    ],
    "18": [
      13,
      6,
      8,
      9
    ],
    "19": [
      7,
      11,
      10,
      2
    ],
    "20": [
      11,
      9,
      5,
      6
    ],
    "21": [
      6,
      13,
      4,
      5
    ],
    "22": [
      9,
      7,
      11,
      4
    ],
    "23": [
      10,
      4,
      8,
      8
    ],
    "24": [
      11,
      5,
      11,
      5
    ],
    "25": [
      10,
      7,
      9,
      10
    ],
    "26": [
      8,
      4,
      4,
      8
    ],
    "27": [
      6,
      5,
      7,
      3
    ],
    "28": [
      4,
      6,
      7,
      3
    ],
    "29": [
      3,
      8,
      5,
      6
    ],
    "30": [
      8,
      4,
      4,
      4
    ],
    "31": [
      4,
      8,
      4,
      5
    ],
    "32": [
      2,
      2,
      4,
      8
    ]
  },
  "test_acc": {
    "0": 0.4997,
    "1": 0.5022,
    "2": 0.5299,
    "3": 0.5449,
    "4": 0.5986,
    "5": 0.6344,
    "6": 0.6403,
    "7": 0.6674,
    "8": 0.6796,
    "9": 0.7027,
    "10": 0.7195,
    "11": 0.72,
    "12": 0.724,
    "13": 0.7267,
    "14": 0.7118,
    "15": 0.7239,
    "16": 0.7206,
    "17": 0.7152,
    "18": 0.7091,
    "19": 0.7179,
    "20": 0.6983,
    "21": 0.6929,
    "22": 0.7043,
    "23": 0.6214,
    "24": 0.6947,
    "25": 0.6956,
    "26": 0.692,
    "27": 0.7018,
    "28": 0.6996,
    "29": 0.6839,
    "30": 0.6906,
    "31": 0.6722,
    "32": 0.6852
  },
  "test_loss": {
    "0": 0.6935628580093384,
    "1": 0.6964856344223023,
    "2": 0.6955933756828309,
    "3": 0.7009671898841858,
    "4": 0.6763138725280762,
    "5": 0.6541634238243103,
    "6": 0.6555033410072326,
    "7": 0.6270592340469361,
    "8": 0.6299411550521851,
    "9": 0.6049130204200744,
    "10": 0.6045195222377777,
    "11": 0.5975474084854125,
    "12": 0.6053793123722077,
    "13": 0.6093526503801345,
    "14": 0.6320216455459595,
    "15": 0.6042093002796173,
    "16": 0.6312629227638245,
    "17": 0.5926772109985352,
    "18": 0.6019461755752563,
    "19": 0.564748536491394,
    "20": 0.6286768556594848,
    "21": 0.6290330513000488,
    "22": 0.6056303410530091,
    "23": 0.7376759479522705,
    "24": 0.5984954904556274,
    "25": 0.6291839866161346,
    "26": 0.6399315846443177,
    "27": 0.6316925232887268,
    "28": 0.6148278160095215,
    "29": 0.6757131767272949,
    "30": 0.628390162038803,
    "31": 0.6908832941055297,
    "32": 0.6299655241012573
  },
  "drift_final_total_l2": {
    "0": 61.49510192871094,
    "1": 282.3736877441406,
    "2": 327.4861755371094,
    "3": 427.25286865234375,
    "4": 613.5125122070312,
    "5": 438.710693359375,
    "6": 586.8564453125,
    "7": 486.27191162109375,
    "8": 687.7186889648438,
    "9": 606.1343994140625,
    "10": 590.788818359375,
    "11": 572.4852294921875,
    "12": 654.90966796875,
    "13": 642.10205078125,
    "14": 628.4029541015625,
    "15": 573.3463134765625,
    "16": 581.0371704101562,
    "17": 475.5202331542969,
    "18": 529.0505981445312,
    "19": 263.13446044921875,
    "20": 530.370849609375,
    "21": 418.74468994140625,
    "22": 439.1693115234375,
    "23": 396.8943176269531,
    "24": 342.83648681640625,
    "25": 380.9563293457031,
    "26": 338.0423583984375,
    "27": 383.2546691894531,
    "28": 259.4066467285156,
    "29": 383.6141357421875,
    "30": 244.53173828125,
    "31": 355.42034912109375,
    "32": 244.17860412597656
  },
  "probe_type": "mlp",
  "probe_hidden_size": [
    512
  ],
  "init_strategy": "mup",
  "init_gamma": null,
  "effective_lr": {
    "hidden": 0.0078125,