{
  "config": {
    "model_short": "llama",
    "task_name": "somo",
    "dataset": {
      "train": "cache/llama/somo_train/",
      "test": "cache/llama/somo_test/"
    },
    "mdl": {
      "batch_size": 64,
      "probe_type": "mlp",
      "probe_hidden_size": [
        23
      ],
      "num_classes": 2,
      "init_strategy": "gamma_second_zero",
      "init_gamma": 1.3,
      "optimizer": "adamw",
      "train_epochs": 10,
      "lr": 0.001,
      "seed": 42,
      "early_stopping_gap": 3,
      "split_num": 5,
      "split_ratio": 2.0
    },
    "out_dir": "init_results/llama/somo/hidden-23/seed-42/strategy-gamma_second_zero/gamma-1.3/opt-adamw/2026-04-25_03-16-16"
  },
  "train_meta": {
    "dataset": "compling/somo",
    "split": "train",
    "text_col": "text",
    "model": "meta-llama/Meta-Llama-3.1-8B",
    "max_len": 64,
    "hidden_size": 4096,
    "num_hidden_layers": 32,
    "num_states": 33,
    "memmap_file": "last_token_hidden_states.memmap",
    "dtype": "float32",
    "shape": [
      15000,
      33,
      4096
    ]
  },
  "test_meta": {
    "dataset": "compling/somo",
    "split": "test",
    "text_col": "text",
    "model": "meta-llama/Meta-Llama-3.1-8B",
    "max_len": 64,
    "hidden_size": 4096,
    "num_hidden_layers": 32,
    "num_states": 33,
    "memmap_file": "last_token_hidden_states.memmap",
    "dtype": "float32",
    "shape": [
      10000,
      33,
      4096
    ]
  },
  "splits": [
    484,
    968,
    1936,
    3872,
    7740
  ],
  "mdl_sum_ce": {
    "0": 10061.764642238617,
    "1": 10061.07345199585,
    "2": 10061.82854938507,
    "3": 10057.331450462341,
    "4": 9806.465359210968,
    "5": 9733.452341079712,
    "6": 9902.974313735962,
    "7": 9282.662155628204,
    "8": 8906.361986160278,
    "9": 8530.149182796478,
    "10": 8047.9502210617065,
    "11": 8187.7227239608765,
    "12": 8083.85595703125,
    "13": 8121.526279449463,
    "14": 8239.911586761475,
    "15": 8293.049508094788,
    "16": 8394.805921077728,
    "17": 8501.358819961548,
    "18": 8503.200741767883,
    "19": 8633.33135175705,
    "20": 8623.376257896423,
    "21": 8694.242020606995,
    "22": 8775.448728084564,
    "23": 8632.389777183533,
    "24": 8871.581316947937,
    "25": 8734.506386756897,
    "26": 8722.039630889893,
    "27": 8721.72278213501,
    "28": 8762.968883037567,
    "29": 8824.18783044815,
    "30": 8890.952222824097,
    "31": 8703.068875312805,
    "32": 9031.482656478882
  },
  "mdl_nll": {
    "0": 0.6931499477981963,
    "1": 0.69310233204711,
    "2": 0.6931543503296411,
    "3": 0.6928445474278273,
    "4": 0.6755625075234891,
    "5": 0.670532677120399,
    "6": 0.6822109612659109,
    "7": 0.6394779660807526,
    "8": 0.6135548350895755,
    "9": 0.587637722705737,
    "10": 0.5544192767333774,
    "11": 0.5640481347451692,
    "12": 0.5568928049759748,
    "13": 0.5594878946989159,
    "14": 0.5676433994737858,
    "15": 0.5713040443713686,
    "16": 0.5783139929097361,
    "17": 0.5856543689695197,
    "18": 0.5857812580440812,
    "19": 0.5947458908622933,
    "20": 0.5940600894114373,
    "21": 0.5989419964595615,
    "22": 0.6045362860350347,
    "23": 0.5946810262595434,
    "24": 0.6111588121347435,
    "25": 0.6017157885613734,
    "26": 0.6008569599676146,
    "27": 0.6008351324149221,
    "28": 0.6036765557341944,
    "29": 0.607893898487748,
    "30": 0.6124932641791193,
    "31": 0.5995500740777628,
    "32": 0.62217433566264
  },
  "stopping_epochs_per_stage": {
    "0": [
      3,
      1,
      2,
      3
    ],
    "1": [
      2,
      1,
      4,
      5
    ],
    "2": [
      1,
      1,
      6,
      1
    ],
    "3": [
      10,
      1,
      2,
      3
    ],
    "4": [
      10,
      8,
      10,
      10
    ],
    "5": [
      10,
      10,
      7,
      10
    ],
    "6": [
      10,
      10,
      8,
      1
    ],
    "7": [
      9,
      10,
      10,
      10
    ],
    "8": [
      10,
      10,
      10,
      10
    ],
    "9": [
      10,
      10,
      10,
      8
    ],
    "10": [
      9,
      10,
      6,
      10
    ],
    "11": [
      10,
      10,
      10,
      10
    ],
    "12": [
      10,
      9,
      10,
      10
    ],
    "13": [
      6,
      10,
      6,
      8
    ],
    "14": [
      9,
      10,
      7,
      9
    ],
    "15": [
      10,
      10,
      7,
      3
    ],
    "16": [
      10,
      10,
      7,
      4
    ],
    "17": [
      9,
      10,
      5,
      9
    ],
    "18": [
      10,
      9,
      10,
      9
    ],
    "19": [
      10,
      8,
      10,
      9
    ],
    "20": [
      8,
      10,
      7,
      7
    ],
    "21": [
      10,
      8,
      9,
      10
    ],
    "22": [
      6,
      10,
      7,
      5
    ],
    "23": [
      5,
      9,
      9,
      5
    ],
    "24": [
      4,
      9,
      8,
      10
    ],
    "25": [
      7,
      10,
      8,
      6
    ],
    "26": [
      8,
      8,
      10,
      10
    ],
    "27": [
      6,
      9,
      9,
      6
    ],
    "28": [
      4,
      9,
      6,
      10
    ],
    "29": [
      5,
      6,
      6,
      6
    ],
    "30": [
      2,
      10,
      7,
      5
    ],
    "31": [
      8,
      8,
      7,
      5
    ],
    "32": [
      8,
      6,
      10,
      10
    ]
  },
  "test_acc": {
    "0": 0.5013,
    "1": 0.4946,
    "2": 0.5013,
    "3": 0.5498,
    "4": 0.5882,
    "5": 0.6396,
    "6": 0.6404,
    "7": 0.6471,
    "8": 0.688,
    "9": 0.7108,
    "10": 0.7274,
    "11": 0.7289,
    "12": 0.7297,
    "13": 0.7303,
    "14": 0.7319,
    "15": 0.7235,
    "16": 0.7317,
    "17": 0.7247,
    "18": 0.7243,
    "19": 0.7193,
    "20": 0.7198,
    "21": 0.7083,
    "22": 0.7033,
    "23": 0.711,
    "24": 0.7076,
    "25": 0.7079,
    "26": 0.6933,
    "27": 0.7084,
    "28": 0.6641,
    "29": 0.7023,
    "30": 0.699,
    "31": 0.6502,
    "32": 0.6906
  },
  "test_loss": {
    "0": 0.693227435207367,
    "1": 0.6938629940032959,
    "2": 0.6931760765075684,
    "3": 0.6851602972984314,
    "4": 0.668659243965149,
    "5": 0.6331210411071777,
    "6": 0.6337930738449097,
    "7": 0.6265680397033692,
    "8": 0.5939735849380493,
    "9": 0.5711412113189698,
    "10": 0.5523135767936707,
    "11": 0.5478512437343598,
    "12": 0.5390354349136353,
    "13": 0.5323820026874542,
    "14": 0.5409205158233643,
    "15": 0.543751338148117,
    "16": 0.5447756754875183,
    "17": 0.5517832851409912,
    "18": 0.5489248833656311,
    "19": 0.5572091700077056,
    "20": 0.5569850506782532,
    "21": 0.5662999968528748,
    "22": 0.5788318737030029,
    "23": 0.5671489914894104,
    "24": 0.5794573225021362,
    "25": 0.5700839008331299,
    "26": 0.5873429850578308,
    "27": 0.5724706493854522,
    "28": 0.6322960687637329,
    "29": 0.5790924160003662,
    "30": 0.5833339275360108,
    "31": 0.6583299955368042,
    "32": 0.5835723676681519
  },
  "drift_final_total_l2": {
    "0": 1.3645905256271362,
    "1": 6.9374189376831055,
    "2": 1.7225240468978882,
    "3": 8.716490745544434,
    "4": 10.334237098693848,
    "5": 14.232992172241211,
    "6": 17.73598861694336,
    "7": 15.793901443481445,
    "8": 15.993558883666992,
    "9": 12.754510879516602,
    "10": 16.617605209350586,
    "11": 17.37440299987793,
    "12": 11.863321304321289,
    "13": 13.760716438293457,
    "14": 15.11349868774414,
    "15": 17.300350189208984,
    "16": 12.923930168151855,
    "17": 10.214666366577148,
    "18": 13.601173400878906,
    "19": 11.487022399902344,
    "20": 10.664827346801758,
    "21": 8.347307205200195,
    "22": 12.130109786987305,
    "23": 10.183845520019531,
    "24": 8.345590591430664,
    "25": 8.57335376739502,
    "26": 11.655974388122559,
    "27": 7.584892749786377,
    "28": 5.605511665344238,
    "29": 7.633022785186768,
    "30": 10.072480201721191,
    "31": 8.06737995147705,
    "32": 7.419834613800049
  },
  "probe_type": "mlp",
  "probe_hidden_size": [
    23
  ],