{
  "config": {
    "model_short": "llama",
    "task_name": "somo",
    "dataset": {
      "train": "cache/llama/somo_train/",
      "test": "cache/llama/somo_test/"
    },
    "mdl": {
      "batch_size": 64,
      "probe_type": "mlp",
      "probe_hidden_size": [
        4
      ],
      "num_classes": 2,
      "init_strategy": "gamma_second_zero",
      "init_gamma": 0.4,
      "optimizer": "adamw",
      "train_epochs": 10,
      "lr": 0.001,
      "seed": 42,
      "early_stopping_gap": 3,
      "split_num": 5,
      "split_ratio": 2.0
    },
    "out_dir": "init_results/llama/somo/hidden-4/seed-42/strategy-gamma_second_zero/gamma-0.4/2026-04-21_00-30-14"
  },
  "train_meta": {
    "dataset": "compling/somo",
    "split": "train",
    "text_col": "text",
    "model": "meta-llama/Meta-Llama-3.1-8B",
    "max_len": 64,
    "hidden_size": 4096,
    "num_hidden_layers": 32,
    "num_states": 33,
    "memmap_file": "last_token_hidden_states.memmap",
    "dtype": "float32",
    "shape": [
      15000,
      33,
      4096
    ]
  },
  "test_meta": {
    "dataset": "compling/somo",
    "split": "test",
    "text_col": "text",
    "model": "meta-llama/Meta-Llama-3.1-8B",
    "max_len": 64,
    "hidden_size": 4096,
    "num_hidden_layers": 32,
    "num_states": 33,
    "memmap_file": "last_token_hidden_states.memmap",
    "dtype": "float32",
    "shape": [
      10000,
      33,
      4096
    ]
  },
  "splits": [
    484,
    968,
    1936,
    3872,
    7740
  ],
  "mdl_sum_ce": {
    "0": 10061.394859790802,
    "1": 10061.332335472107,
    "2": 10061.70113658905,
    "3": 10050.958115577698,
    "4": 9782.53161907196,
    "5": 9585.135638237,
    "6": 9504.979639530182,
    "7": 9363.196664333344,
    "8": 9120.466165542603,
    "9": 8652.844408988953,
    "10": 8214.763555526733,
    "11": 8201.36008310318,
    "12": 8271.240783691406,
    "13": 8185.98468875885,
    "14": 8168.986784934998,
    "15": 8298.210407733917,
    "16": 9522.980052947998,
    "17": 8452.811832904816,
    "18": 8549.014772891998,
    "19": 8600.419390678406,
    "20": 8779.60291814804,
    "21": 8623.518677711487,
    "22": 8806.660676956177,
    "23": 8782.441908836365,
    "24": 8853.946610450745,
    "25": 8844.68779039383,
    "26": 8866.75348186493,
    "27": 8772.998274326324,
    "28": 8848.45872592926,
    "29": 8848.511386871338,
    "30": 8766.98700428009,
    "31": 9121.540507793427,
    "32": 9070.61810016632
  },
  "mdl_nll": {
    "0": 0.693124473669799,
    "1": 0.6931201664006688,
    "2": 0.6931455729256717,
    "3": 0.6924054915663886,
    "4": 0.6739137241025048,
    "5": 0.6603152134360016,
    "6": 0.654793306663694,
    "7": 0.6450259482180589,
    "8": 0.6283043652206257,
    "9": 0.5960901356426669,
    "10": 0.5659109641448563,
    "11": 0.5649876056147134,
    "12": 0.5698016522245388,
    "13": 0.5639284023669641,
    "14": 0.5627574252504132,
    "15": 0.5716595761734581,
    "16": 0.6560333461661614,
    "17": 0.5823099912444761,
    "18": 0.5889373637980159,
    "19": 0.5924786022787549,
    "20": 0.6048224661165639,
    "21": 0.5940699006414637,
    "22": 0.6066864616255289,
    "23": 0.6050180427691075,
    "24": 0.609943965999638,
    "25": 0.6093061305038461,
    "26": 0.6108262249838061,
    "27": 0.6043674754978179,
    "28": 0.6095659083720901,
    "29": 0.6095695361581247,
    "30": 0.6039533621025138,
    "31": 0.6283783761224461,
    "32": 0.6248703568590742
  },
  "stopping_epochs_per_stage": {
    "0": [
      1,
      2,
      6,
      1
    ],
    "1": [
      6,
      2,
      3,
      4
    ],
    "2": [
      2,
      1,
      1,
      1
    ],
    "3": [
      1,
      1,
      3,
      7
    ],
    "4": [
      1,
      10,
      10,
      10
    ],
    "5": [
      1,
      10,
      10,
      10
    ],
    "6": [
      10,
      10,
      10,
      10
    ],
    "7": [
      10,
      10,
      10,
      10
    ],
    "8": [
      10,
      10,
      10,
      9
    ],
    "9": [
      10,
      10,
      8,
      10
    ],
    "10": [
      10,
      9,
      5,
      9
    ],
    "11": [
      10,
      10,
      10,
      9
    ],
    "12": [
      10,
      10,
      9,
      9
    ],
    "13": [
      10,
      10,
      10,
      9
    ],
    "14": [
      10,
      10,
      9,
      9
    ],
    "15": [
      10,
      10,
      8,
      6
    ],
    "16": [
      10,
      10,
      10,
      1
    ],
    "17": [
      10,
      10,
      10,
      6
    ],
    "18": [
      1,
      9,
      7,
      5
    ],
    "19": [
      10,
      10,
      9,
      10
    ],
    "20": [
      8,
      1,
      10,
      10
    ],
    "21": [
      9,
      10,
      10,
      7
    ],
    "22": [
      10,
      8,
      10,
      10
    ],
    "23": [
      1,
      9,
      10,
      9
    ],
    "24": [
      1,
      10,
      10,
      10
    ],
    "25": [
      3,
      10,
      10,
      9
    ],
    "26": [
      7,
      10,
      8,
      10
    ],
    "27": [
      7,
      9,
      10,
      9
    ],
    "28": [
      4,
      10,
      7,
      10
    ],
    "29": [
      2,
      9,
      10,
      10
    ],
    "30": [
      9,
      10,
      7,
      8
    ],
    "31": [
      6,
      10,
      8,
      10
    ],
    "32": [
      8,
      8,
      6,
      9
    ]
  },
  "test_acc": {
    "0": 0.5013,
    "1": 0.5013,
    "2": 0.5149,
    "3": 0.5013,
    "4": 0.601,
    "5": 0.6339,
    "6": 0.6412,
    "7": 0.6639,
    "8": 0.6915,
    "9": 0.6989,
    "10": 0.7314,
    "11": 0.7341,
    "12": 0.7296,
    "13": 0.7347,
    "14": 0.7116,
    "15": 0.7242,
    "16": 0.7302,
    "17": 0.7207,
    "18": 0.7232,
    "19": 0.713,
    "20": 0.7126,
    "21": 0.7106,
    "22": 0.7133,
    "23": 0.711,
    "24": 0.712,
    "25": 0.706,
    "26": 0.707,
    "27": 0.7056,
    "28": 0.6979,
    "29": 0.6823,
    "30": 0.6998,
    "31": 0.6936,
    "32": 0.6948
  },
  "test_loss": {
    "0": 0.6931574028015137,
    "1": 0.6932712435722351,
    "2": 0.694129222869873,
    "3": 0.6931810930252075,
    "4": 0.661191015625,
    "5": 0.6393917335510254,
    "6": 0.630270055770874,
    "7": 0.6126835416793823,
    "8": 0.5948286421775818,
    "9": 0.584702279663086,
    "10": 0.5382913000583649,
    "11": 0.5355945254802704,
    "12": 0.5392258778572082,
    "13": 0.5313919550418854,
    "14": 0.5645943958282471,
    "15": 0.5439661054134369,
    "16": 0.5436024993896484,
    "17": 0.5551255051612854,
    "18": 0.5571110537528992,
    "19": 0.5699507190704346,
    "20": 0.564164470911026,
    "21": 0.5645235464096069,
    "22": 0.5666362142562866,
    "23": 0.5677180345535279,
    "24": 0.5693576179504395,
    "25": 0.5737731081008911,
    "26": 0.5769945988655091,
    "27": 0.5767690673828125,
    "28": 0.5826230754852295,
    "29": 0.6033813257217407,
    "30": 0.580434441947937,
    "31": 0.5856624235630036,
    "32": 0.5824550707817078
  },
  "drift_final_total_l2": {
    "0": 0.5438353419303894,
    "1": 1.5935908555984497,
    "2": 8.336747169494629,
    "3": 0.6977354884147644,
    "4": 9.238521575927734,
    "5": 8.86959457397461,
    "6": 10.533576965332031,
    "7": 12.377750396728516,
    "8": 12.75193977355957,
    "9": 11.455439567565918,
    "10": 12.075936317443848,
    "11": 11.591710090637207,
    "12": 10.88282585144043,
    "13": 11.771440505981445,
    "14": 8.895092010498047,
    "15": 10.163623809814453,
    "16": 8.574974060058594,
    "17": 10.414789199829102,
    "18": 7.883142948150635,
    "19": 6.570318698883057,
    "20": 8.550259590148926,
    "21": 9.044181823730469,
    "22": 6.30919075012207,
    "23": 5.89295768737793,
    "24": 8.064342498779297,
    "25": 8.137751579284668,
    "26": 7.241747856140137,
    "27": 6.004617214202881,
    "28": 8.90670394897461,
    "29": 5.621761798858643,
    "30": 7.691989421844482,
    "31": 6.64840841293335,
    "32": 7.239041805267334
  },
  "probe_type": "mlp",
  "probe_hidden_size": [
    4
  ],
  "init_strategy": "gamma_second_zero",