{
  "config": {
    "model_short": "llama",
    "task_name": "somo",
    "dataset": {
      "train": "cache/llama/somo_train/",
      "test": "cache/llama/somo_test/"
    },
    "mdl": {
      "batch_size": 64,
      "probe_type": "mlp",
      "probe_hidden_size": [
        362
      ],
      "num_classes": 2,
      "init_strategy": "gamma_second_zero",
      "init_gamma": 1.6,
      "optimizer": "adamw",
      "train_epochs": 10,
      "lr": 0.001,
      "seed": 42,
      "early_stopping_gap": 3,
      "split_num": 5,
      "split_ratio": 2.0
    },
    "out_dir": "init_results/llama/somo/hidden-362/seed-42/strategy-gamma_second_zero/gamma-1.6/opt-adamw/2026-04-25_03-24-14"
  },
  "train_meta": {
    "dataset": "compling/somo",
    "split": "train",
    "text_col": "text",
    "model": "meta-llama/Meta-Llama-3.1-8B",
    "max_len": 64,
    "hidden_size": 4096,
    "num_hidden_layers": 32,
    "num_states": 33,
    "memmap_file": "last_token_hidden_states.memmap",
    "dtype": "float32",
    "shape": [
      15000,
      33,
      4096
    ]
  },
  "test_meta": {
    "dataset": "compling/somo",
    "split": "test",
    "text_col": "text",
    "model": "meta-llama/Meta-Llama-3.1-8B",
    "max_len": 64,
    "hidden_size": 4096,
    "num_hidden_layers": 32,
    "num_states": 33,
    "memmap_file": "last_token_hidden_states.memmap",
    "dtype": "float32",
    "shape": [
      10000,
      33,
      4096
    ]
  },
  "splits": [
    484,
    968,
    1936,
    3872,
    7740
  ],
  "mdl_sum_ce": {
    "0": 10061.7579164505,
    "1": 10060.861372947693,
    "2": 10062.176045417786,
    "3": 10029.566866397858,
    "4": 9771.305632591248,
    "5": 9477.842894554138,
    "6": 9432.445114135742,
    "7": 9211.686873912811,
    "8": 8928.670708656311,
    "9": 8516.366691589355,
    "10": 8149.971738815308,
    "11": 8184.824302196503,
    "12": 8104.017333030701,
    "13": 8121.06781578064,
    "14": 8264.381190299988,
    "15": 8243.779663085938,
    "16": 8340.189758300781,
    "17": 8458.139359474182,
    "18": 8465.871995925903,
    "19": 8547.113180160522,
    "20": 8571.387050628662,
    "21": 8671.178995132446,
    "22": 8611.162238121033,
    "23": 8770.525037765503,
    "24": 8748.058409690857,
    "25": 8810.902114391327,
    "26": 8721.390188694,
    "27": 8796.541652679443,
    "28": 8718.166317939758,
    "29": 8834.770196914673,
    "30": 8880.380995750427,
    "31": 8807.946635723114,
    "32": 8803.89779806137
  },
  "mdl_nll": {
    "0": 0.6931494844620075,
    "1": 0.6930877220272591,
    "2": 0.6931782891580177,
    "3": 0.6909318590794887,
    "4": 0.6731403714929214,
    "5": 0.652923869837017,
    "6": 0.6497964393865902,
    "7": 0.6345885143230099,
    "8": 0.6150916718556291,
    "9": 0.5866882537606335,
    "10": 0.5614474882071719,
    "11": 0.5638484639154383,
    "12": 0.5582817121128892,
    "13": 0.559456311365434,
    "14": 0.5693290982570948,
    "15": 0.5679098693225363,
    "16": 0.5745515126963889,
    "17": 0.5826770018926827,
    "18": 0.5832096993611121,
    "19": 0.5888063640231829,
    "20": 0.5904785788528977,
    "21": 0.5973531961375342,
    "22": 0.593218671680975,
    "23": 0.6041970954646944,
    "24": 0.6026493806620872,
    "25": 0.606978652134977,
    "26": 0.6008122202186553,
    "27": 0.6059893670900691,
    "28": 0.6005901293703333,
    "29": 0.6086229124355658,
    "30": 0.6117650176185194,
    "31": 0.6067750506835984,
    "32": 0.6064961282764791
  },
  "stopping_epochs_per_stage": {
    "0": [
      3,
      1,
      1,
      1
    ],
    "1": [
      1,
      1,
      6,
      1
    ],
    "2": [
      3,
      1,
      1,
      1
    ],
    "3": [
      2,
      1,
      6,
      10
    ],
    "4": [
      10,
      1,
      4,
      9
    ],
    "5": [
      8,
      10,
      6,
      10
    ],
    "6": [
      10,
      7,
      8,
      7
    ],
    "7": [
      5,
      8,
      7,
      9
    ],
    "8": [
      9,
      10,
      6,
      6
    ],
    "9": [
      5,
      6,
      5,
      4
    ],
    "10": [
      10,
      3,
      4,
      7
    ],
    "11": [
      10,
      6,
      3,
      6
    ],
    "12": [
      7,
      7,
      5,
      4
    ],
    "13": [
      9,
      5,
      5,
      5
    ],
    "14": [
      5,
      5,
      5,
      4
    ],
    "15": [
      8,
      4,
      5,
      7
    ],
    "16": [
      9,
      8,
      7,
      3
    ],
    "17": [
      7,
      5,
      8,
      5
    ],
    "18": [
      8,
      8,
      7,
      8
    ],
    "19": [
      5,
      5,
      6,
      7
    ],
    "20": [
      6,
      6,
      6,
      5
    ],
    "21": [
      2,
      6,
      8,
      5
    ],
    "22": [
      2,
      4,
      6,
      6
    ],
    "23": [
      3,
      2,
      9,
      6
    ],
    "24": [
      1,
      5,
      5,
      7
    ],
    "25": [
      1,
      8,
      3,
      8
    ],
    "26": [
      2,
      8,
      4,
      5
    ],
    "27": [
      2,
      4,
      6,
      5
    ],
    "28": [
      2,
      6,
      5,
      4
    ],
    "29": [
      2,
      5,
      3,
      7
    ],
    "30": [
      2,
      4,
      5,
      5
    ],
    "31": [
      4,
      5,
      4,
      5
    ],
    "32": [
      5,
      7,
      4,
      5
    ]
  },
  "test_acc": {
    "0": 0.5013,
    "1": 0.5013,
    "2": 0.5285,
    "3": 0.5471,
    "4": 0.6006,
    "5": 0.6394,
    "6": 0.6486,
    "7": 0.6358,
    "8": 0.6951,
    "9": 0.6711,
    "10": 0.7184,
    "11": 0.7297,
    "12": 0.6848,
    "13": 0.7196,
    "14": 0.7292,
    "15": 0.7259,
    "16": 0.7208,
    "17": 0.7003,
    "18": 0.7148,
    "19": 0.7144,
    "20": 0.6633,
    "21": 0.7067,
    "22": 0.7064,
    "23": 0.6932,
    "24": 0.7102,
    "25": 0.7048,
    "26": 0.6871,
    "27": 0.7005,
    "28": 0.6902,
    "29": 0.7018,
    "30": 0.6952,
    "31": 0.6899,
    "32": 0.6757
  },
  "test_loss": {
    "0": 0.6931438110351562,
    "1": 0.6931403450965882,
    "2": 0.6916893878936767,
    "3": 0.6872483314514161,
    "4": 0.6733668482780456,
    "5": 0.6351084914207459,
    "6": 0.6280706016540527,
    "7": 0.6433855710983276,
    "8": 0.5853231526374817,
    "9": 0.6251092102050781,
    "10": 0.5757685670852661,
    "11": 0.5459726514339447,
    "12": 0.6286332613945007,
    "13": 0.5704356111049652,
    "14": 0.5683313649177552,
    "15": 0.5562491599082947,
    "16": 0.5508181469917297,
    "17": 0.5843569736480713,
    "18": 0.5680749029636383,
    "19": 0.5783310013771057,
    "20": 0.6293265298843383,
    "21": 0.5806742570400238,
    "22": 0.5763565176963806,
    "23": 0.5867035558700562,
    "24": 0.5687135169029236,
    "25": 0.5773203168869019,
    "26": 0.604318701171875,
    "27": 0.583117153263092,
    "28": 0.5958795932769776,
    "29": 0.5816010381698609,
    "30": 0.5994939276695251,
    "31": 0.5922435222148895,
    "32": 0.6453988662719726
  },
  "drift_final_total_l2": {
    "0": 5.6487345695495605,
    "1": 8.465483665466309,
    "2": 20.49747085571289,
    "3": 23.683208465576172,
    "4": 22.726818084716797,
    "5": 18.940296173095703,
    "6": 24.940595626831055,
    "7": 31.693126678466797,
    "8": 20.160099029541016,
    "9": 30.849740982055664,
    "10": 41.21196746826172,
    "11": 31.63625717163086,
    "12": 37.73398971557617,
    "13": 30.603050231933594,
    "14": 42.48476791381836,
    "15": 27.8009033203125,
    "16": 24.677133560180664,
    "17": 26.523218154907227,
    "18": 25.138620376586914,
    "19": 25.121179580688477,
    "20": 25.603870391845703,
    "21": 32.2437858581543,
    "22": 20.372905731201172,
    "23": 22.640796661376953,
    "24": 16.796728134155273,
    "25": 20.57905387878418,
    "26": 18.43171501159668,
    "27": 31.796945571899414,
    "28": 18.30484390258789,
    "29": 13.624944686889648,
    "30": 17.645587921142578,
    "31": 16.009511947631836,
    "32": 21.041912078857422
  },
  "probe_type": "mlp",
  "probe_hidden_size": [
    362
  ],
  "init_strategy": "gamma_second_zero",