{
  "config": {
    "model_short": "llama",
    "task_name": "somo",
    "dataset": {
      "train": "cache/llama/somo_train/",
      "test": "cache/llama/somo_test/"
    },
    "mdl": {
      "batch_size": 64,
      "probe_type": "mlp",
      "probe_hidden_size": [
        256
      ],
      "num_classes": 2,
      "init_strategy": "mf",
      "init_gamma": null,
      "optimizer": "adamw",
      "train_epochs": 10,
      "lr": 0.001,
      "seed": 442,
      "early_stopping_gap": 3,
      "split_num": 5,
      "split_ratio": 2.0
    },
    "out_dir": "init_results/llama/somo/hidden-256/seed-442/strategy-mf/gamma-na/2026-04-20_22-35-28"
  },
  "train_meta": {
    "dataset": "compling/somo",
    "split": "train",
    "text_col": "text",
    "model": "meta-llama/Meta-Llama-3.1-8B",
    "max_len": 64,
    "hidden_size": 4096,
    "num_hidden_layers": 32,
    "num_states": 33,
    "memmap_file": "last_token_hidden_states.memmap",
    "dtype": "float32",
    "shape": [
      15000,
      33,
      4096
    ]
  },
  "test_meta": {
    "dataset": "compling/somo",
    "split": "test",
    "text_col": "text",
    "model": "meta-llama/Meta-Llama-3.1-8B",
    "max_len": 64,
    "hidden_size": 4096,
    "num_hidden_layers": 32,
    "num_states": 33,
    "memmap_file": "last_token_hidden_states.memmap",
    "dtype": "float32",
    "shape": [
      10000,
      33,
      4096
    ]
  },
  "splits": [
    484,
    968,
    1936,
    3872,
    7740
  ],
  "mdl_sum_ce": {
    "0": 10061.117774486542,
    "1": 10062.605040073395,
    "2": 10069.483106136322,
    "3": 10058.521327018738,
    "4": 9878.71899318695,
    "5": 9693.974712371826,
    "6": 9802.674560546875,
    "7": 9389.7216963768,
    "8": 9068.394580364227,
    "9": 8691.864349365234,
    "10": 8257.240445137024,
    "11": 8285.908639907837,
    "12": 8235.760143518448,
    "13": 8246.416095256805,
    "14": 9165.101487159729,
    "15": 8527.375872850418,
    "16": 8519.951150894165,
    "17": 8638.394439697266,
    "18": 9142.535248756409,
    "19": 9496.36818742752,
    "20": 9069.618576526642,
    "21": 8703.66013097763,
    "22": 8954.395118236542,
    "23": 8953.65314912796,
    "24": 9157.215748786926,
    "25": 9164.448153495789,
    "26": 9034.101738929749,
    "27": 9050.322892189026,
    "28": 9377.079500675201,
    "29": 9632.617807388306,
    "30": 9454.89501953125,
    "31": 9773.36032629013,
    "32": 9267.171243190765
  },
  "mdl_nll": {
    "0": 0.6931053854013876,
    "1": 0.6932078423858773,
    "2": 0.6936816689264482,
    "3": 0.6929265174303346,
    "4": 0.6805400243308729,
    "5": 0.6678130829685744,
    "6": 0.6753013612942185,
    "7": 0.646853244445908,
    "8": 0.6247171796889107,
    "9": 0.5987781998736039,
    "10": 0.5688371758843361,
    "11": 0.570812113523549,
    "12": 0.5673574086193475,
    "13": 0.5680914918198405,
    "14": 0.631379270264517,
    "15": 0.5874466707667689,
    "16": 0.586935185374357,
    "17": 0.5950946844652291,
    "18": 0.6298246933560491,
    "19": 0.6542000680233894,
    "20": 0.6248015001740591,
    "21": 0.5995908053856179,
    "22": 0.6168638136013049,
    "23": 0.6168126997194792,
    "24": 0.6308360256811054,
    "25": 0.6313342624342648,
    "26": 0.6223547629463867,
    "27": 0.623472230103956,
    "28": 0.6459823298894463,
    "29": 0.663586236386629,
    "30": 0.6513430021721721,
    "31": 0.6732819183170384,
    "32": 0.6384108048491847
  },
  "stopping_epochs_per_stage": {
    "0": [
      7,
      9,
      5,
      8
    ],
    "1": [
      3,
      4,
      8,
      2
    ],
    "2": [
      4,
      3,
      1,
      9
    ],
    "3": [
      1,
      3,
      3,
      3
    ],
    "4": [
      4,
      2,
      7,
      7
    ],
    "5": [
      3,
      10,
      8,
      9
    ],
    "6": [
      4,
      7,
      9,
      2
    ],
    "7": [
      4,
      8,
      6,
      5
    ],
    "8": [
      3,
      5,
      7,
      9
    ],
    "9": [
      2,
      6,
      8,
      10
    ],
    "10": [
      7,
      4,
      7,
      2
    ],
    "11": [
      4,
      6,
      10,
      8
    ],
    "12": [
      8,
      4,
      7,
      7
    ],
    "13": [
      3,
      2,
      4,
      8
    ],
    "14": [
      3,
      5,
      9,
      5
    ],
    "15": [
      1,
      5,
      4,
      3
    ],
    "16": [
      3,
      5,
      6,
      5
    ],
    "17": [
      3,
      3,
      9,
      6
    ],
    "18": [
      2,
      7,
      4,
      4
    ],
    "19": [
      5,
      5,
      5,
      5
    ],
    "20": [
      6,
      6,
      5,
      3
    ],
    "21": [
      7,
      7,
      6,
      5
    ],
    "22": [
      6,
      9,
      2,
      7
    ],
    "23": [
      5,
      5,
      8,
      4
    ],
    "24": [
      9,
      5,
      5,
      5
    ],
    "25": [
      3,
      3,
      3,
      9
    ],
    "26": [
      4,
      4,
      9,
      3
    ],
    "27": [
      10,
      10,
      2,
      3
    ],
    "28": [
      4,
      2,
      2,
      8
    ],
    "29": [
      3,
      7,
      9,
      1
    ],
    "30": [
      10,
      10,
      9,
      3
    ],
    "31": [
      5,
      3,
      8,
      2
    ],
    "32": [
      5,
      8,
      7,
      5
    ]
  },
  "test_acc": {
    "0": 0.5013,
    "1": 0.5013,
    "2": 0.5013,
    "3": 0.5013,
    "4": 0.5206,
    "5": 0.5682,
    "6": 0.5844,
    "7": 0.6479,
    "8": 0.6433,
    "9": 0.6742,
    "10": 0.7143,
    "11": 0.7205,
    "12": 0.6852,
    "13": 0.7152,
    "14": 0.7153,
    "15": 0.7011,
    "16": 0.7064,
    "17": 0.678,
    "18": 0.5013,
    "19": 0.6905,
    "20": 0.6826,
    "21": 0.6734,
    "22": 0.4995,
    "23": 0.5121,
    "24": 0.5188,
    "25": 0.4987,
    "26": 0.5854,
    "27": 0.688,
    "28": 0.6526,
    "29": 0.6702,
    "30": 0.68,
    "31": 0.6512,
    "32": 0.6196
  },
  "test_loss": {
    "0": 0.6931441498756409,
    "1": 0.6931489779472351,
    "2": 0.6931441157341004,
    "3": 0.6931445545196533,
    "4": 0.6905897605895996,
    "5": 0.6724456298828125,
    "6": 0.6624439003944397,
    "7": 0.650083283996582,
    "8": 0.6334561317443848,
    "9": 0.6075456787109375,
    "10": 0.5569515077590942,
    "11": 0.5523030149459839,
    "12": 0.5912168805122375,
    "13": 0.5559872799396515,
    "14": 0.5543283177375793,
    "15": 0.6254618594169616,
    "16": 0.5654143842697144,
    "17": 0.6355865111351013,
    "18": 0.6931575176239013,
    "19": 0.6052584786415101,
    "20": 0.6024761585235596,
    "21": 0.5984828298568725,
    "22": 0.6930793586730957,
    "23": 0.6924266231536865,
    "24": 0.688379890537262,
    "25": 0.6931778421401977,
    "26": 0.7040804086685181,
    "27": 0.6133606205940246,
    "28": 0.6294730297088623,
    "29": 0.6048294059753418,
    "30": 0.6012954975128174,
    "31": 0.6460552274703979,
    "32": 0.6644969540596009
  },
  "drift_final_total_l2": {
    "0": 28.15239715576172,
    "1": 127.54337310791016,
    "2": 88.58284759521484,
    "3": 490.56158447265625,
    "4": 546.0280151367188,
    "5": 407.3966979980469,
    "6": 377.6044006347656,
    "7": 400.2302551269531,
    "8": 491.71112060546875,
    "9": 429.27740478515625,
    "10": 568.2910766601562,
    "11": 318.52813720703125,
    "12": 405.71771240234375,
    "13": 302.41607666015625,
    "14": 376.9317626953125,
    "15": 572.824951171875,
    "16": 282.0757751464844,
    "17": 263.0480651855469,
    "18": 276.7463073730469,
    "19": 243.2781524658203,
    "20": 399.40008544921875,
    "21": 371.572998046875,
    "22": 549.7064819335938,
    "23": 358.2796936035156,
    "24": 425.7192687988281,
    "25": 430.0763244628906,
    "26": 330.0658874511719,
    "27": 247.78009033203125,
    "28": 224.7964630126953,
    "29": 265.44940185546875,
    "30": 265.80767822265625,
    "31": 510.4396667480469,
    "32": 470.9908752441406
  },
  "probe_type": "mlp",
  "probe_hidden_size": [
    256
  ],
  "init_strategy": "mf",
  "init_gamma": null,
  "effective_lr": 0.256,
  "lr_scaling_rule": "base_lr*width",