{
  "config": {
    "model_short": "llama",
    "task_name": "somo",
    "dataset": {
      "train": "cache/llama/somo_train/",
      "test": "cache/llama/somo_test/"
    },
    "mdl": {
      "batch_size": 64,
      "probe_type": "mlp",
      "probe_hidden_size": [
        4
      ],
      "num_classes": 2,
      "init_strategy": "gamma_second_zero",
      "init_gamma": 1.5,
      "optimizer": "adamw",
      "train_epochs": 10,
      "lr": 0.001,
      "seed": 42,
      "early_stopping_gap": 3,
      "split_num": 5,
      "split_ratio": 2.0
    },
    "out_dir": "init_results/llama/somo/hidden-4/seed-42/strategy-gamma_second_zero/gamma-1.5/2026-04-21_03-09-48"
  },
  "train_meta": {
    "dataset": "compling/somo",
    "split": "train",
    "text_col": "text",
    "model": "meta-llama/Meta-Llama-3.1-8B",
    "max_len": 64,
    "hidden_size": 4096,
    "num_hidden_layers": 32,
    "num_states": 33,
    "memmap_file": "last_token_hidden_states.memmap",
    "dtype": "float32",
    "shape": [
      15000,
      33,
      4096
    ]
  },
  "test_meta": {
    "dataset": "compling/somo",
    "split": "test",
    "text_col": "text",
    "model": "meta-llama/Meta-Llama-3.1-8B",
    "max_len": 64,
    "hidden_size": 4096,
    "num_hidden_layers": 32,
    "num_states": 33,
    "memmap_file": "last_token_hidden_states.memmap",
    "dtype": "float32",
    "shape": [
      10000,
      33,
      4096
    ]
  },
  "splits": [
    484,
    968,
    1936,
    3872,
    7740
  ],
  "mdl_sum_ce": {
    "0": 10061.588264465332,
    "1": 10060.984046459198,
    "2": 10061.59274148941,
    "3": 10061.4923620224,
    "4": 10035.702219963074,
    "5": 9656.698051452637,
    "6": 9667.89994430542,
    "7": 9706.086969852448,
    "8": 9130.402873516083,
    "9": 8807.901455879211,
    "10": 8720.019526481628,
    "11": 8423.978862285614,
    "12": 8330.855025291443,
    "13": 8342.006232261658,
    "14": 8369.63627243042,
    "15": 8561.0442237854,
    "16": 8599.953085899353,
    "17": 9970.738059997559,
    "18": 9068.929521560669,
    "19": 8720.311592578888,
    "20": 8929.628251552582,
    "21": 9789.410057544708,
    "22": 9093.39539861679,
    "23": 8877.253643989563,
    "24": 8899.579641819,
    "25": 9124.804654121399,
    "26": 8751.041270256042,
    "27": 9176.157493591309,
    "28": 8879.218787670135,
    "29": 8924.315902709961,
    "30": 8906.806458950043,
    "31": 8752.391086101532,
    "32": 9861.31645488739
  },
  "mdl_nll": {
    "0": 0.6931377972213648,
    "1": 0.693096172944282,
    "2": 0.6931381056413206,
    "3": 0.6931311905499036,
    "4": 0.6913545205265276,
    "5": 0.6652451123899584,
    "6": 0.6660168052015307,
    "7": 0.668647490345305,
    "8": 0.6289889000768863,
    "9": 0.6067719382666859,
    "10": 0.6007177959824764,
    "11": 0.5803237022792515,
    "12": 0.5739084475951669,
    "13": 0.5746766486815691,
    "14": 0.5765800683680367,
    "15": 0.5897660666702536,
    "16": 0.5924464787751001,
    "17": 0.686879171948027,
    "18": 0.6247540315211263,
    "19": 0.6007379162702458,
    "20": 0.615157636508169,
    "21": 0.6743875762982026,
    "22": 0.6264394735889219,
    "23": 0.6115495759155114,
    "24": 0.6130876027706669,
    "25": 0.6286032415349545,
    "26": 0.6028548684386913,
    "27": 0.6321409130332949,
    "28": 0.6116849536835309,
    "29": 0.6147916714459879,
    "30": 0.6135854545983771,
    "31": 0.6029478565790529,
    "32": 0.679341172147106
  },
  "stopping_epochs_per_stage": {
    "0": [
      3,
      1,
      2,
      1
    ],
    "1": [
      2,
      1,
      3,
      1
    ],
    "2": [
      1,
      1,
      1,
      1
    ],
    "3": [
      1,
      2,
      1,
      1
    ],
    "4": [
      9,
      1,
      9,
      1
    ],
    "5": [
      1,
      6,
      4,
      10
    ],
    "6": [
      10,
      10,
      7,
      10
    ],
    "7": [
      2,
      1,
      5,
      10
    ],
    "8": [
      2,
      10,
      9,
      10
    ],
    "9": [
      10,
      1,
      10,
      8
    ],
    "10": [
      10,
      10,
      6,
      10
    ],
    "11": [
      10,
      10,
      10,
      10
    ],
    "12": [
      10,
      10,
      10,
      8
    ],
    "13": [
      10,
      10,
      9,
      10
    ],
    "14": [
      10,
      10,
      9,
      10
    ],
    "15": [
      10,
      1,
      10,
      8
    ],
    "16": [
      1,
      9,
      10,
      7
    ],
    "17": [
      10,
      9,
      4,
      1
    ],
    "18": [
      9,
      10,
      1,
      10
    ],
    "19": [
      9,
      10,
      10,
      8
    ],
    "20": [
      10,
      1,
      10,
      10
    ],
    "21": [
      10,
      1,
      9,
      1
    ],
    "22": [
      9,
      10,
      3,
      9
    ],
    "23": [
      1,
      1,
      10,
      10
    ],
    "24": [
      3,
      10,
      8,
      8
    ],
    "25": [
      7,
      8,
      6,
      10
    ],
    "26": [
      7,
      10,
      9,
      9
    ],
    "27": [
      1,
      10,
      8,
      9
    ],
    "28": [
      10,
      1,
      9,
      8
    ],
    "29": [
      5,
      1,
      10,
      9
    ],
    "30": [
      10,
      10,
      10,
      9
    ],
    "31": [
      8,
      10,
      10,
      10
    ],
    "32": [
      10,
      2,
      9,
      1
    ]
  },
  "test_acc": {
    "0": 0.5013,
    "1": 0.5013,
    "2": 0.5162,
    "3": 0.5013,
    "4": 0.5013,
    "5": 0.6345,
    "6": 0.6448,
    "7": 0.666,
    "8": 0.6953,
    "9": 0.5013,
    "10": 0.725,
    "11": 0.7143,
    "12": 0.7213,
    "13": 0.7351,
    "14": 0.7319,
    "15": 0.7286,
    "16": 0.7279,
    "17": 0.7209,
    "18": 0.7216,
    "19": 0.5013,
    "20": 0.5013,
    "21": 0.7158,
    "22": 0.7107,
    "23": 0.711,
    "24": 0.7113,
    "25": 0.5013,
    "26": 0.705,
    "27": 0.5013,
    "28": 0.6815,
    "29": 0.5013,
    "30": 0.7033,
    "31": 0.5013,
    "32": 0.6888
  },
  "test_loss": {
    "0": 0.6931452777862549,
    "1": 0.6932327651023865,
    "2": 0.6924251447677612,
    "3": 0.6931960084915161,
    "4": 0.6931939060211182,
    "5": 0.6396644117355347,
    "6": 0.6326686930656433,
    "7": 0.6155838230133056,
    "8": 0.5890852772712708,
    "9": 0.6931979652404785,
    "10": 0.5489612138748169,
    "11": 0.5646902156829834,
    "12": 0.5522246395111085,
    "13": 0.531272537279129,
    "14": 0.5321335243225098,
    "15": 0.5449099575042725,
    "16": 0.5463271879196167,
    "17": 0.5552083174228668,
    "18": 0.5491064840793609,
    "19": 0.6932520696640014,
    "20": 0.6931726580619813,
    "21": 0.5635216338157654,
    "22": 0.5682566371917724,
    "23": 0.5705037604331971,
    "24": 0.5689193155288697,
    "25": 0.6931962618827819,
    "26": 0.5781166407585144,
    "27": 0.6931657490730285,
    "28": 0.6101343264579773,
    "29": 0.6931684235572815,
    "30": 0.5737805784225464,
    "31": 0.6931444293022155,
    "32": 0.5838516414642334
  },
  "drift_final_total_l2": {
    "0": 0.5989524126052856,
    "1": 0.6478891372680664,
    "2": 8.556947708129883,
    "3": 0.7478293776512146,
    "4": 0.6849879622459412,
    "5": 8.616158485412598,
    "6": 8.442777633666992,
    "7": 8.362492561340332,
    "8": 9.69297981262207,
    "9": 1.248692274093628,
    "10": 8.07840347290039,
    "11": 10.065264701843262,
    "12": 11.570414543151855,
    "13": 10.643872261047363,
    "14": 11.339584350585938,
    "15": 8.392942428588867,
    "16": 7.170022010803223,
    "17": 7.935029983520508,
    "18": 7.816019058227539,
    "19": 0.6702256798744202,
    "20": 0.8921597599983215,
    "21": 6.973212718963623,
    "22": 7.588973522186279,
    "23": 7.081964015960693,
    "24": 5.796398639678955,
    "25": 0.701707661151886,
    "26": 7.836248874664307,
    "27": 0.6615800857543945,
    "28": 6.576687812805176,
    "29": 1.097107172012329,
    "30": 6.312553882598877,
    "31": 0.7044830322265625,
    "32": 4.5094499588012695
  },
  "probe_type": "mlp",
  "probe_hidden_size": [
    4
  ],
  "init_strategy": "gamma_second_zero",