{
  "config": {
    "model_short": "llama",
    "task_name": "somo",
    "dataset": {
      "train": "cache/llama/somo_train/",
      "test": "cache/llama/somo_test/"
    },
    "mdl": {
      "batch_size": 64,
      "probe_type": "mlp",
      "probe_hidden_size": [
        512
      ],
      "num_classes": 2,
      "init_strategy": "gamma",
      "init_gamma": 0.6,
      "optimizer": "adamw",
      "train_epochs": 10,
      "lr": 0.001,
      "seed": 442,
      "early_stopping_gap": 3,
      "split_num": 5,
      "split_ratio": 2.0
    },
    "out_dir": "init_results/llama/somo/hidden-512/seed-442/strategy-gamma/gamma-0.6/opt-adamw/2026-04-22_03-29-04"
  },
  "train_meta": {
    "dataset": "compling/somo",
    "split": "train",
    "text_col": "text",
    "model": "meta-llama/Meta-Llama-3.1-8B",
    "max_len": 64,
    "hidden_size": 4096,
    "num_hidden_layers": 32,
    "num_states": 33,
    "memmap_file": "last_token_hidden_states.memmap",
    "dtype": "float32",
    "shape": [
      15000,
      33,
      4096
    ]
  },
  "test_meta": {
    "dataset": "compling/somo",
    "split": "test",
    "text_col": "text",
    "model": "meta-llama/Meta-Llama-3.1-8B",
    "max_len": 64,
    "hidden_size": 4096,
    "num_hidden_layers": 32,
    "num_states": 33,
    "memmap_file": "last_token_hidden_states.memmap",
    "dtype": "float32",
    "shape": [
      10000,
      33,
      4096
    ]
  },
  "splits": [
    484,
    968,
    1936,
    3872,
    7740
  ],
  "mdl_sum_ce": {
    "0": 10061.916731357574,
    "1": 10063.321763038635,
    "2": 10067.332523822784,
    "3": 10028.091920375824,
    "4": 9736.76763343811,
    "5": 9484.992035865784,
    "6": 9460.614596366882,
    "7": 9287.889278888702,
    "8": 9012.62759590149,
    "9": 8582.305635929108,
    "10": 8088.38494515419,
    "11": 8100.210182189941,
    "12": 8191.270088195801,
    "13": 8177.377921581268,
    "14": 8246.002101659775,
    "15": 8273.87844824791,
    "16": 8448.100241184235,
    "17": 8420.9739985466,
    "18": 8454.816252946854,
    "19": 8547.333232402802,
    "20": 8570.460860967636,
    "21": 8663.866355419159,
    "22": 8738.689248085022,
    "23": 8745.685357570648,
    "24": 8767.95697593689,
    "25": 8730.127040863037,
    "26": 8784.915664196014,
    "27": 8791.67420911789,
    "28": 8866.783016681671,
    "29": 8880.68672323227,
    "30": 8840.304969787598,
    "31": 8775.833343029022,
    "32": 8929.809023141861
  },
  "mdl_nll": {
    "0": 0.6931604251417453,
    "1": 0.69325721707348,
    "2": 0.693533516383493,
    "3": 0.6908302507836749,
    "4": 0.6707610659574339,
    "5": 0.6534163706162706,
    "6": 0.6517370209676827,
    "7": 0.6398380599950884,
    "8": 0.6208754199436132,
    "9": 0.5912307547484918,
    "10": 0.5572048047088861,
    "11": 0.5580194393903238,
    "12": 0.5642925108980298,
    "13": 0.5633354864688115,
    "14": 0.5680629720074245,
    "15": 0.5699833596202748,
    "16": 0.5819854120407988,
    "17": 0.5801166987149766,
    "18": 0.5824480747414477,
    "19": 0.5888215233124002,
    "20": 0.5904147741090959,
    "21": 0.5968494320349379,
    "22": 0.6020039437920242,
    "23": 0.6024859022851095,
    "24": 0.6040201829661677,
    "25": 0.6014140976069879,
    "26": 0.6051884585420236,
    "27": 0.6056540513307997,
    "28": 0.6108282596226007,
    "29": 0.6117860790322588,
    "30": 0.6090042001782583,
    "31": 0.6045627819667279,
    "32": 0.6151700897727929
  },
  "stopping_epochs_per_stage": {
    "0": [
      5,
      6,
      6,
      2
    ],
    "1": [
      2,
      1,
      4,
      1
    ],
    "2": [
      2,
      2,
      1,
      1
    ],
    "3": [
      1,
      2,
      2,
      8
    ],
    "4": [
      2,
      7,
      8,
      7
    ],
    "5": [
      4,
      6,
      6,
      5
    ],
    "6": [
      7,
      7,
      7,
      9
    ],
    "7": [
      6,
      8,
      7,
      7
    ],
    "8": [
      6,
      10,
      3,
      4
    ],
    "9": [
      8,
      5,
      4,
      5
    ],
    "10": [
      10,
      7,
      4,
      6
    ],
    "11": [
      10,
      6,
      6,
      6
    ],
    "12": [
      2,
      7,
      8,
      2
    ],
    "13": [
      7,
      4,
      6,
      5
    ],
    "14": [
      4,
      6,
      4,
      4
    ],
    "15": [
      4,
      6,
      4,
      5
    ],
    "16": [
      6,
      8,
      3,
      3
    ],
    "17": [
      9,
      5,
      5,
      5
    ],
    "18": [
      6,
      6,
      7,
      6
    ],
    "19": [
      7,
      5,
      4,
      4
    ],
    "20": [
      9,
      6,
      5,
      6
    ],
    "21": [
      4,
      3,
      6,
      7
    ],
    "22": [
      3,
      6,
      4,
      2
    ],
    "23": [
      1,
      7,
      8,
      6
    ],
    "24": [
      4,
      4,
      3,
      4
    ],
    "25": [
      6,
      9,
      6,
      4
    ],
    "26": [
      7,
      10,
      7,
      6
    ],
    "27": [
      6,
      7,
      7,
      4
    ],
    "28": [
      3,
      7,
      2,
      3
    ],
    "29": [
      2,
      2,
      3,
      6
    ],
    "30": [
      5,
      8,
      5,
      6
    ],
    "31": [
      9,
      2,
      7,
      8
    ],
    "32": [
      3,
      5,
      6,
      7
    ]
  },
  "test_acc": {
    "0": 0.4982,
    "1": 0.5013,
    "2": 0.5196,
    "3": 0.5563,
    "4": 0.6035,
    "5": 0.6407,
    "6": 0.6328,
    "7": 0.6637,
    "8": 0.6849,
    "9": 0.6962,
    "10": 0.725,
    "11": 0.7278,
    "12": 0.7142,
    "13": 0.7228,
    "14": 0.7312,
    "15": 0.7223,
    "16": 0.7292,
    "17": 0.7137,
    "18": 0.6589,
    "19": 0.7192,
    "20": 0.7021,
    "21": 0.7164,
    "22": 0.7101,
    "23": 0.686,
    "24": 0.7029,
    "25": 0.7009,
    "26": 0.6961,
    "27": 0.7006,
    "28": 0.6824,
    "29": 0.6936,
    "30": 0.6873,
    "31": 0.6973,
    "32": 0.6533
  },
  "test_loss": {
    "0": 0.6932369606018066,
    "1": 0.6936502814292907,
    "2": 0.7028578296661377,
    "3": 0.6861079559326172,
    "4": 0.668255463218689,
    "5": 0.6434218699455261,
    "6": 0.6417458216667176,
    "7": 0.616171736240387,
    "8": 0.6021264329910279,
    "9": 0.5913832356929779,
    "10": 0.5710857082366944,
    "11": 0.563172922372818,
    "12": 0.5775415306091308,
    "13": 0.5771855597496033,
    "14": 0.5521936006546021,
    "15": 0.5891177392959595,
    "16": 0.5577454408168793,
    "17": 0.5734430050373077,
    "18": 0.6332342672348023,
    "19": 0.5721112827301026,
    "20": 0.5735801908969879,
    "21": 0.5663436705112457,
    "22": 0.5792402498722077,
    "23": 0.6060344514846802,
    "24": 0.578869978427887,
    "25": 0.5809498177528382,
    "26": 0.5962009291648864,
    "27": 0.5905607842445374,
    "28": 0.6017504767417907,
    "29": 0.6097415203094483,
    "30": 0.6042251849174499,
    "31": 0.5798266671180725,
    "32": 0.6358424207687378
  },
  "drift_final_total_l2": {
    "0": 7.812192440032959,
    "1": 15.667144775390625,
    "2": 26.318283081054688,
    "3": 26.039403915405273,
    "4": 33.51029586791992,
    "5": 38.02788543701172,
    "6": 31.628026962280273,
    "7": 34.614501953125,
    "8": 28.82776641845703,
    "9": 31.8404541015625,
    "10": 46.205020904541016,
    "11": 45.65381622314453,
    "12": 39.853633880615234,
    "13": 46.65127944946289,
    "14": 25.838884353637695,
    "15": 40.500186920166016,
    "16": 30.510967254638672,
    "17": 26.490577697753906,
    "18": 32.120582580566406,
    "19": 31.073434829711914,
    "20": 21.808319091796875,
    "21": 24.28632926940918,
    "22": 30.163375854492188,
    "23": 22.886995315551758,
    "24": 23.083358764648438,
    "25": 23.197389602661133,
    "26": 27.94466781616211,
    "27": 23.961000442504883,
    "28": 18.032917022705078,
    "29": 23.590566635131836,
    "30": 22.623916625976562,
    "31": 17.00753402709961,
    "32": 20.410003662109375
  },
  "probe_type": "mlp",
  "probe_hidden_size": [
    512
  ],
  "init_strategy": "gamma",
  "init_gamma": 0.6,
  "effective_lr": 0.001,