{
  "config": {
    "model_short": "llama",
    "task_name": "somo",
    "dataset": {
      "train": "cache/llama/somo_train/",
      "test": "cache/llama/somo_test/"
    },
    "mdl": {
      "batch_size": 64,
      "probe_type": "mlp",
      "probe_hidden_size": [
        16
      ],
      "num_classes": 2,
      "init_strategy": "gamma_second_zero",
      "init_gamma": 1.4,
      "optimizer": "adamw",
      "train_epochs": 10,
      "lr": 0.001,
      "seed": 442,
      "early_stopping_gap": 3,
      "split_num": 5,
      "split_ratio": 2.0
    },
    "out_dir": "init_results/llama/somo/hidden-16/seed-442/strategy-gamma_second_zero/gamma-1.4/opt-adamw/2026-04-25_03-20-03"
  },
  "train_meta": {
    "dataset": "compling/somo",
    "split": "train",
    "text_col": "text",
    "model": "meta-llama/Meta-Llama-3.1-8B",
    "max_len": 64,
    "hidden_size": 4096,
    "num_hidden_layers": 32,
    "num_states": 33,
    "memmap_file": "last_token_hidden_states.memmap",
    "dtype": "float32",
    "shape": [
      15000,
      33,
      4096
    ]
  },
  "test_meta": {
    "dataset": "compling/somo",
    "split": "test",
    "text_col": "text",
    "model": "meta-llama/Meta-Llama-3.1-8B",
    "max_len": 64,
    "hidden_size": 4096,
    "num_hidden_layers": 32,
    "num_states": 33,
    "memmap_file": "last_token_hidden_states.memmap",
    "dtype": "float32",
    "shape": [
      10000,
      33,
      4096
    ]
  },
  "splits": [
    484,
    968,
    1936,
    3872,
    7740
  ],
  "mdl_sum_ce": {
    "0": 10060.986929893494,
    "1": 10060.956123828888,
    "2": 10052.60186290741,
    "3": 10057.085580825806,
    "4": 9811.535649299622,
    "5": 9584.83078956604,
    "6": 9685.455164909363,
    "7": 9388.196467876434,
    "8": 9006.576895713806,
    "9": 8664.31629562378,
    "10": 8222.565908432007,
    "11": 8079.65375995636,
    "12": 8152.241864681244,
    "13": 8138.431346416473,
    "14": 9321.966760158539,
    "15": 8308.88300728798,
    "16": 8373.240834236145,
    "17": 8408.4506149292,
    "18": 8672.222043037415,
    "19": 8488.811862945557,
    "20": 8813.7339553833,
    "21": 8799.25679397583,
    "22": 8662.375248908997,
    "23": 8738.229129314423,
    "24": 8887.063200950623,
    "25": 8693.051686286926,
    "26": 8908.260224342346,
    "27": 8887.370877742767,
    "28": 8810.702929496765,
    "29": 8815.671277046204,
    "30": 9050.80945110321,
    "31": 9281.491169452667,
    "32": 9052.745924949646
  },
  "mdl_nll": {
    "0": 0.6930963715826325,
    "1": 0.6930942493682066,
    "2": 0.6925187285000971,
    "3": 0.6928276095911963,
    "4": 0.6759117972788387,
    "5": 0.6602942125631055,
    "6": 0.6672261755930947,
    "7": 0.6467481722152407,
    "8": 0.6204585902255308,
    "9": 0.596880428191222,
    "10": 0.5664484643449991,
    "11": 0.5566033177153734,
    "12": 0.5616038760458283,
    "13": 0.5606524763307023,
    "14": 0.6421856406832832,
    "15": 0.5723948062336718,
    "16": 0.5768283848330218,
    "17": 0.5792539690637365,
    "18": 0.5974250511874769,
    "19": 0.5847900153586082,
    "20": 0.6071737362485051,
    "21": 0.6061764118197733,
    "22": 0.5967467104511571,
    "23": 0.6019722464394064,
    "24": 0.6122253514019442,
    "25": 0.5988599949219431,
    "26": 0.6136856037711729,
    "27": 0.6122465471026982,
    "28": 0.6069649303869361,
    "29": 0.607307197371604,
    "30": 0.6235057489048781,
    "31": 0.6393972974271609,
    "32": 0.6236391516223234
  },
  "stopping_epochs_per_stage": {
    "0": [
      1,
      4,
      5,
      2
    ],
    "1": [
      1,
      2,
      4,
      3
    ],
    "2": [
      1,
      6,
      4,
      10
    ],
    "3": [
      1,
      1,
      8,
      1
    ],
    "4": [
      1,
      10,
      10,
      10
    ],
    "5": [
      1,
      10,
      10,
      10
    ],
    "6": [
      1,
      10,
      10,
      10
    ],
    "7": [
      1,
      9,
      7,
      10
    ],
    "8": [
      10,
      10,
      10,
      10
    ],
    "9": [
      1,
      10,
      10,
      10
    ],
    "10": [
      9,
      10,
      10,
      10
    ],
    "11": [
      10,
      10,
      10,
      8
    ],
    "12": [
      10,
      9,
      7,
      8
    ],
    "13": [
      9,
      10,
      10,
      6
    ],
    "14": [
      10,
      8,
      10,
      6
    ],
    "15": [
      9,
      10,
      10,
      6
    ],
    "16": [
      1,
      8,
      6,
      10
    ],
    "17": [
      9,
      9,
      9,
      10
    ],
    "18": [
      9,
      9,
      9,
      9
    ],
    "19": [
      10,
      9,
      10,
      8
    ],
    "20": [
      1,
      10,
      5,
      6
    ],
    "21": [
      1,
      10,
      10,
      8
    ],
    "22": [
      9,
      10,
      7,
      10
    ],
    "23": [
      1,
      9,
      8,
      6
    ],
    "24": [
      1,
      9,
      10,
      10
    ],
    "25": [
      2,
      10,
      9,
      10
    ],
    "26": [
      6,
      10,
      9,
      9
    ],
    "27": [
      1,
      10,
      9,
      10
    ],
    "28": [
      9,
      8,
      10,
      7
    ],
    "29": [
      2,
      10,
      8,
      10
    ],
    "30": [
      9,
      1,
      9,
      6
    ],
    "31": [
      10,
      2,
      10,
      10
    ],
    "32": [
      10,
      6,
      10,
      5
    ]
  },
  "test_acc": {
    "0": 0.4982,
    "1": 0.5013,
    "2": 0.5251,
    "3": 0.5473,
    "4": 0.5013,
    "5": 0.6358,
    "6": 0.5013,
    "7": 0.663,
    "8": 0.6961,
    "9": 0.7032,
    "10": 0.7103,
    "11": 0.5013,
    "12": 0.7283,
    "13": 0.732,
    "14": 0.7314,
    "15": 0.7281,
    "16": 0.7296,
    "17": 0.7244,
    "18": 0.6974,
    "19": 0.725,
    "20": 0.7091,
    "21": 0.712,
    "22": 0.7122,
    "23": 0.707,
    "24": 0.6985,
    "25": 0.6989,
    "26": 0.5013,
    "27": 0.6983,
    "28": 0.7049,
    "29": 0.6942,
    "30": 0.6963,
    "31": 0.693,
    "32": 0.6837
  },
  "test_loss": {
    "0": 0.6932375739097595,
    "1": 0.6932845029830933,
    "2": 0.6913351751327514,
    "3": 0.6858209733963012,
    "4": 0.6931864145278931,
    "5": 0.635696586894989,
    "6": 0.6931557298660278,
    "7": 0.6153900156021118,
    "8": 0.5859198890686035,
    "9": 0.5860808219909668,
    "10": 0.5732196723937988,
    "11": 0.6931636766433715,
    "12": 0.541088644695282,
    "13": 0.5314958939552307,
    "14": 0.5409054125785827,
    "15": 0.5397392010688782,
    "16": 0.5428336575508118,
    "17": 0.5472397917747498,
    "18": 0.58971472864151,
    "19": 0.5536281527996063,
    "20": 0.5776114180564881,
    "21": 0.5647081017494202,
    "22": 0.5702302295684815,
    "23": 0.5723404142379761,
    "24": 0.5893940107345581,
    "25": 0.5834475153923034,
    "26": 0.6931563604354858,
    "27": 0.5843836959838867,
    "28": 0.5796396545410156,
    "29": 0.5863746793746948,
    "30": 0.5869854188919067,
    "31": 0.6022985875129699,
    "32": 0.60305287399292
  },
  "drift_final_total_l2": {
    "0": 3.1357316970825195,
    "1": 1.6046620607376099,
    "2": 12.042988777160645,
    "3": 8.361214637756348,
    "4": 1.382981538772583,
    "5": 12.109774589538574,
    "6": 1.350931167602539,
    "7": 12.3491849899292,
    "8": 10.922932624816895,
    "9": 15.221992492675781,
    "10": 14.881119728088379,
    "11": 1.463252067565918,
    "12": 9.258686065673828,
    "13": 13.506834030151367,
    "14": 12.269026756286621,
    "15": 9.684869766235352,
    "16": 9.395236015319824,
    "17": 10.1011323928833,
    "18": 12.745198249816895,
    "19": 10.247056007385254,
    "20": 11.140864372253418,
    "21": 6.138961315155029,
    "22": 11.578170776367188,
    "23": 8.775744438171387,
    "24": 12.30521011352539,
    "25": 8.454957008361816,
    "26": 1.5200774669647217,
    "27": 10.240690231323242,
    "28": 8.172945976257324,
    "29": 11.045428276062012,
    "30": 8.770685195922852,
    "31": 9.945334434509277,
    "32": 8.879914283752441
  },
  "probe_type": "mlp",
  "probe_hidden_size": [
    16
  ],