{
  "config": {
    "model_short": "llama",
    "task_name": "somo",
    "dataset": {
      "train": "cache/llama/somo_train/",
      "test": "cache/llama/somo_test/"
    },
    "mdl": {
      "batch_size": 64,
      "probe_type": "mlp",
      "probe_hidden_size": [
        11
      ],
      "num_classes": 2,
      "init_strategy": "gamma_second_zero",
      "init_gamma": 1.8,
      "optimizer": "adamw",
      "train_epochs": 10,
      "lr": 0.001,
      "seed": 442,
      "early_stopping_gap": 3,
      "split_num": 5,
      "split_ratio": 2.0
    },
    "out_dir": "init_results/llama/somo/hidden-11/seed-442/strategy-gamma_second_zero/gamma-1.8/opt-adamw/2026-04-25_03-33-04"
  },
  "train_meta": {
    "dataset": "compling/somo",
    "split": "train",
    "text_col": "text",
    "model": "meta-llama/Meta-Llama-3.1-8B",
    "max_len": 64,
    "hidden_size": 4096,
    "num_hidden_layers": 32,
    "num_states": 33,
    "memmap_file": "last_token_hidden_states.memmap",
    "dtype": "float32",
    "shape": [
      15000,
      33,
      4096
    ]
  },
  "test_meta": {
    "dataset": "compling/somo",
    "split": "test",
    "text_col": "text",
    "model": "meta-llama/Meta-Llama-3.1-8B",
    "max_len": 64,
    "hidden_size": 4096,
    "num_hidden_layers": 32,
    "num_states": 33,
    "memmap_file": "last_token_hidden_states.memmap",
    "dtype": "float32",
    "shape": [
      10000,
      33,
      4096
    ]
  },
  "splits": [
    484,
    968,
    1936,
    3872,
    7740
  ],
  "mdl_sum_ce": {
    "0": 10060.920758247375,
    "1": 10060.893496513367,
    "2": 10059.573672294617,
    "3": 10059.013324737549,
    "4": 9887.058012962341,
    "5": 9955.600891113281,
    "6": 9688.113273620605,
    "7": 9802.22969007492,
    "8": 9024.94741821289,
    "9": 8582.769701004028,
    "10": 9425.937366485596,
    "11": 8401.665121555328,
    "12": 8282.469067573547,
    "13": 8336.61401939392,
    "14": 8326.199336528778,
    "15": 8366.874408721924,
    "16": 8478.742684364319,
    "17": 8454.130743026733,
    "18": 9014.819120407104,
    "19": 8717.111371040344,
    "20": 8636.778206825256,
    "21": 8732.528945922852,
    "22": 8650.839215278625,
    "23": 9949.459160327911,
    "24": 9080.796255111694,
    "25": 9701.34840631485,
    "26": 9581.616960048676,
    "27": 8998.712459087372,
    "28": 8715.711304664612,
    "29": 8821.263882637024,
    "30": 8865.736099243164,
    "31": 8710.79693889618,
    "32": 9265.178053855896
  },
  "mdl_nll": {
    "0": 0.6930918130509353,
    "1": 0.6930899350036764,
    "2": 0.6929990129715222,
    "3": 0.6929604109077948,
    "4": 0.6811144952440301,
    "5": 0.6858363799334032,
    "6": 0.667409291376454,
    "7": 0.6752707143892891,
    "8": 0.6217241263580112,
    "9": 0.5912627239600461,
    "10": 0.6493481238967757,
    "11": 0.5787865198095431,
    "12": 0.5705751631009608,
    "13": 0.5743051818265308,
    "14": 0.5735877195183782,
    "15": 0.5763898049546654,
    "16": 0.5840963546682502,
    "17": 0.5824008503049555,
    "18": 0.6210263929737603,
    "19": 0.6005174546045979,
    "20": 0.5949833429887886,
    "21": 0.6015795636485844,
    "22": 0.5959519988480728,
    "23": 0.6854132791628487,
    "24": 0.6255715248768046,
    "25": 0.6683210530666058,
    "26": 0.6600728134505839,
    "27": 0.6199168131088021,
    "28": 0.6004210047302708,
    "29": 0.6076924691813878,
    "30": 0.6107561380024225,
    "31": 0.6000824565235725,
    "32": 0.6382734950300286
  },
  "stopping_epochs_per_stage": {
    "0": [
      1,
      1,
      9,
      5
    ],
    "1": [
      1,
      3,
      3,
      5
    ],
    "2": [
      1,
      1,
      8,
      3
    ],
    "3": [
      1,
      4,
      7,
      4
    ],
    "4": [
      1,
      2,
      2,
      10
    ],
    "5": [
      1,
      10,
      10,
      1
    ],
    "6": [
      1,
      3,
      10,
      9
    ],
    "7": [
      1,
      10,
      10,
      9
    ],
    "8": [
      9,
      10,
      10,
      9
    ],
    "9": [
      1,
      10,
      10,
      9
    ],
    "10": [
      10,
      10,
      10,
      6
    ],
    "11": [
      1,
      9,
      10,
      10
    ],
    "12": [
      1,
      10,
      10,
      9
    ],
    "13": [
      10,
      10,
      10,
      10
    ],
    "14": [
      9,
      10,
      9,
      10
    ],
    "15": [
      10,
      10,
      10,
      9
    ],
    "16": [
      10,
      10,
      7,
      10
    ],
    "17": [
      10,
      10,
      6,
      10
    ],
    "18": [
      9,
      10,
      1,
      5
    ],
    "19": [
      1,
      8,
      10,
      9
    ],
    "20": [
      9,
      10,
      10,
      8
    ],
    "21": [
      1,
      10,
      9,
      8
    ],
    "22": [
      10,
      10,
      5,
      6
    ],
    "23": [
      1,
      10,
      1,
      6
    ],
    "24": [
      1,
      5,
      9,
      8
    ],
    "25": [
      5,
      10,
      10,
      7
    ],
    "26": [
      2,
      10,
      7,
      2
    ],
    "27": [
      9,
      6,
      10,
      8
    ],
    "28": [
      9,
      9,
      8,
      10
    ],
    "29": [
      1,
      10,
      9,
      8
    ],
    "30": [
      1,
      9,
      10,
      5
    ],
    "31": [
      1,
      6,
      7,
      9
    ],
    "32": [
      6,
      7,
      5,
      7
    ]
  },
  "test_acc": {
    "0": 0.5013,
    "1": 0.5013,
    "2": 0.5225,
    "3": 0.5351,
    "4": 0.6068,
    "5": 0.6364,
    "6": 0.6426,
    "7": 0.6668,
    "8": 0.6932,
    "9": 0.6893,
    "10": 0.7303,
    "11": 0.7299,
    "12": 0.7238,
    "13": 0.7314,
    "14": 0.7321,
    "15": 0.686,
    "16": 0.7288,
    "17": 0.6858,
    "18": 0.7189,
    "19": 0.7155,
    "20": 0.6816,
    "21": 0.5013,
    "22": 0.7007,
    "23": 0.7115,
    "24": 0.698,
    "25": 0.5013,
    "26": 0.7043,
    "27": 0.7057,
    "28": 0.7033,
    "29": 0.7058,
    "30": 0.694,
    "31": 0.6971,
    "32": 0.6883
  },
  "test_loss": {
    "0": 0.6931716831207275,
    "1": 0.6931621088981629,
    "2": 0.6917021055221557,
    "3": 0.6903119165420533,
    "4": 0.657526985168457,
    "5": 0.6355282131195068,
    "6": 0.6320073835372925,
    "7": 0.6134467545509339,
    "8": 0.5867475498199463,
    "9": 0.5982790342330933,
    "10": 0.5406799844264985,
    "11": 0.5420001376152038,
    "12": 0.5567428157806397,
    "13": 0.5422265177726746,
    "14": 0.535303609085083,
    "15": 0.6085459559440612,
    "16": 0.5481941438198089,
    "17": 0.5885953153133392,
    "18": 0.5632713780403137,
    "19": 0.5549554430007935,
    "20": 0.6042611189842224,
    "21": 0.6931595302581787,
    "22": 0.5796156246185302,
    "23": 0.5648030217170715,
    "24": 0.5734167106628418,
    "25": 0.6931696448326111,
    "26": 0.5740562216758728,
    "27": 0.5751431175231934,
    "28": 0.5804399117469787,
    "29": 0.577546562576294,
    "30": 0.5870315012931824,
    "31": 0.5817466121673583,
    "32": 0.5983970342636108
  },
  "drift_final_total_l2": {
    "0": 0.7512910962104797,
    "1": 0.8626600503921509,
    "2": 13.751871109008789,
    "3": 6.632273197174072,
    "4": 13.91729736328125,
    "5": 9.018915176391602,
    "6": 13.54053783416748,
    "7": 11.329216957092285,
    "8": 10.548598289489746,
    "9": 14.310134887695312,
    "10": 14.997099876403809,
    "11": 10.307107925415039,
    "12": 11.43757152557373,
    "13": 8.281255722045898,
    "14": 10.672441482543945,
    "15": 12.771594047546387,
    "16": 12.840943336486816,
    "17": 12.061729431152344,
    "18": 11.725957870483398,
    "19": 11.25728702545166,
    "20": 10.645608901977539,
    "21": 1.2400684356689453,
    "22": 10.708207130432129,
    "23": 9.466779708862305,
    "24": 11.177203178405762,
    "25": 1.1559404134750366,
    "26": 9.292153358459473,
    "27": 5.632246971130371,
    "28": 8.161700248718262,
    "29": 6.840910911560059,
    "30": 9.201559066772461,
    "31": 7.754281520843506,
    "32": 6.055335998535156
  },
  "probe_type": "mlp",
  "probe_hidden_size": [
    11
  ],