{
  "config": {
    "model_short": "llama",
    "task_name": "somo",
    "dataset": {
      "train": "cache/llama/somo_train/",
      "test": "cache/llama/somo_test/"
    },
    "mdl": {
      "batch_size": 64,
      "probe_type": "mlp",
      "probe_hidden_size": [
        45
      ],
      "num_classes": 2,
      "init_strategy": "gamma_second_zero",
      "init_gamma": 0.7,
      "optimizer": "adamw",
      "train_epochs": 10,
      "lr": 0.001,
      "seed": 42,
      "early_stopping_gap": 3,
      "split_num": 5,
      "split_ratio": 2.0
    },
    "out_dir": "init_results/llama/somo/hidden-45/seed-42/strategy-gamma_second_zero/gamma-0.7/opt-adamw/2026-04-25_02-45-55"
  },
  "train_meta": {
    "dataset": "compling/somo",
    "split": "train",
    "text_col": "text",
    "model": "meta-llama/Meta-Llama-3.1-8B",
    "max_len": 64,
    "hidden_size": 4096,
    "num_hidden_layers": 32,
    "num_states": 33,
    "memmap_file": "last_token_hidden_states.memmap",
    "dtype": "float32",
    "shape": [
      15000,
      33,
      4096
    ]
  },
  "test_meta": {
    "dataset": "compling/somo",
    "split": "test",
    "text_col": "text",
    "model": "meta-llama/Meta-Llama-3.1-8B",
    "max_len": 64,
    "hidden_size": 4096,
    "num_hidden_layers": 32,
    "num_states": 33,
    "memmap_file": "last_token_hidden_states.memmap",
    "dtype": "float32",
    "shape": [
      10000,
      33,
      4096
    ]
  },
  "splits": [
    484,
    968,
    1936,
    3872,
    7740
  ],
  "mdl_sum_ce": {
    "0": 10061.752408027649,
    "1": 10061.70914363861,
    "2": 10060.495012283325,
    "3": 10055.62098455429,
    "4": 9780.331999778748,
    "5": 9630.227373600006,
    "6": 9414.982454299927,
    "7": 9275.500541210175,
    "8": 8914.034123420715,
    "9": 8510.678201675415,
    "10": 8057.388245105743,
    "11": 8168.727192878723,
    "12": 8105.506342411041,
    "13": 8117.516202449799,
    "14": 8228.609564781189,
    "15": 8234.696543693542,
    "16": 8267.860485076904,
    "17": 8429.969053268433,
    "18": 8453.310294151306,
    "19": 8490.591453552246,
    "20": 8681.133622169495,
    "21": 8630.986584663391,
    "22": 8710.156203269958,
    "23": 8736.876873493195,
    "24": 8720.525260448456,
    "25": 8717.037258148193,
    "26": 8832.746011734009,
    "27": 8679.305030822754,
    "28": 8807.21978855133,
    "29": 8841.274539470673,
    "30": 8922.114415168762,
    "31": 8692.881726264954,
    "32": 8839.052658081055
  },
  "mdl_nll": {
    "0": 0.6931491049895047,
    "1": 0.6931461245273223,
    "2": 0.6930624836238168,
    "3": 0.6927267142845337,
    "4": 0.6737621934264775,
    "5": 0.6634215605952057,
    "6": 0.6485934454601768,
    "7": 0.6389846060354212,
    "8": 0.6140833647988919,
    "9": 0.5862963765276533,
    "10": 0.5550694575024624,
    "11": 0.5627395420831306,
    "12": 0.5583842892264427,
    "13": 0.559211642494475,
    "14": 0.5668648088165603,
    "15": 0.5672841377578908,
    "16": 0.5695687851389435,
    "17": 0.5807363635483902,
    "18": 0.5823443299911344,
    "19": 0.5849126104679144,
    "20": 0.5980389654291468,
    "21": 0.5945843610266872,
    "22": 0.6000383165658555,
    "23": 0.601879090210333,
    "24": 0.6007526357432114,
    "25": 0.6005123490044223,
    "26": 0.6084834673280524,
    "27": 0.5979129946832981,
    "28": 0.6067249785444565,
    "29": 0.6090709933501428,
    "30": 0.6146400120672887,
    "31": 0.5988482864607987,
    "32": 0.6089179290493976
  },
  "stopping_epochs_per_stage": {
    "0": [
      3,
      1,
      2,
      3
    ],
    "1": [
      6,
      1,
      7,
      2
    ],
    "2": [
      1,
      1,
      10,
      1
    ],
    "3": [
      7,
      10,
      1,
      1
    ],
    "4": [
      1,
      7,
      8,
      9
    ],
    "5": [
      9,
      10,
      7,
      9
    ],
    "6": [
      10,
      10,
      7,
      10
    ],
    "7": [
      10,
      8,
      10,
      9
    ],
    "8": [
      10,
      7,
      8,
      6
    ],
    "9": [
      10,
      7,
      7,
      6
    ],
    "10": [
      9,
      7,
      8,
      6
    ],
    "11": [
      10,
      9,
      9,
      6
    ],
    "12": [
      9,
      9,
      4,
      6
    ],
    "13": [
      8,
      5,
      10,
      7
    ],
    "14": [
      8,
      10,
      3,
      7
    ],
    "15": [
      10,
      5,
      6,
      4
    ],
    "16": [
      10,
      10,
      8,
      8
    ],
    "17": [
      10,
      7,
      9,
      6
    ],
    "18": [
      9,
      10,
      10,
      9
    ],
    "19": [
      9,
      7,
      7,
      7
    ],
    "20": [
      9,
      10,
      5,
      9
    ],
    "21": [
      10,
      7,
      6,
      7
    ],
    "22": [
      4,
      9,
      6,
      8
    ],
    "23": [
      3,
      10,
      5,
      7
    ],
    "24": [
      3,
      10,
      6,
      8
    ],
    "25": [
      5,
      9,
      10,
      7
    ],
    "26": [
      4,
      8,
      10,
      3
    ],
    "27": [
      10,
      10,
      10,
      6
    ],
    "28": [
      3,
      8,
      7,
      9
    ],
    "29": [
      3,
      10,
      5,
      9
    ],
    "30": [
      6,
      6,
      8,
      6
    ],
    "31": [
      3,
      7,
      7,
      5
    ],
    "32": [
      5,
      8,
      5,
      6
    ]
  },
  "test_acc": {
    "0": 0.5013,
    "1": 0.5005,
    "2": 0.5237,
    "3": 0.5524,
    "4": 0.5984,
    "5": 0.6358,
    "6": 0.6503,
    "7": 0.64,
    "8": 0.6897,
    "9": 0.7057,
    "10": 0.7282,
    "11": 0.7283,
    "12": 0.7325,
    "13": 0.7346,
    "14": 0.7169,
    "15": 0.7305,
    "16": 0.7296,
    "17": 0.7254,
    "18": 0.6948,
    "19": 0.6969,
    "20": 0.6993,
    "21": 0.6909,
    "22": 0.7089,
    "23": 0.7105,
    "24": 0.712,
    "25": 0.707,
    "26": 0.5013,
    "27": 0.6828,
    "28": 0.6897,
    "29": 0.6912,
    "30": 0.6931,
    "31": 0.677,
    "32": 0.6875
  },
  "test_loss": {
    "0": 0.693227435207367,
    "1": 0.6932543613433838,
    "2": 0.6931366154670715,
    "3": 0.6852220602035523,
    "4": 0.6677642239570618,
    "5": 0.6362474946975708,
    "6": 0.6269717164993286,
    "7": 0.6322027942657471,
    "8": 0.5937832160949708,
    "9": 0.5757111610412597,
    "10": 0.5495011027812958,
    "11": 0.5441343333721161,
    "12": 0.5390456350326538,
    "13": 0.5330866784572601,
    "14": 0.5595452932834625,
    "15": 0.5444263298034668,
    "16": 0.5420908533573151,
    "17": 0.5508764646053315,
    "18": 0.5827058673858643,
    "19": 0.5857720971107483,
    "20": 0.5729812541007996,
    "21": 0.5874990170478821,
    "22": 0.5644161979675293,
    "23": 0.5710527247428894,
    "24": 0.569025786447525,
    "25": 0.5816441993713379,
    "26": 0.6931543807983398,
    "27": 0.6040884051322937,
    "28": 0.5974998592376709,
    "29": 0.5926463905334473,
    "30": 0.5988282652854919,
    "31": 0.6384779331684113,
    "32": 0.5906334295272827
  },
  "drift_final_total_l2": {
    "0": 1.9231231212615967,
    "1": 8.718901634216309,
    "2": 8.793342590332031,
    "3": 15.303672790527344,
    "4": 9.349783897399902,
    "5": 16.326753616333008,
    "6": 13.225028991699219,
    "7": 12.497344017028809,
    "8": 14.024086952209473,
    "9": 21.828779220581055,
    "10": 16.85524559020996,
    "11": 16.15460968017578,
    "12": 20.877487182617188,
    "13": 18.36103057861328,
    "14": 18.061004638671875,
    "15": 20.246856689453125,
    "16": 11.054285049438477,
    "17": 16.0111083984375,
    "18": 14.258509635925293,
    "19": 10.832984924316406,
    "20": 9.67975902557373,
    "21": 13.331563949584961,
    "22": 15.472423553466797,
    "23": 16.43834686279297,
    "24": 11.783966064453125,
    "25": 10.553295135498047,
    "26": 2.2145133018493652,
    "27": 10.435370445251465,
    "28": 6.451028347015381,
    "29": 12.323590278625488,
    "30": 14.86622142791748,
    "31": 11.69592571258545,
    "32": 11.155522346496582
  },
  "probe_type": "mlp",
  "probe_hidden_size": [
    45
  ],
  "init_strategy": "gamma_second_zero",