{
  "config": {
    "model_short": "llama",
    "task_name": "somo",
    "dataset": {
      "train": "cache/llama/somo_train/",
      "test": "cache/llama/somo_test/"
    },
    "mdl": {
      "batch_size": 64,
      "probe_type": "mlp",
      "probe_hidden_size": [
        2048
      ],
      "num_classes": 2,
      "init_strategy": "gamma_second_zero",
      "init_gamma": 2.0,
      "optimizer": "adamw",
      "train_epochs": 10,
      "lr": 0.001,
      "seed": 442,
      "early_stopping_gap": 3,
      "split_num": 5,
      "split_ratio": 2.0
    },
    "out_dir": "init_results/llama/somo/hidden-2048/seed-442/strategy-gamma_second_zero/gamma-2.0/2026-04-21_02-26-49"
  },
  "train_meta": {
    "dataset": "compling/somo",
    "split": "train",
    "text_col": "text",
    "model": "meta-llama/Meta-Llama-3.1-8B",
    "max_len": 64,
    "hidden_size": 4096,
    "num_hidden_layers": 32,
    "num_states": 33,
    "memmap_file": "last_token_hidden_states.memmap",
    "dtype": "float32",
    "shape": [
      15000,
      33,
      4096
    ]
  },
  "test_meta": {
    "dataset": "compling/somo",
    "split": "test",
    "text_col": "text",
    "model": "meta-llama/Meta-Llama-3.1-8B",
    "max_len": 64,
    "hidden_size": 4096,
    "num_hidden_layers": 32,
    "num_states": 33,
    "memmap_file": "last_token_hidden_states.memmap",
    "dtype": "float32",
    "shape": [
      10000,
      33,
      4096
    ]
  },
  "splits": [
    484,
    968,
    1936,
    3872,
    7740
  ],
  "mdl_sum_ce": {
    "0": 10060.246190071106,
    "1": 10060.27177619934,
    "2": 10062.454871177673,
    "3": 10024.579375267029,
    "4": 9808.545160770416,
    "5": 9522.589876174927,
    "6": 9517.217284202576,
    "7": 9326.80071926117,
    "8": 8984.267035484314,
    "9": 8588.955455303192,
    "10": 8230.11410522461,
    "11": 8091.168607473373,
    "12": 8149.1780326366425,
    "13": 8129.163031578064,
    "14": 8254.478739261627,
    "15": 8324.701020240784,
    "16": 8398.37781381607,
    "17": 8479.474163770676,
    "18": 8535.520959854126,
    "19": 8591.253334522247,
    "20": 8622.270662784576,
    "21": 8622.99842453003,
    "22": 8682.83289718628,
    "23": 8753.195068359375,
    "24": 8755.829991340637,
    "25": 8789.835333824158,
    "26": 8868.130916118622,
    "27": 8788.96710395813,
    "28": 8830.696331977844,
    "29": 8905.196020126343,
    "30": 8861.820918560028,
    "31": 8788.187497138977,
    "32": 8989.95996427536
  },
  "mdl_nll": {
    "0": 0.6930453423857196,
    "1": 0.6930471050013324,
    "2": 0.6931974973255493,
    "3": 0.690588273303047,
    "4": 0.6757057840155977,
    "5": 0.656006467082869,
    "6": 0.6556363519015277,
    "7": 0.642518649714878,
    "8": 0.6189216750815868,
    "9": 0.5916888574885086,
    "10": 0.5669684558573029,
    "11": 0.5573965698176753,
    "12": 0.5613928101843926,
    "13": 0.5600139867441488,
    "14": 0.5686469233440085,
    "15": 0.5734845012565984,
    "16": 0.5785600588189632,
    "17": 0.5841467459197214,
    "18": 0.5880077817480109,
    "19": 0.5918471572418191,
    "20": 0.5939839255156087,
    "21": 0.5940340606592746,
    "22": 0.5981560276375227,
    "23": 0.6030032425158015,
    "24": 0.6031847610457866,
    "25": 0.605527372128972,
    "26": 0.6109211157425338,
    "27": 0.6054675602065397,
    "28": 0.6083422659119485,
    "29": 0.6134745122710349,
    "30": 0.6104864231578967,
    "31": 0.6054138534816049,
    "32": 0.6193138581065969
  },
  "stopping_epochs_per_stage": {
    "0": [
      2,
      5,
      1,
      1
    ],
    "1": [
      1,
      1,
      10,
      1
    ],
    "2": [
      1,
      2,
      2,
      3
    ],
    "3": [
      3,
      3,
      8,
      9
    ],
    "4": [
      2,
      10,
      7,
      5
    ],
    "5": [
      1,
      7,
      7,
      3
    ],
    "6": [
      1,
      9,
      8,
      3
    ],
    "7": [
      4,
      9,
      6,
      7
    ],
    "8": [
      1,
      8,
      9,
      5
    ],
    "9": [
      8,
      6,
      5,
      3
    ],
    "10": [
      1,
      4,
      2,
      3
    ],
    "11": [
      6,
      5,
      5,
      5
    ],
    "12": [
      8,
      8,
      4,
      5
    ],
    "13": [
      5,
      7,
      4,
      6
    ],
    "14": [
      5,
      4,
      7,
      3
    ],
    "15": [
      3,
      4,
      5,
      3
    ],
    "16": [
      2,
      5,
      5,
      7
    ],
    "17": [
      8,
      4,
      3,
      2
    ],
    "18": [
      6,
      4,
      4,
      4
    ],
    "19": [
      5,
      5,
      8,
      4
    ],
    "20": [
      4,
      5,
      6,
      3
    ],
    "21": [
      4,
      7,
      4,
      5
    ],
    "22": [
      4,
      5,
      6,
      5
    ],
    "23": [
      1,
      5,
      5,
      4
    ],
    "24": [
      4,
      6,
      6,
      3
    ],
    "25": [
      4,
      6,
      7,
      5
    ],
    "26": [
      4,
      5,
      5,
      4
    ],
    "27": [
      2,
      5,
      3,
      5
    ],
    "28": [
      2,
      3,
      7,
      5
    ],
    "29": [
      3,
      3,
      5,
      4
    ],
    "30": [
      1,
      5,
      6,
      3
    ],
    "31": [
      6,
      6,
      6,
      3
    ],
    "32": [
      4,
      3,
      6,
      8
    ]
  },
  "test_acc": {
    "0": 0.5013,
    "1": 0.4997,
    "2": 0.5279,
    "3": 0.5413,
    "4": 0.6062,
    "5": 0.6418,
    "6": 0.6527,
    "7": 0.6652,
    "8": 0.6459,
    "9": 0.6834,
    "10": 0.7211,
    "11": 0.728,
    "12": 0.7337,
    "13": 0.6981,
    "14": 0.7244,
    "15": 0.7261,
    "16": 0.7247,
    "17": 0.723,
    "18": 0.7211,
    "19": 0.7105,
    "20": 0.7109,
    "21": 0.7138,
    "22": 0.7019,
    "23": 0.7131,
    "24": 0.6945,
    "25": 0.7052,
    "26": 0.7056,
    "27": 0.7033,
    "28": 0.6985,
    "29": 0.6696,
    "30": 0.6906,
    "31": 0.6469,
    "32": 0.6785
  },
  "test_loss": {
    "0": 0.6932488172531128,
    "1": 0.694442061328888,
    "2": 0.6935847200393677,
    "3": 0.6945712016105652,
    "4": 0.6614447751045227,
    "5": 0.6380449818611145,
    "6": 0.6286071725845337,
    "7": 0.626454574394226,
    "8": 0.6439063388824463,
    "9": 0.6466354559421539,
    "10": 0.5673485741138459,
    "11": 0.555192989730835,
    "12": 0.5518319841861725,
    "13": 0.6013321461677551,
    "14": 0.5590939084529877,
    "15": 0.5714253587722778,
    "16": 0.5539897298812866,
    "17": 0.563541336107254,
    "18": 0.5673334497451782,
    "19": 0.5762969623088837,
    "20": 0.5880251592636109,
    "21": 0.5748789355278016,
    "22": 0.5792223230361938,
    "23": 0.5697329950332641,
    "24": 0.5955460334777832,
    "25": 0.5709682054519654,
    "26": 0.5866988332748413,
    "27": 0.5958019965171814,
    "28": 0.6099355739593506,
    "29": 0.6235719066619873,
    "30": 0.6134321848869324,
    "31": 0.6581837460517883,
    "32": 0.6200924667358398
  },
  "drift_final_total_l2": {
    "0": 9.528899192810059,
    "1": 18.474802017211914,
    "2": 26.645099639892578,
    "3": 26.873323440551758,
    "4": 24.645462036132812,
    "5": 34.07780456542969,
    "6": 40.287105560302734,
    "7": 34.707481384277344,
    "8": 41.656494140625,
    "9": 70.05423736572266,
    "10": 45.87974166870117,
    "11": 43.61177062988281,
    "12": 47.589576721191406,
    "13": 65.36651611328125,
    "14": 41.308555603027344,
    "15": 44.956260681152344,
    "16": 40.56348419189453,
    "17": 49.826358795166016,
    "18": 36.73621368408203,
    "19": 39.67661666870117,
    "20": 46.7806510925293,
    "21": 30.084205627441406,
    "22": 36.58065414428711,
    "23": 33.79542541503906,
    "24": 35.69690704345703,
    "25": 26.2417049407959,
    "26": 27.85504722595215,
    "27": 35.02566909790039,
    "28": 27.394628524780273,
    "29": 25.88864517211914,
    "30": 24.20647430419922,
    "31": 25.07352638244629,
    "32": 24.345046997070312
  },
  "probe_type": "mlp",
  "probe_hidden_size": [
    2048
  ],
  "init_strategy": "gamma_second_zero",
  "init_gamma": 2.0,