{
  "config": {
    "model_short": "llama",
    "task_name": "somo",
    "dataset": {
      "train": "cache/llama/somo_train/",
      "test": "cache/llama/somo_test/"
    },
    "mdl": {
      "batch_size": 64,
      "probe_type": "mlp",
      "probe_hidden_size": [
        1024
      ],
      "num_classes": 2,
      "init_strategy": "gamma_second_zero",
      "init_gamma": 1.0,
      "optimizer": "adamw",
      "train_epochs": 10,
      "lr": 0.001,
      "seed": 142,
      "early_stopping_gap": 3,
      "split_num": 5,
      "split_ratio": 2.0
    },
    "out_dir": "init_results/llama/somo/hidden-1024/seed-142/strategy-gamma_second_zero/gamma-1.0/2026-04-21_02-55-30"
  },
  "train_meta": {
    "dataset": "compling/somo",
    "split": "train",
    "text_col": "text",
    "model": "meta-llama/Meta-Llama-3.1-8B",
    "max_len": 64,
    "hidden_size": 4096,
    "num_hidden_layers": 32,
    "num_states": 33,
    "memmap_file": "last_token_hidden_states.memmap",
    "dtype": "float32",
    "shape": [
      15000,
      33,
      4096
    ]
  },
  "test_meta": {
    "dataset": "compling/somo",
    "split": "test",
    "text_col": "text",
    "model": "meta-llama/Meta-Llama-3.1-8B",
    "max_len": 64,
    "hidden_size": 4096,
    "num_hidden_layers": 32,
    "num_states": 33,
    "memmap_file": "last_token_hidden_states.memmap",
    "dtype": "float32",
    "shape": [
      10000,
      33,
      4096
    ]
  },
  "splits": [
    484,
    968,
    1936,
    3872,
    7740
  ],
  "mdl_sum_ce": {
    "0": 10059.683017253876,
    "1": 10060.084765911102,
    "2": 10058.61631822586,
    "3": 10013.274193286896,
    "4": 9729.315823554993,
    "5": 9507.940576553345,
    "6": 9419.039258003235,
    "7": 9256.145699501038,
    "8": 8930.4092502594,
    "9": 8541.268681526184,
    "10": 8162.348491668701,
    "11": 8123.217550754547,
    "12": 8116.2324867248535,
    "13": 8299.782977581024,
    "14": 8361.350537776947,
    "15": 8298.757580757141,
    "16": 8372.616620063782,
    "17": 8481.643637180328,
    "18": 8444.662487506866,
    "19": 8628.517052650452,
    "20": 8611.756125450134,
    "21": 8634.247093200684,
    "22": 8683.081263065338,
    "23": 8736.655569076538,
    "24": 8804.984172344208,
    "25": 8855.206842422485,
    "26": 9048.61361694336,
    "27": 8927.934782028198,
    "28": 9088.057685375214,
    "29": 8924.424328804016,
    "30": 8970.135304450989,
    "31": 8814.024584293365,
    "32": 9204.797647476196
  },
  "mdl_nll": {
    "0": 0.6930065456912287,
    "1": 0.6930342219558489,
    "2": 0.6929330613272155,
    "3": 0.689809464955008,
    "4": 0.6702477144912505,
    "5": 0.6549972841384227,
    "6": 0.6488729166439263,
    "7": 0.6376512606434994,
    "8": 0.6152114391195508,
    "9": 0.5884037394272653,
    "10": 0.5623001165382131,
    "11": 0.5596044055355847,
    "12": 0.5591232079584495,
    "13": 0.5717679097258903,
    "14": 0.5760092682403518,
    "15": 0.57169727065012,
    "16": 0.5767853830300208,
    "17": 0.5842961998608658,
    "18": 0.5817485869045789,
    "19": 0.5944142361980196,
    "20": 0.5932595842828695,
    "21": 0.59480897583361,
    "22": 0.5981731374390561,
    "23": 0.6018638446594474,
    "24": 0.6065709680589837,
    "25": 0.6100307827516179,
    "26": 0.6233544789848002,
    "27": 0.6150409742372691,
    "28": 0.6260717611859474,
    "29": 0.6147991408655288,
    "30": 0.617948147179043,
    "31": 0.6071937575291655,
    "32": 0.6341139189498619
  },
  "stopping_epochs_per_stage": {
    "0": [
      1,
      4,
      4,
      1
    ],
    "1": [
      1,
      2,
      2,
      4
    ],
    "2": [
      1,
      1,
      1,
      5
    ],
    "3": [
      4,
      1,
      3,
      10
    ],
    "4": [
      1,
      2,
      7,
      9
    ],
    "5": [
      9,
      2,
      8,
      7
    ],
    "6": [
      5,
      9,
      8,
      8
    ],
    "7": [
      5,
      6,
      5,
      7
    ],
    "8": [
      7,
      7,
      7,
      6
    ],
    "9": [
      6,
      5,
      2,
      6
    ],
    "10": [
      7,
      4,
      3,
      4
    ],
    "11": [
      5,
      5,
      3,
      4
    ],
    "12": [
      8,
      5,
      6,
      5
    ],
    "13": [
      9,
      9,
      3,
      1
    ],
    "14": [
      6,
      3,
      4,
      4
    ],
    "15": [
      5,
      7,
      6,
      5
    ],
    "16": [
      5,
      8,
      4,
      3
    ],
    "17": [
      4,
      6,
      5,
      3
    ],
    "18": [
      5,
      6,
      4,
      5
    ],
    "19": [
      4,
      6,
      6,
      6
    ],
    "20": [
      4,
      5,
      4,
      6
    ],
    "21": [
      7,
      5,
      3,
      4
    ],
    "22": [
      2,
      4,
      5,
      6
    ],
    "23": [
      4,
      9,
      4,
      5
    ],
    "24": [
      5,
      9,
      6,
      5
    ],
    "25": [
      6,
      2,
      5,
      6
    ],
    "26": [
      5,
      3,
      2,
      7
    ],
    "27": [
      2,
      6,
      5,
      2
    ],
    "28": [
      2,
      6,
      2,
      9
    ],
    "29": [
      2,
      5,
      4,
      4
    ],
    "30": [
      6,
      1,
      5,
      3
    ],
    "31": [
      8,
      5,
      4,
      6
    ],
    "32": [
      3,
      2,
      1,
      4
    ]
  },
  "test_acc": {
    "0": 0.5013,
    "1": 0.4925,
    "2": 0.5321,
    "3": 0.5348,
    "4": 0.5965,
    "5": 0.6369,
    "6": 0.6429,
    "7": 0.662,
    "8": 0.6658,
    "9": 0.6988,
    "10": 0.7211,
    "11": 0.7192,
    "12": 0.727,
    "13": 0.7122,
    "14": 0.7312,
    "15": 0.7269,
    "16": 0.7239,
    "17": 0.7229,
    "18": 0.6996,
    "19": 0.7184,
    "20": 0.7178,
    "21": 0.7087,
    "22": 0.7082,
    "23": 0.7036,
    "24": 0.7064,
    "25": 0.7032,
    "26": 0.7013,
    "27": 0.7026,
    "28": 0.6988,
    "29": 0.698,
    "30": 0.6978,
    "31": 0.6954,
    "32": 0.6944
  },
  "test_loss": {
    "0": 0.6941398281097412,
    "1": 0.6936929203987121,
    "2": 0.6935801600456237,
    "3": 0.6980928778648376,
    "4": 0.6674128769874573,
    "5": 0.6379737958908082,
    "6": 0.6449242701530457,
    "7": 0.6224409921646118,
    "8": 0.6116537171363831,
    "9": 0.6012149348258972,
    "10": 0.5756940097332001,
    "11": 0.5659501510620117,
    "12": 0.565022191286087,
    "13": 0.5838952363491058,
    "14": 0.5637271094322205,
    "15": 0.5804307393074035,
    "16": 0.5688672221660614,
    "17": 0.55631979637146,
    "18": 0.6020910160064697,
    "19": 0.5640544606208802,
    "20": 0.5673579333305359,
    "21": 0.5737330843925476,
    "22": 0.578023324584961,
    "23": 0.5766569327354432,
    "24": 0.58100842628479,
    "25": 0.591538878440857,
    "26": 0.5883490750312805,
    "27": 0.5997244482517242,
    "28": 0.5887830704689025,
    "29": 0.5810190697193146,
    "30": 0.59397103805542,
    "31": 0.5994381783485413,
    "32": 0.6006372933387756
  },
  "drift_final_total_l2": {
    "0": 10.599961280822754,
    "1": 16.605457305908203,
    "2": 26.389328002929688,
    "3": 22.05636978149414,
    "4": 35.5073127746582,
    "5": 42.63184356689453,
    "6": 41.860530853271484,
    "7": 32.065738677978516,
    "8": 46.55784225463867,
    "9": 52.83217239379883,
    "10": 63.229400634765625,
    "11": 42.10263442993164,
    "12": 45.142269134521484,
    "13": 51.62299346923828,
    "14": 56.5400276184082,
    "15": 46.61306381225586,
    "16": 51.81574630737305,
    "17": 31.341005325317383,
    "18": 38.25819778442383,
    "19": 42.403709411621094,
    "20": 34.63893127441406,
    "21": 30.11981964111328,
    "22": 30.098827362060547,
    "23": 28.6131591796875,
    "24": 29.852365493774414,
    "25": 24.736637115478516,
    "26": 21.074342727661133,
    "27": 34.1037483215332,
    "28": 22.559919357299805,
    "29": 25.1993350982666,
    "30": 28.465599060058594,
    "31": 21.297157287597656,
    "32": 28.9383544921875
  },
  "probe_type": "mlp",
  "probe_hidden_size": [
    1024
  ],
  "init_strategy": "gamma_second_zero",
  "init_gamma": 1.0,
  "effective_lr": 0.001,