{
  "config": {
    "model_short": "llama",
    "task_name": "somo",
    "dataset": {
      "train": "cache/llama/somo_train/",
      "test": "cache/llama/somo_test/"
    },
    "mdl": {
      "batch_size": 64,
      "probe_type": "mlp",
      "probe_hidden_size": [
        16
      ],
      "num_classes": 2,
      "init_strategy": "gamma",
      "init_gamma": 2.0,
      "optimizer": "adamw",
      "train_epochs": 10,
      "lr": 0.001,
      "seed": 42,
      "early_stopping_gap": 3,
      "split_num": 5,
      "split_ratio": 2.0
    },
    "out_dir": "init_results/llama/somo/hidden-16/seed-42/strategy-gamma/gamma-2.0/opt-adamw/2026-04-22_03-37-37"
  },
  "train_meta": {
    "dataset": "compling/somo",
    "split": "train",
    "text_col": "text",
    "model": "meta-llama/Meta-Llama-3.1-8B",
    "max_len": 64,
    "hidden_size": 4096,
    "num_hidden_layers": 32,
    "num_states": 33,
    "memmap_file": "last_token_hidden_states.memmap",
    "dtype": "float32",
    "shape": [
      15000,
      33,
      4096
    ]
  },
  "test_meta": {
    "dataset": "compling/somo",
    "split": "test",
    "text_col": "text",
    "model": "meta-llama/Meta-Llama-3.1-8B",
    "max_len": 64,
    "hidden_size": 4096,
    "num_hidden_layers": 32,
    "num_states": 33,
    "memmap_file": "last_token_hidden_states.memmap",
    "dtype": "float32",
    "shape": [
      10000,
      33,
      4096
    ]
  },
  "splits": [
    484,
    968,
    1936,
    3872,
    7740
  ],
  "mdl_sum_ce": {
    "0": 10060.984368801117,
    "1": 10061.26826763153,
    "2": 10061.453372478485,
    "3": 10043.620642185211,
    "4": 9764.589408874512,
    "5": 9593.14325428009,
    "6": 9962.175511837006,
    "7": 9305.256737232208,
    "8": 9023.014602184296,
    "9": 8509.823567390442,
    "10": 8280.31346988678,
    "11": 8117.349979877472,
    "12": 8143.160932540894,
    "13": 8054.439021110535,
    "14": 8158.669014930725,
    "15": 8248.247030258179,
    "16": 8276.817901134491,
    "17": 8428.547749519348,
    "18": 8463.73999261856,
    "19": 8516.709483146667,
    "20": 8658.83746623993,
    "21": 8670.081758499146,
    "22": 8588.069420337677,
    "23": 8640.926135540009,
    "24": 9018.783779144287,
    "25": 8778.468267440796,
    "26": 8745.207864761353,
    "27": 8716.896845817566,
    "28": 8815.828375339508,
    "29": 8764.904403209686,
    "30": 8753.395077705383,
    "31": 8726.229528903961,
    "32": 8922.617508888245
  },
  "mdl_nll": {
    "0": 0.6930961951502561,
    "1": 0.6931157527990859,
    "2": 0.6931285045796697,
    "3": 0.6919000166840185,
    "4": 0.6726776941908592,
    "5": 0.6608668541113316,
    "6": 0.6862893022759028,
    "7": 0.6410344955381791,
    "8": 0.6215909756258126,
    "9": 0.5862375011980189,
    "10": 0.5704266650514452,
    "11": 0.5592001915043725,
    "12": 0.5609782951598852,
    "13": 0.5548662869323874,
    "14": 0.5620466392209097,
    "15": 0.5682176240188881,
    "16": 0.57018585706355,
    "17": 0.5806384506420053,
    "18": 0.5830628267166272,
    "19": 0.586711868500046,
    "20": 0.5965029943675895,
    "21": 0.5972776080531238,
    "22": 0.5916278189816532,
    "23": 0.5952690917291271,
    "24": 0.6212995163367516,
    "25": 0.6047443005952601,
    "26": 0.6024530080436313,
    "27": 0.6005026760689974,
    "28": 0.6073180197946754,
    "29": 0.6038098927534917,
    "30": 0.6030170210598914,
    "31": 0.6011455999520502,
    "32": 0.6146746699427008
  },
  "stopping_epochs_per_stage": {
    "0": [
      1,
      2,
      8,
      2
    ],
    "1": [
      1,
      1,
      3,
      1
    ],
    "2": [
      9,
      3,
      3,
      1
    ],
    "3": [
      1,
      1,
      2,
      10
    ],
    "4": [
      10,
      10,
      9,
      9
    ],
    "5": [
      10,
      9,
      10,
      9
    ],
    "6": [
      1,
      10,
      10,
      1
    ],
    "7": [
      10,
      10,
      10,
      9
    ],
    "8": [
      10,
      9,
      8,
      7
    ],
    "9": [
      9,
      10,
      7,
      7
    ],
    "10": [
      10,
      10,
      10,
      9
    ],
    "11": [
      10,
      10,
      10,
      8
    ],
    "12": [
      9,
      9,
      9,
      10
    ],
    "13": [
      10,
      10,
      10,
      8
    ],
    "14": [
      10,
      10,
      10,
      10
    ],
    "15": [
      9,
      10,
      5,
      8
    ],
    "16": [
      10,
      8,
      8,
      9
    ],
    "17": [
      9,
      8,
      6,
      8
    ],
    "18": [
      10,
      10,
      6,
      6
    ],
    "19": [
      10,
      9,
      10,
      8
    ],
    "20": [
      10,
      8,
      10,
      9
    ],
    "21": [
      10,
      9,
      10,
      9
    ],
    "22": [
      10,
      10,
      7,
      10
    ],
    "23": [
      10,
      8,
      8,
      8
    ],
    "24": [
      4,
      9,
      5,
      7
    ],
    "25": [
      4,
      9,
      9,
      9
    ],
    "26": [
      4,
      8,
      10,
      8
    ],
    "27": [
      5,
      10,
      8,
      6
    ],
    "28": [
      7,
      10,
      6,
      10
    ],
    "29": [
      5,
      9,
      7,
      5
    ],
    "30": [
      3,
      9,
      7,
      4
    ],
    "31": [
      3,
      8,
      9,
      7
    ],
    "32": [
      3,
      10,
      3,
      8
    ]
  },
  "test_acc": {
    "0": 0.5013,
    "1": 0.5013,
    "2": 0.5013,
    "3": 0.5013,
    "4": 0.6059,
    "5": 0.6366,
    "6": 0.6483,
    "7": 0.663,
    "8": 0.682,
    "9": 0.7068,
    "10": 0.7304,
    "11": 0.73,
    "12": 0.7336,
    "13": 0.7365,
    "14": 0.7294,
    "15": 0.7308,
    "16": 0.7237,
    "17": 0.6967,
    "18": 0.7222,
    "19": 0.6636,
    "20": 0.7057,
    "21": 0.7177,
    "22": 0.7192,
    "23": 0.5013,
    "24": 0.6947,
    "25": 0.6883,
    "26": 0.7054,
    "27": 0.7001,
    "28": 0.6665,
    "29": 0.6989,
    "30": 0.6959,
    "31": 0.6934,
    "32": 0.6947
  },
  "test_loss": {
    "0": 0.6931607105255126,
    "1": 0.6932117499351501,
    "2": 0.6931743623733521,
    "3": 0.6932755159378052,
    "4": 0.6597714552879334,
    "5": 0.6407968002319336,
    "6": 0.628521621799469,
    "7": 0.6209974885940551,
    "8": 0.5946609642028808,
    "9": 0.5748018049240112,
    "10": 0.5420589369773865,
    "11": 0.5504008448600769,
    "12": 0.5387116865158081,
    "13": 0.5308790973186492,
    "14": 0.5433531925678253,
    "15": 0.550623935508728,
    "16": 0.5635099217891694,
    "17": 0.5890433460235596,
    "18": 0.5549708874225616,
    "19": 0.615317133808136,
    "20": 0.5728310042858124,
    "21": 0.558669918012619,
    "22": 0.5572502844333649,
    "23": 0.6932290151596069,
    "24": 0.5859889936447144,
    "25": 0.6143566677093506,
    "26": 0.5727333410739899,
    "27": 0.5919853416442871,
    "28": 0.6172360855102539,
    "29": 0.5830268578529358,
    "30": 0.5823077687263489,
    "31": 0.5809930668830872,
    "32": 0.58869778881073
  },
  "drift_final_total_l2": {
    "0": 1.0375055074691772,
    "1": 1.6560665369033813,
    "2": 1.805802583694458,
    "3": 2.695500373840332,
    "4": 16.160274505615234,
    "5": 13.26980209350586,
    "6": 16.329010009765625,
    "7": 13.364272117614746,
    "8": 15.471570014953613,
    "9": 14.94260311126709,
    "10": 13.193605422973633,
    "11": 17.948537826538086,
    "12": 15.021854400634766,
    "13": 14.01799201965332,
    "14": 11.051107406616211,
    "15": 13.547625541687012,
    "16": 12.904175758361816,
    "17": 11.844082832336426,
    "18": 12.819128036499023,
    "19": 6.938386917114258,
    "20": 10.556002616882324,
    "21": 7.4720258712768555,
    "22": 11.788569450378418,
    "23": 1.4068400859832764,
    "24": 10.953810691833496,
    "25": 8.163806915283203,
    "26": 8.622187614440918,
    "27": 9.241793632507324,
    "28": 10.860177993774414,
    "29": 9.638192176818848,
    "30": 9.926511764526367,
    "31": 9.43224048614502,
    "32": 4.452139377593994
  },
  "probe_type": "mlp",
  "probe_hidden_size": [
    16
  ],
  "init_strategy": "gamma",
  "init_gamma": 2.0,