{
  "config": {
    "model_short": "llama",
    "task_name": "somo",
    "dataset": {
      "train": "cache/llama/somo_train/",
      "test": "cache/llama/somo_test/"
    },
    "mdl": {
      "batch_size": 64,
      "probe_type": "mlp",
      "probe_hidden_size": [
        32
      ],
      "num_classes": 2,
      "init_strategy": "gamma",
      "init_gamma": 1.0,
      "optimizer": "adamw",
      "train_epochs": 10,
      "lr": 0.001,
      "seed": 42,
      "early_stopping_gap": 3,
      "split_num": 5,
      "split_ratio": 2.0
    },
    "out_dir": "init_results/llama/somo/hidden-32/seed-42/strategy-gamma/gamma-1.0/opt-adamw/2026-04-22_03-12-44"
  },
  "train_meta": {
    "dataset": "compling/somo",
    "split": "train",
    "text_col": "text",
    "model": "meta-llama/Meta-Llama-3.1-8B",
    "max_len": 64,
    "hidden_size": 4096,
    "num_hidden_layers": 32,
    "num_states": 33,
    "memmap_file": "last_token_hidden_states.memmap",
    "dtype": "float32",
    "shape": [
      15000,
      33,
      4096
    ]
  },
  "test_meta": {
    "dataset": "compling/somo",
    "split": "test",
    "text_col": "text",
    "model": "meta-llama/Meta-Llama-3.1-8B",
    "max_len": 64,
    "hidden_size": 4096,
    "num_hidden_layers": 32,
    "num_states": 33,
    "memmap_file": "last_token_hidden_states.memmap",
    "dtype": "float32",
    "shape": [
      10000,
      33,
      4096
    ]
  },
  "splits": [
    484,
    968,
    1936,
    3872,
    7740
  ],
  "mdl_sum_ce": {
    "0": 10061.095791816711,
    "1": 10061.626169681549,
    "2": 10057.932405471802,
    "3": 10052.747898101807,
    "4": 9749.353850841522,
    "5": 9503.669034481049,
    "6": 9482.981965065002,
    "7": 9260.912106990814,
    "8": 8953.27781867981,
    "9": 8512.780094146729,
    "10": 8105.152684211731,
    "11": 8018.219250679016,
    "12": 8087.155309677124,
    "13": 8066.001952648163,
    "14": 8174.94907951355,
    "15": 8216.431018829346,
    "16": 8285.832489490509,
    "17": 8378.7008395195,
    "18": 8413.083415985107,
    "19": 8534.808423519135,
    "20": 9479.862488746643,
    "21": 8679.368274211884,
    "22": 8625.630808830261,
    "23": 8636.728644371033,
    "24": 8694.462299823761,
    "25": 8693.612241744995,
    "26": 8762.458894729614,
    "27": 8760.897086143494,
    "28": 8726.312948703766,
    "29": 8735.320483207703,
    "30": 8778.722887039185,
    "31": 8696.89237833023,
    "32": 8908.81567621231
  },
  "mdl_nll": {
    "0": 0.6931038710262271,
    "1": 0.6931404084928044,
    "2": 0.6928859469186968,
    "3": 0.6925287887918026,
    "4": 0.6716281241968532,
    "5": 0.6547030197355366,
    "6": 0.6532778978413476,
    "7": 0.6379796160781768,
    "8": 0.6167868433921059,
    "9": 0.5864411748516623,
    "10": 0.5583599258894827,
    "11": 0.5523711250123323,
    "12": 0.557120095734164,
    "13": 0.555662851518887,
    "14": 0.5631681647501756,
    "15": 0.5660258348601093,
    "16": 0.57080686755928,
    "17": 0.57720452187376,
    "18": 0.5795731204178223,
    "19": 0.5879586954752779,
    "20": 0.6530629986736458,
    "21": 0.5979173514888318,
    "22": 0.5942154043007896,
    "23": 0.594979928656037,
    "24": 0.5989571713849381,
    "25": 0.5988986113078668,
    "26": 0.6036414228940213,
    "27": 0.6035338306794912,
    "28": 0.6011513467004523,
    "29": 0.6017718712598307,
    "30": 0.6047618412123991,
    "31": 0.5991245782812228,
    "32": 0.6137238685734576
  },
  "stopping_epochs_per_stage": {
    "0": [
      1,
      2,
      8,
      2
    ],
    "1": [
      1,
      1,
      3,
      1
    ],
    "2": [
      4,
      8,
      1,
      1
    ],
    "3": [
      4,
      9,
      2,
      2
    ],
    "4": [
      9,
      8,
      10,
      8
    ],
    "5": [
      10,
      10,
      7,
      9
    ],
    "6": [
      10,
      8,
      7,
      9
    ],
    "7": [
      9,
      10,
      9,
      9
    ],
    "8": [
      10,
      9,
      10,
      5
    ],
    "9": [
      10,
      9,
      6,
      7
    ],
    "10": [
      10,
      10,
      8,
      9
    ],
    "11": [
      10,
      9,
      7,
      8
    ],
    "12": [
      10,
      9,
      4,
      6
    ],
    "13": [
      10,
      9,
      9,
      10
    ],
    "14": [
      9,
      7,
      6,
      8
    ],
    "15": [
      10,
      8,
      5,
      7
    ],
    "16": [
      10,
      6,
      6,
      5
    ],
    "17": [
      9,
      8,
      3,
      9
    ],
    "18": [
      9,
      7,
      7,
      8
    ],
    "19": [
      7,
      9,
      10,
      9
    ],
    "20": [
      7,
      8,
      5,
      1
    ],
    "21": [
      7,
      9,
      9,
      4
    ],
    "22": [
      3,
      10,
      7,
      5
    ],
    "23": [
      10,
      8,
      10,
      6
    ],
    "24": [
      7,
      8,
      5,
      7
    ],
    "25": [
      6,
      8,
      6,
      7
    ],
    "26": [
      1,
      5,
      6,
      7
    ],
    "27": [
      1,
      7,
      6,
      6
    ],
    "28": [
      1,
      5,
      8,
      6
    ],
    "29": [
      1,
      10,
      6,
      4
    ],
    "30": [
      4,
      7,
      7,
      5
    ],
    "31": [
      1,
      8,
      6,
      6
    ],
    "32": [
      9,
      8,
      10,
      5
    ]
  },
  "test_acc": {
    "0": 0.5013,
    "1": 0.5013,
    "2": 0.51,
    "3": 0.5532,
    "4": 0.611,
    "5": 0.6284,
    "6": 0.6392,
    "7": 0.6612,
    "8": 0.6892,
    "9": 0.7043,
    "10": 0.7146,
    "11": 0.7323,
    "12": 0.7328,
    "13": 0.7331,
    "14": 0.7231,
    "15": 0.7271,
    "16": 0.7279,
    "17": 0.6934,
    "18": 0.7256,
    "19": 0.7057,
    "20": 0.7222,
    "21": 0.7063,
    "22": 0.7073,
    "23": 0.7111,
    "24": 0.6904,
    "25": 0.6924,
    "26": 0.6898,
    "27": 0.6817,
    "28": 0.6985,
    "29": 0.6963,
    "30": 0.7047,
    "31": 0.6901,
    "32": 0.6846
  },
  "test_loss": {
    "0": 0.6931552002906799,
    "1": 0.6932377683639527,
    "2": 0.6958406799316407,
    "3": 0.6840234776496887,
    "4": 0.656537910270691,
    "5": 0.6469708695411682,
    "6": 0.6365751521110534,
    "7": 0.6182006573677064,
    "8": 0.5895665576934814,
    "9": 0.5759959055900574,
    "10": 0.561347577381134,
    "11": 0.5439266806602479,
    "12": 0.5420808087825775,
    "13": 0.5371681188106537,
    "14": 0.5552485891342163,
    "15": 0.5585353055000305,
    "16": 0.5487890153884888,
    "17": 0.5962105170726776,
    "18": 0.5486223587989807,
    "19": 0.5730028066635132,
    "20": 0.5577098352432251,
    "21": 0.5739177006721496,
    "22": 0.5706156405448913,
    "23": 0.5618805589675904,
    "24": 0.5984131469726562,
    "25": 0.5824769931793213,
    "26": 0.5950143993377686,
    "27": 0.6055177557945252,
    "28": 0.5849812225341797,
    "29": 0.5857797582149505,
    "30": 0.5758563492774963,
    "31": 0.5943439630508422,
    "32": 0.6009379317283631
  },
  "drift_final_total_l2": {
    "0": 1.925733208656311,
    "1": 2.56754732131958,
    "2": 11.236092567443848,
    "3": 12.78964900970459,
    "4": 11.403339385986328,
    "5": 17.655832290649414,
    "6": 17.919761657714844,
    "7": 18.59430694580078,
    "8": 14.474311828613281,
    "9": 15.52949333190918,
    "10": 18.571027755737305,
    "11": 16.809709548950195,
    "12": 17.218652725219727,
    "13": 18.06271743774414,
    "14": 15.889491081237793,
    "15": 19.783140182495117,
    "16": 14.999466896057129,
    "17": 15.41271686553955,
    "18": 12.255826950073242,
    "19": 13.28325080871582,
    "20": 11.24465560913086,
    "21": 8.00735855102539,
    "22": 13.066664695739746,
    "23": 10.652043342590332,
    "24": 12.109930992126465,
    "25": 10.719690322875977,
    "26": 11.669827461242676,
    "27": 11.53508186340332,
    "28": 6.7152509689331055,
    "29": 7.742291450500488,
    "30": 8.335797309875488,
    "31": 6.076948642730713,
    "32": 8.51693058013916
  },
  "probe_type": "mlp",
  "probe_hidden_size": [
    32
  ],
  "init_strategy": "gamma",
  "init_gamma": 1.0,
  "effective_lr": 0.001,