{
  "config": {
    "model_short": "llama",
    "task_name": "somo",
    "dataset": {
      "train": "cache/llama/somo_train/",
      "test": "cache/llama/somo_test/"
    },
    "mdl": {
      "batch_size": 64,
      "probe_type": "mlp",
      "probe_hidden_size": [
        8
      ],
      "num_classes": 2,
      "init_strategy": "mup",
      "init_gamma": null,
      "optimizer": "adam",
      "train_epochs": 20,
      "lr": 0.0001220703125,
      "seed": 342,
      "early_stopping_gap": 3,
      "split_num": 5,
      "split_ratio": 2.0
    },
    "out_dir": "muP_results/llama/somo/hidden-8/seed-342/strategy-mup/opt-adam/2026-04-30_00-05-45"
  },
  "train_meta": {
    "dataset": "compling/somo",
    "split": "train",
    "text_col": "text",
    "model": "meta-llama/Meta-Llama-3.1-8B",
    "max_len": 64,
    "hidden_size": 4096,
    "num_hidden_layers": 32,
    "num_states": 33,
    "memmap_file": "last_token_hidden_states.memmap",
    "dtype": "float32",
    "shape": [
      15000,
      33,
      4096
    ]
  },
  "test_meta": {
    "dataset": "compling/somo",
    "split": "test",
    "text_col": "text",
    "model": "meta-llama/Meta-Llama-3.1-8B",
    "max_len": 64,
    "hidden_size": 4096,
    "num_hidden_layers": 32,
    "num_states": 33,
    "memmap_file": "last_token_hidden_states.memmap",
    "dtype": "float32",
    "shape": [
      10000,
      33,
      4096
    ]
  },
  "splits": [
    484,
    968,
    1936,
    3872,
    7740
  ],
  "mdl_sum_ce": {
    "0": 10061.009117126465,
    "1": 10060.594669342041,
    "2": 10057.053135871887,
    "3": 10037.241936683655,
    "4": 9936.767669677734,
    "5": 9821.92147064209,
    "6": 9783.303031921387,
    "7": 9733.35272693634,
    "8": 9530.308817386627,
    "9": 9014.179119110107,
    "10": 8648.6495013237,
    "11": 8637.569777488708,
    "12": 8621.471630096436,
    "13": 8544.952136516571,
    "14": 8634.166794776917,
    "15": 8737.16238451004,
    "16": 8659.846881866455,
    "17": 8758.663853168488,
    "18": 8819.874046325684,
    "19": 8857.838075637817,
    "20": 8819.355538368225,
    "21": 8842.792349815369,
    "22": 8978.600234031677,
    "23": 9096.006548404694,
    "24": 9030.241479873657,
    "25": 8883.279592514038,
    "26": 8843.291133880615,
    "27": 8969.511065483093,
    "28": 8853.048530101776,
    "29": 8880.507939338684,
    "30": 8876.40126132965,
    "31": 8824.060298919678,
    "32": 8886.484048843384
  },
  "mdl_nll": {
    "0": 0.6930979000500458,
    "1": 0.6930693489488868,
    "2": 0.6928253744745031,
    "3": 0.6914605908434592,
    "4": 0.6845389687019657,
    "5": 0.6766272713310891,
    "6": 0.673966866348952,
    "7": 0.6705258147517457,
    "8": 0.656538221093044,
    "9": 0.6209823036036172,
    "10": 0.5958011505458597,
    "11": 0.5950378738969901,
    "12": 0.5939288805522482,
    "13": 0.5886574908043931,
    "14": 0.5948034441152464,
    "15": 0.601898758921882,
    "16": 0.5965725325066448,
    "17": 0.6033799843736902,
    "18": 0.6075967240510942,
    "19": 0.6102120470954683,
    "20": 0.6075610042965159,
    "21": 0.6091755545477658,
    "22": 0.6185312919558885,
    "23": 0.6266193543954736,
    "24": 0.6220888316253553,
    "25": 0.6119647005038604,
    "26": 0.6092099155332471,
    "27": 0.6179051436678902,
    "28": 0.609882097692324,
    "29": 0.611773762699,
    "30": 0.6114908556992044,
    "31": 0.6078851129043592,
    "32": 0.6121854539021344
  },
  "stopping_epochs_per_stage": {
    "0": [
      20,
      2,
      3,
      3
    ],
    "1": [
      20,
      1,
      2,
      8
    ],
    "2": [
      12,
      1,
      4,
      20
    ],
    "3": [
      7,
      1,
      20,
      20
    ],
    "4": [
      20,
      1,
      20,
      20
    ],
    "5": [
      20,
      20,
      20,
      20
    ],
    "6": [
      20,
      1,
      20,
      20
    ],
    "7": [
      20,
      1,
      20,
      20
    ],
    "8": [
      20,
      19,
      20,
      20
    ],
    "9": [
      20,
      20,
      20,
      20
    ],
    "10": [
      20,
      20,
      20,
      20
    ],
    "11": [
      20,
      20,
      20,
      20
    ],
    "12": [
      20,
      20,
      20,
      20
    ],
    "13": [
      20,
      20,
      20,
      20
    ],
    "14": [
      20,
      20,
      20,
      20
    ],
    "15": [
      20,
      20,
      20,
      20
    ],
    "16": [
      20,
      19,
      20,
      20
    ],
    "17": [
      20,
      20,
      20,
      20
    ],
    "18": [
      20,
      20,
      20,
      19
    ],
    "19": [
      20,
      19,
      19,
      20
    ],
    "20": [
      20,
      20,
      20,
      20
    ],
    "21": [
      20,
      20,
      20,
      20
    ],
    "22": [
      20,
      20,
      20,
      20
    ],
    "23": [
      20,
      20,
      20,
      20
    ],
    "24": [
      20,
      20,
      20,
      20
    ],
    "25": [
      19,
      20,
      20,
      20
    ],
    "26": [
      19,
      20,
      20,
      20
    ],
    "27": [
      20,
      20,
      20,
      20
    ],
    "28": [
      20,
      19,
      20,
      20
    ],
    "29": [
      20,
      20,
      20,
      19
    ],
    "30": [
      19,
      20,
      20,
      19
    ],
    "31": [
      19,
      7,
      15,
      20
    ],
    "32": [
      20,
      15,
      15,
      19
    ]
  },
  "test_acc": {
    "0": 0.5013,
    "1": 0.5002,
    "2": 0.5192,
    "3": 0.5473,
    "4": 0.5959,
    "5": 0.6221,
    "6": 0.6311,
    "7": 0.6444,
    "8": 0.6799,
    "9": 0.6994,
    "10": 0.7193,
    "11": 0.722,
    "12": 0.7195,
    "13": 0.7247,
    "14": 0.7212,
    "15": 0.7174,
    "16": 0.7179,
    "17": 0.7113,
    "18": 0.7089,
    "19": 0.7122,
    "20": 0.7096,
    "21": 0.7051,
    "22": 0.7138,
    "23": 0.7037,
    "24": 0.7079,
    "25": 0.7011,
    "26": 0.7007,
    "27": 0.6998,
    "28": 0.7051,
    "29": 0.7002,
    "30": 0.7007,
    "31": 0.7028,
    "32": 0.6918
  },
  "test_loss": {
    "0": 0.6932354818344116,
    "1": 0.6932569509506226,
    "2": 0.6922516386032105,
    "3": 0.6878346025466919,
    "4": 0.6661812126159667,
    "5": 0.6528042772293091,
    "6": 0.6464442297935485,
    "7": 0.6387164859771729,
    "8": 0.6062319437026977,
    "9": 0.5824969680786133,
    "10": 0.5542505525588989,
    "11": 0.5534500058174133,
    "12": 0.5550072096347809,
    "13": 0.5496755455493927,
    "14": 0.549435160112381,
    "15": 0.5532929075241089,
    "16": 0.5594341323852539,
    "17": 0.5669953178405762,
    "18": 0.5698896564483643,
    "19": 0.5631082927703858,
    "20": 0.5673266357421874,
    "21": 0.5688471279621125,
    "22": 0.5665069074630738,
    "23": 0.5796185628890991,
    "24": 0.5750942899703979,
    "25": 0.5774218103408814,
    "26": 0.5763003059387207,
    "27": 0.579148122215271,
    "28": 0.5723097480773925,
    "29": 0.5782810674667358,
    "30": 0.5753206214904785,
    "31": 0.5722588257789611,
    "32": 0.587641501045227
  },
  "drift_final_total_l2": {
    "0": 1.433674931526184,
    "1": 2.9410979747772217,
    "2": 4.189131736755371,
    "3": 4.696561813354492,
    "4": 6.443594932556152,
    "5": 7.973668575286865,
    "6": 7.020140647888184,
    "7": 9.147711753845215,
    "8": 8.276542663574219,
    "9": 7.7270684242248535,
    "10": 9.98927116394043,
    "11": 8.512652397155762,
    "12": 9.51661205291748,
    "13": 8.097224235534668,
    "14": 7.776802062988281,
    "15": 7.829690456390381,
    "16": 7.511417388916016,
    "17": 7.735044956207275,
    "18": 7.552736282348633,
    "19": 5.291301250457764,
    "20": 6.643582820892334,
    "21": 5.807667255401611,
    "22": 5.345298767089844,
    "23": 6.7703938484191895,
    "24": 5.2563157081604,
    "25": 5.62058162689209,
    "26": 4.5609846115112305,
    "27": 5.156472682952881,
    "28": 4.087311267852783,
    "29": 4.801990032196045,
    "30": 4.159204959869385,
    "31": 3.7564449310302734,
    "32": 3.2888565063476562
  },
  "probe_type": "mlp",
  "probe_hidden_size": [
    8
  ],