{
  "config": {
    "model_short": "llama",
    "task_name": "somo",
    "dataset": {
      "train": "cache/llama/somo_train/",
      "test": "cache/llama/somo_test/"
    },
    "mdl": {
      "batch_size": 64,
      "probe_type": "mlp",
      "probe_hidden_size": [
        16
      ],
      "num_classes": 2,
      "init_strategy": "gamma_second_zero",
      "init_gamma": 0.4,
      "optimizer": "adamw",
      "train_epochs": 10,
      "lr": 0.001,
      "seed": 442,
      "early_stopping_gap": 3,
      "split_num": 5,
      "split_ratio": 2.0
    },
    "out_dir": "init_results/llama/somo/hidden-16/seed-442/strategy-gamma_second_zero/gamma-0.4/2026-04-21_02-33-27"
  },
  "train_meta": {
    "dataset": "compling/somo",
    "split": "train",
    "text_col": "text",
    "model": "meta-llama/Meta-Llama-3.1-8B",
    "max_len": 64,
    "hidden_size": 4096,
    "num_hidden_layers": 32,
    "num_states": 33,
    "memmap_file": "last_token_hidden_states.memmap",
    "dtype": "float32",
    "shape": [
      15000,
      33,
      4096
    ]
  },
  "test_meta": {
    "dataset": "compling/somo",
    "split": "test",
    "text_col": "text",
    "model": "meta-llama/Meta-Llama-3.1-8B",
    "max_len": 64,
    "hidden_size": 4096,
    "num_hidden_layers": 32,
    "num_states": 33,
    "memmap_file": "last_token_hidden_states.memmap",
    "dtype": "float32",
    "shape": [
      10000,
      33,
      4096
    ]
  },
  "splits": [
    484,
    968,
    1936,
    3872,
    7740
  ],
  "mdl_sum_ce": {
    "0": 10059.681958675385,
    "1": 10060.90355014801,
    "2": 10059.732611179352,
    "3": 10015.659417152405,
    "4": 9775.233376979828,
    "5": 9524.849195957184,
    "6": 9508.528930664062,
    "7": 9294.046011924744,
    "8": 8975.787968635559,
    "9": 8504.031178474426,
    "10": 8114.633913040161,
    "11": 8114.471906661987,
    "12": 8182.239387989044,
    "13": 8063.691969871521,
    "14": 8140.852345228195,
    "15": 8292.64055609703,
    "16": 8350.753779411316,
    "17": 8401.471876621246,
    "18": 8588.124511241913,
    "19": 8526.479337215424,
    "20": 8599.949323654175,
    "21": 8653.054246902466,
    "22": 8656.996559619904,
    "23": 8723.01045703888,
    "24": 8710.608478069305,
    "25": 8773.56355714798,
    "26": 8786.324694156647,
    "27": 8735.368530750275,
    "28": 8875.248203277588,
    "29": 8811.231698989868,
    "30": 8893.815752983093,
    "31": 8742.442511558533,
    "32": 8926.088700294495
  },
  "mdl_nll": {
    "0": 0.6930064727662845,
    "1": 0.6930906275935527,
    "2": 0.6930099621920193,
    "3": 0.6899737818374486,
    "4": 0.673410951844849,
    "5": 0.6561621104958104,
    "6": 0.6550378155596626,
    "7": 0.6402621942632091,
    "8": 0.6183375563953953,
    "9": 0.5858384664146064,
    "10": 0.5590130830146157,
    "11": 0.5590019224760255,
    "12": 0.5636703904649383,
    "13": 0.5555037179575311,
    "14": 0.5608192577313444,
    "15": 0.5712758718722121,
    "16": 0.5752792628417825,
    "17": 0.5787732072624171,
    "18": 0.5916316141665688,
    "19": 0.5873849088740303,
    "20": 0.5924462195959063,
    "21": 0.5961045912718701,
    "22": 0.5963761752287065,
    "23": 0.600923839696809,
    "24": 0.600069473551206,
    "25": 0.6044064175494612,
    "26": 0.6052855259132438,
    "27": 0.6017751812310743,
    "28": 0.611411422105097,
    "29": 0.6070013570535869,
    "30": 0.6126905313435583,
    "31": 0.6022625042407366,
    "32": 0.6149137985873859
  },
  "stopping_epochs_per_stage": {
    "0": [
      1,
      10,
      9,
      2
    ],
    "1": [
      1,
      4,
      2,
      2
    ],
    "2": [
      1,
      3,
      5,
      5
    ],
    "3": [
      1,
      2,
      2,
      10
    ],
    "4": [
      1,
      9,
      9,
      10
    ],
    "5": [
      1,
      10,
      9,
      10
    ],
    "6": [
      1,
      10,
      8,
      10
    ],
    "7": [
      1,
      10,
      10,
      8
    ],
    "8": [
      1,
      10,
      9,
      7
    ],
    "9": [
      10,
      10,
      9,
      8
    ],
    "10": [
      10,
      10,
      9,
      8
    ],
    "11": [
      10,
      10,
      8,
      7
    ],
    "12": [
      10,
      9,
      9,
      5
    ],
    "13": [
      10,
      9,
      9,
      7
    ],
    "14": [
      10,
      9,
      8,
      9
    ],
    "15": [
      9,
      9,
      10,
      8
    ],
    "16": [
      10,
      9,
      10,
      7
    ],
    "17": [
      8,
      10,
      10,
      6
    ],
    "18": [
      9,
      9,
      10,
      9
    ],
    "19": [
      9,
      10,
      8,
      7
    ],
    "20": [
      1,
      9,
      9,
      7
    ],
    "21": [
      6,
      9,
      6,
      7
    ],
    "22": [
      1,
      7,
      6,
      8
    ],
    "23": [
      6,
      10,
      8,
      8
    ],
    "24": [
      4,
      9,
      9,
      4
    ],
    "25": [
      8,
      8,
      8,
      9
    ],
    "26": [
      2,
      10,
      7,
      6
    ],
    "27": [
      10,
      9,
      10,
      8
    ],
    "28": [
      5,
      5,
      5,
      3
    ],
    "29": [
      8,
      8,
      8,
      4
    ],
    "30": [
      2,
      7,
      8,
      6
    ],
    "31": [
      6,
      7,
      7,
      8
    ],
    "32": [
      3,
      8,
      9,
      4
    ]
  },
  "test_acc": {
    "0": 0.5013,
    "1": 0.496,
    "2": 0.5204,
    "3": 0.5346,
    "4": 0.5997,
    "5": 0.6158,
    "6": 0.6501,
    "7": 0.6667,
    "8": 0.6913,
    "9": 0.7019,
    "10": 0.7256,
    "11": 0.7331,
    "12": 0.7201,
    "13": 0.7323,
    "14": 0.7231,
    "15": 0.7267,
    "16": 0.7112,
    "17": 0.7164,
    "18": 0.7248,
    "19": 0.7215,
    "20": 0.7036,
    "21": 0.7092,
    "22": 0.7035,
    "23": 0.6907,
    "24": 0.7109,
    "25": 0.705,
    "26": 0.6826,
    "27": 0.7012,
    "28": 0.7052,
    "29": 0.7046,
    "30": 0.706,
    "31": 0.7003,
    "32": 0.6892
  },
  "test_loss": {
    "0": 0.69316452627182,
    "1": 0.6931276895523071,
    "2": 0.691973221206665,
    "3": 0.6884247138023376,
    "4": 0.6655081451416016,
    "5": 0.6645367394447327,
    "6": 0.6282970145225525,
    "7": 0.6210713756561279,
    "8": 0.5923932618141174,
    "9": 0.5768354853630066,
    "10": 0.5473011416435242,
    "11": 0.5376094082832337,
    "12": 0.5598088587760925,
    "13": 0.5319100019454956,
    "14": 0.5481094525337219,
    "15": 0.5382882374286652,
    "16": 0.5721226784706116,
    "17": 0.5581740667343139,
    "18": 0.5572808841228485,
    "19": 0.5584468493461608,
    "20": 0.589813859462738,
    "21": 0.5698517684459686,
    "22": 0.5716753691673279,
    "23": 0.5966971338272095,
    "24": 0.5685560454368591,
    "25": 0.5707271799087524,
    "26": 0.5968461372375489,
    "27": 0.578544016456604,
    "28": 0.573499418926239,
    "29": 0.5853983052253723,
    "30": 0.5727587731361389,
    "31": 0.576568617773056,
    "32": 0.584254170036316
  },
  "drift_final_total_l2": {
    "0": 1.7442395687103271,
    "1": 6.739399433135986,
    "2": 9.189188957214355,
    "3": 8.517219543457031,
    "4": 15.6430082321167,
    "5": 16.101402282714844,
    "6": 16.525630950927734,
    "7": 19.53157615661621,
    "8": 19.22119140625,
    "9": 16.990724563598633,
    "10": 15.492979049682617,
    "11": 15.406091690063477,
    "12": 16.295394897460938,
    "13": 16.58238983154297,
    "14": 17.181673049926758,
    "15": 15.131790161132812,
    "16": 16.578758239746094,
    "17": 16.112451553344727,
    "18": 15.359600067138672,
    "19": 15.479931831359863,
    "20": 13.055520057678223,
    "21": 13.215867042541504,
    "22": 9.677739143371582,
    "23": 12.746010780334473,
    "24": 13.074028968811035,
    "25": 12.22707462310791,
    "26": 13.292746543884277,
    "27": 13.150768280029297,
    "28": 11.051382064819336,
    "29": 12.246903419494629,
    "30": 11.46730899810791,
    "31": 11.165433883666992,
    "32": 10.26191234588623
  },
  "probe_type": "mlp",
  "probe_hidden_size": [
    16
  ],
  "init_strategy": "gamma_second_zero",