{
  "config": {
    "model_short": "llama",
    "task_name": "somo",
    "dataset": {
      "train": "cache/llama/somo_train/",
      "test": "cache/llama/somo_test/"
    },
    "mdl": {
      "batch_size": 64,
      "probe_type": "mlp",
      "probe_hidden_size": [
        32
      ],
      "num_classes": 2,
      "init_strategy": "mup",
      "init_gamma": null,
      "optimizer": "adamw",
      "train_epochs": 10,
      "lr": 0.001,
      "seed": 42,
      "early_stopping_gap": 3,
      "split_num": 5,
      "split_ratio": 2.0
    },
    "out_dir": "init_results/llama/somo/hidden-32/seed-42/strategy-mup/gamma-na/2026-04-20_21-57-09"
  },
  "train_meta": {
    "dataset": "compling/somo",
    "split": "train",
    "text_col": "text",
    "model": "meta-llama/Meta-Llama-3.1-8B",
    "max_len": 64,
    "hidden_size": 4096,
    "num_hidden_layers": 32,
    "num_states": 33,
    "memmap_file": "last_token_hidden_states.memmap",
    "dtype": "float32",
    "shape": [
      15000,
      33,
      4096
    ]
  },
  "test_meta": {
    "dataset": "compling/somo",
    "split": "test",
    "text_col": "text",
    "model": "meta-llama/Meta-Llama-3.1-8B",
    "max_len": 64,
    "hidden_size": 4096,
    "num_hidden_layers": 32,
    "num_states": 33,
    "memmap_file": "last_token_hidden_states.memmap",
    "dtype": "float32",
    "shape": [
      10000,
      33,
      4096
    ]
  },
  "splits": [
    484,
    968,
    1936,
    3872,
    7740
  ],
  "mdl_sum_ce": {
    "0": 10061.435044765472,
    "1": 10063.736135482788,
    "2": 10060.38217306137,
    "3": 10038.63145828247,
    "4": 9862.337759494781,
    "5": 9655.51005744934,
    "6": 9610.734424114227,
    "7": 9412.509879112244,
    "8": 9122.82593536377,
    "9": 8618.690606117249,
    "10": 8189.022177696228,
    "11": 8230.738540172577,
    "12": 8202.122462749481,
    "13": 8205.442717552185,
    "14": 8215.342839717865,
    "15": 8289.344724178314,
    "16": 8411.097812652588,
    "17": 8504.826474189758,
    "18": 8500.59850025177,
    "19": 8586.223501205444,
    "20": 8646.292394638062,
    "21": 8590.796191692352,
    "22": 8697.689853668213,
    "23": 8761.487039089203,
    "24": 8677.61658859253,
    "25": 8867.02692937851,
    "26": 8727.13522195816,
    "27": 8738.782613754272,
    "28": 8746.388303279877,
    "29": 8817.128861904144,
    "30": 8752.214122772217,
    "31": 8666.221138954163,
    "32": 8837.790006637573
  },
  "mdl_nll": {
    "0": 0.6931272419926614,
    "1": 0.6932857629844853,
    "2": 0.6930547101860961,
    "3": 0.691556314293364,
    "4": 0.6794115293121232,
    "5": 0.6651632720755952,
    "6": 0.6620787010274337,
    "7": 0.6484231109887189,
    "8": 0.6284669285866471,
    "9": 0.5937372971973855,
    "10": 0.5641376534648821,
    "11": 0.5670114728694252,
    "12": 0.5650401255683026,
    "13": 0.5652688562656507,
    "14": 0.5659508707438595,
    "15": 0.5710488236551609,
    "16": 0.5794363331945844,
    "17": 0.5858932539397739,
    "18": 0.5856019909239302,
    "19": 0.5915006545333042,
    "20": 0.5956387706419166,
    "21": 0.5918156649002723,
    "22": 0.5991795159595077,
    "23": 0.6035744722436761,
    "24": 0.5977966787401853,
    "25": 0.610845062646632,
    "26": 0.6012079926948306,
    "27": 0.6020103757064117,
    "28": 0.602534327864417,
    "29": 0.6074076096654826,
    "30": 0.6029356656635586,
    "31": 0.5970116518981925,
    "32": 0.6088309456212161
  },
  "stopping_epochs_per_stage": {
    "0": [
      2,
      2,
      2,
      2
    ],
    "1": [
      2,
      1,
      7,
      5
    ],
    "2": [
      3,
      10,
      3,
      1
    ],
    "3": [
      1,
      9,
      9,
      7
    ],
    "4": [
      10,
      10,
      9,
      10
    ],
    "5": [
      10,
      9,
      10,
      10
    ],
    "6": [
      10,
      10,
      10,
      10
    ],
    "7": [
      10,
      9,
      10,
      8
    ],
    "8": [
      10,
      10,
      10,
      10
    ],
    "9": [
      10,
      10,
      9,
      10
    ],
    "10": [
      10,
      10,
      10,
      10
    ],
    "11": [
      10,
      9,
      10,
      10
    ],
    "12": [
      10,
      10,
      10,
      10
    ],
    "13": [
      10,
      10,
      9,
      10
    ],
    "14": [
      10,
      10,
      10,
      9
    ],
    "15": [
      10,
      10,
      10,
      9
    ],
    "16": [
      10,
      10,
      10,
      9
    ],
    "17": [
      10,
      9,
      9,
      10
    ],
    "18": [
      10,
      9,
      10,
      9
    ],
    "19": [
      10,
      10,
      9,
      10
    ],
    "20": [
      10,
      10,
      10,
      9
    ],
    "21": [
      9,
      10,
      9,
      9
    ],
    "22": [
      9,
      10,
      10,
      10
    ],
    "23": [
      10,
      9,
      9,
      9
    ],
    "24": [
      9,
      10,
      10,
      10
    ],
    "25": [
      9,
      10,
      10,
      9
    ],
    "26": [
      10,
      10,
      10,
      10
    ],
    "27": [
      10,
      10,
      8,
      10
    ],
    "28": [
      6,
      10,
      9,
      9
    ],
    "29": [
      7,
      10,
      10,
      7
    ],
    "30": [
      1,
      10,
      10,
      7
    ],
    "31": [
      9,
      9,
      10,
      9
    ],
    "32": [
      4,
      8,
      10,
      9
    ]
  },
  "test_acc": {
    "0": 0.5013,
    "1": 0.5013,
    "2": 0.5036,
    "3": 0.544,
    "4": 0.5901,
    "5": 0.6305,
    "6": 0.6414,
    "7": 0.6539,
    "8": 0.6654,
    "9": 0.6994,
    "10": 0.7279,
    "11": 0.73,
    "12": 0.7266,
    "13": 0.7285,
    "14": 0.7162,
    "15": 0.7235,
    "16": 0.7264,
    "17": 0.7211,
    "18": 0.7206,
    "19": 0.7152,
    "20": 0.7194,
    "21": 0.7039,
    "22": 0.7056,
    "23": 0.6856,
    "24": 0.7005,
    "25": 0.7068,
    "26": 0.7066,
    "27": 0.7037,
    "28": 0.7056,
    "29": 0.6939,
    "30": 0.7023,
    "31": 0.6595,
    "32": 0.6887
  },
  "test_loss": {
    "0": 0.693171480846405,
    "1": 0.6932098943710328,
    "2": 0.6930488442420959,
    "3": 0.6860269019126892,
    "4": 0.664167772769928,
    "5": 0.6398149214744567,
    "6": 0.635330173110962,
    "7": 0.620920985507965,
    "8": 0.6074255656242371,
    "9": 0.5800221583366394,
    "10": 0.5387304469585419,
    "11": 0.5393817998886108,
    "12": 0.5422687221527099,
    "13": 0.5360893237113953,
    "14": 0.5555173665046692,
    "15": 0.5470603032112121,
    "16": 0.5458371123313904,
    "17": 0.5508506412029266,
    "18": 0.5536442065238952,
    "19": 0.5624076423645019,
    "20": 0.558010228061676,
    "21": 0.5722107277870179,
    "22": 0.5723760633468628,
    "23": 0.5857754250526428,
    "24": 0.5750926626205445,
    "25": 0.5728150038719177,
    "26": 0.5711307205200196,
    "27": 0.5747330986022949,
    "28": 0.5758916173934937,
    "29": 0.583333597278595,
    "30": 0.573532311630249,
    "31": 0.6342928377151489,
    "32": 0.5809977005958558
  },
  "drift_final_total_l2": {
    "0": 2.069345235824585,
    "1": 2.5955049991607666,
    "2": 12.211532592773438,
    "3": 25.761423110961914,
    "4": 26.592931747436523,
    "5": 30.527379989624023,
    "6": 23.482858657836914,
    "7": 29.99479866027832,
    "8": 30.73788070678711,
    "9": 29.598176956176758,
    "10": 36.87680435180664,
    "11": 32.20927429199219,
    "12": 34.2982177734375,
    "13": 32.111846923828125,
    "14": 29.600784301757812,
    "15": 27.25545883178711,
    "16": 25.71651268005371,
    "17": 23.762939453125,
    "18": 22.328521728515625,
    "19": 20.737327575683594,
    "20": 22.79043960571289,
    "21": 17.876344680786133,
    "22": 23.724538803100586,
    "23": 18.668725967407227,
    "24": 19.292396545410156,
    "25": 20.033632278442383,
    "26": 19.610013961791992,
    "27": 17.798967361450195,
    "28": 18.732990264892578,
    "29": 14.537619590759277,
    "30": 16.258872985839844,
    "31": 15.491201400756836,
    "32": 10.9657621383667
  },
  "probe_type": "mlp",
  "probe_hidden_size": [
    32
  ],
  "init_strategy": "mup",