{
  "config": {
    "model_short": "llama",
    "task_name": "somo",
    "dataset": {
      "train": "cache/llama/somo_train/",
      "test": "cache/llama/somo_test/"
    },
    "mdl": {
      "batch_size": 64,
      "probe_type": "mlp",
      "probe_hidden_size": [
        1024
      ],
      "num_classes": 2,
      "init_strategy": "mup",
      "init_gamma": null,
      "optimizer": "adamw",
      "train_epochs": 10,
      "lr": 0.001,
      "seed": 242,
      "early_stopping_gap": 3,
      "split_num": 5,
      "split_ratio": 2.0
    },
    "out_dir": "init_results/llama/somo/hidden-1024/seed-242/strategy-mup/gamma-na/2026-04-20_21-58-37"
  },
  "train_meta": {
    "dataset": "compling/somo",
    "split": "train",
    "text_col": "text",
    "model": "meta-llama/Meta-Llama-3.1-8B",
    "max_len": 64,
    "hidden_size": 4096,
    "num_hidden_layers": 32,
    "num_states": 33,
    "memmap_file": "last_token_hidden_states.memmap",
    "dtype": "float32",
    "shape": [
      15000,
      33,
      4096
    ]
  },
  "test_meta": {
    "dataset": "compling/somo",
    "split": "test",
    "text_col": "text",
    "model": "meta-llama/Meta-Llama-3.1-8B",
    "max_len": 64,
    "hidden_size": 4096,
    "num_hidden_layers": 32,
    "num_states": 33,
    "memmap_file": "last_token_hidden_states.memmap",
    "dtype": "float32",
    "shape": [
      10000,
      33,
      4096
    ]
  },
  "splits": [
    484,
    968,
    1936,
    3872,
    7740
  ],
  "mdl_sum_ce": {
    "0": 10061.628087997437,
    "1": 10062.026266098022,
    "2": 10062.100066184998,
    "3": 10042.009120464325,
    "4": 9872.963961601257,
    "5": 9668.956025123596,
    "6": 9713.941964149475,
    "7": 9481.773191452026,
    "8": 9050.104398727417,
    "9": 8653.536911964417,
    "10": 8229.741171360016,
    "11": 8234.821610450745,
    "12": 8191.217073917389,
    "13": 8225.229288578033,
    "14": 8215.328181743622,
    "15": 8328.88871049881,
    "16": 8350.737712860107,
    "17": 8465.50481891632,
    "18": 8525.927161693573,
    "19": 8588.838691711426,
    "20": 8695.391564369202,
    "21": 8616.180719852448,
    "22": 8696.398601531982,
    "23": 8710.811310768127,
    "24": 8721.628034114838,
    "25": 8750.89148235321,
    "26": 8767.873748779297,
    "27": 8770.582916736603,
    "28": 8718.305062294006,
    "29": 8740.35353565216,
    "30": 8778.702146530151,
    "31": 8716.169273853302,
    "32": 8803.640348434448
  },
  "mdl_nll": {
    "0": 0.6931405406446292,
    "1": 0.6931679709353832,
    "2": 0.6931730549865663,
    "3": 0.6917889997564292,
    "4": 0.680143563075314,
    "5": 0.666089558082364,
    "6": 0.6691886169846704,
    "7": 0.6531946260300376,
    "8": 0.6234571781983616,
    "9": 0.5961378418272538,
    "10": 0.5669427646293755,
    "11": 0.5672927535444161,
    "12": 0.5642888587708315,
    "13": 0.5666319432748714,
    "14": 0.5659498609633248,
    "15": 0.5737729891498216,
    "16": 0.5752781560250831,
    "17": 0.5831844047200552,
    "18": 0.5873468697777331,
    "19": 0.5916808137029089,
    "20": 0.5990211879559935,
    "21": 0.5935643923844343,
    "22": 0.5990905622438676,
    "23": 0.600083446594663,
    "24": 0.600828605271069,
    "25": 0.6028445496247734,
    "26": 0.6040144494887915,
    "27": 0.6042010827181457,
    "28": 0.6005996873996973,
    "29": 0.6021185957324442,
    "30": 0.6047604124090763,
    "31": 0.600452553999263,
    "32": 0.606478392700086
  },
  "stopping_epochs_per_stage": {
    "0": [
      6,
      3,
      1,
      1
    ],
    "1": [
      2,
      6,
      1,
      2
    ],
    "2": [
      4,
      1,
      1,
      3
    ],
    "3": [
      8,
      7,
      2,
      10
    ],
    "4": [
      10,
      9,
      9,
      10
    ],
    "5": [
      10,
      10,
      10,
      9
    ],
    "6": [
      10,
      1,
      10,
      10
    ],
    "7": [
      10,
      7,
      10,
      10
    ],
    "8": [
      10,
      10,
      9,
      10
    ],
    "9": [
      10,
      10,
      9,
      10
    ],
    "10": [
      10,
      10,
      9,
      8
    ],
    "11": [
      10,
      10,
      10,
      10
    ],
    "12": [
      10,
      10,
      10,
      10
    ],
    "13": [
      10,
      9,
      10,
      9
    ],
    "14": [
      10,
      10,
      9,
      10
    ],
    "15": [
      10,
      9,
      8,
      8
    ],
    "16": [
      10,
      10,
      10,
      10
    ],
    "17": [
      10,
      10,
      10,
      10
    ],
    "18": [
      10,
      9,
      10,
      9
    ],
    "19": [
      10,
      10,
      10,
      8
    ],
    "20": [
      9,
      10,
      10,
      10
    ],
    "21": [
      10,
      10,
      10,
      7
    ],
    "22": [
      9,
      10,
      9,
      10
    ],
    "23": [
      10,
      9,
      9,
      9
    ],
    "24": [
      10,
      9,
      10,
      10
    ],
    "25": [
      10,
      9,
      10,
      10
    ],
    "26": [
      6,
      10,
      8,
      7
    ],
    "27": [
      8,
      9,
      9,
      9
    ],
    "28": [
      9,
      10,
      10,
      9
    ],
    "29": [
      5,
      10,
      10,
      7
    ],
    "30": [
      9,
      9,
      8,
      8
    ],
    "31": [
      5,
      9,
      9,
      8
    ],
    "32": [
      3,
      8,
      8,
      9
    ]
  },
  "test_acc": {
    "0": 0.5013,
    "1": 0.5013,
    "2": 0.5213,
    "3": 0.5481,
    "4": 0.6028,
    "5": 0.634,
    "6": 0.64,
    "7": 0.6615,
    "8": 0.6739,
    "9": 0.709,
    "10": 0.7307,
    "11": 0.729,
    "12": 0.7277,
    "13": 0.7326,
    "14": 0.7314,
    "15": 0.7236,
    "16": 0.7282,
    "17": 0.7156,
    "18": 0.7086,
    "19": 0.72,
    "20": 0.6878,
    "21": 0.7114,
    "22": 0.7005,
    "23": 0.7137,
    "24": 0.7097,
    "25": 0.7093,
    "26": 0.7031,
    "27": 0.6918,
    "28": 0.6895,
    "29": 0.7008,
    "30": 0.6844,
    "31": 0.6795,
    "32": 0.6951
  },
  "test_loss": {
    "0": 0.6933103866577148,
    "1": 0.6936294811248779,
    "2": 0.6920183806419372,
    "3": 0.6869916394233704,
    "4": 0.6584602830886841,
    "5": 0.6383546524047852,
    "6": 0.6325612404823303,
    "7": 0.6185159917831421,
    "8": 0.5998433591842651,
    "9": 0.5718030043601989,
    "10": 0.5369835651397705,
    "11": 0.538917278289795,
    "12": 0.5436970629215241,
    "13": 0.5326622950077057,
    "14": 0.5352548946857453,
    "15": 0.5471654176712036,
    "16": 0.5428414576530457,
    "17": 0.5594577891349792,
    "18": 0.5612599972724914,
    "19": 0.5569359089374543,
    "20": 0.5866147044181824,
    "21": 0.5621924712181091,
    "22": 0.5733380063056945,
    "23": 0.5643179431915283,
    "24": 0.5681150395393372,
    "25": 0.568126172542572,
    "26": 0.5738154572486878,
    "27": 0.5879763104915618,
    "28": 0.5843174434661865,
    "29": 0.5747773738861084,
    "30": 0.5982279027938843,
    "31": 0.6014844405174256,
    "32": 0.5772144629478455
  },
  "drift_final_total_l2": {
    "0": 14.222818374633789,
    "1": 45.52231979370117,
    "2": 95.07779693603516,
    "3": 105.77804565429688,
    "4": 174.2721405029297,
    "5": 171.06768798828125,
    "6": 165.04266357421875,
    "7": 182.0264892578125,
    "8": 184.9702606201172,
    "9": 189.24913024902344,
    "10": 184.90187072753906,
    "11": 185.80712890625,
    "12": 173.97918701171875,
    "13": 183.46124267578125,
    "14": 169.12416076660156,
    "15": 156.95523071289062,
    "16": 153.13943481445312,
    "17": 140.37493896484375,
    "18": 138.91395568847656,
    "19": 137.81173706054688,
    "20": 135.59214782714844,
    "21": 123.93611145019531,
    "22": 121.06938934326172,
    "23": 116.56678771972656,
    "24": 124.02610778808594,
    "25": 117.37700653076172,
    "26": 105.60475158691406,
    "27": 108.15343475341797,
    "28": 101.09063720703125,
    "29": 102.46403503417969,
    "30": 96.21293640136719,
    "31": 85.36537170410156,
    "32": 70.13468170166016
  },
  "probe_type": "mlp",
  "probe_hidden_size": [
    1024
  ],
  "init_strategy": "mup",