{
  "config": {
    "model_short": "llama",
    "task_name": "somo",
    "dataset": {
      "train": "cache/llama/somo_train/",
      "test": "cache/llama/somo_test/"
    },
    "mdl": {
      "batch_size": 64,
      "probe_type": "mlp",
      "probe_hidden_size": [
        4096
      ],
      "num_classes": 2,
      "init_strategy": "mup",
      "init_gamma": null,
      "optimizer": "adam",
      "train_epochs": 20,
      "lr": 0.00390625,
      "seed": 442,
      "early_stopping_gap": 3,
      "split_num": 5,
      "split_ratio": 2.0
    },
    "out_dir": "muP_results/llama/somo/hidden-4096/seed-442/strategy-mup/opt-adam/2026-04-30_00-42-13"
  },
  "train_meta": {
    "dataset": "compling/somo",
    "split": "train",
    "text_col": "text",
    "model": "meta-llama/Meta-Llama-3.1-8B",
    "max_len": 64,
    "hidden_size": 4096,
    "num_hidden_layers": 32,
    "num_states": 33,
    "memmap_file": "last_token_hidden_states.memmap",
    "dtype": "float32",
    "shape": [
      15000,
      33,
      4096
    ]
  },
  "test_meta": {
    "dataset": "compling/somo",
    "split": "test",
    "text_col": "text",
    "model": "meta-llama/Meta-Llama-3.1-8B",
    "max_len": 64,
    "hidden_size": 4096,
    "num_hidden_layers": 32,
    "num_states": 33,
    "memmap_file": "last_token_hidden_states.memmap",
    "dtype": "float32",
    "shape": [
      10000,
      33,
      4096
    ]
  },
  "splits": [
    484,
    968,
    1936,
    3872,
    7740
  ],
  "mdl_sum_ce": {
    "0": 10062.720134735107,
    "1": 10059.987609863281,
    "2": 10063.225703716278,
    "3": 10005.544103622437,
    "4": 9702.270442008972,
    "5": 9452.147303581238,
    "6": 9445.440093517303,
    "7": 9219.141659259796,
    "8": 8897.482942581177,
    "9": 8507.18951702118,
    "10": 8033.511753559113,
    "11": 8031.949169874191,
    "12": 8023.646253108978,
    "13": 8063.979877471924,
    "14": 8105.809892416,
    "15": 8214.86204957962,
    "16": 8307.262229204178,
    "17": 8424.969944953918,
    "18": 8411.725014448166,
    "19": 8495.743301868439,
    "20": 8507.938363075256,
    "21": 8588.946543693542,
    "22": 8595.242948532104,
    "23": 8641.589341163635,
    "24": 8695.420928478241,
    "25": 8675.884226799011,
    "26": 8709.753575325012,
    "27": 8749.95105600357,
    "28": 8709.569909095764,
    "29": 8791.329724788666,
    "30": 8767.615904331207,
    "31": 8701.302838802338,
    "32": 8895.131076812744
  },
  "mdl_nll": {
    "0": 0.6932157711997181,
    "1": 0.6930275289241721,
    "2": 0.6932505995946733,
    "3": 0.6892769429334829,
    "4": 0.6683845716456994,
    "5": 0.6511537133908265,
    "6": 0.6506916570348101,
    "7": 0.635102070767415,
    "8": 0.6129431622059229,
    "9": 0.5860560427818393,
    "10": 0.5534246179084537,
    "11": 0.5533169722977536,
    "12": 0.5527449885029607,
    "13": 0.5555235517685261,
    "14": 0.5584052006348856,
    "15": 0.5659177493510348,
    "16": 0.572283151639858,
    "17": 0.5803919774699585,
    "18": 0.5794795408134586,
    "19": 0.5852675187288812,
    "20": 0.5861076304130102,
    "21": 0.5916882435721647,
    "22": 0.5921219997610984,
    "23": 0.5953147796337583,
    "24": 0.5990232108348196,
    "25": 0.5976773372002625,
    "26": 0.6000105797275429,
    "27": 0.6027797641225937,
    "28": 0.5999979270526153,
    "29": 0.6056303199771745,
    "30": 0.603996686713365,
    "31": 0.5994284127033851,
    "32": 0.6127811433461521
  },
  "stopping_epochs_per_stage": {
    "0": [
      1,
      20,
      2,
      5
    ],
    "1": [
      1,
      4,
      13,
      1
    ],
    "2": [
      1,
      1,
      6,
      1
    ],
    "3": [
      3,
      2,
      19,
      13
    ],
    "4": [
      1,
      19,
      14,
      7
    ],
    "5": [
      11,
      16,
      16,
      9
    ],
    "6": [
      2,
      19,
      20,
      9
    ],
    "7": [
      10,
      7,
      20,
      12
    ],
    "8": [
      11,
      18,
      14,
      6
    ],
    "9": [
      14,
      12,
      8,
      7
    ],
    "10": [
      13,
      13,
      12,
      9
    ],
    "11": [
      18,
      11,
      9,
      6
    ],
    "12": [
      20,
      9,
      11,
      5
    ],
    "13": [
      13,
      17,
      17,
      7
    ],
    "14": [
      15,
      8,
      11,
      7
    ],
    "15": [
      10,
      13,
      7,
      8
    ],
    "16": [
      10,
      11,
      11,
      5
    ],
    "17": [
      9,
      9,
      7,
      6
    ],
    "18": [
      9,
      12,
      8,
      13
    ],
    "19": [
      7,
      11,
      8,
      8
    ],
    "20": [
      4,
      19,
      11,
      10
    ],
    "21": [
      7,
      11,
      6,
      13
    ],
    "22": [
      7,
      13,
      6,
      5
    ],
    "23": [
      10,
      16,
      7,
      6
    ],
    "24": [
      3,
      7,
      10,
      6
    ],
    "25": [
      8,
      8,
      11,
      8
    ],
    "26": [
      9,
      6,
      7,
      7
    ],
    "27": [
      2,
      10,
      8,
      6
    ],
    "28": [
      5,
      6,
      11,
      4
    ],
    "29": [
      4,
      12,
      5,
      5
    ],
    "30": [
      3,
      5,
      7,
      6
    ],
    "31": [
      15,
      8,
      11,
      8
    ],
    "32": [
      8,
      9,
      9,
      6
    ]
  },
  "test_acc": {
    "0": 0.4982,
    "1": 0.5002,
    "2": 0.5278,
    "3": 0.5545,
    "4": 0.6012,
    "5": 0.6402,
    "6": 0.6359,
    "7": 0.6686,
    "8": 0.6921,
    "9": 0.7048,
    "10": 0.7269,
    "11": 0.6753,
    "12": 0.7209,
    "13": 0.726,
    "14": 0.7257,
    "15": 0.7308,
    "16": 0.7222,
    "17": 0.7238,
    "18": 0.719,
    "19": 0.7241,
    "20": 0.711,
    "21": 0.7142,
    "22": 0.7132,
    "23": 0.7054,
    "24": 0.7107,
    "25": 0.7059,
    "26": 0.6907,
    "27": 0.6924,
    "28": 0.704,
    "29": 0.6978,
    "30": 0.6909,
    "31": 0.6775,
    "32": 0.6911
  },
  "test_loss": {
    "0": 0.693299829864502,
    "1": 0.6938510354995727,
    "2": 0.693641981124878,
    "3": 0.68627144947052,
    "4": 0.658805357170105,
    "5": 0.6327149814605713,
    "6": 0.6424565807342529,
    "7": 0.6214342693328857,
    "8": 0.5888693353652954,
    "9": 0.5921795971870423,
    "10": 0.5548161650180816,
    "11": 0.6395405959129333,
    "12": 0.5570962891578675,
    "13": 0.5578791053771973,
    "14": 0.5605808620452881,
    "15": 0.5719521397590637,
    "16": 0.5593510696411133,
    "17": 0.5678222965240478,
    "18": 0.5655823842525483,
    "19": 0.5785838046073913,
    "20": 0.5892533900260926,
    "21": 0.5740429226398468,
    "22": 0.5821556918621064,
    "23": 0.5895000752449036,
    "24": 0.5863009926795959,
    "25": 0.578744755935669,
    "26": 0.6197378670692444,
    "27": 0.6171765113830566,
    "28": 0.6042593659877777,
    "29": 0.6119635681152343,
    "30": 0.6475308595180511,
    "31": 0.6476996215820312,
    "32": 0.5977119943618775
  },
  "drift_final_total_l2": {
    "0": 67.84779357910156,
    "1": 436.317138671875,
    "2": 604.3553466796875,
    "3": 680.2387084960938,
    "4": 560.7706909179688,
    "5": 600.8019409179688,
    "6": 914.0612182617188,
    "7": 1001.1510620117188,
    "8": 798.662353515625,
    "9": 1200.964599609375,
    "10": 974.8535766601562,
    "11": 1146.0,
    "12": 863.5645141601562,
    "13": 1100.3099365234375,
    "14": 1064.4268798828125,
    "15": 931.029296875,
    "16": 880.8658447265625,
    "17": 937.8857421875,
    "18": 919.7825317382812,
    "19": 905.221923828125,
    "20": 907.156494140625,
    "21": 749.1165771484375,
    "22": 845.8644409179688,
    "23": 788.8522338867188,
    "24": 711.2470703125,
    "25": 558.1168823242188,
    "26": 779.8306884765625,
    "27": 566.4259643554688,
    "28": 596.84326171875,
    "29": 587.0205688476562,
    "30": 721.8402099609375,
    "31": 579.1298828125,
    "32": 348.1157531738281
  },
  "probe_type": "mlp",
  "probe_hidden_size": [
    4096
  ],
  "init_strategy": "mup",
  "init_gamma": null,
  "effective_lr": {
    "hidden": 0.00390625,