{
  "config": {
    "model_short": "llama",
    "task_name": "somo",
    "dataset": {
      "train": "cache/llama/somo_train/",
      "test": "cache/llama/somo_test/"
    },
    "mdl": {
      "batch_size": 64,
      "probe_type": "mlp",
      "probe_hidden_size": [
        64
      ],
      "num_classes": 2,
      "init_strategy": "gamma_second_zero",
      "init_gamma": 1.4,
      "optimizer": "adamw",
      "train_epochs": 10,
      "lr": 0.001,
      "seed": 342,
      "early_stopping_gap": 3,
      "split_num": 5,
      "split_ratio": 2.0
    },
    "out_dir": "init_results/llama/somo/hidden-64/seed-342/strategy-gamma_second_zero/gamma-1.4/opt-adamw/2026-04-25_03-32-41"
  },
  "train_meta": {
    "dataset": "compling/somo",
    "split": "train",
    "text_col": "text",
    "model": "meta-llama/Meta-Llama-3.1-8B",
    "max_len": 64,
    "hidden_size": 4096,
    "num_hidden_layers": 32,
    "num_states": 33,
    "memmap_file": "last_token_hidden_states.memmap",
    "dtype": "float32",
    "shape": [
      15000,
      33,
      4096
    ]
  },
  "test_meta": {
    "dataset": "compling/somo",
    "split": "test",
    "text_col": "text",
    "model": "meta-llama/Meta-Llama-3.1-8B",
    "max_len": 64,
    "hidden_size": 4096,
    "num_hidden_layers": 32,
    "num_states": 33,
    "memmap_file": "last_token_hidden_states.memmap",
    "dtype": "float32",
    "shape": [
      10000,
      33,
      4096
    ]
  },
  "splits": [
    484,
    968,
    1936,
    3872,
    7740
  ],
  "mdl_sum_ce": {
    "0": 10060.65285873413,
    "1": 10061.13341140747,
    "2": 10054.023533344269,
    "3": 10056.615788936615,
    "4": 9782.279361724854,
    "5": 9502.291020393372,
    "6": 9506.119475841522,
    "7": 9254.815717697144,
    "8": 8931.82858800888,
    "9": 8480.17220401764,
    "10": 8091.566514015198,
    "11": 8023.382713794708,
    "12": 8152.912357330322,
    "13": 8081.044063568115,
    "14": 8227.197613716125,
    "15": 8248.410354614258,
    "16": 8448.54263973236,
    "17": 8410.63519859314,
    "18": 8447.106845378876,
    "19": 8512.514420509338,
    "20": 8539.335015296936,
    "21": 8612.34187078476,
    "22": 8738.785643577576,
    "23": 8724.916201114655,
    "24": 8707.698112487793,
    "25": 8790.348189353943,
    "26": 8784.801082611084,
    "27": 8780.878841400146,
    "28": 8775.612125396729,
    "29": 8819.27479839325,
    "30": 8924.947244644165,
    "31": 8996.172355651855,
    "32": 8929.25577545166
  },
  "mdl_nll": {
    "0": 0.6930733575870853,
    "1": 0.6931064626210712,
    "2": 0.6926166666674201,
    "3": 0.6927952458622634,
    "4": 0.6738963462196785,
    "5": 0.6546080890323348,
    "6": 0.6548718294186775,
    "7": 0.6375596388603709,
    "8": 0.6153092165892037,
    "9": 0.5841948335641801,
    "10": 0.5574239814008817,
    "11": 0.5527268334110436,
    "12": 0.5616500659500084,
    "13": 0.5566990950377594,
    "14": 0.5667675402119128,
    "15": 0.5682288753523187,
    "16": 0.5820158886561285,
    "17": 0.5794044639427625,
    "18": 0.5819169774992337,
    "19": 0.5864228727272898,
    "20": 0.5882705301251678,
    "21": 0.5932999359868255,
    "22": 0.6020105844294279,
    "23": 0.6010551254556803,
    "24": 0.5998689799178695,
    "25": 0.605562702490627,
    "26": 0.6051805650737865,
    "27": 0.604910363833022,
    "28": 0.6045475423943737,
    "29": 0.6075554421599098,
    "30": 0.6148351642769472,
    "31": 0.6197418266500314,
    "32": 0.6151319768153527
  },
  "stopping_epochs_per_stage": {
    "0": [
      2,
      2,
      1,
      10
    ],
    "1": [
      2,
      1,
      1,
      2
    ],
    "2": [
      4,
      1,
      1,
      10
    ],
    "3": [
      2,
      1,
      9,
      1
    ],
    "4": [
      4,
      1,
      10,
      10
    ],
    "5": [
      6,
      1,
      8,
      9
    ],
    "6": [
      10,
      10,
      5,
      10
    ],
    "7": [
      10,
      10,
      10,
      10
    ],
    "8": [
      10,
      10,
      9,
      10
    ],
    "9": [
      10,
      10,
      6,
      8
    ],
    "10": [
      10,
      10,
      6,
      6
    ],
    "11": [
      10,
      9,
      6,
      6
    ],
    "12": [
      8,
      9,
      7,
      3
    ],
    "13": [
      9,
      9,
      8,
      7
    ],
    "14": [
      6,
      7,
      4,
      3
    ],
    "15": [
      10,
      8,
      10,
      5
    ],
    "16": [
      9,
      5,
      5,
      8
    ],
    "17": [
      10,
      8,
      6,
      4
    ],
    "18": [
      10,
      9,
      9,
      5
    ],
    "19": [
      9,
      8,
      5,
      8
    ],
    "20": [
      6,
      6,
      5,
      7
    ],
    "21": [
      8,
      6,
      9,
      6
    ],
    "22": [
      10,
      7,
      5,
      10
    ],
    "23": [
      7,
      10,
      7,
      6
    ],
    "24": [
      4,
      10,
      6,
      6
    ],
    "25": [
      9,
      9,
      6,
      3
    ],
    "26": [
      6,
      10,
      4,
      4
    ],
    "27": [
      4,
      8,
      6,
      10
    ],
    "28": [
      10,
      6,
      6,
      4
    ],
    "29": [
      10,
      7,
      6,
      4
    ],
    "30": [
      5,
      7,
      6,
      8
    ],
    "31": [
      4,
      8,
      1,
      9
    ],
    "32": [
      3,
      5,
      2,
      6
    ]
  },
  "test_acc": {
    "0": 0.5013,
    "1": 0.5013,
    "2": 0.5244,
    "3": 0.5013,
    "4": 0.5877,
    "5": 0.6332,
    "6": 0.6442,
    "7": 0.662,
    "8": 0.6957,
    "9": 0.6796,
    "10": 0.7286,
    "11": 0.7288,
    "12": 0.7321,
    "13": 0.7331,
    "14": 0.7265,
    "15": 0.6971,
    "16": 0.7272,
    "17": 0.7193,
    "18": 0.7187,
    "19": 0.7195,
    "20": 0.7156,
    "21": 0.718,
    "22": 0.7107,
    "23": 0.7107,
    "24": 0.6997,
    "25": 0.6961,
    "26": 0.699,
    "27": 0.7033,
    "28": 0.6692,
    "29": 0.6909,
    "30": 0.7056,
    "31": 0.681,
    "32": 0.6932
  },
  "test_loss": {
    "0": 0.6932216604232788,
    "1": 0.693181397819519,
    "2": 0.6922142282485962,
    "3": 0.693170788192749,
    "4": 0.6700830764770508,
    "5": 0.6464751304626465,
    "6": 0.6337207421302795,
    "7": 0.6188966291427612,
    "8": 0.5888000798225402,
    "9": 0.6043283789157867,
    "10": 0.5434757376194,
    "11": 0.5434821977615356,
    "12": 0.5365514401435852,
    "13": 0.5350344752788544,
    "14": 0.5391530142784119,
    "15": 0.5769577816963196,
    "16": 0.545293088722229,
    "17": 0.5566812294006348,
    "18": 0.5553005504608154,
    "19": 0.5571846945285797,
    "20": 0.5677243250370025,
    "21": 0.5608055865287781,
    "22": 0.5739205260276794,
    "23": 0.5667285816192627,
    "24": 0.6056606409549713,
    "25": 0.5884694551467895,
    "26": 0.5771447329998016,
    "27": 0.5798775780677795,
    "28": 0.6298415811538697,
    "29": 0.6002943889141082,
    "30": 0.5858966749668121,
    "31": 0.5972583812713623,
    "32": 0.5849731260299683
  },
  "drift_final_total_l2": {
    "0": 2.667661190032959,
    "1": 11.245810508728027,
    "2": 15.385430335998535,
    "3": 2.762791872024536,
    "4": 15.696924209594727,
    "5": 23.543458938598633,
    "6": 16.135820388793945,
    "7": 15.373528480529785,
    "8": 15.604289054870605,
    "9": 10.810032844543457,
    "10": 18.681560516357422,
    "11": 16.20037078857422,
    "12": 15.152609825134277,
    "13": 16.082427978515625,
    "14": 18.13163185119629,
    "15": 21.609617233276367,
    "16": 17.3062801361084,
    "17": 9.97332763671875,
    "18": 14.863615989685059,
    "19": 13.100146293640137,
    "20": 8.945487022399902,
    "21": 17.45796775817871,
    "22": 20.646286010742188,
    "23": 11.41434097290039,
    "24": 14.602645874023438,
    "25": 13.429901123046875,
    "26": 11.577266693115234,
    "27": 14.666857719421387,
    "28": 8.008598327636719,
    "29": 10.664973258972168,
    "30": 11.433891296386719,
    "31": 12.140509605407715,
    "32": 13.757963180541992
  },
  "probe_type": "mlp",
  "probe_hidden_size": [
    64
  ],
  "init_strategy": "gamma_second_zero",