{
  "config": {
    "model_short": "llama",
    "task_name": "somo",
    "dataset": {
      "train": "cache/llama/somo_train/",
      "test": "cache/llama/somo_test/"
    },
    "mdl": {
      "batch_size": 64,
      "probe_type": "mlp",
      "probe_hidden_size": [
        64
      ],
      "num_classes": 2,
      "init_strategy": "mup",
      "init_gamma": null,
      "optimizer": "adam",
      "train_epochs": 20,
      "lr": 0.00048828125,
      "seed": 442,
      "early_stopping_gap": 3,
      "split_num": 5,
      "split_ratio": 2.0
    },
    "out_dir": "muP_results/llama/somo/hidden-64/seed-442/strategy-mup/opt-adam/2026-04-28_20-12-31"
  },
  "train_meta": {
    "dataset": "compling/somo",
    "split": "train",
    "text_col": "text",
    "model": "meta-llama/Meta-Llama-3.1-8B",
    "max_len": 64,
    "hidden_size": 4096,
    "num_hidden_layers": 32,
    "num_states": 33,
    "memmap_file": "last_token_hidden_states.memmap",
    "dtype": "float32",
    "shape": [
      15000,
      33,
      4096
    ]
  },
  "test_meta": {
    "dataset": "compling/somo",
    "split": "test",
    "text_col": "text",
    "model": "meta-llama/Meta-Llama-3.1-8B",
    "max_len": 64,
    "hidden_size": 4096,
    "num_hidden_layers": 32,
    "num_states": 33,
    "memmap_file": "last_token_hidden_states.memmap",
    "dtype": "float32",
    "shape": [
      10000,
      33,
      4096
    ]
  },
  "splits": [
    484,
    968,
    1936,
    3872,
    7740
  ],
  "mdl_sum_ce": {
    "0": 10061.354944705963,
    "1": 10061.26640510559,
    "2": 10061.798445224762,
    "3": 10062.224541664124,
    "4": 9813.296553134918,
    "5": 9521.464842319489,
    "6": 9523.276069164276,
    "7": 9334.360692977905,
    "8": 8983.571173667908,
    "9": 8574.003772258759,
    "10": 8141.045725822449,
    "11": 8118.221192359924,
    "12": 8134.6789083480835,
    "13": 8109.10449886322,
    "14": 8180.241397857666,
    "15": 8270.892478466034,
    "16": 8321.481271743774,
    "17": 8400.08210849762,
    "18": 8438.12355518341,
    "19": 8500.975590705872,
    "20": 8538.38106250763,
    "21": 8550.524359703064,
    "22": 8556.295851707458,
    "23": 8630.832086086273,
    "24": 8639.112068653107,
    "25": 8676.99337387085,
    "26": 8697.386191368103,
    "27": 8676.262708187103,
    "28": 8711.713945388794,
    "29": 8725.860052585602,
    "30": 8706.985815048218,
    "31": 8695.884788036346,
    "32": 8817.815741062164
  },
  "mdl_nll": {
    "0": 0.6931217239395124,
    "1": 0.6931156244906028,
    "2": 0.6931522764690522,
    "3": 0.69318163004024,
    "4": 0.6760331050657838,
    "5": 0.6559289640616898,
    "6": 0.6560537385756597,
    "7": 0.6430394525336115,
    "8": 0.6188737375081226,
    "9": 0.5906588435008789,
    "10": 0.560832579624032,
    "11": 0.5592602088977627,
    "12": 0.5603939727437368,
    "13": 0.5586321644298168,
    "14": 0.5635327499213052,
    "15": 0.5697776576512836,
    "16": 0.5732626943885213,
    "17": 0.5786774668295411,
    "18": 0.5812981231181737,
    "19": 0.5856279684972355,
    "20": 0.5882048127933059,
    "21": 0.5890413584805086,
    "22": 0.5894389536861021,
    "23": 0.5945737176967673,
    "24": 0.5951441215660723,
    "25": 0.5977537457888433,
    "26": 0.5991585968151076,
    "27": 0.5977034105943169,
    "28": 0.6001456286434826,
    "29": 0.6011201469127585,
    "30": 0.5998199101025226,
    "31": 0.5990551658884229,
    "32": 0.6074549284280907
  },
  "stopping_epochs_per_stage": {
    "0": [
      1,
      15,
      1,
      1
    ],
    "1": [
      1,
      2,
      3,
      2
    ],
    "2": [
      2,
      2,
      1,
      1
    ],
    "3": [
      4,
      5,
      1,
      1
    ],
    "4": [
      1,
      20,
      20,
      19
    ],
    "5": [
      9,
      20,
      20,
      20
    ],
    "6": [
      1,
      19,
      20,
      20
    ],
    "7": [
      1,
      20,
      20,
      20
    ],
    "8": [
      1,
      20,
      20,
      20
    ],
    "9": [
      19,
      20,
      20,
      20
    ],
    "10": [
      20,
      20,
      19,
      19
    ],
    "11": [
      19,
      20,
      20,
      20
    ],
    "12": [
      18,
      20,
      20,
      20
    ],
    "13": [
      19,
      20,
      19,
      19
    ],
    "14": [
      20,
      20,
      16,
      17
    ],
    "15": [
      20,
      19,
      18,
      12
    ],
    "16": [
      20,
      20,
      19,
      19
    ],
    "17": [
      20,
      20,
      19,
      20
    ],
    "18": [
      19,
      20,
      19,
      20
    ],
    "19": [
      19,
      19,
      20,
      14
    ],
    "20": [
      19,
      19,
      14,
      20
    ],
    "21": [
      20,
      20,
      19,
      17
    ],
    "22": [
      20,
      19,
      18,
      20
    ],
    "23": [
      10,
      20,
      19,
      13
    ],
    "24": [
      20,
      18,
      18,
      19
    ],
    "25": [
      18,
      19,
      15,
      17
    ],
    "26": [
      16,
      14,
      20,
      15
    ],
    "27": [
      19,
      17,
      20,
      11
    ],
    "28": [
      20,
      19,
      18,
      9
    ],
    "29": [
      12,
      20,
      14,
      12
    ],
    "30": [
      8,
      14,
      16,
      12
    ],
    "31": [
      8,
      17,
      10,
      14
    ],
    "32": [
      2,
      8,
      18,
      10
    ]
  },
  "test_acc": {
    "0": 0.4982,
    "1": 0.5026,
    "2": 0.5224,
    "3": 0.5472,
    "4": 0.5947,
    "5": 0.6377,
    "6": 0.643,
    "7": 0.6555,
    "8": 0.6829,
    "9": 0.7082,
    "10": 0.7291,
    "11": 0.7319,
    "12": 0.7314,
    "13": 0.7357,
    "14": 0.7237,
    "15": 0.7303,
    "16": 0.7158,
    "17": 0.7275,
    "18": 0.7237,
    "19": 0.7104,
    "20": 0.7237,
    "21": 0.7179,
    "22": 0.716,
    "23": 0.716,
    "24": 0.7112,
    "25": 0.7139,
    "26": 0.7042,
    "27": 0.7066,
    "28": 0.6969,
    "29": 0.6978,
    "30": 0.7048,
    "31": 0.6902,
    "32": 0.6982
  },
  "test_loss": {
    "0": 0.6934844686508179,
    "1": 0.6931691759109497,
    "2": 0.6919862398147583,
    "3": 0.6857317123413086,
    "4": 0.6615014044761658,
    "5": 0.6350859756469727,
    "6": 0.6322359600067139,
    "7": 0.6210280870437622,
    "8": 0.5927067102432251,
    "9": 0.5704391390800476,
    "10": 0.5394988175392151,
    "11": 0.5361930756092071,
    "12": 0.5357314393997192,
    "13": 0.5297911766052246,
    "14": 0.543594814491272,
    "15": 0.5359025420188904,
    "16": 0.5527391350746155,
    "17": 0.5465723025798798,
    "18": 0.548140149974823,
    "19": 0.5607714054584503,
    "20": 0.5529394872665405,
    "21": 0.5578389616966247,
    "22": 0.5590932475090027,
    "23": 0.5600680360794067,
    "24": 0.5669715425491333,
    "25": 0.5654975375175476,
    "26": 0.5735538346290588,
    "27": 0.5711573529243469,
    "28": 0.580567148399353,
    "29": 0.5815930936813355,
    "30": 0.5738342532157898,
    "31": 0.5857991943359375,
    "32": 0.5842186179161072
  },
  "drift_final_total_l2": {
    "0": 5.691587448120117,
    "1": 16.421344757080078,
    "2": 22.807659149169922,
    "3": 30.36896324157715,
    "4": 42.14813995361328,
    "5": 43.35743713378906,
    "6": 42.03742980957031,
    "7": 43.942867279052734,
    "8": 45.30996322631836,
    "9": 44.92307662963867,
    "10": 46.9839973449707,
    "11": 43.96328353881836,
    "12": 42.555442810058594,
    "13": 44.754005432128906,
    "14": 42.65631103515625,
    "15": 38.328155517578125,
    "16": 39.01187515258789,
    "17": 34.51603317260742,
    "18": 34.267581939697266,
    "19": 33.05718994140625,
    "20": 32.055564880371094,
    "21": 30.702842712402344,
    "22": 29.449644088745117,
    "23": 30.92051887512207,
    "24": 29.63513946533203,
    "25": 29.496170043945312,
    "26": 28.912199020385742,
    "27": 27.085407257080078,
    "28": 27.613147735595703,
    "29": 25.029273986816406,
    "30": 23.729171752929688,
    "31": 21.495954513549805,
    "32": 18.280473709106445
  },
  "probe_type": "mlp",