{
  "config": {
    "model_short": "llama",
    "task_name": "somo",
    "dataset": {
      "train": "cache/llama/somo_train/",
      "test": "cache/llama/somo_test/"
    },
    "mdl": {
      "batch_size": 64,
      "probe_type": "mlp",
      "probe_hidden_size": [
        4
      ],
      "num_classes": 2,
      "init_strategy": "gamma_second_zero",
      "init_gamma": 1.9,
      "optimizer": "adamw",
      "train_epochs": 10,
      "lr": 0.001,
      "seed": 242,
      "early_stopping_gap": 3,
      "split_num": 5,
      "split_ratio": 2.0
    },
    "out_dir": "init_results/llama/somo/hidden-4/seed-242/strategy-gamma_second_zero/gamma-1.9/opt-adamw/2026-04-25_03-10-11"
  },
  "train_meta": {
    "dataset": "compling/somo",
    "split": "train",
    "text_col": "text",
    "model": "meta-llama/Meta-Llama-3.1-8B",
    "max_len": 64,
    "hidden_size": 4096,
    "num_hidden_layers": 32,
    "num_states": 33,
    "memmap_file": "last_token_hidden_states.memmap",
    "dtype": "float32",
    "shape": [
      15000,
      33,
      4096
    ]
  },
  "test_meta": {
    "dataset": "compling/somo",
    "split": "test",
    "text_col": "text",
    "model": "meta-llama/Meta-Llama-3.1-8B",
    "max_len": 64,
    "hidden_size": 4096,
    "num_hidden_layers": 32,
    "num_states": 33,
    "memmap_file": "last_token_hidden_states.memmap",
    "dtype": "float32",
    "shape": [
      10000,
      33,
      4096
    ]
  },
  "splits": [
    484,
    968,
    1936,
    3872,
    7740
  ],
  "mdl_sum_ce": {
    "0": 10061.020857810974,
    "1": 10061.000529289246,
    "2": 10055.73583984375,
    "3": 10048.150240898132,
    "4": 9871.450545310974,
    "5": 9694.552526473999,
    "6": 10056.984846115112,
    "7": 9628.898784160614,
    "8": 9263.433602333069,
    "9": 9654.422656059265,
    "10": 8331.173891067505,
    "11": 8761.080875396729,
    "12": 9503.464360237122,
    "13": 8547.738115310669,
    "14": 8507.138525485992,
    "15": 8491.78441286087,
    "16": 8465.52151298523,
    "17": 8552.147583961487,
    "18": 9515.09748840332,
    "19": 8722.818962097168,
    "20": 8757.06183052063,
    "21": 9715.176094055176,
    "22": 9668.737297058105,
    "23": 10060.99061346054,
    "24": 10034.893386363983,
    "25": 8896.56159543991,
    "26": 9909.601462364197,
    "27": 9979.013602256775,
    "28": 8889.640475273132,
    "29": 8895.775428771973,
    "30": 9120.36880493164,
    "31": 9690.551225185394,
    "32": 10028.506952285767
  },
  "mdl_nll": {
    "0": 0.6930987088599458,
    "1": 0.693097308438223,
    "2": 0.6927346266081393,
    "3": 0.692212058480169,
    "4": 0.6800393045819079,
    "5": 0.6678528882938826,
    "6": 0.6928206700272191,
    "7": 0.6633300347313732,
    "8": 0.6381533206346837,
    "9": 0.6650883615361852,
    "10": 0.5739304140994423,
    "11": 0.6035464918294798,
    "12": 0.6546889198289557,
    "13": 0.5888494154939838,
    "14": 0.5860525300004128,
    "15": 0.5849947928396853,
    "16": 0.583185554766136,
    "17": 0.5891531815900721,
    "18": 0.6554903202261863,
    "19": 0.6009106477057845,
    "20": 0.6032696218325041,
    "21": 0.6692736355783395,
    "22": 0.6660744900150252,
    "23": 0.6930966253417292,
    "24": 0.6912988003833,
    "25": 0.6128796910608921,
    "26": 0.6826675022295534,
    "27": 0.6874492699267549,
    "28": 0.6124028985445806,
    "29": 0.6128255324312464,
    "30": 0.6282976580966961,
    "31": 0.6675772406437995,
    "32": 0.6908588421249495
  },
  "stopping_epochs_per_stage": {
    "0": [
      10,
      1,
      1,
      6
    ],
    "1": [
      10,
      1,
      1,
      9
    ],
    "2": [
      10,
      1,
      3,
      10
    ],
    "3": [
      7,
      1,
      1,
      9
    ],
    "4": [
      7,
      1,
      2,
      9
    ],
    "5": [
      9,
      1,
      3,
      10
    ],
    "6": [
      10,
      1,
      2,
      7
    ],
    "7": [
      10,
      1,
      1,
      9
    ],
    "8": [
      9,
      10,
      2,
      10
    ],
    "9": [
      10,
      10,
      9,
      5
    ],
    "10": [
      10,
      10,
      10,
      10
    ],
    "11": [
      10,
      10,
      2,
      9
    ],
    "12": [
      8,
      10,
      8,
      3
    ],
    "13": [
      10,
      1,
      10,
      10
    ],
    "14": [
      10,
      1,
      9,
      9
    ],
    "15": [
      10,
      10,
      9,
      9
    ],
    "16": [
      10,
      10,
      10,
      9
    ],
    "17": [
      10,
      10,
      10,
      9
    ],
    "18": [
      10,
      9,
      10,
      3
    ],
    "19": [
      10,
      1,
      10,
      10
    ],
    "20": [
      10,
      9,
      9,
      9
    ],
    "21": [
      10,
      10,
      8,
      8
    ],
    "22": [
      10,
      10,
      10,
      10
    ],
    "23": [
      5,
      1,
      1,
      6
    ],
    "24": [
      10,
      1,
      8,
      3
    ],
    "25": [
      8,
      1,
      8,
      10
    ],
    "26": [
      10,
      10,
      5,
      5
    ],
    "27": [
      6,
      10,
      5,
      7
    ],
    "28": [
      10,
      8,
      9,
      10
    ],
    "29": [
      10,
      10,
      7,
      8
    ],
    "30": [
      10,
      10,
      1,
      7
    ],
    "31": [
      9,
      7,
      9,
      1
    ],
    "32": [
      4,
      1,
      1,
      10
    ]
  },
  "test_acc": {
    "0": 0.5013,
    "1": 0.5013,
    "2": 0.5013,
    "3": 0.5013,
    "4": 0.5013,
    "5": 0.5013,
    "6": 0.5013,
    "7": 0.5013,
    "8": 0.6969,
    "9": 0.5013,
    "10": 0.7268,
    "11": 0.7244,
    "12": 0.7295,
    "13": 0.7268,
    "14": 0.7338,
    "15": 0.7188,
    "16": 0.7306,
    "17": 0.7251,
    "18": 0.7161,
    "19": 0.7165,
    "20": 0.7005,
    "21": 0.5013,
    "22": 0.7131,
    "23": 0.7113,
    "24": 0.7104,
    "25": 0.7035,
    "26": 0.7068,
    "27": 0.6844,
    "28": 0.5014,
    "29": 0.5013,
    "30": 0.6994,
    "31": 0.6971,
    "32": 0.5013
  },
  "test_loss": {
    "0": 0.693231012916565,
    "1": 0.6931523153305054,
    "2": 0.6932578992843628,
    "3": 0.6931894905090332,
    "4": 0.6932058234214783,
    "5": 0.6932270778656006,
    "6": 0.6932415229797363,
    "7": 0.6932760091781616,
    "8": 0.5923120500564575,
    "9": 0.6931888270378113,
    "10": 0.5445233094215393,
    "11": 0.5443663063049317,
    "12": 0.5407539860248566,
    "13": 0.5421607872962951,
    "14": 0.5329964502811432,
    "15": 0.5549630237579346,
    "16": 0.5400331234455109,
    "17": 0.5502932048797607,
    "18": 0.5607250473976135,
    "19": 0.5601427282333374,
    "20": 0.5741223055839538,
    "21": 0.69314965133667,
    "22": 0.5667876411437989,
    "23": 0.5691129518508911,
    "24": 0.5682731880187988,
    "25": 0.5737150241851806,
    "26": 0.5760498897552491,
    "27": 0.5975961248397827,
    "28": 0.6933435460090637,
    "29": 0.6931511241912842,
    "30": 0.5869367895126343,
    "31": 0.5934291538238525,
    "32": 0.6931565126419067
  },
  "drift_final_total_l2": {
    "0": 0.6515682935714722,
    "1": 0.6634129285812378,
    "2": 0.7709075212478638,
    "3": 0.8290383815765381,
    "4": 4.236029148101807,
    "5": 0.532261073589325,
    "6": 0.6937426924705505,
    "7": 0.6938424706459045,
    "8": 8.162065505981445,
    "9": 0.6557075381278992,
    "10": 8.054363250732422,
    "11": 11.619635581970215,
    "12": 8.043258666992188,
    "13": 7.663788795471191,
    "14": 10.138694763183594,
    "15": 7.047253608703613,
    "16": 9.799087524414062,
    "17": 7.773869514465332,
    "18": 6.495787143707275,
    "19": 6.452820301055908,
    "20": 6.259013652801514,
    "21": 0.7194311618804932,
    "22": 7.8699846267700195,
    "23": 5.801236152648926,
    "24": 6.50706672668457,
    "25": 5.926624298095703,
    "26": 5.545056343078613,
    "27": 5.829003810882568,
    "28": 3.684269428253174,
    "29": 1.9140491485595703,
    "30": 5.43406867980957,
    "31": 6.438276767730713,
    "32": 0.6867770552635193
  },
  "probe_type": "mlp",
  "probe_hidden_size": [
    4
  ],