{
  "config": {
    "model_short": "llama",
    "task_name": "somo",
    "dataset": {
      "train": "cache/llama/somo_train/",
      "test": "cache/llama/somo_test/"
    },
    "mdl": {
      "batch_size": 64,
      "probe_type": "mlp",
      "probe_hidden_size": [
        512
      ],
      "num_classes": 2,
      "init_strategy": "mup",
      "init_gamma": null,
      "optimizer": "adamw",
      "train_epochs": 10,
      "lr": 0.001,
      "seed": 142,
      "early_stopping_gap": 3,
      "split_num": 5,
      "split_ratio": 2.0
    },
    "out_dir": "init_results/llama/somo/hidden-512/seed-142/strategy-mup/gamma-na/2026-04-20_21-55-52"
  },
  "train_meta": {
    "dataset": "compling/somo",
    "split": "train",
    "text_col": "text",
    "model": "meta-llama/Meta-Llama-3.1-8B",
    "max_len": 64,
    "hidden_size": 4096,
    "num_hidden_layers": 32,
    "num_states": 33,
    "memmap_file": "last_token_hidden_states.memmap",
    "dtype": "float32",
    "shape": [
      15000,
      33,
      4096
    ]
  },
  "test_meta": {
    "dataset": "compling/somo",
    "split": "test",
    "text_col": "text",
    "model": "meta-llama/Meta-Llama-3.1-8B",
    "max_len": 64,
    "hidden_size": 4096,
    "num_hidden_layers": 32,
    "num_states": 33,
    "memmap_file": "last_token_hidden_states.memmap",
    "dtype": "float32",
    "shape": [
      10000,
      33,
      4096
    ]
  },
  "splits": [
    484,
    968,
    1936,
    3872,
    7740
  ],
  "mdl_sum_ce": {
    "0": 10063.651293754578,
    "1": 10061.281245708466,
    "2": 10057.63112449646,
    "3": 10034.791355609894,
    "4": 9919.477373600006,
    "5": 9688.039439201355,
    "6": 9575.567656517029,
    "7": 9394.156807422638,
    "8": 9046.526101112366,
    "9": 8686.00396156311,
    "10": 8175.961598396301,
    "11": 8154.213074684143,
    "12": 8193.054609775543,
    "13": 8169.984096050262,
    "14": 8237.167541980743,
    "15": 8322.399405479431,
    "16": 8357.695873260498,
    "17": 8541.594448566437,
    "18": 8533.761793136597,
    "19": 8694.50277853012,
    "20": 8688.56766653061,
    "21": 8639.952351093292,
    "22": 8668.061279296875,
    "23": 8755.816864490509,
    "24": 8790.4313621521,
    "25": 8807.083684444427,
    "26": 8864.598340034485,
    "27": 8731.358916282654,
    "28": 8767.649116039276,
    "29": 8766.153327465057,
    "30": 8797.309663772583,
    "31": 8789.492631435394,
    "32": 8853.267944335938
  },
  "mdl_nll": {
    "0": 0.6932799182801445,
    "1": 0.693116646852333,
    "2": 0.6928651918225723,
    "3": 0.6912917715355397,
    "4": 0.6833478488288789,
    "5": 0.6674042049601374,
    "6": 0.6596560799474392,
    "7": 0.6471587770337998,
    "8": 0.6232106710603724,
    "9": 0.5983744806808425,
    "10": 0.5632379166710045,
    "11": 0.5617396717197674,
    "12": 0.5644154456996103,
    "13": 0.5628261295157249,
    "14": 0.5674543635974609,
    "15": 0.5733259441636422,
    "16": 0.5757575002246141,
    "17": 0.5884261813561888,
    "18": 0.5878865936302423,
    "19": 0.59895995994283,
    "20": 0.5985510930373801,
    "21": 0.5952020082042775,
    "22": 0.5971384182486136,
    "23": 0.6031838567436283,
    "24": 0.6055684322232089,
    "25": 0.6067156024004152,
    "26": 0.6106777583380053,
    "27": 0.6014989608902351,
    "28": 0.6039989746513692,
    "29": 0.6038959305225308,
    "30": 0.6060422749912223,
    "31": 0.6055037635323364,
    "32": 0.6098972130294804
  },
  "stopping_epochs_per_stage": {
    "0": [
      1,
      6,
      6,
      6
    ],
    "1": [
      1,
      1,
      1,
      2
    ],
    "2": [
      7,
      2,
      1,
      4
    ],
    "3": [
      5,
      2,
      1,
      10
    ],
    "4": [
      10,
      5,
      10,
      10
    ],
    "5": [
      10,
      10,
      10,
      10
    ],
    "6": [
      10,
      9,
      10,
      9
    ],
    "7": [
      10,
      10,
      9,
      10
    ],
    "8": [
      10,
      8,
      10,
      9
    ],
    "9": [
      10,
      10,
      10,
      9
    ],
    "10": [
      10,
      10,
      10,
      9
    ],
    "11": [
      10,
      10,
      10,
      10
    ],
    "12": [
      10,
      10,
      10,
      10
    ],
    "13": [
      10,
      10,
      10,
      9
    ],
    "14": [
      10,
      10,
      10,
      10
    ],
    "15": [
      10,
      9,
      8,
      8
    ],
    "16": [
      10,
      10,
      10,
      9
    ],
    "17": [
      10,
      10,
      9,
      10
    ],
    "18": [
      10,
      10,
      10,
      9
    ],
    "19": [
      10,
      10,
      10,
      8
    ],
    "20": [
      10,
      10,
      10,
      9
    ],
    "21": [
      10,
      10,
      10,
      8
    ],
    "22": [
      10,
      10,
      10,
      7
    ],
    "23": [
      10,
      8,
      9,
      9
    ],
    "24": [
      10,
      10,
      8,
      10
    ],
    "25": [
      9,
      10,
      8,
      9
    ],
    "26": [
      10,
      10,
      10,
      10
    ],
    "27": [
      7,
      9,
      10,
      9
    ],
    "28": [
      10,
      9,
      10,
      7
    ],
    "29": [
      10,
      10,
      10,
      6
    ],
    "30": [
      10,
      10,
      10,
      8
    ],
    "31": [
      8,
      10,
      8,
      10
    ],
    "32": [
      5,
      8,
      7,
      8
    ]
  },
  "test_acc": {
    "0": 0.4917,
    "1": 0.5004,
    "2": 0.5195,
    "3": 0.5477,
    "4": 0.5989,
    "5": 0.6373,
    "6": 0.6451,
    "7": 0.6633,
    "8": 0.6881,
    "9": 0.708,
    "10": 0.7275,
    "11": 0.7279,
    "12": 0.7323,
    "13": 0.7332,
    "14": 0.7324,
    "15": 0.7199,
    "16": 0.7137,
    "17": 0.722,
    "18": 0.7096,
    "19": 0.7209,
    "20": 0.7159,
    "21": 0.7164,
    "22": 0.709,
    "23": 0.687,
    "24": 0.7131,
    "25": 0.7079,
    "26": 0.6976,
    "27": 0.6716,
    "28": 0.7002,
    "29": 0.7,
    "30": 0.6841,
    "31": 0.6547,
    "32": 0.7006
  },
  "test_loss": {
    "0": 0.693200665473938,
    "1": 0.693226352596283,
    "2": 0.6920395883560181,
    "3": 0.6857456218719482,
    "4": 0.6633704735755921,
    "5": 0.635925544166565,
    "6": 0.6318916761398315,
    "7": 0.6180811631202697,
    "8": 0.5940487835884094,
    "9": 0.570949206161499,
    "10": 0.5389974595546723,
    "11": 0.543082747554779,
    "12": 0.5394843591690064,
    "13": 0.5331823984622955,
    "14": 0.5370836405754089,
    "15": 0.5529456505775452,
    "16": 0.5604581300735474,
    "17": 0.5490674276828766,
    "18": 0.5639046509265899,
    "19": 0.5539848769187927,
    "20": 0.5567783599376679,
    "21": 0.5577184349536896,
    "22": 0.5662575983047485,
    "23": 0.5882233005523682,
    "24": 0.5654412848472595,
    "25": 0.5710146187782288,
    "26": 0.5791901206970215,
    "27": 0.6176226085186005,
    "28": 0.5812287961483001,
    "29": 0.5786448075294495,
    "30": 0.5921896768569946,
    "31": 0.634726491355896,
    "32": 0.576512512588501
  },
  "drift_final_total_l2": {
    "0": 19.274076461791992,
    "1": 35.62543487548828,
    "2": 70.43753051757812,
    "3": 87.64459228515625,
    "4": 97.71150207519531,
    "5": 122.18335723876953,
    "6": 125.62841033935547,
    "7": 118.68980407714844,
    "8": 128.6717987060547,
    "9": 130.31875610351562,
    "10": 138.06739807128906,
    "11": 130.53318786621094,
    "12": 127.2115478515625,
    "13": 129.66685485839844,
    "14": 119.78732299804688,
    "15": 113.25096130371094,
    "16": 112.75534057617188,
    "17": 103.98298645019531,
    "18": 101.0822525024414,
    "19": 91.36119842529297,
    "20": 89.1705322265625,
    "21": 90.33849334716797,
    "22": 87.98499298095703,
    "23": 85.39058685302734,
    "24": 87.32768249511719,
    "25": 79.383056640625,
    "26": 83.03349304199219,
    "27": 71.90581512451172,
    "28": 75.84658813476562,
    "29": 69.43655395507812,
    "30": 69.63943481445312,
    "31": 62.71609115600586,
    "32": 46.376365661621094
  },
  "probe_type": "mlp",
  "probe_hidden_size": [
    512
  ],
  "init_strategy": "mup",