{
  "config": {
    "model_short": "llama",
    "task_name": "somo",
    "dataset": {
      "train": "cache/llama/somo_train/",
      "test": "cache/llama/somo_test/"
    },
    "mdl": {
      "batch_size": 64,
      "probe_type": "mlp",
      "probe_hidden_size": [
        16
      ],
      "num_classes": 2,
      "init_strategy": "ntk",
      "init_gamma": null,
      "optimizer": "sgd",
      "train_epochs": 10,
      "lr": 0.005,
      "seed": 242,
      "early_stopping_gap": 3,
      "split_num": 5,
      "split_ratio": 2.0
    },
    "out_dir": "init_results/llama/somo/hidden-16/seed-242/strategy-ntk/gamma-na/opt-sgd/2026-04-21_06-22-39"
  },
  "train_meta": {
    "dataset": "compling/somo",
    "split": "train",
    "text_col": "text",
    "model": "meta-llama/Meta-Llama-3.1-8B",
    "max_len": 64,
    "hidden_size": 4096,
    "num_hidden_layers": 32,
    "num_states": 33,
    "memmap_file": "last_token_hidden_states.memmap",
    "dtype": "float32",
    "shape": [
      15000,
      33,
      4096
    ]
  },
  "test_meta": {
    "dataset": "compling/somo",
    "split": "test",
    "text_col": "text",
    "model": "meta-llama/Meta-Llama-3.1-8B",
    "max_len": 64,
    "hidden_size": 4096,
    "num_hidden_layers": 32,
    "num_states": 33,
    "memmap_file": "last_token_hidden_states.memmap",
    "dtype": "float32",
    "shape": [
      10000,
      33,
      4096
    ]
  },
  "splits": [
    484,
    968,
    1936,
    3872,
    7740
  ],
  "mdl_sum_ce": {
    "0": 10061.800749778748,
    "1": 10060.940673828125,
    "2": 10060.657550811768,
    "3": 10062.798840999603,
    "4": 10055.678524017334,
    "5": 10044.280132293701,
    "6": 10016.27838897705,
    "7": 9981.14888048172,
    "8": 9969.741374969482,
    "9": 9931.313576698303,
    "10": 9761.32687997818,
    "11": 9570.938422203064,
    "12": 9759.77545452118,
    "13": 9677.596566677094,
    "14": 9715.14841556549,
    "15": 9429.652897834778,
    "16": 9652.783388614655,
    "17": 9351.606803894043,
    "18": 9637.091024398804,
    "19": 9443.30534696579,
    "20": 9431.234573364258,
    "21": 9538.3925614357,
    "22": 9428.419422626495,
    "23": 9429.160952568054,
    "24": 9434.408527374268,
    "25": 9361.525179386139,
    "26": 9453.020090579987,
    "27": 9444.758247852325,
    "28": 9396.005776405334,
    "29": 9338.009449005127,
    "30": 9295.929325580597,
    "31": 9282.851428985596,
    "32": 9304.219756603241
  },
  "mdl_nll": {
    "0": 0.6931524352286269,
    "1": 0.69309318502536,
    "2": 0.6930736808219735,
    "3": 0.6932211932350236,
    "4": 0.6927306781494443,
    "5": 0.691945448628665,
    "6": 0.6900164224977301,
    "7": 0.6875963681786801,
    "8": 0.6868105108135494,
    "9": 0.684163238956896,
    "10": 0.6724529402024098,
    "11": 0.6593371743044271,
    "12": 0.672346063276466,
    "13": 0.666684800680428,
    "14": 0.66927172882099,
    "15": 0.6496040849982625,
    "16": 0.664975433219527,
    "17": 0.6442275285129542,
    "18": 0.6638943940754205,
    "19": 0.6505445954096025,
    "20": 0.6497130458366118,
    "21": 0.6570951061887366,
    "22": 0.649519111506372,
    "23": 0.6495701951342004,
    "24": 0.6499316979453201,
    "25": 0.6449108004537158,
    "26": 0.651213839251859,
    "27": 0.6506446850270271,
    "28": 0.647286151584826,
    "29": 0.6432908135164733,
    "30": 0.6403919348016394,
    "31": 0.6394910050279413,
    "32": 0.640963058459854
  },
  "stopping_epochs_per_stage": {
    "0": [
      10,
      1,
      1,
      10
    ],
    "1": [
      4,
      1,
      1,
      10
    ],
    "2": [
      10,
      1,
      1,
      1
    ],
    "3": [
      10,
      10,
      1,
      10
    ],
    "4": [
      10,
      1,
      1,
      10
    ],
    "5": [
      10,
      9,
      10,
      10
    ],
    "6": [
      10,
      1,
      10,
      10
    ],
    "7": [
      10,
      10,
      10,
      10
    ],
    "8": [
      10,
      10,
      10,
      10
    ],
    "9": [
      10,
      10,
      10,
      10
    ],
    "10": [
      10,
      10,
      10,
      10
    ],
    "11": [
      10,
      10,
      10,
      10
    ],
    "12": [
      10,
      10,
      10,
      10
    ],
    "13": [
      10,
      10,
      10,
      10
    ],
    "14": [
      10,
      10,
      10,
      10
    ],
    "15": [
      10,
      10,
      10,
      10
    ],
    "16": [
      10,
      10,
      10,
      10
    ],
    "17": [
      10,
      10,
      10,
      10
    ],
    "18": [
      10,
      10,
      10,
      10
    ],
    "19": [
      10,
      10,
      10,
      10
    ],
    "20": [
      10,
      10,
      10,
      10
    ],
    "21": [
      10,
      8,
      10,
      10
    ],
    "22": [
      10,
      10,
      9,
      10
    ],
    "23": [
      9,
      10,
      10,
      10
    ],
    "24": [
      10,
      10,
      10,
      10
    ],
    "25": [
      6,
      9,
      6,
      10
    ],
    "26": [
      9,
      10,
      10,
      9
    ],
    "27": [
      9,
      3,
      10,
      10
    ],
    "28": [
      10,
      9,
      10,
      8
    ],
    "29": [
      10,
      8,
      10,
      10
    ],
    "30": [
      8,
      5,
      10,
      9
    ],
    "31": [
      5,
      9,
      7,
      9
    ],
    "32": [
      3,
      9,
      8,
      9
    ]
  },
  "test_acc": {
    "0": 0.4982,
    "1": 0.5005,
    "2": 0.5007,
    "3": 0.5087,
    "4": 0.4997,
    "5": 0.5793,
    "6": 0.5735,
    "7": 0.5789,
    "8": 0.6006,
    "9": 0.6388,
    "10": 0.6824,
    "11": 0.6808,
    "12": 0.6895,
    "13": 0.6938,
    "14": 0.6892,
    "15": 0.6821,
    "16": 0.6707,
    "17": 0.685,
    "18": 0.6657,
    "19": 0.6717,
    "20": 0.6895,
    "21": 0.6834,
    "22": 0.6672,
    "23": 0.6739,
    "24": 0.6849,
    "25": 0.681,
    "26": 0.6774,
    "27": 0.6742,
    "28": 0.6848,
    "29": 0.6729,
    "30": 0.6876,
    "31": 0.6834,
    "32": 0.6676
  },
  "test_loss": {
    "0": 0.6932473980903625,
    "1": 0.6931979619026184,
    "2": 0.6931702714920044,
    "3": 0.6930601723670959,
    "4": 0.693100476360321,
    "5": 0.685652912902832,
    "6": 0.686759668636322,
    "7": 0.6836295212745667,
    "8": 0.6736094471931457,
    "9": 0.66927444896698,
    "10": 0.6394557601928711,
    "11": 0.6155173498153687,
    "12": 0.6174601625442505,
    "13": 0.5956675459861756,
    "14": 0.6177537552833557,
    "15": 0.6172886297225952,
    "16": 0.639095387840271,
    "17": 0.6118457305908203,
    "18": 0.6182579350471497,
    "19": 0.629959923362732,
    "20": 0.60383078622818,
    "21": 0.5993299994468689,
    "22": 0.6081166115760803,
    "23": 0.6163316610336304,
    "24": 0.6028449127197265,
    "25": 0.6070207263946533,
    "26": 0.6052035353660583,
    "27": 0.6085398036003112,
    "28": 0.5988162156105041,
    "29": 0.6033812555313111,
    "30": 0.5946919872283936,
    "31": 0.5902228689193726,
    "32": 0.6102514017105103
  },
  "drift_final_total_l2": {
    "0": 0.018929652869701385,
    "1": 0.02302354760468006,
    "2": 0.041844211518764496,
    "3": 0.05380982533097267,
    "4": 0.05892851948738098,
    "5": 0.3073855936527252,
    "6": 0.2806476056575775,
    "7": 0.33024275302886963,
    "8": 0.4880722165107727,
    "9": 0.5297766327857971,
    "10": 0.7885056138038635,
    "11": 0.93636554479599,
    "12": 0.9146570563316345,
    "13": 1.0463131666183472,
    "14": 0.929563045501709,
    "15": 0.9173463582992554,
    "16": 0.789290726184845,
    "17": 0.9634425044059753,
    "18": 0.9169919490814209,
    "19": 0.8184260129928589,
    "20": 1.005138635635376,
    "21": 1.0131025314331055,
    "22": 1.0430759191513062,
    "23": 0.9432650208473206,
    "24": 0.9766443967819214,
    "25": 0.9794389605522156,
    "26": 0.989898145198822,
    "27": 1.0224272012710571,
    "28": 1.063646912574768,
    "29": 1.0078927278518677,
    "30": 1.029038906097412,
    "31": 1.0575182437896729,
    "32": 0.9025082588195801
  },
  "probe_type": "mlp",
  "probe_hidden_size": [
    16
  ],