{
  "config": {
    "model_short": "llama",
    "task_name": "somo",
    "dataset": {
      "train": "cache/llama/somo_train/",
      "test": "cache/llama/somo_test/"
    },
    "mdl": {
      "batch_size": 64,
      "probe_type": "mlp",
      "probe_hidden_size": [
        4
      ],
      "num_classes": 2,
      "init_strategy": "gamma_second_zero",
      "init_gamma": 1.3,
      "optimizer": "adamw",
      "train_epochs": 10,
      "lr": 0.001,
      "seed": 342,
      "early_stopping_gap": 3,
      "split_num": 5,
      "split_ratio": 2.0
    },
    "out_dir": "init_results/llama/somo/hidden-4/seed-342/strategy-gamma_second_zero/gamma-1.3/opt-adamw/2026-04-25_03-14-34"
  },
  "train_meta": {
    "dataset": "compling/somo",
    "split": "train",
    "text_col": "text",
    "model": "meta-llama/Meta-Llama-3.1-8B",
    "max_len": 64,
    "hidden_size": 4096,
    "num_hidden_layers": 32,
    "num_states": 33,
    "memmap_file": "last_token_hidden_states.memmap",
    "dtype": "float32",
    "shape": [
      15000,
      33,
      4096
    ]
  },
  "test_meta": {
    "dataset": "compling/somo",
    "split": "test",
    "text_col": "text",
    "model": "meta-llama/Meta-Llama-3.1-8B",
    "max_len": 64,
    "hidden_size": 4096,
    "num_hidden_layers": 32,
    "num_states": 33,
    "memmap_file": "last_token_hidden_states.memmap",
    "dtype": "float32",
    "shape": [
      10000,
      33,
      4096
    ]
  },
  "splits": [
    484,
    968,
    1936,
    3872,
    7740
  ],
  "mdl_sum_ce": {
    "0": 10060.833584785461,
    "1": 10060.848197460175,
    "2": 10058.001282215118,
    "3": 10056.824023246765,
    "4": 10060.641375541687,
    "5": 9672.870077133179,
    "6": 9552.578759670258,
    "7": 9526.496690750122,
    "8": 9149.789119243622,
    "9": 8612.519995212555,
    "10": 8316.549424171448,
    "11": 8675.686672210693,
    "12": 8787.289620399475,
    "13": 8410.946811199188,
    "14": 8391.989469528198,
    "15": 8568.712934017181,
    "16": 8940.512971401215,
    "17": 8585.535947799683,
    "18": 9559.985560894012,
    "19": 8837.042538642883,
    "20": 9015.772686004639,
    "21": 9748.63235282898,
    "22": 8762.248042106628,
    "23": 9641.007442951202,
    "24": 9681.741877555847,
    "25": 8897.845572471619,
    "26": 8808.135738372803,
    "27": 8890.724878311157,
    "28": 9683.308726787567,
    "29": 8875.950654029846,
    "30": 9785.78900194168,
    "31": 9128.12884235382,
    "32": 9977.207510948181
  },
  "mdl_nll": {
    "0": 0.6930858077146226,
    "1": 0.6930868143744954,
    "2": 0.6928906918031909,
    "3": 0.6928095910200307,
    "4": 0.6930725665156853,
    "5": 0.6663591951731316,
    "6": 0.6580723863096072,
    "7": 0.6562756055903914,
    "8": 0.6303244088759729,
    "9": 0.593312206889815,
    "10": 0.5729229418690719,
    "11": 0.5976637277632056,
    "12": 0.6053519992008456,
    "13": 0.5794259307797732,
    "14": 0.5781199689672223,
    "15": 0.5902943602932751,
    "16": 0.6159074794296786,
    "17": 0.5914532893221054,
    "18": 0.6585826371516955,
    "19": 0.608779452923869,
    "20": 0.621092083632174,
    "21": 0.6715784205586236,
    "22": 0.6036268973619887,
    "23": 0.6641641941961424,
    "24": 0.6669703690793501,
    "25": 0.6129681435982102,
    "26": 0.6067880778708186,
    "27": 0.6124776025290133,
    "28": 0.6670783085414417,
    "29": 0.6114598135870657,
    "30": 0.6741381235837477,
    "31": 0.628832243204314,
    "32": 0.687324849197312
  },
  "stopping_epochs_per_stage": {
    "0": [
      5,
      1,
      1,
      3
    ],
    "1": [
      9,
      2,
      1,
      4
    ],
    "2": [
      5,
      1,
      1,
      9
    ],
    "3": [
      10,
      1,
      8,
      2
    ],
    "4": [
      5,
      1,
      1,
      2
    ],
    "5": [
      10,
      10,
      9,
      10
    ],
    "6": [
      9,
      10,
      9,
      10
    ],
    "7": [
      10,
      10,
      1,
      9
    ],
    "8": [
      10,
      1,
      10,
      10
    ],
    "9": [
      10,
      9,
      10,
      10
    ],
    "10": [
      10,
      10,
      10,
      10
    ],
    "11": [
      10,
      10,
      1,
      6
    ],
    "12": [
      10,
      10,
      1,
      9
    ],
    "13": [
      10,
      10,
      10,
      9
    ],
    "14": [
      10,
      10,
      10,
      10
    ],
    "15": [
      10,
      10,
      10,
      8
    ],
    "16": [
      9,
      9,
      1,
      9
    ],
    "17": [
      10,
      10,
      10,
      10
    ],
    "18": [
      10,
      10,
      8,
      2
    ],
    "19": [
      10,
      2,
      10,
      9
    ],
    "20": [
      10,
      10,
      1,
      10
    ],
    "21": [
      10,
      2,
      10,
      3
    ],
    "22": [
      10,
      9,
      10,
      9
    ],
    "23": [
      9,
      9,
      9,
      5
    ],
    "24": [
      10,
      8,
      10,
      6
    ],
    "25": [
      10,
      10,
      10,
      8
    ],
    "26": [
      9,
      10,
      9,
      10
    ],
    "27": [
      9,
      2,
      9,
      10
    ],
    "28": [
      10,
      10,
      10,
      4
    ],
    "29": [
      7,
      1,
      9,
      5
    ],
    "30": [
      9,
      1,
      9,
      2
    ],
    "31": [
      10,
      1,
      1,
      6
    ],
    "32": [
      1,
      7,
      1,
      4
    ]
  },
  "test_acc": {
    "0": 0.5013,
    "1": 0.5013,
    "2": 0.5013,
    "3": 0.5013,
    "4": 0.5013,
    "5": 0.6364,
    "6": 0.5013,
    "7": 0.6369,
    "8": 0.6898,
    "9": 0.7062,
    "10": 0.5013,
    "11": 0.7293,
    "12": 0.73,
    "13": 0.7327,
    "14": 0.7296,
    "15": 0.7183,
    "16": 0.7241,
    "17": 0.7253,
    "18": 0.7224,
    "19": 0.7153,
    "20": 0.7182,
    "21": 0.7144,
    "22": 0.7075,
    "23": 0.71,
    "24": 0.707,
    "25": 0.7019,
    "26": 0.6975,
    "27": 0.688,
    "28": 0.6528,
    "29": 0.6952,
    "30": 0.6953,
    "31": 0.6993,
    "32": 0.6533
  },
  "test_loss": {
    "0": 0.6932118865966796,
    "1": 0.6931939956665039,
    "2": 0.6931626121520996,
    "3": 0.6931732951164246,
    "4": 0.6931619090080261,
    "5": 0.6375449293136597,
    "6": 0.693156067276001,
    "7": 0.6368757915496827,
    "8": 0.5953270632743836,
    "9": 0.5737872482299805,
    "10": 0.6931568007469178,
    "11": 0.5436049958229064,
    "12": 0.5420804066181183,
    "13": 0.5310277668476104,
    "14": 0.537259374332428,
    "15": 0.5597531424999237,
    "16": 0.5492159045219421,
    "17": 0.5496179567337036,
    "18": 0.5555363615036011,
    "19": 0.5675621303558349,
    "20": 0.5630970204353333,
    "21": 0.5608850758552552,
    "22": 0.56675574426651,
    "23": 0.5716859958648681,
    "24": 0.5765353199005127,
    "25": 0.5745225648880005,
    "26": 0.579070433807373,
    "27": 0.5925533094406128,
    "28": 0.6341876342773437,
    "29": 0.5874200622558594,
    "30": 0.5855759021759033,
    "31": 0.5790785588264465,
    "32": 0.626895885181427
  },
  "drift_final_total_l2": {
    "0": 0.6049013137817383,
    "1": 0.6356682181358337,
    "2": 0.6086777448654175,
    "3": 1.793984293937683,
    "4": 0.6689045429229736,
    "5": 8.978437423706055,
    "6": 0.7386603355407715,
    "7": 7.979172229766846,
    "8": 9.105683326721191,
    "9": 11.082531929016113,
    "10": 0.7764171957969666,
    "11": 8.207110404968262,
    "12": 9.271728515625,
    "13": 10.031558990478516,
    "14": 7.482242584228516,
    "15": 8.342759132385254,
    "16": 7.0444841384887695,
    "17": 9.624185562133789,
    "18": 8.397761344909668,
    "19": 6.261510372161865,
    "20": 6.581357002258301,
    "21": 8.39907455444336,
    "22": 8.892790794372559,
    "23": 5.970864772796631,
    "24": 9.262258529663086,
    "25": 8.901703834533691,
    "26": 6.955625057220459,
    "27": 5.39265775680542,
    "28": 6.827099323272705,
    "29": 6.4998064041137695,
    "30": 5.031486511230469,
    "31": 4.885433673858643,
    "32": 5.377978324890137
  },
  "probe_type": "mlp",
  "probe_hidden_size": [
    4
  ],