{
  "config": {
    "model_short": "llama",
    "task_name": "somo",
    "dataset": {
      "train": "cache/llama/somo_train/",
      "test": "cache/llama/somo_test/"
    },
    "mdl": {
      "batch_size": 64,
      "probe_type": "mlp",
      "probe_hidden_size": [
        1448
      ],
      "num_classes": 2,
      "init_strategy": "gamma_second_zero",
      "init_gamma": 1.1,
      "optimizer": "adamw",
      "train_epochs": 10,
      "lr": 0.001,
      "seed": 342,
      "early_stopping_gap": 3,
      "split_num": 5,
      "split_ratio": 2.0
    },
    "out_dir": "init_results/llama/somo/hidden-1448/seed-342/strategy-gamma_second_zero/gamma-1.1/opt-adamw/2026-04-25_03-38-47"
  },
  "train_meta": {
    "dataset": "compling/somo",
    "split": "train",
    "text_col": "text",
    "model": "meta-llama/Meta-Llama-3.1-8B",
    "max_len": 64,
    "hidden_size": 4096,
    "num_hidden_layers": 32,
    "num_states": 33,
    "memmap_file": "last_token_hidden_states.memmap",
    "dtype": "float32",
    "shape": [
      15000,
      33,
      4096
    ]
  },
  "test_meta": {
    "dataset": "compling/somo",
    "split": "test",
    "text_col": "text",
    "model": "meta-llama/Meta-Llama-3.1-8B",
    "max_len": 64,
    "hidden_size": 4096,
    "num_hidden_layers": 32,
    "num_states": 33,
    "memmap_file": "last_token_hidden_states.memmap",
    "dtype": "float32",
    "shape": [
      10000,
      33,
      4096
    ]
  },
  "splits": [
    484,
    968,
    1936,
    3872,
    7740
  ],
  "mdl_sum_ce": {
    "0": 10060.766194820404,
    "1": 10060.380401611328,
    "2": 10049.935924053192,
    "3": 10014.498538017273,
    "4": 9751.11440896988,
    "5": 9490.106567382812,
    "6": 9436.275840759277,
    "7": 9222.768832683563,
    "8": 8861.815812587738,
    "9": 8517.93685722351,
    "10": 8055.108355998993,
    "11": 8174.563872337341,
    "12": 8103.751800537109,
    "13": 8082.4435749053955,
    "14": 8293.875515937805,
    "15": 8445.70674943924,
    "16": 8427.9466547966,
    "17": 8486.562301397324,
    "18": 8521.84289932251,
    "19": 8626.360732078552,
    "20": 8644.823927879333,
    "21": 8669.258863449097,
    "22": 8660.606430053711,
    "23": 8779.287689685822,
    "24": 8862.966355323792,
    "25": 8777.252730846405,
    "26": 8856.02776813507,
    "27": 8790.502314090729,
    "28": 8782.213171482086,
    "29": 8793.011142730713,
    "30": 8866.43147277832,
    "31": 8760.153758049011,
    "32": 8976.60249376297
  },
  "mdl_nll": {
    "0": 0.6930811652535412,
    "1": 0.6930545881517862,
    "2": 0.6923350733020937,
    "3": 0.6898938094528295,
    "4": 0.6717494081682198,
    "5": 0.653768708141555,
    "6": 0.6500603362330722,
    "7": 0.6353519449354893,
    "8": 0.6104860714100122,
    "9": 0.5867964216880346,
    "10": 0.5549123970790157,
    "11": 0.5631416280199326,
    "12": 0.5582634197118428,
    "13": 0.5567955066757644,
    "14": 0.5713609476396945,
    "15": 0.5818205255882639,
    "16": 0.5805970415263572,
    "17": 0.5846350441855417,
    "18": 0.5870655069800572,
    "19": 0.5942656883493078,
    "20": 0.5955376086993203,
    "21": 0.5972209192235531,
    "22": 0.5966248574024325,
    "23": 0.6048007501850249,
    "24": 0.6105653317252543,
    "25": 0.6046605628855336,
    "26": 0.610087335914513,
    "27": 0.605573320066873,
    "28": 0.6050022851668563,
    "29": 0.6057461520205781,
    "30": 0.6108040419384348,
    "31": 0.6034826231778045,
    "32": 0.6183936686251702
  },
  "stopping_epochs_per_stage": {
    "0": [
      2,
      2,
      5,
      2
    ],
    "1": [
      2,
      1,
      1,
      1
    ],
    "2": [
      2,
      2,
      2,
      9
    ],
    "3": [
      1,
      2,
      5,
      5
    ],
    "4": [
      1,
      2,
      7,
      8
    ],
    "5": [
      2,
      4,
      7,
      8
    ],
    "6": [
      4,
      9,
      8,
      6
    ],
    "7": [
      7,
      4,
      8,
      9
    ],
    "8": [
      7,
      8,
      7,
      7
    ],
    "9": [
      8,
      4,
      3,
      6
    ],
    "10": [
      6,
      4,
      3,
      4
    ],
    "11": [
      6,
      6,
      2,
      5
    ],
    "12": [
      4,
      5,
      3,
      3
    ],
    "13": [
      7,
      6,
      5,
      6
    ],
    "14": [
      5,
      6,
      4,
      2
    ],
    "15": [
      5,
      3,
      4,
      4
    ],
    "16": [
      2,
      3,
      2,
      5
    ],
    "17": [
      5,
      5,
      4,
      3
    ],
    "18": [
      6,
      6,
      6,
      6
    ],
    "19": [
      2,
      6,
      4,
      8
    ],
    "20": [
      5,
      5,
      3,
      6
    ],
    "21": [
      4,
      4,
      5,
      4
    ],
    "22": [
      3,
      6,
      5,
      8
    ],
    "23": [
      3,
      6,
      5,
      5
    ],
    "24": [
      5,
      4,
      6,
      4
    ],
    "25": [
      3,
      4,
      5,
      6
    ],
    "26": [
      2,
      5,
      3,
      4
    ],
    "27": [
      5,
      3,
      6,
      5
    ],
    "28": [
      4,
      6,
      3,
      5
    ],
    "29": [
      2,
      4,
      4,
      4
    ],
    "30": [
      3,
      6,
      3,
      5
    ],
    "31": [
      5,
      5,
      3,
      5
    ],
    "32": [
      4,
      1,
      4,
      7
    ]
  },
  "test_acc": {
    "0": 0.5013,
    "1": 0.5033,
    "2": 0.5257,
    "3": 0.5538,
    "4": 0.6029,
    "5": 0.6362,
    "6": 0.6404,
    "7": 0.6606,
    "8": 0.693,
    "9": 0.6825,
    "10": 0.7159,
    "11": 0.7302,
    "12": 0.717,
    "13": 0.7285,
    "14": 0.7285,
    "15": 0.7247,
    "16": 0.7146,
    "17": 0.7107,
    "18": 0.7148,
    "19": 0.7208,
    "20": 0.7158,
    "21": 0.7173,
    "22": 0.7126,
    "23": 0.7083,
    "24": 0.6995,
    "25": 0.6941,
    "26": 0.7015,
    "27": 0.6548,
    "28": 0.7035,
    "29": 0.6894,
    "30": 0.6989,
    "31": 0.6995,
    "32": 0.6869
  },
  "test_loss": {
    "0": 0.6932693542480469,
    "1": 0.6936820279121398,
    "2": 0.6931577871322632,
    "3": 0.6848517824172974,
    "4": 0.6618683090209961,
    "5": 0.6434049439430237,
    "6": 0.6396453375816346,
    "7": 0.6283467685699463,
    "8": 0.5936353177070618,
    "9": 0.607092804813385,
    "10": 0.5695155635833741,
    "11": 0.5547232083320618,
    "12": 0.5667433212280274,
    "13": 0.5762895095825196,
    "14": 0.5808338593482971,
    "15": 0.5528060550689697,
    "16": 0.5721145625591278,
    "17": 0.5899507620334625,
    "18": 0.5670896516799927,
    "19": 0.5624309436798096,
    "20": 0.5726905427932739,
    "21": 0.554947998380661,
    "22": 0.5774921635150909,
    "23": 0.5798680936813354,
    "24": 0.5784617431640625,
    "25": 0.5973043762207031,
    "26": 0.5892533069610596,
    "27": 0.6610389385223389,
    "28": 0.6001516383171082,
    "29": 0.6009264711380005,
    "30": 0.6013021541595459,
    "31": 0.5936529008865357,
    "32": 0.6001544538497925
  },
  "drift_final_total_l2": {
    "0": 11.700716972351074,
    "1": 20.564661026000977,
    "2": 24.396181106567383,
    "3": 27.128122329711914,
    "4": 38.850135803222656,
    "5": 32.58294677734375,
    "6": 44.72882080078125,
    "7": 36.19668960571289,
    "8": 34.51521301269531,
    "9": 42.651695251464844,
    "10": 40.724037170410156,
    "11": 65.83831024169922,
    "12": 38.840328216552734,
    "13": 60.07157516479492,
    "14": 69.42101287841797,
    "15": 33.51852798461914,
    "16": 45.707847595214844,
    "17": 55.57515335083008,
    "18": 34.38943099975586,
    "19": 28.340835571289062,
    "20": 39.317047119140625,
    "21": 24.27615737915039,
    "22": 37.94293212890625,
    "23": 31.378135681152344,
    "24": 26.939455032348633,
    "25": 37.7001953125,
    "26": 31.981388092041016,
    "27": 26.672405242919922,
    "28": 29.765323638916016,
    "29": 23.106830596923828,
    "30": 31.461191177368164,
    "31": 23.792518615722656,
    "32": 21.09733772277832
  },
  "probe_type": "mlp",
  "probe_hidden_size": [
    1448
  ],
  "init_strategy": "gamma_second_zero",
  "init_gamma": 1.1,