{
  "config": {
    "model_short": "llama",
    "task_name": "somo",
    "dataset": {
      "train": "cache/llama/somo_train/",
      "test": "cache/llama/somo_test/"
    },
    "mdl": {
      "batch_size": 64,
      "probe_type": "mlp",
      "probe_hidden_size": [
        512
      ],
      "num_classes": 2,
      "init_strategy": "mup",
      "init_gamma": null,
      "optimizer": "adam",
      "train_epochs": 20,
      "lr": 3.0517578125e-05,
      "seed": 442,
      "early_stopping_gap": 3,
      "split_num": 5,
      "split_ratio": 2.0
    },
    "out_dir": "muP_results/llama/somo/hidden-512/seed-442/strategy-mup/opt-adam/2026-04-28_20-32-48"
  },
  "train_meta": {
    "dataset": "compling/somo",
    "split": "train",
    "text_col": "text",
    "model": "meta-llama/Meta-Llama-3.1-8B",
    "max_len": 64,
    "hidden_size": 4096,
    "num_hidden_layers": 32,
    "num_states": 33,
    "memmap_file": "last_token_hidden_states.memmap",
    "dtype": "float32",
    "shape": [
      15000,
      33,
      4096
    ]
  },
  "test_meta": {
    "dataset": "compling/somo",
    "split": "test",
    "text_col": "text",
    "model": "meta-llama/Meta-Llama-3.1-8B",
    "max_len": 64,
    "hidden_size": 4096,
    "num_hidden_layers": 32,
    "num_states": 33,
    "memmap_file": "last_token_hidden_states.memmap",
    "dtype": "float32",
    "shape": [
      10000,
      33,
      4096
    ]
  },
  "splits": [
    484,
    968,
    1936,
    3872,
    7740
  ],
  "mdl_sum_ce": {
    "0": 10061.197174072266,
    "1": 10061.261406898499,
    "2": 10060.98640871048,
    "3": 10054.885362625122,
    "4": 10018.807354927063,
    "5": 9965.249490737915,
    "6": 9954.522271633148,
    "7": 9917.729128837585,
    "8": 9814.548952102661,
    "9": 9644.75299358368,
    "10": 9403.9026927948,
    "11": 9345.381478309631,
    "12": 9348.49022769928,
    "13": 9258.631753921509,
    "14": 9267.936007022858,
    "15": 9311.339850902557,
    "16": 9380.953237056732,
    "17": 9406.706665039062,
    "18": 9442.610229969025,
    "19": 9449.686246871948,
    "20": 9457.875517845154,
    "21": 9437.944880962372,
    "22": 9438.423712730408,
    "23": 9463.72072839737,
    "24": 9445.78596496582,
    "25": 9441.599905014038,
    "26": 9425.745209217072,
    "27": 9380.699498653412,
    "28": 9361.281977653503,
    "29": 9331.376046657562,
    "30": 9271.375670433044,
    "31": 9144.708536148071,
    "32": 8982.756099700928
  },
  "mdl_nll": {
    "0": 0.6931108551992468,
    "1": 0.6931152801666092,
    "2": 0.6930963356785946,
    "3": 0.692676037656732,
    "4": 0.6901906417006795,
    "5": 0.6865010671492088,
    "6": 0.685762074375389,
    "7": 0.6832274131191503,
    "8": 0.6761193822060252,
    "9": 0.6644222233110829,
    "10": 0.6478301662162304,
    "11": 0.6437986689383874,
    "12": 0.6440128291333205,
    "13": 0.6378225236925812,
    "14": 0.638463489048144,
    "15": 0.6414535582049158,
    "16": 0.6462491896567052,
    "17": 0.6480233304656284,
    "18": 0.6504967091463919,
    "19": 0.6509841724216002,
    "20": 0.6515483272144637,
    "21": 0.650175315580213,
    "22": 0.6502083020618908,
    "23": 0.6519510008540486,
    "24": 0.6507154839463916,
    "25": 0.6504271083641525,
    "26": 0.6493348862783874,
    "27": 0.646231709744655,
    "28": 0.6448940464076539,
    "29": 0.6428338417372252,
    "30": 0.6387004457449053,
    "31": 0.6299744100405119,
    "32": 0.6188175874690637
  },
  "stopping_epochs_per_stage": {
    "0": [
      1,
      7,
      18,
      6
    ],
    "1": [
      1,
      1,
      8,
      2
    ],
    "2": [
      1,
      5,
      4,
      20
    ],
    "3": [
      1,
      20,
      17,
      20
    ],
    "4": [
      1,
      20,
      20,
      20
    ],
    "5": [
      1,
      20,
      20,
      20
    ],
    "6": [
      1,
      20,
      20,
      20
    ],
    "7": [
      1,
      20,
      20,
      20
    ],
    "8": [
      1,
      20,
      20,
      20
    ],
    "9": [
      1,
      20,
      20,
      20
    ],
    "10": [
      20,
      20,
      20,
      20
    ],
    "11": [
      20,
      20,
      20,
      20
    ],
    "12": [
      20,
      20,
      20,
      20
    ],
    "13": [
      20,
      20,
      20,
      20
    ],
    "14": [
      20,
      20,
      20,
      20
    ],
    "15": [
      20,
      20,
      20,
      20
    ],
    "16": [
      20,
      20,
      20,
      20
    ],
    "17": [
      19,
      20,
      20,
      20
    ],
    "18": [
      2,
      20,
      20,
      20
    ],
    "19": [
      1,
      20,
      20,
      20
    ],
    "20": [
      1,
      20,
      20,
      20
    ],
    "21": [
      20,
      20,
      20,
      20
    ],
    "22": [
      2,
      20,
      20,
      20
    ],
    "23": [
      1,
      20,
      20,
      20
    ],
    "24": [
      2,
      20,
      20,
      20
    ],
    "25": [
      1,
      20,
      20,
      20
    ],
    "26": [
      3,
      20,
      20,
      20
    ],
    "27": [
      1,
      20,
      20,
      20
    ],
    "28": [
      2,
      20,
      20,
      20
    ],
    "29": [
      1,
      20,
      20,
      20
    ],
    "30": [
      1,
      20,
      20,
      20
    ],
    "31": [
      20,
      20,
      20,
      20
    ],
    "32": [
      7,
      20,
      20,
      20
    ]
  },
  "test_acc": {
    "0": 0.4982,
    "1": 0.4983,
    "2": 0.5056,
    "3": 0.5317,
    "4": 0.5699,
    "5": 0.6016,
    "6": 0.6005,
    "7": 0.6188,
    "8": 0.6475,
    "9": 0.6747,
    "10": 0.701,
    "11": 0.7023,
    "12": 0.6988,
    "13": 0.705,
    "14": 0.7006,
    "15": 0.6991,
    "16": 0.6964,
    "17": 0.6947,
    "18": 0.6911,
    "19": 0.686,
    "20": 0.688,
    "21": 0.687,
    "22": 0.6857,
    "23": 0.6834,
    "24": 0.6817,
    "25": 0.6808,
    "26": 0.6794,
    "27": 0.6826,
    "28": 0.6801,
    "29": 0.6825,
    "30": 0.6805,
    "31": 0.685,
    "32": 0.6859
  },
  "test_loss": {
    "0": 0.6933127447128296,
    "1": 0.6932224046707154,
    "2": 0.6929152446746826,
    "3": 0.6914369718551636,
    "4": 0.6843650475502014,
    "5": 0.6749854835510254,
    "6": 0.6733002323150635,
    "7": 0.6679044322967529,
    "8": 0.6533102392196656,
    "9": 0.6292999830245972,
    "10": 0.5990121892929077,
    "11": 0.5966260829925537,
    "12": 0.5980209902763367,
    "13": 0.5889090087890625,
    "14": 0.5906769628524781,
    "15": 0.5933525341033935,
    "16": 0.6004346124649048,
    "17": 0.6018510540008545,
    "18": 0.6030430032730103,
    "19": 0.6062526803970337,
    "20": 0.6078794054985046,
    "21": 0.6084748824119568,
    "22": 0.6061486952781677,
    "23": 0.6091814821243287,
    "24": 0.6088495331764221,
    "25": 0.608716921043396,
    "26": 0.608995136833191,
    "27": 0.6066439837455749,
    "28": 0.6051818448066711,
    "29": 0.6035175581932067,
    "30": 0.6018279062271118,
    "31": 0.5963873097419738,
    "32": 0.5890648601531983
  },
  "drift_final_total_l2": {
    "0": 3.8885769844055176,
    "1": 6.467271327972412,
    "2": 8.903735160827637,
    "3": 11.207517623901367,
    "4": 17.854013442993164,
    "5": 20.981521606445312,
    "6": 20.162439346313477,
    "7": 21.891422271728516,
    "8": 26.154603958129883,
    "9": 31.327665328979492,
    "10": 35.86419677734375,
    "11": 35.635643005371094,
    "12": 34.60188674926758,
    "13": 33.4677734375,
    "14": 31.959381103515625,
    "15": 31.042184829711914,
    "16": 28.9630069732666,
    "17": 26.80467987060547,
    "18": 24.87645149230957,
    "19": 23.103853225708008,
    "20": 22.361499786376953,
    "21": 21.306175231933594,
    "22": 20.554529190063477,
    "23": 19.54775619506836,
    "24": 18.63380241394043,
    "25": 18.316913604736328,
    "26": 18.160011291503906,
    "27": 17.243144989013672,
    "28": 16.85271644592285,
    "29": 16.357648849487305,
    "30": 15.770096778869629,
    "31": 14.268272399902344,
    "32": 8.975003242492676
  },
  "probe_type": "mlp",
  "probe_hidden_size": [
    512
  ],