{
  "config": {
    "model_short": "llama",
    "task_name": "somo",
    "dataset": {
      "train": "cache/llama/somo_train/",
      "test": "cache/llama/somo_test/"
    },
    "mdl": {
      "batch_size": 64,
      "probe_type": "mlp",
      "probe_hidden_size": [
        128
      ],
      "num_classes": 2,
      "init_strategy": "mup",
      "init_gamma": null,
      "optimizer": "adam",
      "train_epochs": 20,
      "lr": 0.0001220703125,
      "seed": 142,
      "early_stopping_gap": 3,
      "split_num": 5,
      "split_ratio": 2.0
    },
    "out_dir": "muP_results/llama/somo/hidden-128/seed-142/strategy-mup/opt-adam/2026-04-28_17-41-34"
  },
  "train_meta": {
    "dataset": "compling/somo",
    "split": "train",
    "text_col": "text",
    "model": "meta-llama/Meta-Llama-3.1-8B",
    "max_len": 64,
    "hidden_size": 4096,
    "num_hidden_layers": 32,
    "num_states": 33,
    "memmap_file": "last_token_hidden_states.memmap",
    "dtype": "float32",
    "shape": [
      15000,
      33,
      4096
    ]
  },
  "test_meta": {
    "dataset": "compling/somo",
    "split": "test",
    "text_col": "text",
    "model": "meta-llama/Meta-Llama-3.1-8B",
    "max_len": 64,
    "hidden_size": 4096,
    "num_hidden_layers": 32,
    "num_states": 33,
    "memmap_file": "last_token_hidden_states.memmap",
    "dtype": "float32",
    "shape": [
      10000,
      33,
      4096
    ]
  },
  "splits": [
    484,
    968,
    1936,
    3872,
    7740
  ],
  "mdl_sum_ce": {
    "0": 10060.358670711517,
    "1": 10060.80812883377,
    "2": 10061.465191841125,
    "3": 10044.367768287659,
    "4": 9924.544511795044,
    "5": 9776.786987304688,
    "6": 9759.902087211609,
    "7": 9656.971754074097,
    "8": 9422.29201889038,
    "9": 9037.76334476471,
    "10": 8618.14612197876,
    "11": 8590.372114181519,
    "12": 8639.159281253815,
    "13": 8554.667130947113,
    "14": 8599.865501403809,
    "15": 8613.187633037567,
    "16": 8695.472838878632,
    "17": 8757.560689926147,
    "18": 8793.212349891663,
    "19": 8850.13703584671,
    "20": 8861.105295181274,
    "21": 8856.896861076355,
    "22": 8868.6436252594,
    "23": 8912.157320976257,
    "24": 8911.221729278564,
    "25": 8929.370356559753,
    "26": 8914.664071083069,
    "27": 8887.87832069397,
    "28": 8854.074682235718,
    "29": 8856.762050628662,
    "30": 8822.55992269516,
    "31": 8777.614095687866,
    "32": 8886.44089603424
  },
  "mdl_nll": {
    "0": 0.6930530911209367,
    "1": 0.6930840540668071,
    "2": 0.693129318809667,
    "3": 0.6919514858285795,
    "4": 0.6836969214518492,
    "5": 0.6735179792852499,
    "6": 0.6723547869393502,
    "7": 0.6652639676270389,
    "8": 0.6490969977190949,
    "9": 0.6226070091460946,
    "10": 0.5936997879566519,
    "11": 0.5917864504120638,
    "12": 0.5951473740185874,
    "13": 0.5893267519252626,
    "14": 0.5924404451228857,
    "15": 0.5933582001265891,
    "16": 0.5990267869164116,
    "17": 0.6033039880081391,
    "18": 0.6057600130815419,
    "19": 0.6096815263052294,
    "20": 0.6104371242202586,
    "21": 0.6101472072937693,
    "22": 0.6109564360195232,
    "23": 0.6139540728145672,
    "24": 0.6138896203691488,
    "25": 0.6151398702507408,
    "26": 0.6141267615791588,
    "27": 0.6122815045945144,
    "28": 0.6099527888010277,
    "29": 0.6101379202692658,
    "30": 0.6077817527345798,
    "31": 0.6046854571292275,
    "32": 0.6121824811266355
  },
  "stopping_epochs_per_stage": {
    "0": [
      1,
      20,
      11,
      1
    ],
    "1": [
      1,
      10,
      10,
      1
    ],
    "2": [
      18,
      3,
      12,
      1
    ],
    "3": [
      20,
      4,
      20,
      13
    ],
    "4": [
      20,
      20,
      20,
      20
    ],
    "5": [
      20,
      20,
      20,
      20
    ],
    "6": [
      20,
      20,
      19,
      20
    ],
    "7": [
      20,
      20,
      20,
      20
    ],
    "8": [
      20,
      20,
      20,
      19
    ],
    "9": [
      20,
      20,
      20,
      20
    ],
    "10": [
      20,
      20,
      20,
      20
    ],
    "11": [
      20,
      20,
      20,
      19
    ],
    "12": [
      20,
      20,
      20,
      20
    ],
    "13": [
      20,
      20,
      19,
      20
    ],
    "14": [
      20,
      20,
      20,
      19
    ],
    "15": [
      20,
      20,
      20,
      20
    ],
    "16": [
      20,
      20,
      20,
      19
    ],
    "17": [
      20,
      20,
      20,
      20
    ],
    "18": [
      20,
      20,
      20,
      20
    ],
    "19": [
      20,
      20,
      20,
      19
    ],
    "20": [
      20,
      20,
      20,
      20
    ],
    "21": [
      20,
      19,
      20,
      20
    ],
    "22": [
      20,
      20,
      20,
      19
    ],
    "23": [
      20,
      20,
      19,
      20
    ],
    "24": [
      20,
      20,
      20,
      20
    ],
    "25": [
      20,
      20,
      20,
      19
    ],
    "26": [
      20,
      18,
      19,
      20
    ],
    "27": [
      20,
      20,
      20,
      18
    ],
    "28": [
      20,
      20,
      20,
      20
    ],
    "29": [
      20,
      20,
      20,
      20
    ],
    "30": [
      20,
      20,
      20,
      20
    ],
    "31": [
      20,
      20,
      19,
      18
    ],
    "32": [
      17,
      8,
      13,
      16
    ]
  },
  "test_acc": {
    "0": 0.4982,
    "1": 0.5008,
    "2": 0.5153,
    "3": 0.544,
    "4": 0.581,
    "5": 0.6217,
    "6": 0.6247,
    "7": 0.646,
    "8": 0.6757,
    "9": 0.6891,
    "10": 0.7203,
    "11": 0.7223,
    "12": 0.7208,
    "13": 0.7247,
    "14": 0.7196,
    "15": 0.7152,
    "16": 0.717,
    "17": 0.7145,
    "18": 0.7089,
    "19": 0.7082,
    "20": 0.7089,
    "21": 0.712,
    "22": 0.7111,
    "23": 0.7049,
    "24": 0.7044,
    "25": 0.7038,
    "26": 0.6918,
    "27": 0.7037,
    "28": 0.6982,
    "29": 0.7007,
    "30": 0.7034,
    "31": 0.6979,
    "32": 0.6895
  },
  "test_loss": {
    "0": 0.6932937885284424,
    "1": 0.6931625484466553,
    "2": 0.6923541896820068,
    "3": 0.688393807220459,
    "4": 0.6722262184143066,
    "5": 0.6501267669677734,
    "6": 0.6492100774765015,
    "7": 0.6339188980102539,
    "8": 0.6076614511489868,
    "9": 0.587792939567566,
    "10": 0.5523931690216064,
    "11": 0.5540420375347137,
    "12": 0.5532244630813599,
    "13": 0.5477702647209167,
    "14": 0.5512504473686218,
    "15": 0.5561106435775757,
    "16": 0.5598366406440735,
    "17": 0.5618946666717529,
    "18": 0.5653725671768188,
    "19": 0.5669069708347321,
    "20": 0.5717893107414246,
    "21": 0.5672400589942932,
    "22": 0.5689860216140747,
    "23": 0.5749206489562988,
    "24": 0.5759482507705689,
    "25": 0.5750166443824768,
    "26": 0.5816304975509644,
    "27": 0.575042489528656,
    "28": 0.575200463962555,
    "29": 0.5741588565826417,
    "30": 0.5747530488014221,
    "31": 0.5774758153915406,
    "32": 0.5855844570159912
  },
  "drift_final_total_l2": {
    "0": 2.475895643234253,
    "1": 9.864456176757812,
    "2": 16.204727172851562,
    "3": 19.284923553466797,
    "4": 28.107959747314453,
    "5": 30.16901969909668,
    "6": 28.366043090820312,
    "7": 30.93778419494629,
    "8": 33.547447204589844,
    "9": 35.625091552734375,
    "10": 35.674903869628906,
    "11": 37.6920166015625,
    "12": 33.57707595825195,
    "13": 33.4594841003418,
    "14": 32.90620422363281,
    "15": 30.611352920532227,
    "16": 29.84121322631836,
    "17": 26.22646141052246,
    "18": 26.43310546875,
    "19": 25.338356018066406,
    "20": 24.08824920654297,
    "21": 22.23246955871582,
    "22": 22.43963050842285,
    "23": 21.353586196899414,
    "24": 21.17853355407715,
    "25": 20.071142196655273,
    "26": 19.526309967041016,
    "27": 17.986970901489258,
    "28": 17.349742889404297,
    "29": 17.39177703857422,
    "30": 16.874181747436523,
    "31": 15.321654319763184,
    "32": 10.967147827148438
  },
  "probe_type": "mlp",