{
  "config": {
    "model_short": "llama",
    "task_name": "somo",
    "dataset": {
      "train": "cache/llama/somo_train/",
      "test": "cache/llama/somo_test/"
    },
    "mdl": {
      "batch_size": 64,
      "probe_type": "mlp",
      "probe_hidden_size": [
        64
      ],
      "num_classes": 2,
      "init_strategy": "gamma_second_zero",
      "init_gamma": 1.5,
      "optimizer": "adamw",
      "train_epochs": 10,
      "lr": 0.001,
      "seed": 342,
      "early_stopping_gap": 3,
      "split_num": 5,
      "split_ratio": 2.0
    },
    "out_dir": "init_results/llama/somo/hidden-64/seed-342/strategy-gamma_second_zero/gamma-1.5/opt-adamw/2026-04-25_03-01-05"
  },
  "train_meta": {
    "dataset": "compling/somo",
    "split": "train",
    "text_col": "text",
    "model": "meta-llama/Meta-Llama-3.1-8B",
    "max_len": 64,
    "hidden_size": 4096,
    "num_hidden_layers": 32,
    "num_states": 33,
    "memmap_file": "last_token_hidden_states.memmap",
    "dtype": "float32",
    "shape": [
      15000,
      33,
      4096
    ]
  },
  "test_meta": {
    "dataset": "compling/somo",
    "split": "test",
    "text_col": "text",
    "model": "meta-llama/Meta-Llama-3.1-8B",
    "max_len": 64,
    "hidden_size": 4096,
    "num_hidden_layers": 32,
    "num_states": 33,
    "memmap_file": "last_token_hidden_states.memmap",
    "dtype": "float32",
    "shape": [
      10000,
      33,
      4096
    ]
  },
  "splits": [
    484,
    968,
    1936,
    3872,
    7740
  ],
  "mdl_sum_ce": {
    "0": 10060.973000526428,
    "1": 10060.837657928467,
    "2": 10061.059484004974,
    "3": 10020.605783939362,
    "4": 9819.793942451477,
    "5": 9500.646942138672,
    "6": 9653.244163036346,
    "7": 9225.348734855652,
    "8": 8855.508399963379,
    "9": 8545.216041564941,
    "10": 8037.970067501068,
    "11": 8215.353332519531,
    "12": 8095.005980968475,
    "13": 8103.2329931259155,
    "14": 8170.361344337463,
    "15": 8211.534461975098,
    "16": 8365.31137084961,
    "17": 8480.436519622803,
    "18": 8474.766991615295,
    "19": 8603.261345863342,
    "20": 8598.80626296997,
    "21": 8608.173466205597,
    "22": 8703.880974292755,
    "23": 8646.747560977936,
    "24": 8727.35354423523,
    "25": 8689.26795911789,
    "26": 8750.466276168823,
    "27": 8766.182072162628,
    "28": 8766.756823539734,
    "29": 8795.892395973206,
    "30": 8782.645867347717,
    "31": 8797.395490646362,
    "32": 8973.231171607971
  },
  "mdl_nll": {
    "0": 0.6930954119954827,
    "1": 0.6930860883114127,
    "2": 0.6931013697991854,
    "3": 0.6903145345783522,
    "4": 0.6764807069751637,
    "5": 0.6544948293013689,
    "6": 0.6650071757396215,
    "7": 0.6355296731093726,
    "8": 0.6100515569002052,
    "9": 0.5886756710915501,
    "10": 0.5537317489322863,
    "11": 0.565951593587733,
    "12": 0.5576609245638244,
    "13": 0.558227679328046,
    "14": 0.5628521179620738,
    "15": 0.5656885135006268,
    "16": 0.5762821280552225,
    "17": 0.5842130421343898,
    "18": 0.5838224711776864,
    "19": 0.5926743831539916,
    "20": 0.5923674747154843,
    "21": 0.5930127766744004,
    "22": 0.5996060191714491,
    "23": 0.5956701268240517,
    "24": 0.6012230328076075,
    "25": 0.5985993358444399,
    "26": 0.6028152573828068,
    "27": 0.6038979107304098,
    "28": 0.6039375050661155,
    "29": 0.6059446401193996,
    "30": 0.6050320933692283,
    "31": 0.6060481875617499,
    "32": 0.6181614199233929
  },
  "stopping_epochs_per_stage": {
    "0": [
      3,
      1,
      1,
      2
    ],
    "1": [
      3,
      1,
      1,
      2
    ],
    "2": [
      3,
      1,
      3,
      2
    ],
    "3": [
      2,
      1,
      1,
      9
    ],
    "4": [
      5,
      1,
      1,
      10
    ],
    "5": [
      10,
      8,
      6,
      6
    ],
    "6": [
      9,
      1,
      1,
      8
    ],
    "7": [
      10,
      10,
      10,
      10
    ],
    "8": [
      10,
      10,
      9,
      6
    ],
    "9": [
      10,
      10,
      8,
      4
    ],
    "10": [
      9,
      6,
      7,
      10
    ],
    "11": [
      9,
      9,
      9,
      8
    ],
    "12": [
      9,
      10,
      6,
      6
    ],
    "13": [
      10,
      7,
      6,
      5
    ],
    "14": [
      10,
      8,
      4,
      5
    ],
    "15": [
      8,
      8,
      4,
      5
    ],
    "16": [
      9,
      9,
      10,
      5
    ],
    "17": [
      10,
      6,
      10,
      7
    ],
    "18": [
      10,
      10,
      5,
      4
    ],
    "19": [
      3,
      9,
      7,
      6
    ],
    "20": [
      5,
      8,
      5,
      10
    ],
    "21": [
      5,
      7,
      8,
      5
    ],
    "22": [
      6,
      10,
      5,
      10
    ],
    "23": [
      10,
      7,
      8,
      7
    ],
    "24": [
      7,
      9,
      4,
      4
    ],
    "25": [
      8,
      10,
      8,
      5
    ],
    "26": [
      6,
      10,
      6,
      5
    ],
    "27": [
      4,
      6,
      8,
      7
    ],
    "28": [
      5,
      4,
      4,
      8
    ],
    "29": [
      8,
      5,
      3,
      6
    ],
    "30": [
      8,
      5,
      5,
      10
    ],
    "31": [
      7,
      6,
      7,
      5
    ],
    "32": [
      2,
      5,
      6,
      6
    ]
  },
  "test_acc": {
    "0": 0.5013,
    "1": 0.4982,
    "2": 0.5253,
    "3": 0.5534,
    "4": 0.6061,
    "5": 0.6373,
    "6": 0.6378,
    "7": 0.6624,
    "8": 0.6931,
    "9": 0.7097,
    "10": 0.7019,
    "11": 0.7004,
    "12": 0.728,
    "13": 0.7301,
    "14": 0.7253,
    "15": 0.7312,
    "16": 0.7302,
    "17": 0.6977,
    "18": 0.7181,
    "19": 0.7232,
    "20": 0.7225,
    "21": 0.719,
    "22": 0.7122,
    "23": 0.7102,
    "24": 0.7116,
    "25": 0.7039,
    "26": 0.6948,
    "27": 0.6957,
    "28": 0.7031,
    "29": 0.6905,
    "30": 0.6827,
    "31": 0.702,
    "32": 0.6881
  },
  "test_loss": {
    "0": 0.6932302490234376,
    "1": 0.6934086576461792,
    "2": 0.6949920989990235,
    "3": 0.6848465408325195,
    "4": 0.6634963930130005,
    "5": 0.6401258636474609,
    "6": 0.6344378186225891,
    "7": 0.6175439439773559,
    "8": 0.5876530707359314,
    "9": 0.570622889328003,
    "10": 0.5857870607852936,
    "11": 0.5807117317199707,
    "12": 0.5536249030113221,
    "13": 0.5458965194702149,
    "14": 0.5544917670726777,
    "15": 0.5470039058685303,
    "16": 0.543429966545105,
    "17": 0.5857951110839844,
    "18": 0.5582430459976196,
    "19": 0.5595094027519226,
    "20": 0.5555504182815552,
    "21": 0.5574386044502259,
    "22": 0.5646696808815003,
    "23": 0.5713691152572632,
    "24": 0.567395121717453,
    "25": 0.5739922312736512,
    "26": 0.5874347485542297,
    "27": 0.5899025238037109,
    "28": 0.5809886522293091,
    "29": 0.6026887504577637,
    "30": 0.624846071434021,
    "31": 0.575696954202652,
    "32": 0.5853554828643799
  },
  "drift_final_total_l2": {
    "0": 2.7864015102386475,
    "1": 7.066656112670898,
    "2": 15.770441055297852,
    "3": 8.811031341552734,
    "4": 16.728832244873047,
    "5": 15.465330123901367,
    "6": 13.427762985229492,
    "7": 12.996334075927734,
    "8": 24.310123443603516,
    "9": 13.370607376098633,
    "10": 25.800636291503906,
    "11": 24.78282356262207,
    "12": 21.534709930419922,
    "13": 23.8472957611084,
    "14": 22.622034072875977,
    "15": 15.45698070526123,
    "16": 21.371240615844727,
    "17": 20.897907257080078,
    "18": 11.321430206298828,
    "19": 17.403818130493164,
    "20": 19.56282615661621,
    "21": 14.573058128356934,
    "22": 19.584095001220703,
    "23": 21.073381423950195,
    "24": 15.587376594543457,
    "25": 18.32636070251465,
    "26": 9.272598266601562,
    "27": 12.044239044189453,
    "28": 9.3800048828125,
    "29": 16.131763458251953,
    "30": 15.462825775146484,
    "31": 8.343742370605469,
    "32": 8.975701332092285
  },
  "probe_type": "mlp",
  "probe_hidden_size": [
    64
  ],
  "init_strategy": "gamma_second_zero",