{
  "config": {
    "model_short": "llama",
    "task_name": "somo",
    "dataset": {
      "train": "cache/llama/somo_train/",
      "test": "cache/llama/somo_test/"
    },
    "mdl": {
      "batch_size": 64,
      "probe_type": "mlp",
      "probe_hidden_size": [
        1024
      ],
      "num_classes": 2,
      "init_strategy": "gamma_second_zero",
      "init_gamma": 1.0,
      "optimizer": "adamw",
      "train_epochs": 10,
      "lr": 0.001,
      "seed": 442,
      "early_stopping_gap": 3,
      "split_num": 5,
      "split_ratio": 2.0
    },
    "out_dir": "init_results/llama/somo/hidden-1024/seed-442/strategy-gamma_second_zero/gamma-1.0/2026-04-21_03-43-16"
  },
  "train_meta": {
    "dataset": "compling/somo",
    "split": "train",
    "text_col": "text",
    "model": "meta-llama/Meta-Llama-3.1-8B",
    "max_len": 64,
    "hidden_size": 4096,
    "num_hidden_layers": 32,
    "num_states": 33,
    "memmap_file": "last_token_hidden_states.memmap",
    "dtype": "float32",
    "shape": [
      15000,
      33,
      4096
    ]
  },
  "test_meta": {
    "dataset": "compling/somo",
    "split": "test",
    "text_col": "text",
    "model": "meta-llama/Meta-Llama-3.1-8B",
    "max_len": 64,
    "hidden_size": 4096,
    "num_hidden_layers": 32,
    "num_states": 33,
    "memmap_file": "last_token_hidden_states.memmap",
    "dtype": "float32",
    "shape": [
      10000,
      33,
      4096
    ]
  },
  "splits": [
    484,
    968,
    1936,
    3872,
    7740
  ],
  "mdl_sum_ce": {
    "0": 10061.18899679184,
    "1": 10061.342824459076,
    "2": 10058.787190914154,
    "3": 10013.827229499817,
    "4": 9771.290565490723,
    "5": 9494.59287071228,
    "6": 9448.171473026276,
    "7": 9282.252137184143,
    "8": 8965.481840610504,
    "9": 8553.690272331238,
    "10": 8096.4886655807495,
    "11": 8137.014770746231,
    "12": 8160.6921372413635,
    "13": 8194.673923015594,
    "14": 8255.69294500351,
    "15": 8290.55983376503,
    "16": 8352.012532234192,
    "17": 8439.046617746353,
    "18": 8562.82246541977,
    "19": 8595.900816440582,
    "20": 8607.345766544342,
    "21": 8612.433689594269,
    "22": 8718.676561832428,
    "23": 8755.025365829468,
    "24": 8827.144511699677,
    "25": 8781.685040950775,
    "26": 8786.00001001358,
    "27": 8774.034731388092,
    "28": 8851.577290534973,
    "29": 8862.70305776596,
    "30": 8852.971766471863,
    "31": 8799.944406032562,
    "32": 9041.605191707611
  },
  "mdl_nll": {
    "0": 0.6931102918704767,
    "1": 0.6931208889817495,
    "2": 0.6929448326614877,
    "3": 0.6898475633438838,
    "4": 0.6731393335278811,
    "5": 0.6540777673403334,
    "6": 0.6508798204068804,
    "7": 0.639449720114642,
    "8": 0.6176275723760336,
    "9": 0.5892594566224331,
    "10": 0.5577630659672602,
    "11": 0.5605548891393105,
    "12": 0.5621860111078371,
    "13": 0.5645269993810688,
    "14": 0.5687305693719695,
    "15": 0.5711325319485416,
    "16": 0.575365977695935,
    "17": 0.5813617124377483,
    "18": 0.5898885688495294,
    "19": 0.5921673199531953,
    "20": 0.5929557568575601,
    "21": 0.593306261338817,
    "22": 0.60062527981761,
    "23": 0.603129330795637,
    "24": 0.6080975827844913,
    "25": 0.6049659025179647,
    "26": 0.6052631585845674,
    "27": 0.6044388765078598,
    "28": 0.6097807447323624,
    "29": 0.6105471932878176,
    "30": 0.6098768094841459,
    "31": 0.6062237810714083,
    "32": 0.6228716720658316
  },
  "stopping_epochs_per_stage": {
    "0": [
      1,
      1,
      3,
      2
    ],
    "1": [
      2,
      1,
      6,
      3
    ],
    "2": [
      1,
      1,
      4,
      7
    ],
    "3": [
      1,
      3,
      9,
      8
    ],
    "4": [
      1,
      2,
      6,
      5
    ],
    "5": [
      1,
      9,
      5,
      5
    ],
    "6": [
      1,
      6,
      7,
      7
    ],
    "7": [
      5,
      9,
      4,
      4
    ],
    "8": [
      5,
      5,
      5,
      6
    ],
    "9": [
      7,
      6,
      5,
      5
    ],
    "10": [
      9,
      6,
      4,
      5
    ],
    "11": [
      8,
      7,
      4,
      6
    ],
    "12": [
      6,
      5,
      5,
      5
    ],
    "13": [
      4,
      4,
      5,
      2
    ],
    "14": [
      9,
      3,
      5,
      3
    ],
    "15": [
      7,
      5,
      5,
      4
    ],
    "16": [
      6,
      5,
      5,
      4
    ],
    "17": [
      10,
      5,
      5,
      4
    ],
    "18": [
      5,
      5,
      6,
      2
    ],
    "19": [
      8,
      6,
      7,
      4
    ],
    "20": [
      5,
      8,
      6,
      5
    ],
    "21": [
      7,
      5,
      3,
      5
    ],
    "22": [
      4,
      5,
      6,
      4
    ],
    "23": [
      7,
      7,
      6,
      3
    ],
    "24": [
      1,
      5,
      4,
      2
    ],
    "25": [
      5,
      7,
      5,
      6
    ],
    "26": [
      4,
      5,
      4,
      4
    ],
    "27": [
      3,
      5,
      5,
      4
    ],
    "28": [
      4,
      6,
      4,
      5
    ],
    "29": [
      4,
      4,
      4,
      5
    ],
    "30": [
      1,
      5,
      5,
      6
    ],
    "31": [
      5,
      5,
      6,
      7
    ],
    "32": [
      6,
      5,
      4,
      6
    ]
  },
  "test_acc": {
    "0": 0.5013,
    "1": 0.4955,
    "2": 0.5149,
    "3": 0.5516,
    "4": 0.6038,
    "5": 0.6388,
    "6": 0.6526,
    "7": 0.6604,
    "8": 0.6603,
    "9": 0.6819,
    "10": 0.7188,
    "11": 0.7288,
    "12": 0.7308,
    "13": 0.7194,
    "14": 0.7169,
    "15": 0.7062,
    "16": 0.6477,
    "17": 0.7261,
    "18": 0.6914,
    "19": 0.6799,
    "20": 0.724,
    "21": 0.7075,
    "22": 0.7008,
    "23": 0.7051,
    "24": 0.7087,
    "25": 0.6925,
    "26": 0.6727,
    "27": 0.6501,
    "28": 0.6868,
    "29": 0.6942,
    "30": 0.6974,
    "31": 0.6841,
    "32": 0.682
  },
  "test_loss": {
    "0": 0.6931616136550903,
    "1": 0.6935652362823487,
    "2": 0.6971189939498902,
    "3": 0.685387818813324,
    "4": 0.6687895520210266,
    "5": 0.6393122310638428,
    "6": 0.6270243324279785,
    "7": 0.6335549626350403,
    "8": 0.6175607857704163,
    "9": 0.6144255188941956,
    "10": 0.5750742263317108,
    "11": 0.5518947113037109,
    "12": 0.5543679966926575,
    "13": 0.5946326636791229,
    "14": 0.6020242706298828,
    "15": 0.5745391417503357,
    "16": 0.6738909979820251,
    "17": 0.5501307961940766,
    "18": 0.5879848050117493,
    "19": 0.6222126846313476,
    "20": 0.5601000528335571,
    "21": 0.5753341582298279,
    "22": 0.5982270845890045,
    "23": 0.576051192855835,
    "24": 0.5686222226142883,
    "25": 0.5917181722640992,
    "26": 0.64164150390625,
    "27": 0.6588488759994506,
    "28": 0.6264482028961181,
    "29": 0.6092336380958557,
    "30": 0.6010477994441986,
    "31": 0.6304035058021545,
    "32": 0.6040655908584595
  },
  "drift_final_total_l2": {
    "0": 9.331624984741211,
    "1": 17.39933204650879,
    "2": 28.613391876220703,
    "3": 23.654647827148438,
    "4": 28.636886596679688,
    "5": 26.702760696411133,
    "6": 29.12842559814453,
    "7": 55.89019775390625,
    "8": 34.25536346435547,
    "9": 52.060585021972656,
    "10": 68.05878448486328,
    "11": 34.68452072143555,
    "12": 51.24821853637695,
    "13": 58.19927978515625,
    "14": 53.296478271484375,
    "15": 39.103946685791016,
    "16": 57.716285705566406,
    "17": 28.295635223388672,
    "18": 29.53726577758789,
    "19": 23.34317398071289,
    "20": 29.560853958129883,
    "21": 30.264142990112305,
    "22": 36.98651123046875,
    "23": 27.927547454833984,
    "24": 27.605789184570312,
    "25": 26.649377822875977,
    "26": 24.817787170410156,
    "27": 27.243589401245117,
    "28": 26.38496208190918,
    "29": 32.44869613647461,
    "30": 31.630821228027344,
    "31": 20.357065200805664,
    "32": 19.60100746154785
  },
  "probe_type": "mlp",
  "probe_hidden_size": [
    1024
  ],
  "init_strategy": "gamma_second_zero",
  "init_gamma": 1.0,