{
  "config": {
    "model_short": "llama",
    "task_name": "somo",
    "dataset": {
      "train": "cache/llama/somo_train/",
      "test": "cache/llama/somo_test/"
    },
    "mdl": {
      "batch_size": 64,
      "probe_type": "mlp",
      "probe_hidden_size": [
        4
      ],
      "num_classes": 2,
      "init_strategy": "ntk",
      "init_gamma": null,
      "optimizer": "sgd",
      "train_epochs": 10,
      "lr": 0.05,
      "seed": 242,
      "early_stopping_gap": 3,
      "split_num": 5,
      "split_ratio": 2.0
    },
    "out_dir": "init_results/llama/somo/hidden-4/seed-242/strategy-ntk/gamma-na/opt-sgd/2026-04-21_14-37-22"
  },
  "train_meta": {
    "dataset": "compling/somo",
    "split": "train",
    "text_col": "text",
    "model": "meta-llama/Meta-Llama-3.1-8B",
    "max_len": 64,
    "hidden_size": 4096,
    "num_hidden_layers": 32,
    "num_states": 33,
    "memmap_file": "last_token_hidden_states.memmap",
    "dtype": "float32",
    "shape": [
      15000,
      33,
      4096
    ]
  },
  "test_meta": {
    "dataset": "compling/somo",
    "split": "test",
    "text_col": "text",
    "model": "meta-llama/Meta-Llama-3.1-8B",
    "max_len": 64,
    "hidden_size": 4096,
    "num_hidden_layers": 32,
    "num_states": 33,
    "memmap_file": "last_token_hidden_states.memmap",
    "dtype": "float32",
    "shape": [
      10000,
      33,
      4096
    ]
  },
  "splits": [
    484,
    968,
    1936,
    3872,
    7740
  ],
  "mdl_sum_ce": {
    "0": 10061.396146297455,
    "1": 10060.728761196136,
    "2": 10060.952437400818,
    "3": 10058.58985710144,
    "4": 10009.704350471497,
    "5": 9882.023096084595,
    "6": 9980.062428474426,
    "7": 9819.517094612122,
    "8": 9740.204003334045,
    "9": 9176.094821453094,
    "10": 8651.923521995544,
    "11": 8631.945906162262,
    "12": 8600.507299423218,
    "13": 8560.353997707367,
    "14": 8765.35412311554,
    "15": 8877.513702392578,
    "16": 9031.486776828766,
    "17": 9433.985964298248,
    "18": 8907.866881847382,
    "19": 9081.675622940063,
    "20": 9363.738169670105,
    "21": 9642.9279088974,
    "22": 9465.144599437714,
    "23": 9677.65388917923,
    "24": 9423.961971282959,
    "25": 9690.571467876434,
    "26": 9566.931082248688,
    "27": 9556.622687339783,
    "28": 9815.674207687378,
    "29": 9790.79788351059,
    "30": 9685.327103614807,
    "31": 10061.120924949646,
    "32": 10058.225801467896
  },
  "mdl_nll": {
    "0": 0.6931245622966007,
    "1": 0.6930785864698358,
    "2": 0.6930939954120156,
    "3": 0.692931238433552,
    "4": 0.6895635402639498,
    "5": 0.6807676423315373,
    "6": 0.6875215230417764,
    "7": 0.6764616350655912,
    "8": 0.670997795765641,
    "9": 0.6321365955809517,
    "10": 0.5960266961969926,
    "11": 0.5946504482062732,
    "12": 0.5924846582683396,
    "13": 0.5897185173399949,
    "14": 0.6038408737335037,
    "15": 0.6115674912091884,
    "16": 0.6221746195114884,
    "17": 0.6499025877857707,
    "18": 0.6136585066028784,
    "19": 0.6256321040879074,
    "20": 0.6450632522506272,
    "21": 0.6642964941373243,
    "22": 0.652049090619848,
    "23": 0.66668874959901,
    "24": 0.6492120399065141,
    "25": 0.667578635152689,
    "26": 0.659061110653671,
    "27": 0.6583509704698114,
    "28": 0.6761969005020239,
    "29": 0.6744831829368001,
    "30": 0.6672173535143846,
    "31": 0.6931056024352195,
    "32": 0.6929061588225335
  },
  "stopping_epochs_per_stage": {
    "0": [
      3,
      1,
      1,
      9
    ],
    "1": [
      8,
      1,
      1,
      5
    ],
    "2": [
      3,
      4,
      3,
      1
    ],
    "3": [
      2,
      1,
      1,
      9
    ],
    "4": [
      4,
      5,
      10,
      9
    ],
    "5": [
      6,
      10,
      10,
      9
    ],
    "6": [
      2,
      1,
      10,
      10
    ],
    "7": [
      10,
      2,
      10,
      9
    ],
    "8": [
      3,
      9,
      1,
      10
    ],
    "9": [
      10,
      9,
      10,
      8
    ],
    "10": [
      10,
      10,
      10,
      9
    ],
    "11": [
      9,
      10,
      10,
      8
    ],
    "12": [
      10,
      10,
      10,
      10
    ],
    "13": [
      10,
      10,
      10,
      10
    ],
    "14": [
      10,
      10,
      10,
      6
    ],
    "15": [
      3,
      10,
      10,
      9
    ],
    "16": [
      9,
      2,
      9,
      5
    ],
    "17": [
      10,
      1,
      9,
      10
    ],
    "18": [
      5,
      8,
      10,
      7
    ],
    "19": [
      6,
      10,
      10,
      9
    ],
    "20": [
      10,
      10,
      8,
      10
    ],
    "21": [
      4,
      1,
      9,
      4
    ],
    "22": [
      10,
      10,
      10,
      5
    ],
    "23": [
      6,
      9,
      9,
      9
    ],
    "24": [
      6,
      1,
      10,
      8
    ],
    "25": [
      10,
      3,
      10,
      10
    ],
    "26": [
      3,
      10,
      1,
      10
    ],
    "27": [
      10,
      10,
      9,
      10
    ],
    "28": [
      6,
      10,
      1,
      8
    ],
    "29": [
      7,
      1,
      2,
      10
    ],
    "30": [
      10,
      1,
      1,
      9
    ],
    "31": [
      3,
      1,
      1,
      1
    ],
    "32": [
      8,
      4,
      1,
      7
    ]
  },
  "test_acc": {
    "0": 0.5013,
    "1": 0.5012,
    "2": 0.5117,
    "3": 0.5108,
    "4": 0.5552,
    "5": 0.5873,
    "6": 0.6331,
    "7": 0.6365,
    "8": 0.6726,
    "9": 0.6975,
    "10": 0.7212,
    "11": 0.7071,
    "12": 0.7024,
    "13": 0.7232,
    "14": 0.6521,
    "15": 0.7147,
    "16": 0.7104,
    "17": 0.6754,
    "18": 0.7104,
    "19": 0.6874,
    "20": 0.6718,
    "21": 0.6651,
    "22": 0.6992,
    "23": 0.6964,
    "24": 0.7009,
    "25": 0.6596,
    "26": 0.5039,
    "27": 0.6674,
    "28": 0.5013,
    "29": 0.6832,
    "30": 0.5013,
    "31": 0.5013,
    "32": 0.5013
  },
  "test_loss": {
    "0": 0.6931727890014648,
    "1": 0.6931816800117493,
    "2": 0.6929412857055665,
    "3": 0.6919890445709228,
    "4": 0.6849461155891419,
    "5": 0.6807290740966797,
    "6": 0.6392134313583374,
    "7": 0.6344869415283203,
    "8": 0.6213196131706238,
    "9": 0.5831292243003845,
    "10": 0.5491716093063355,
    "11": 0.5706049180030823,
    "12": 0.5689418964385986,
    "13": 0.5467829069137573,
    "14": 0.6519523904323578,
    "15": 0.5587822623252868,
    "16": 0.5695133620262146,
    "17": 0.5982424134254456,
    "18": 0.5692957021713256,
    "19": 0.5907365795135499,
    "20": 0.6051763614654541,
    "21": 0.6503261385917664,
    "22": 0.5806277862548828,
    "23": 0.5931719586372376,
    "24": 0.5784250535011292,
    "25": 0.6175338005542755,
    "26": 0.6930862368583679,
    "27": 0.6136771713256836,
    "28": 0.6931739292144775,
    "29": 0.5973866376876831,
    "30": 0.6931557619094849,
    "31": 0.6931530406951905,
    "32": 0.693151934337616
  },
  "drift_final_total_l2": {
    "0": 0.03417589142918587,
    "1": 0.061036381870508194,
    "2": 0.2837158739566803,
    "3": 0.3628571331501007,
    "4": 1.0435113906860352,
    "5": 1.0882214307785034,
    "6": 2.240704298019409,
    "7": 2.655435800552368,
    "8": 2.7594687938690186,
    "9": 3.3321516513824463,
    "10": 3.223573684692383,
    "11": 3.8537750244140625,
    "12": 3.6280829906463623,
    "13": 3.342167615890503,
    "14": 3.3521552085876465,
    "15": 3.339315414428711,
    "16": 3.671722888946533,
    "17": 2.622922420501709,
    "18": 3.6354217529296875,
    "19": 3.105297327041626,
    "20": 3.2890520095825195,
    "21": 1.3311104774475098,
    "22": 3.2585132122039795,
    "23": 3.0311660766601562,
    "24": 3.2812094688415527,
    "25": 3.0566890239715576,
    "26": 0.3426436185836792,
    "27": 3.2107737064361572,
    "28": 0.2670619487762451,
    "29": 3.0826103687286377,
    "30": 0.2993328273296356,
    "31": 1.2813732624053955,
    "32": 2.7940516471862793
  },
  "probe_type": "mlp",
  "probe_hidden_size": [
    4
  ],
  "init_strategy": "ntk",