{
  "config": {
    "model_short": "llama",
    "task_name": "somo",
    "dataset": {
      "train": "cache/llama/somo_train/",
      "test": "cache/llama/somo_test/"
    },
    "mdl": {
      "batch_size": 64,
      "probe_type": "mlp",
      "probe_hidden_size": [
        2048
      ],
      "num_classes": 2,
      "init_strategy": "gamma_second_zero",
      "init_gamma": 0.5,
      "optimizer": "adamw",
      "train_epochs": 10,
      "lr": 0.001,
      "seed": 242,
      "early_stopping_gap": 3,
      "split_num": 5,
      "split_ratio": 2.0
    },
    "out_dir": "init_results/llama/somo/hidden-2048/seed-242/strategy-gamma_second_zero/gamma-0.5/2026-04-21_00-35-38"
  },
  "train_meta": {
    "dataset": "compling/somo",
    "split": "train",
    "text_col": "text",
    "model": "meta-llama/Meta-Llama-3.1-8B",
    "max_len": 64,
    "hidden_size": 4096,
    "num_hidden_layers": 32,
    "num_states": 33,
    "memmap_file": "last_token_hidden_states.memmap",
    "dtype": "float32",
    "shape": [
      15000,
      33,
      4096
    ]
  },
  "test_meta": {
    "dataset": "compling/somo",
    "split": "test",
    "text_col": "text",
    "model": "meta-llama/Meta-Llama-3.1-8B",
    "max_len": 64,
    "hidden_size": 4096,
    "num_hidden_layers": 32,
    "num_states": 33,
    "memmap_file": "last_token_hidden_states.memmap",
    "dtype": "float32",
    "shape": [
      10000,
      33,
      4096
    ]
  },
  "splits": [
    484,
    968,
    1936,
    3872,
    7740
  ],
  "mdl_sum_ce": {
    "0": 10061.234830856323,
    "1": 10062.097709655762,
    "2": 10058.665885448456,
    "3": 10011.238337516785,
    "4": 9746.767124652863,
    "5": 9543.254874229431,
    "6": 9534.088938236237,
    "7": 9335.282123565674,
    "8": 8955.21588897705,
    "9": 8634.814736366272,
    "10": 8157.534562110901,
    "11": 8243.442674398422,
    "12": 8287.014716148376,
    "13": 8384.902909755707,
    "14": 8243.552850723267,
    "15": 8356.187962532043,
    "16": 8375.249272823334,
    "17": 8602.426390171051,
    "18": 8592.145560264587,
    "19": 8587.400791168213,
    "20": 8711.219161748886,
    "21": 8811.560532093048,
    "22": 8762.942925930023,
    "23": 8843.290982246399,
    "24": 8782.098390579224,
    "25": 8947.84254026413,
    "26": 8846.598445892334,
    "27": 8863.09512090683,
    "28": 8957.675480365753,
    "29": 8999.305300712585,
    "30": 8930.493361473083,
    "31": 8768.744099140167,
    "32": 8941.267073631287
  },
  "mdl_nll": {
    "0": 0.6931134493563188,
    "1": 0.6931728926464427,
    "2": 0.692936475988458,
    "3": 0.6896692158664084,
    "4": 0.6714499259198721,
    "5": 0.6574300684919696,
    "6": 0.6567986317330006,
    "7": 0.6431029294272302,
    "8": 0.6169203560882509,
    "9": 0.5948480804881697,
    "10": 0.5619684873319717,
    "11": 0.5678866543399299,
    "12": 0.5708883105640932,
    "13": 0.5776317793989878,
    "14": 0.5678942443319969,
    "15": 0.5756536210066164,
    "16": 0.5769667451655645,
    "17": 0.5926168634727922,
    "18": 0.5919086222282025,
    "19": 0.5915817574516542,
    "20": 0.6001115432453077,
    "21": 0.6070240102020562,
    "22": 0.6036747675620021,
    "23": 0.6092099050872416,
    "24": 0.6049943779677063,
    "25": 0.6164124097729491,
    "26": 0.6094377546081795,
    "27": 0.6105742023220467,
    "28": 0.6170897961122729,
    "29": 0.6199576536726774,
    "30": 0.6152172334991102,
    "31": 0.6040744074910559,
    "32": 0.6159594291561923
  },
  "stopping_epochs_per_stage": {
    "0": [
      4,
      1,
      1,
      3
    ],
    "1": [
      2,
      1,
      3,
      1
    ],
    "2": [
      1,
      1,
      2,
      4
    ],
    "3": [
      1,
      2,
      4,
      7
    ],
    "4": [
      3,
      4,
      6,
      5
    ],
    "5": [
      3,
      8,
      4,
      4
    ],
    "6": [
      3,
      5,
      6,
      7
    ],
    "7": [
      5,
      6,
      5,
      5
    ],
    "8": [
      3,
      5,
      5,
      4
    ],
    "9": [
      4,
      4,
      5,
      3
    ],
    "10": [
      4,
      5,
      4,
      3
    ],
    "11": [
      4,
      3,
      2,
      4
    ],
    "12": [
      4,
      3,
      4,
      8
    ],
    "13": [
      3,
      4,
      3,
      4
    ],
    "14": [
      4,
      2,
      2,
      4
    ],
    "15": [
      5,
      3,
      2,
      4
    ],
    "16": [
      3,
      2,
      6,
      3
    ],
    "17": [
      2,
      3,
      2,
      4
    ],
    "18": [
      4,
      4,
      4,
      4
    ],
    "19": [
      4,
      4,
      7,
      6
    ],
    "20": [
      4,
      3,
      2,
      4
    ],
    "21": [
      2,
      3,
      3,
      6
    ],
    "22": [
      5,
      3,
      3,
      5
    ],
    "23": [
      1,
      5,
      3,
      5
    ],
    "24": [
      2,
      5,
      5,
      4
    ],
    "25": [
      3,
      1,
      5,
      4
    ],
    "26": [
      2,
      5,
      4,
      4
    ],
    "27": [
      2,
      4,
      4,
      5
    ],
    "28": [
      3,
      3,
      6,
      4
    ],
    "29": [
      4,
      5,
      3,
      2
    ],
    "30": [
      2,
      3,
      4,
      4
    ],
    "31": [
      4,
      5,
      5,
      4
    ],
    "32": [
      1,
      2,
      4,
      6
    ]
  },
  "test_acc": {
    "0": 0.5013,
    "1": 0.5044,
    "2": 0.5194,
    "3": 0.5508,
    "4": 0.5963,
    "5": 0.6329,
    "6": 0.6439,
    "7": 0.5793,
    "8": 0.6923,
    "9": 0.6906,
    "10": 0.6661,
    "11": 0.7061,
    "12": 0.728,
    "13": 0.7275,
    "14": 0.6993,
    "15": 0.7218,
    "16": 0.6995,
    "17": 0.72,
    "18": 0.7171,
    "19": 0.7153,
    "20": 0.7198,
    "21": 0.7051,
    "22": 0.6925,
    "23": 0.6866,
    "24": 0.6667,
    "25": 0.6976,
    "26": 0.6986,
    "27": 0.6692,
    "28": 0.7026,
    "29": 0.6853,
    "30": 0.6986,
    "31": 0.6957,
    "32": 0.6703
  },
  "test_loss": {
    "0": 0.6931442667961121,
    "1": 0.6940378063201904,
    "2": 0.6926763854026794,
    "3": 0.6893227380752563,
    "4": 0.6783957164764405,
    "5": 0.655939083480835,
    "6": 0.6407413670539855,
    "7": 0.7415024126052856,
    "8": 0.60506000289917,
    "9": 0.6294619997024536,
    "10": 0.6625915437698364,
    "11": 0.6108949263572693,
    "12": 0.5658362663745881,
    "13": 0.5980930902957916,
    "14": 0.6041005430221558,
    "15": 0.5931965756416321,
    "16": 0.5919741728305816,
    "17": 0.5761939595222473,
    "18": 0.5816073436260223,
    "19": 0.5807749198436737,
    "20": 0.5706410882472992,
    "21": 0.5991862688541413,
    "22": 0.6035992117404938,
    "23": 0.6156308215141296,
    "24": 0.6207245264053345,
    "25": 0.6148235292434693,
    "26": 0.5986168765068054,
    "27": 0.6543071461677551,
    "28": 0.6161703051567078,
    "29": 0.6476043065071106,
    "30": 0.6007890690803528,
    "31": 0.6049423358917236,
    "32": 0.6322682874679565
  },
  "drift_final_total_l2": {
    "0": 13.738042831420898,
    "1": 22.575645446777344,
    "2": 38.423667907714844,
    "3": 34.99136734008789,
    "4": 48.87596130371094,
    "5": 61.93406295776367,
    "6": 52.338748931884766,
    "7": 64.07179260253906,
    "8": 62.34282684326172,
    "9": 74.4277114868164,
    "10": 73.91647338867188,
    "11": 72.57825469970703,
    "12": 75.6690902709961,
    "13": 79.49889373779297,
    "14": 70.77556610107422,
    "15": 73.90087127685547,
    "16": 66.79559326171875,
    "17": 60.45801544189453,
    "18": 51.488460540771484,
    "19": 53.4334602355957,
    "20": 42.45148468017578,
    "21": 42.48219680786133,
    "22": 55.916011810302734,
    "23": 44.46055603027344,
    "24": 52.18059539794922,
    "25": 44.88100051879883,
    "26": 41.3215217590332,
    "27": 43.25733947753906,
    "28": 40.70779037475586,
    "29": 44.52021408081055,
    "30": 37.03725051879883,
    "31": 31.6251163482666,
    "32": 27.993242263793945
  },
  "probe_type": "mlp",
  "probe_hidden_size": [
    2048
  ],
  "init_strategy": "gamma_second_zero",
  "init_gamma": 0.5,
  "effective_lr": 0.001,