{
  "config": {
    "model_short": "llama",
    "task_name": "somo",
    "dataset": {
      "train": "cache/llama/somo_train/",
      "test": "cache/llama/somo_test/"
    },
    "mdl": {
      "batch_size": 64,
      "probe_type": "mlp",
      "probe_hidden_size": [
        16
      ],
      "num_classes": 2,
      "init_strategy": "mup",
      "init_gamma": null,
      "optimizer": "adam",
      "train_epochs": 20,
      "lr": 0.0009765625,
      "seed": 42,
      "early_stopping_gap": 3,
      "split_num": 5,
      "split_ratio": 2.0
    },
    "out_dir": "muP_results/llama/somo/hidden-16/seed-42/strategy-mup/opt-adam/2026-04-28_19-27-31"
  },
  "train_meta": {
    "dataset": "compling/somo",
    "split": "train",
    "text_col": "text",
    "model": "meta-llama/Meta-Llama-3.1-8B",
    "max_len": 64,
    "hidden_size": 4096,
    "num_hidden_layers": 32,
    "num_states": 33,
    "memmap_file": "last_token_hidden_states.memmap",
    "dtype": "float32",
    "shape": [
      15000,
      33,
      4096
    ]
  },
  "test_meta": {
    "dataset": "compling/somo",
    "split": "test",
    "text_col": "text",
    "model": "meta-llama/Meta-Llama-3.1-8B",
    "max_len": 64,
    "hidden_size": 4096,
    "num_hidden_layers": 32,
    "num_states": 33,
    "memmap_file": "last_token_hidden_states.memmap",
    "dtype": "float32",
    "shape": [
      10000,
      33,
      4096
    ]
  },
  "splits": [
    484,
    968,
    1936,
    3872,
    7740
  ],
  "mdl_sum_ce": {
    "0": 10062.037581443787,
    "1": 10063.094122886658,
    "2": 10061.191215991974,
    "3": 10026.236006736755,
    "4": 9739.560575962067,
    "5": 9501.203404903412,
    "6": 9474.883568286896,
    "7": 9249.042420864105,
    "8": 8884.180334568024,
    "9": 8496.891598701477,
    "10": 8050.520998001099,
    "11": 8016.087235450745,
    "12": 8038.549563884735,
    "13": 8041.996850967407,
    "14": 8094.066835403442,
    "15": 8188.763443470001,
    "16": 8294.648966789246,
    "17": 8314.331978797913,
    "18": 8476.405398368835,
    "19": 8580.54438495636,
    "20": 8563.915469646454,
    "21": 8605.784296989441,
    "22": 8635.528373241425,
    "23": 8699.672315597534,
    "24": 8682.684825897217,
    "25": 8714.240951538086,
    "26": 8694.16725730896,
    "27": 8687.826256275177,
    "28": 8689.723219871521,
    "29": 8680.585013389587,
    "30": 8719.509775161743,
    "31": 8721.279509067535,
    "32": 8811.312999725342
  },
  "mdl_nll": {
    "0": 0.6931687504439092,
    "1": 0.6932415350569481,
    "2": 0.6931104447500671,
    "3": 0.6907023978187349,
    "4": 0.6709534703749013,
    "5": 0.6545331637436905,
    "6": 0.6527200033264602,
    "7": 0.6371619193210323,
    "8": 0.6120267521747054,
    "9": 0.5853466243249846,
    "10": 0.5545963762745315,
    "11": 0.5522242515466206,
    "12": 0.5537716701491275,
    "13": 0.554009152036884,
    "14": 0.5575962272942575,
    "15": 0.5641198293930836,
    "16": 0.5714142302830839,
    "17": 0.5727701831632621,
    "18": 0.583935340201766,
    "19": 0.5911094230474208,
    "20": 0.589963865365559,
    "21": 0.5928481879987215,
    "22": 0.5948972425765655,
    "23": 0.5993160867730459,
    "24": 0.5981458270802712,
    "25": 0.6003197128367378,
    "26": 0.5989368460532488,
    "27": 0.5985000176546691,
    "28": 0.5986306985306917,
    "29": 0.5980011720439231,
    "30": 0.6006826794682931,
    "31": 0.6008045955543907,
    "32": 0.6070069578207041
  },
  "stopping_epochs_per_stage": {
    "0": [
      1,
      2,
      5,
      1
    ],
    "1": [
      3,
      1,
      5,
      1
    ],
    "2": [
      1,
      5,
      2,
      2
    ],
    "3": [
      1,
      19,
      1,
      16
    ],
    "4": [
      2,
      20,
      16,
      20
    ],
    "5": [
      19,
      20,
      19,
      19
    ],
    "6": [
      19,
      20,
      20,
      19
    ],
    "7": [
      20,
      20,
      20,
      19
    ],
    "8": [
      1,
      20,
      20,
      19
    ],
    "9": [
      20,
      20,
      20,
      19
    ],
    "10": [
      20,
      18,
      19,
      17
    ],
    "11": [
      20,
      19,
      18,
      17
    ],
    "12": [
      19,
      19,
      15,
      16
    ],
    "13": [
      19,
      20,
      17,
      14
    ],
    "14": [
      20,
      19,
      17,
      17
    ],
    "15": [
      20,
      20,
      16,
      15
    ],
    "16": [
      20,
      14,
      20,
      12
    ],
    "17": [
      20,
      19,
      16,
      11
    ],
    "18": [
      19,
      15,
      17,
      19
    ],
    "19": [
      20,
      5,
      14,
      9
    ],
    "20": [
      20,
      20,
      18,
      13
    ],
    "21": [
      2,
      11,
      13,
      15
    ],
    "22": [
      3,
      20,
      16,
      10
    ],
    "23": [
      14,
      19,
      16,
      4
    ],
    "24": [
      9,
      15,
      20,
      19
    ],
    "25": [
      8,
      18,
      10,
      11
    ],
    "26": [
      8,
      19,
      14,
      12
    ],
    "27": [
      10,
      12,
      14,
      11
    ],
    "28": [
      5,
      20,
      12,
      13
    ],
    "29": [
      1,
      19,
      11,
      11
    ],
    "30": [
      8,
      13,
      15,
      11
    ],
    "31": [
      8,
      1,
      19,
      17
    ],
    "32": [
      5,
      10,
      12,
      10
    ]
  },
  "test_acc": {
    "0": 0.5013,
    "1": 0.5013,
    "2": 0.523,
    "3": 0.5513,
    "4": 0.6084,
    "5": 0.6389,
    "6": 0.6486,
    "7": 0.6699,
    "8": 0.6822,
    "9": 0.7075,
    "10": 0.7308,
    "11": 0.7319,
    "12": 0.7322,
    "13": 0.7352,
    "14": 0.7372,
    "15": 0.7294,
    "16": 0.7305,
    "17": 0.7239,
    "18": 0.721,
    "19": 0.7201,
    "20": 0.7256,
    "21": 0.7179,
    "22": 0.7185,
    "23": 0.7092,
    "24": 0.7092,
    "25": 0.7049,
    "26": 0.7017,
    "27": 0.7063,
    "28": 0.6994,
    "29": 0.6992,
    "30": 0.6911,
    "31": 0.7011,
    "32": 0.6946
  },
  "test_loss": {
    "0": 0.6933111155509949,
    "1": 0.6931775382041931,
    "2": 0.6914595491409302,
    "3": 0.6847940495491028,
    "4": 0.6551086131095887,
    "5": 0.6343938442230225,
    "6": 0.6275435741424561,
    "7": 0.6105672422409057,
    "8": 0.5946905146598815,
    "9": 0.5748109723091126,
    "10": 0.5399233531951905,
    "11": 0.5395669283866882,
    "12": 0.5371381303787232,
    "13": 0.5304335805416107,
    "14": 0.5335864059448242,
    "15": 0.5426394752979279,
    "16": 0.5418159088134765,
    "17": 0.5484924813270569,
    "18": 0.5512523759841919,
    "19": 0.5547169805526734,
    "20": 0.5520283215522767,
    "21": 0.5579348838806152,
    "22": 0.5594665022850036,
    "23": 0.5719546371459961,
    "24": 0.5645358182907104,
    "25": 0.5751711814880371,
    "26": 0.5828188025474549,
    "27": 0.5731083242416382,
    "28": 0.5894620880126953,
    "29": 0.590035515499115,
    "30": 0.6074202047348023,
    "31": 0.577573088645935,
    "32": 0.6064951507568359
  },
  "drift_final_total_l2": {
    "0": 2.0937106609344482,
    "1": 1.5650447607040405,
    "2": 22.558897018432617,
    "3": 19.990325927734375,
    "4": 29.017837524414062,
    "5": 30.20911979675293,
    "6": 27.841327667236328,
    "7": 28.166980743408203,
    "8": 30.10002326965332,
    "9": 29.59807014465332,
    "10": 31.102121353149414,
    "11": 26.056795120239258,
    "12": 25.83976936340332,
    "13": 32.223045349121094,
    "14": 28.862619400024414,
    "15": 25.401248931884766,
    "16": 24.566192626953125,
    "17": 22.63558006286621,
    "18": 24.235370635986328,
    "19": 24.41520118713379,
    "20": 19.76236915588379,
    "21": 21.103925704956055,
    "22": 18.180782318115234,
    "23": 22.313079833984375,
    "24": 15.135336875915527,
    "25": 18.854393005371094,
    "26": 22.938068389892578,
    "27": 18.465923309326172,
    "28": 18.58860206604004,
    "29": 17.593769073486328,
    "30": 16.045759201049805,
    "31": 12.613852500915527,
    "32": 12.67414379119873
  },
  "probe_type": "mlp",