{
  "config": {
    "model_short": "llama",
    "task_name": "somo",
    "dataset": {
      "train": "cache/llama/somo_train/",
      "test": "cache/llama/somo_test/"
    },
    "mdl": {
      "batch_size": 64,
      "probe_type": "mlp",
      "probe_hidden_size": [
        45
      ],
      "num_classes": 2,
      "init_strategy": "gamma_second_zero",
      "init_gamma": 1.4,
      "optimizer": "adamw",
      "train_epochs": 10,
      "lr": 0.001,
      "seed": 442,
      "early_stopping_gap": 3,
      "split_num": 5,
      "split_ratio": 2.0
    },
    "out_dir": "init_results/llama/somo/hidden-45/seed-442/strategy-gamma_second_zero/gamma-1.4/opt-adamw/2026-04-25_03-35-57"
  },
  "train_meta": {
    "dataset": "compling/somo",
    "split": "train",
    "text_col": "text",
    "model": "meta-llama/Meta-Llama-3.1-8B",
    "max_len": 64,
    "hidden_size": 4096,
    "num_hidden_layers": 32,
    "num_states": 33,
    "memmap_file": "last_token_hidden_states.memmap",
    "dtype": "float32",
    "shape": [
      15000,
      33,
      4096
    ]
  },
  "test_meta": {
    "dataset": "compling/somo",
    "split": "test",
    "text_col": "text",
    "model": "meta-llama/Meta-Llama-3.1-8B",
    "max_len": 64,
    "hidden_size": 4096,
    "num_hidden_layers": 32,
    "num_states": 33,
    "memmap_file": "last_token_hidden_states.memmap",
    "dtype": "float32",
    "shape": [
      10000,
      33,
      4096
    ]
  },
  "splits": [
    484,
    968,
    1936,
    3872,
    7740
  ],
  "mdl_sum_ce": {
    "0": 10060.009314537048,
    "1": 10058.737390518188,
    "2": 10059.249165534973,
    "3": 10037.88609457016,
    "4": 9769.106794834137,
    "5": 9505.89951467514,
    "6": 9467.521695613861,
    "7": 9372.917979717255,
    "8": 8938.495348453522,
    "9": 8466.48212814331,
    "10": 8097.371570587158,
    "11": 8124.417281150818,
    "12": 8063.112548351288,
    "13": 8118.776539325714,
    "14": 8200.3505692482,
    "15": 8228.849368095398,
    "16": 8307.300022125244,
    "17": 8450.15260219574,
    "18": 8437.86805152893,
    "19": 8525.993996143341,
    "20": 8562.301299571991,
    "21": 8618.759106636047,
    "22": 8622.008193016052,
    "23": 8722.171485424042,
    "24": 8734.056194782257,
    "25": 8763.282092094421,
    "26": 8850.949863433838,
    "27": 8807.689589977264,
    "28": 8748.353992938995,
    "29": 9017.579849243164,
    "30": 8759.050312042236,
    "31": 8705.033541679382,
    "32": 8899.2088098526
  },
  "mdl_nll": {
    "0": 0.6930290241483225,
    "1": 0.692941401937048,
    "2": 0.6929766578627014,
    "3": 0.6915049665589804,
    "4": 0.6729888946565263,
    "5": 0.6548566764036332,
    "6": 0.6522128475898223,
    "7": 0.6456956447862534,
    "8": 0.6157684863911217,
    "9": 0.5832517310652597,
    "10": 0.557823888852794,
    "11": 0.5596870543642063,
    "12": 0.5554638018979945,
    "13": 0.5592984664732512,
    "14": 0.564918060708749,
    "15": 0.5668813287472718,
    "16": 0.5722857551753406,
    "17": 0.5821267981672458,
    "18": 0.5812805215988517,
    "19": 0.5873514739696433,
    "20": 0.5898526659942127,
    "21": 0.5937420161639603,
    "22": 0.5939658441041645,
    "23": 0.6008660433607083,
    "24": 0.6016847750607782,
    "25": 0.603698132549905,
    "26": 0.6097375215923008,
    "27": 0.606757342930371,
    "28": 0.6026697432446263,
    "29": 0.6212165782063354,
    "30": 0.6034066073327525,
    "31": 0.5996854189638593,
    "32": 0.6130620563414577
  },
  "stopping_epochs_per_stage": {
    "0": [
      1,
      1,
      9,
      5
    ],
    "1": [
      1,
      2,
      9,
      6
    ],
    "2": [
      1,
      3,
      10,
      2
    ],
    "3": [
      1,
      1,
      10,
      9
    ],
    "4": [
      1,
      8,
      10,
      9
    ],
    "5": [
      1,
      9,
      10,
      9
    ],
    "6": [
      1,
      10,
      8,
      9
    ],
    "7": [
      9,
      5,
      10,
      8
    ],
    "8": [
      1,
      10,
      10,
      8
    ],
    "9": [
      10,
      10,
      10,
      6
    ],
    "10": [
      10,
      8,
      9,
      8
    ],
    "11": [
      10,
      9,
      10,
      10
    ],
    "12": [
      10,
      10,
      9,
      10
    ],
    "13": [
      9,
      10,
      9,
      5
    ],
    "14": [
      9,
      6,
      7,
      3
    ],
    "15": [
      10,
      7,
      10,
      4
    ],
    "16": [
      10,
      8,
      6,
      8
    ],
    "17": [
      10,
      7,
      6,
      3
    ],
    "18": [
      9,
      9,
      10,
      9
    ],
    "19": [
      6,
      8,
      8,
      6
    ],
    "20": [
      10,
      6,
      9,
      8
    ],
    "21": [
      10,
      10,
      7,
      8
    ],
    "22": [
      8,
      10,
      8,
      8
    ],
    "23": [
      7,
      10,
      8,
      7
    ],
    "24": [
      1,
      10,
      7,
      6
    ],
    "25": [
      9,
      7,
      9,
      6
    ],
    "26": [
      9,
      9,
      9,
      6
    ],
    "27": [
      6,
      10,
      5,
      4
    ],
    "28": [
      7,
      8,
      6,
      5
    ],
    "29": [
      9,
      10,
      9,
      3
    ],
    "30": [
      4,
      10,
      7,
      4
    ],
    "31": [
      6,
      7,
      10,
      5
    ],
    "32": [
      6,
      4,
      10,
      5
    ]
  },
  "test_acc": {
    "0": 0.5013,
    "1": 0.5013,
    "2": 0.5013,
    "3": 0.5441,
    "4": 0.6089,
    "5": 0.6435,
    "6": 0.647,
    "7": 0.6683,
    "8": 0.6965,
    "9": 0.7064,
    "10": 0.7324,
    "11": 0.7357,
    "12": 0.7284,
    "13": 0.7359,
    "14": 0.7326,
    "15": 0.7236,
    "16": 0.729,
    "17": 0.7127,
    "18": 0.716,
    "19": 0.7122,
    "20": 0.7009,
    "21": 0.7174,
    "22": 0.6677,
    "23": 0.7037,
    "24": 0.7117,
    "25": 0.7014,
    "26": 0.692,
    "27": 0.6723,
    "28": 0.7084,
    "29": 0.6988,
    "30": 0.7049,
    "31": 0.6861,
    "32": 0.6534
  },
  "test_loss": {
    "0": 0.6931684673309326,
    "1": 0.6931590456008911,
    "2": 0.6931902330398559,
    "3": 0.6868952646255493,
    "4": 0.6580626119613647,
    "5": 0.6341412994384765,
    "6": 0.6268193672180176,
    "7": 0.6131641576766967,
    "8": 0.5875033737182617,
    "9": 0.5739786797523498,
    "10": 0.5382706050872803,
    "11": 0.5377283732414245,
    "12": 0.5407087753295898,
    "13": 0.5326428136348724,
    "14": 0.541077314043045,
    "15": 0.5474496170520783,
    "16": 0.5486171103954315,
    "17": 0.5820998041152954,
    "18": 0.5573129717826844,
    "19": 0.5703667139053344,
    "20": 0.5889513607978821,
    "21": 0.5596789098739624,
    "22": 0.617087742805481,
    "23": 0.578554387664795,
    "24": 0.570599303150177,
    "25": 0.5871283773422241,
    "26": 0.5937735743522644,
    "27": 0.6183604810714721,
    "28": 0.5748786863327027,
    "29": 0.5871764526367188,
    "30": 0.5799944025039673,
    "31": 0.6083043907642365,
    "32": 0.6346046735286712
  },
  "drift_final_total_l2": {
    "0": 2.5365757942199707,
    "1": 3.448697805404663,
    "2": 2.6351370811462402,
    "3": 11.303329467773438,
    "4": 14.361685752868652,
    "5": 14.703285217285156,
    "6": 12.243239402770996,
    "7": 15.371479034423828,
    "8": 13.278169631958008,
    "9": 19.334632873535156,
    "10": 22.321369171142578,
    "11": 14.657660484313965,
    "12": 18.81327247619629,
    "13": 20.2121639251709,
    "14": 15.23453140258789,
    "15": 14.026320457458496,
    "16": 13.579286575317383,
    "17": 16.811534881591797,
    "18": 11.996315956115723,
    "19": 11.522132873535156,
    "20": 15.778225898742676,
    "21": 17.738819122314453,
    "22": 12.000433921813965,
    "23": 10.805380821228027,
    "24": 14.745749473571777,
    "25": 16.700603485107422,
    "26": 11.334897994995117,
    "27": 10.031988143920898,
    "28": 10.054367065429688,
    "29": 11.110393524169922,
    "30": 10.988329887390137,
    "31": 13.946537017822266,
    "32": 12.524468421936035
  },
  "probe_type": "mlp",
  "probe_hidden_size": [
    45
  ],