{
  "config": {
    "model_short": "llama",
    "task_name": "somo",
    "dataset": {
      "train": "cache/llama/somo_train/",
      "test": "cache/llama/somo_test/"
    },
    "mdl": {
      "batch_size": 64,
      "probe_type": "mlp",
      "probe_hidden_size": [
        512
      ],
      "num_classes": 2,
      "init_strategy": "mup",
      "init_gamma": null,
      "optimizer": "adamw",
      "train_epochs": 10,
      "lr": 0.001,
      "seed": 342,
      "early_stopping_gap": 3,
      "split_num": 5,
      "split_ratio": 2.0
    },
    "out_dir": "init_results/llama/somo/hidden-512/seed-342/strategy-mup/gamma-na/2026-04-20_22-41-01"
  },
  "train_meta": {
    "dataset": "compling/somo",
    "split": "train",
    "text_col": "text",
    "model": "meta-llama/Meta-Llama-3.1-8B",
    "max_len": 64,
    "hidden_size": 4096,
    "num_hidden_layers": 32,
    "num_states": 33,
    "memmap_file": "last_token_hidden_states.memmap",
    "dtype": "float32",
    "shape": [
      15000,
      33,
      4096
    ]
  },
  "test_meta": {
    "dataset": "compling/somo",
    "split": "test",
    "text_col": "text",
    "model": "meta-llama/Meta-Llama-3.1-8B",
    "max_len": 64,
    "hidden_size": 4096,
    "num_hidden_layers": 32,
    "num_states": 33,
    "memmap_file": "last_token_hidden_states.memmap",
    "dtype": "float32",
    "shape": [
      10000,
      33,
      4096
    ]
  },
  "splits": [
    484,
    968,
    1936,
    3872,
    7740
  ],
  "mdl_sum_ce": {
    "0": 10061.168945789337,
    "1": 10062.022150993347,
    "2": 10062.77475976944,
    "3": 10040.974252700806,
    "4": 9882.27263212204,
    "5": 9676.017333984375,
    "6": 9580.332128047943,
    "7": 9449.956854820251,
    "8": 9036.49911403656,
    "9": 8630.289759159088,
    "10": 8156.5928745269775,
    "11": 8191.889095783234,
    "12": 8208.436456680298,
    "13": 8181.862828731537,
    "14": 8193.15854549408,
    "15": 8290.766414642334,
    "16": 8396.248417854309,
    "17": 8425.53886795044,
    "18": 8485.184092998505,
    "19": 8558.909930229187,
    "20": 8549.211997032166,
    "21": 8674.61754989624,
    "22": 8626.968384742737,
    "23": 8689.06835269928,
    "24": 8719.310039520264,
    "25": 8724.457837581635,
    "26": 8876.66813325882,
    "27": 8719.277801513672,
    "28": 8761.929909706116,
    "29": 8727.944398403168,
    "30": 8810.779646396637,
    "31": 8741.889015197754,
    "32": 8902.241699457169
  },
  "mdl_nll": {
    "0": 0.6931089105669149,
    "1": 0.6931676874478746,
    "2": 0.6932195342910884,
    "3": 0.6917177082323509,
    "4": 0.6807848327446983,
    "5": 0.6665760081278848,
    "6": 0.6599843020148762,
    "7": 0.6510028144681904,
    "8": 0.6225199169217801,
    "9": 0.5945363570652444,
    "10": 0.5619036149439913,
    "11": 0.5643351540219919,
    "12": 0.5654750934610291,
    "13": 0.5636444494855013,
    "14": 0.5644226057794213,
    "15": 0.5711467632021449,
    "16": 0.578413365793215,
    "17": 0.5804311702914329,
    "18": 0.5845401000963423,
    "19": 0.5896190362516662,
    "20": 0.5889509504706645,
    "21": 0.5975900764601985,
    "22": 0.5943075492382707,
    "23": 0.5985855850578176,
    "24": 0.6006689197795717,
    "25": 0.6010235490205039,
    "26": 0.6115092403732998,
    "27": 0.6006666989193766,
    "28": 0.6036049813795892,
    "29": 0.6012637364565423,
    "30": 0.606970215375905,
    "31": 0.6022243741525044,
    "32": 0.6132709905936324
  },
  "stopping_epochs_per_stage": {
    "0": [
      1,
      4,
      1,
      1
    ],
    "1": [
      2,
      1,
      2,
      9
    ],
    "2": [
      2,
      1,
      2,
      1
    ],
    "3": [
      1,
      1,
      9,
      10
    ],
    "4": [
      2,
      1,
      10,
      9
    ],
    "5": [
      10,
      10,
      9,
      10
    ],
    "6": [
      10,
      10,
      9,
      10
    ],
    "7": [
      10,
      10,
      10,
      9
    ],
    "8": [
      10,
      10,
      10,
      10
    ],
    "9": [
      10,
      10,
      10,
      10
    ],
    "10": [
      10,
      10,
      10,
      10
    ],
    "11": [
      10,
      10,
      10,
      9
    ],
    "12": [
      10,
      10,
      10,
      10
    ],
    "13": [
      10,
      9,
      10,
      10
    ],
    "14": [
      10,
      9,
      10,
      9
    ],
    "15": [
      10,
      10,
      10,
      9
    ],
    "16": [
      10,
      9,
      10,
      10
    ],
    "17": [
      10,
      10,
      9,
      9
    ],
    "18": [
      10,
      10,
      10,
      10
    ],
    "19": [
      10,
      10,
      9,
      10
    ],
    "20": [
      10,
      10,
      10,
      10
    ],
    "21": [
      9,
      10,
      10,
      10
    ],
    "22": [
      10,
      10,
      10,
      10
    ],
    "23": [
      10,
      10,
      9,
      8
    ],
    "24": [
      9,
      9,
      10,
      10
    ],
    "25": [
      8,
      9,
      9,
      9
    ],
    "26": [
      9,
      9,
      10,
      7
    ],
    "27": [
      10,
      10,
      8,
      10
    ],
    "28": [
      10,
      10,
      7,
      10
    ],
    "29": [
      9,
      9,
      9,
      8
    ],
    "30": [
      10,
      8,
      10,
      10
    ],
    "31": [
      3,
      8,
      8,
      7
    ],
    "32": [
      4,
      5,
      4,
      10
    ]
  },
  "test_acc": {
    "0": 0.4982,
    "1": 0.5012,
    "2": 0.5017,
    "3": 0.5518,
    "4": 0.5979,
    "5": 0.6314,
    "6": 0.6485,
    "7": 0.6569,
    "8": 0.6932,
    "9": 0.7086,
    "10": 0.7286,
    "11": 0.7305,
    "12": 0.7298,
    "13": 0.7374,
    "14": 0.7332,
    "15": 0.7239,
    "16": 0.7282,
    "17": 0.7234,
    "18": 0.722,
    "19": 0.7191,
    "20": 0.7252,
    "21": 0.7168,
    "22": 0.7156,
    "23": 0.7088,
    "24": 0.7039,
    "25": 0.7043,
    "26": 0.7012,
    "27": 0.7067,
    "28": 0.7014,
    "29": 0.6999,
    "30": 0.708,
    "31": 0.6995,
    "32": 0.6911
  },
  "test_loss": {
    "0": 0.6935024338722229,
    "1": 0.6931370864868164,
    "2": 0.6935767432212829,
    "3": 0.685403378200531,
    "4": 0.6590469234466553,
    "5": 0.6410464706420899,
    "6": 0.6306805365562439,
    "7": 0.6204314601898193,
    "8": 0.5915538864135742,
    "9": 0.5730345289230346,
    "10": 0.5416207745552063,
    "11": 0.5386750038146972,
    "12": 0.5391480617046356,
    "13": 0.5309525075912476,
    "14": 0.5346973712444305,
    "15": 0.5395419870376587,
    "16": 0.5419602174282074,
    "17": 0.5498423676013946,
    "18": 0.5567009366989136,
    "19": 0.5570061768054962,
    "20": 0.5538023220062256,
    "21": 0.5610889237880706,
    "22": 0.5601908139228821,
    "23": 0.5670659854888916,
    "24": 0.5769915175437927,
    "25": 0.5727094165802002,
    "26": 0.5775678701400757,
    "27": 0.5728718372344971,
    "28": 0.5789708614349365,
    "29": 0.574676246547699,
    "30": 0.5693403900146484,
    "31": 0.573870069026947,
    "32": 0.5857726463317872
  },
  "drift_final_total_l2": {
    "0": 14.852883338928223,
    "1": 33.51411437988281,
    "2": 42.81279754638672,
    "3": 93.11485290527344,
    "4": 120.85275268554688,
    "5": 119.41944885253906,
    "6": 120.50798797607422,
    "7": 128.43426513671875,
    "8": 135.4610137939453,
    "9": 131.09194946289062,
    "10": 131.2294464111328,
    "11": 134.08555603027344,
    "12": 128.78187561035156,
    "13": 126.04924011230469,
    "14": 121.10462951660156,
    "15": 113.9593734741211,
    "16": 111.98186492919922,
    "17": 105.6679916381836,
    "18": 94.3024673461914,
    "19": 94.45477294921875,
    "20": 94.04293060302734,
    "21": 90.12972259521484,
    "22": 84.9406967163086,
    "23": 78.57039642333984,
    "24": 80.71488189697266,
    "25": 78.17402648925781,
    "26": 81.0919189453125,
    "27": 74.10525512695312,
    "28": 71.22915649414062,
    "29": 70.95830535888672,
    "30": 70.84113311767578,
    "31": 54.02009582519531,
    "32": 48.37947463989258
  },
  "probe_type": "mlp",
  "probe_hidden_size": [
    512
  ],
  "init_strategy": "mup",