{
  "config": {
    "model_short": "llama",
    "task_name": "somo",
    "dataset": {
      "train": "cache/llama/somo_train/",
      "test": "cache/llama/somo_test/"
    },
    "mdl": {
      "batch_size": 64,
      "probe_type": "mlp",
      "probe_hidden_size": [
        2048
      ],
      "num_classes": 2,
      "init_strategy": "gamma_second_zero",
      "init_gamma": 1.8,
      "optimizer": "adamw",
      "train_epochs": 10,
      "lr": 0.001,
      "seed": 242,
      "early_stopping_gap": 3,
      "split_num": 5,
      "split_ratio": 2.0
    },
    "out_dir": "init_results/llama/somo/hidden-2048/seed-242/strategy-gamma_second_zero/gamma-1.8/opt-adamw/2026-04-25_03-19-40"
  },
  "train_meta": {
    "dataset": "compling/somo",
    "split": "train",
    "text_col": "text",
    "model": "meta-llama/Meta-Llama-3.1-8B",
    "max_len": 64,
    "hidden_size": 4096,
    "num_hidden_layers": 32,
    "num_states": 33,
    "memmap_file": "last_token_hidden_states.memmap",
    "dtype": "float32",
    "shape": [
      15000,
      33,
      4096
    ]
  },
  "test_meta": {
    "dataset": "compling/somo",
    "split": "test",
    "text_col": "text",
    "model": "meta-llama/Meta-Llama-3.1-8B",
    "max_len": 64,
    "hidden_size": 4096,
    "num_hidden_layers": 32,
    "num_states": 33,
    "memmap_file": "last_token_hidden_states.memmap",
    "dtype": "float32",
    "shape": [
      10000,
      33,
      4096
    ]
  },
  "splits": [
    484,
    968,
    1936,
    3872,
    7740
  ],
  "mdl_sum_ce": {
    "0": 10059.778652668,
    "1": 10060.984303474426,
    "2": 10060.287172317505,
    "3": 10029.586190223694,
    "4": 9751.959856510162,
    "5": 9527.922143936157,
    "6": 9456.001240730286,
    "7": 9288.39548254013,
    "8": 8942.976875305176,
    "9": 8668.022664785385,
    "10": 8133.764309883118,
    "11": 8212.048177242279,
    "12": 8140.812769651413,
    "13": 8196.125892162323,
    "14": 8346.076293230057,
    "15": 8345.380082130432,
    "16": 8412.462342739105,
    "17": 8467.524327278137,
    "18": 8602.123421669006,
    "19": 8680.309717178345,
    "20": 8728.587606430054,
    "21": 8686.78654909134,
    "22": 8714.321062088013,
    "23": 8761.546113491058,
    "24": 8826.817532539368,
    "25": 8810.77427148819,
    "26": 8798.147715568542,
    "27": 8888.05112361908,
    "28": 8796.094000816345,
    "29": 8967.341013431549,
    "30": 8876.012942314148,
    "31": 8945.548165798187,
    "32": 8950.164367675781
  },
  "mdl_nll": {
    "0": 0.6930131339672085,
    "1": 0.6930961906499329,
    "2": 0.6930481656322337,
    "3": 0.6909331902882125,
    "4": 0.6718076506275945,
    "5": 0.6563738043494184,
    "6": 0.6514192091988348,
    "7": 0.6398729321121611,
    "8": 0.6160772165407258,
    "9": 0.5971357581141764,
    "10": 0.5603309665116505,
    "11": 0.5657239030891622,
    "12": 0.5608165313895985,
    "13": 0.5646270248114028,
    "14": 0.5749570331516985,
    "15": 0.5749090715162877,
    "16": 0.5795303349916716,
    "17": 0.5833235276438508,
    "18": 0.5925959921237949,
    "19": 0.5979822070252373,
    "20": 0.601308046736708,
    "21": 0.5984283927453389,
    "22": 0.6003252316125663,
    "23": 0.603578541849756,
    "24": 0.6080750573532218,
    "25": 0.6069698451011428,
    "26": 0.6061000079614592,
    "27": 0.6122934089018379,
    "28": 0.6059585285764911,
    "29": 0.6177556498643944,
    "30": 0.6114641045959044,
    "31": 0.6162543514603326,
    "32": 0.6165723593053032
  },
  "stopping_epochs_per_stage": {
    "0": [
      7,
      2,
      2,
      2
    ],
    "1": [
      1,
      4,
      1,
      4
    ],
    "2": [
      3,
      3,
      1,
      1
    ],
    "3": [
      3,
      2,
      1,
      8
    ],
    "4": [
      6,
      3,
      5,
      9
    ],
    "5": [
      4,
      5,
      7,
      6
    ],
    "6": [
      4,
      7,
      10,
      7
    ],
    "7": [
      3,
      6,
      9,
      4
    ],
    "8": [
      7,
      6,
      7,
      5
    ],
    "9": [
      4,
      5,
      4,
      6
    ],
    "10": [
      7,
      4,
      4,
      4
    ],
    "11": [
      3,
      3,
      3,
      4
    ],
    "12": [
      6,
      3,
      4,
      6
    ],
    "13": [
      4,
      3,
      3,
      4
    ],
    "14": [
      3,
      3,
      4,
      3
    ],
    "15": [
      4,
      2,
      4,
      4
    ],
    "16": [
      5,
      3,
      6,
      4
    ],
    "17": [
      2,
      5,
      3,
      4
    ],
    "18": [
      3,
      5,
      3,
      4
    ],
    "19": [
      2,
      4,
      3,
      5
    ],
    "20": [
      5,
      3,
      4,
      4
    ],
    "21": [
      5,
      3,
      3,
      6
    ],
    "22": [
      2,
      4,
      6,
      3
    ],
    "23": [
      4,
      3,
      5,
      5
    ],
    "24": [
      4,
      6,
      2,
      7
    ],
    "25": [
      4,
      4,
      5,
      4
    ],
    "26": [
      5,
      7,
      4,
      3
    ],
    "27": [
      2,
      4,
      4,
      5
    ],
    "28": [
      4,
      5,
      5,
      7
    ],
    "29": [
      4,
      2,
      5,
      4
    ],
    "30": [
      2,
      6,
      4,
      5
    ],
    "31": [
      3,
      5,
      3,
      2
    ],
    "32": [
      3,
      2,
      5,
      7
    ]
  },
  "test_acc": {
    "0": 0.5013,
    "1": 0.4978,
    "2": 0.5178,
    "3": 0.5559,
    "4": 0.6003,
    "5": 0.6405,
    "6": 0.6488,
    "7": 0.666,
    "8": 0.688,
    "9": 0.6838,
    "10": 0.684,
    "11": 0.713,
    "12": 0.7298,
    "13": 0.7231,
    "14": 0.7304,
    "15": 0.7171,
    "16": 0.7141,
    "17": 0.7028,
    "18": 0.7143,
    "19": 0.669,
    "20": 0.7188,
    "21": 0.7152,
    "22": 0.7058,
    "23": 0.7069,
    "24": 0.6495,
    "25": 0.704,
    "26": 0.6759,
    "27": 0.699,
    "28": 0.7001,
    "29": 0.6886,
    "30": 0.7008,
    "31": 0.6992,
    "32": 0.6886
  },
  "test_loss": {
    "0": 0.6931905522346496,
    "1": 0.6946227264404297,
    "2": 0.6949476740837097,
    "3": 0.6850947471618652,
    "4": 0.6678046604156495,
    "5": 0.6410170516967774,
    "6": 0.6364262857437134,
    "7": 0.6209294599533081,
    "8": 0.5993874597549439,
    "9": 0.6247556631088257,
    "10": 0.617852454662323,
    "11": 0.628731119632721,
    "12": 0.5575658915519714,
    "13": 0.5681900431156158,
    "14": 0.5575446845054627,
    "15": 0.6026203863143921,
    "16": 0.5914657799720764,
    "17": 0.5912288308143616,
    "18": 0.5671821634292602,
    "19": 0.6559184999465942,
    "20": 0.5604369268894196,
    "21": 0.5728918405532837,
    "22": 0.5814421777725219,
    "23": 0.5815931235313415,
    "24": 0.6512869443893433,
    "25": 0.5963020207405091,
    "26": 0.6172134321212769,
    "27": 0.58866907787323,
    "28": 0.5939405755519866,
    "29": 0.6217101852416992,
    "30": 0.5988508451461791,
    "31": 0.5866420206069947,
    "32": 0.5940591976165771
  },
  "drift_final_total_l2": {
    "0": 9.928215026855469,
    "1": 18.486522674560547,
    "2": 21.82701873779297,
    "3": 27.128610610961914,
    "4": 36.72054672241211,
    "5": 35.91006088256836,
    "6": 36.4332160949707,
    "7": 41.67937088012695,
    "8": 47.26153564453125,
    "9": 46.116886138916016,
    "10": 50.758888244628906,
    "11": 76.28240203857422,
    "12": 62.37183380126953,
    "13": 58.79692840576172,
    "14": 50.075374603271484,
    "15": 55.249488830566406,
    "16": 47.0981559753418,
    "17": 57.96105194091797,
    "18": 33.73375701904297,
    "19": 54.50771713256836,
    "20": 32.82209014892578,
    "21": 40.950008392333984,
    "22": 32.4504280090332,
    "23": 41.192806243896484,
    "24": 38.769710540771484,
    "25": 36.409446716308594,
    "26": 36.8191032409668,
    "27": 29.036937713623047,
    "28": 30.4949893951416,
    "29": 36.005882263183594,
    "30": 31.3824405670166,
    "31": 23.74869155883789,
    "32": 30.989152908325195
  },
  "probe_type": "mlp",
  "probe_hidden_size": [
    2048
  ],
  "init_strategy": "gamma_second_zero",
  "init_gamma": 1.8,