{
  "config": {
    "model_short": "llama",
    "task_name": "somo",
    "dataset": {
      "train": "cache/llama/somo_train/",
      "test": "cache/llama/somo_test/"
    },
    "mdl": {
      "batch_size": 64,
      "probe_type": "mlp",
      "probe_hidden_size": [
        32
      ],
      "num_classes": 2,
      "init_strategy": "mup",
      "init_gamma": null,
      "optimizer": "adam",
      "train_epochs": 20,
      "lr": 0.00390625,
      "seed": 242,
      "early_stopping_gap": 3,
      "split_num": 5,
      "split_ratio": 2.0
    },
    "out_dir": "muP_results/llama/somo/hidden-32/seed-242/strategy-mup/opt-adam/2026-04-28_19-41-11"
  },
  "train_meta": {
    "dataset": "compling/somo",
    "split": "train",
    "text_col": "text",
    "model": "meta-llama/Meta-Llama-3.1-8B",
    "max_len": 64,
    "hidden_size": 4096,
    "num_hidden_layers": 32,
    "num_states": 33,
    "memmap_file": "last_token_hidden_states.memmap",
    "dtype": "float32",
    "shape": [
      15000,
      33,
      4096
    ]
  },
  "test_meta": {
    "dataset": "compling/somo",
    "split": "test",
    "text_col": "text",
    "model": "meta-llama/Meta-Llama-3.1-8B",
    "max_len": 64,
    "hidden_size": 4096,
    "num_hidden_layers": 32,
    "num_states": 33,
    "memmap_file": "last_token_hidden_states.memmap",
    "dtype": "float32",
    "shape": [
      10000,
      33,
      4096
    ]
  },
  "splits": [
    484,
    968,
    1936,
    3872,
    7740
  ],
  "mdl_sum_ce": {
    "0": 10062.60955619812,
    "1": 10063.016090393066,
    "2": 10062.142068862915,
    "3": 10018.266106128693,
    "4": 9716.675097942352,
    "5": 9475.38757944107,
    "6": 9390.15128993988,
    "7": 9171.13220500946,
    "8": 8839.620334863663,
    "9": 8476.74918627739,
    "10": 8049.064742565155,
    "11": 8022.442794799805,
    "12": 8063.597251415253,
    "13": 8081.62727022171,
    "14": 8216.18328666687,
    "15": 8253.468116283417,
    "16": 8344.40152835846,
    "17": 8448.340253829956,
    "18": 8455.317726135254,
    "19": 8535.41861629486,
    "20": 8559.290669441223,
    "21": 8566.916486740112,
    "22": 8633.98214006424,
    "23": 8677.073117256165,
    "24": 9171.388684272766,
    "25": 8710.401668548584,
    "26": 8762.312225818634,
    "27": 8736.255304813385,
    "28": 8729.211630821228,
    "29": 8789.08002281189,
    "30": 8745.088072776794,
    "31": 8855.560410022736,
    "32": 8993.755735397339
  },
  "mdl_nll": {
    "0": 0.6932081534994572,
    "1": 0.693236159437384,
    "2": 0.6931759485300989,
    "3": 0.6901533553409129,
    "4": 0.6693769012084839,
    "5": 0.6527547244034907,
    "6": 0.6468828389322044,
    "7": 0.6317947234093042,
    "8": 0.608957036019817,
    "9": 0.5839590235793186,
    "10": 0.5544960555638713,
    "11": 0.5526620828602786,
    "12": 0.5554971928503205,
    "13": 0.5567392718532453,
    "14": 0.5660087687149952,
    "15": 0.5685773020310979,
    "16": 0.574841659435,
    "17": 0.5820019463922538,
    "18": 0.5824826209792817,
    "19": 0.588000731351258,
    "20": 0.589645265186086,
    "21": 0.5901706039363538,
    "22": 0.5947907233441885,
    "23": 0.5977592392708848,
    "24": 0.6318123921378318,
    "25": 0.6000552265464718,
    "26": 0.6036313189458965,
    "27": 0.6018362706539946,
    "28": 0.6013510354657776,
    "29": 0.6054753391300558,
    "30": 0.6024447556335626,
    "31": 0.6100551398472538,
    "32": 0.6195753468860112
  },
  "stopping_epochs_per_stage": {
    "0": [
      5,
      4,
      1,
      2
    ],
    "1": [
      2,
      1,
      2,
      1
    ],
    "2": [
      6,
      3,
      1,
      5
    ],
    "3": [
      5,
      1,
      4,
      10
    ],
    "4": [
      12,
      1,
      12,
      10
    ],
    "5": [
      15,
      11,
      8,
      17
    ],
    "6": [
      19,
      14,
      11,
      11
    ],
    "7": [
      11,
      14,
      14,
      12
    ],
    "8": [
      20,
      14,
      10,
      14
    ],
    "9": [
      17,
      10,
      10,
      13
    ],
    "10": [
      15,
      8,
      8,
      7
    ],
    "11": [
      16,
      5,
      9,
      8
    ],
    "12": [
      14,
      9,
      8,
      6
    ],
    "13": [
      12,
      8,
      8,
      5
    ],
    "14": [
      15,
      6,
      5,
      3
    ],
    "15": [
      7,
      6,
      8,
      9
    ],
    "16": [
      10,
      7,
      4,
      4
    ],
    "17": [
      11,
      6,
      6,
      8
    ],
    "18": [
      3,
      7,
      7,
      7
    ],
    "19": [
      6,
      5,
      7,
      5
    ],
    "20": [
      5,
      6,
      6,
      14
    ],
    "21": [
      8,
      9,
      8,
      7
    ],
    "22": [
      7,
      8,
      11,
      5
    ],
    "23": [
      4,
      10,
      17,
      7
    ],
    "24": [
      8,
      9,
      3,
      3
    ],
    "25": [
      6,
      7,
      5,
      8
    ],
    "26": [
      4,
      8,
      13,
      7
    ],
    "27": [
      5,
      6,
      9,
      8
    ],
    "28": [
      13,
      6,
      11,
      6
    ],
    "29": [
      10,
      19,
      9,
      6
    ],
    "30": [
      4,
      4,
      8,
      6
    ],
    "31": [
      9,
      1,
      5,
      7
    ],
    "32": [
      4,
      1,
      6,
      11
    ]
  },
  "test_acc": {
    "0": 0.4982,
    "1": 0.5013,
    "2": 0.5013,
    "3": 0.5449,
    "4": 0.6041,
    "5": 0.6402,
    "6": 0.6509,
    "7": 0.5891,
    "8": 0.6935,
    "9": 0.7079,
    "10": 0.7246,
    "11": 0.7294,
    "12": 0.7279,
    "13": 0.7286,
    "14": 0.727,
    "15": 0.6916,
    "16": 0.6639,
    "17": 0.7192,
    "18": 0.7274,
    "19": 0.7022,
    "20": 0.7114,
    "21": 0.7102,
    "22": 0.7105,
    "23": 0.7085,
    "24": 0.6987,
    "25": 0.7071,
    "26": 0.7033,
    "27": 0.7013,
    "28": 0.6975,
    "29": 0.6878,
    "30": 0.6742,
    "31": 0.6916,
    "32": 0.6883
  },
  "test_loss": {
    "0": 0.6935466203689575,
    "1": 0.693674361038208,
    "2": 0.6932487678527832,
    "3": 0.6870634612083435,
    "4": 0.6644220166206359,
    "5": 0.6397631300926209,
    "6": 0.6299554368972778,
    "7": 0.7509489151000976,
    "8": 0.5963074872970581,
    "9": 0.5814028268814087,
    "10": 0.565327764415741,
    "11": 0.5712480826377868,
    "12": 0.5614263144016266,
    "13": 0.5609339427947998,
    "14": 0.5750436651229859,
    "15": 0.6105529537200928,
    "16": 0.6527826337814331,
    "17": 0.584414615535736,
    "18": 0.5549308410644531,
    "19": 0.5888099068641662,
    "20": 0.5799549214839935,
    "21": 0.5791432242393494,
    "22": 0.5725365557670593,
    "23": 0.5901026539802551,
    "24": 0.620814991569519,
    "25": 0.5847625084877014,
    "26": 0.5859590669631958,
    "27": 0.5844059364318848,
    "28": 0.5918792349338532,
    "29": 0.6600856875419616,
    "30": 0.6490356698036194,
    "31": 0.5979845749855042,
    "32": 0.6080974478721619
  },
  "drift_final_total_l2": {
    "0": 11.116616249084473,
    "1": 8.854785919189453,
    "2": 8.280648231506348,
    "3": 57.88001251220703,
    "4": 88.49154663085938,
    "5": 71.33229064941406,
    "6": 57.07078552246094,
    "7": 107.71012878417969,
    "8": 87.99640655517578,
    "9": 80.76515197753906,
    "10": 85.0484848022461,
    "11": 114.61514282226562,
    "12": 104.0665054321289,
    "13": 98.42520141601562,
    "14": 87.801513671875,
    "15": 78.7304916381836,
    "16": 75.36710357666016,
    "17": 93.94454956054688,
    "18": 59.342262268066406,
    "19": 58.528385162353516,
    "20": 55.7532958984375,
    "21": 68.31121826171875,
    "22": 51.75069046020508,
    "23": 70.85604858398438,
    "24": 55.32236862182617,
    "25": 57.11271286010742,
    "26": 52.25167465209961,
    "27": 39.89073181152344,
    "28": 35.93788146972656,
    "29": 48.08213806152344,
    "30": 40.926048278808594,
    "31": 47.76437759399414,
    "32": 30.698261260986328
  },
  "probe_type": "mlp",
  "probe_hidden_size": [
    32
  ],
  "init_strategy": "mup",
  "init_gamma": null,