{
  "config": {
    "model_short": "llama",
    "task_name": "somo",
    "dataset": {
      "train": "cache/llama/somo_train/",
      "test": "cache/llama/somo_test/"
    },
    "mdl": {
      "batch_size": 64,
      "probe_type": "mlp",
      "probe_hidden_size": [
        128
      ],
      "num_classes": 2,
      "init_strategy": "gamma_second_zero",
      "init_gamma": 1.3,
      "optimizer": "adamw",
      "train_epochs": 10,
      "lr": 0.001,
      "seed": 242,
      "early_stopping_gap": 3,
      "split_num": 5,
      "split_ratio": 2.0
    },
    "out_dir": "init_results/llama/somo/hidden-128/seed-242/strategy-gamma_second_zero/gamma-1.3/opt-adamw/2026-04-25_03-13-35"
  },
  "train_meta": {
    "dataset": "compling/somo",
    "split": "train",
    "text_col": "text",
    "model": "meta-llama/Meta-Llama-3.1-8B",
    "max_len": 64,
    "hidden_size": 4096,
    "num_hidden_layers": 32,
    "num_states": 33,
    "memmap_file": "last_token_hidden_states.memmap",
    "dtype": "float32",
    "shape": [
      15000,
      33,
      4096
    ]
  },
  "test_meta": {
    "dataset": "compling/somo",
    "split": "test",
    "text_col": "text",
    "model": "meta-llama/Meta-Llama-3.1-8B",
    "max_len": 64,
    "hidden_size": 4096,
    "num_hidden_layers": 32,
    "num_states": 33,
    "memmap_file": "last_token_hidden_states.memmap",
    "dtype": "float32",
    "shape": [
      10000,
      33,
      4096
    ]
  },
  "splits": [
    484,
    968,
    1936,
    3872,
    7740
  ],
  "mdl_sum_ce": {
    "0": 10061.429070949554,
    "1": 10060.562462806702,
    "2": 10058.998138427734,
    "3": 10036.151963233948,
    "4": 9734.958250045776,
    "5": 9531.479203224182,
    "6": 9438.85995388031,
    "7": 9257.436882972717,
    "8": 8912.060851335526,
    "9": 8498.615338802338,
    "10": 8096.98694729805,
    "11": 8039.0356369018555,
    "12": 8064.0193037986755,
    "13": 8159.34525680542,
    "14": 8206.018771409988,
    "15": 8319.388842105865,
    "16": 8322.679522275925,
    "17": 8452.65824508667,
    "18": 8538.20132303238,
    "19": 8568.382875442505,
    "20": 8652.395246505737,
    "21": 8696.459066867828,
    "22": 8662.565519809723,
    "23": 8705.011504173279,
    "24": 8767.663960456848,
    "25": 8838.319292545319,
    "26": 8757.94260597229,
    "27": 8760.012250900269,
    "28": 8825.911992073059,
    "29": 8832.709575653076,
    "30": 8808.219754219055,
    "31": 8764.435214042664,
    "32": 8977.315984725952
  },
  "mdl_nll": {
    "0": 0.6931268304594623,
    "1": 0.6930671302567306,
    "2": 0.692959364730486,
    "3": 0.6913855031161441,
    "4": 0.670636418437984,
    "5": 0.6566188483896516,
    "6": 0.650238354497128,
    "7": 0.6377402096288728,
    "8": 0.6139474270691324,
    "9": 0.5854653719208003,
    "10": 0.557797392346242,
    "11": 0.5538051554768432,
    "12": 0.5555262678285117,
    "13": 0.5620932251863751,
    "14": 0.5653085403286021,
    "15": 0.5731185479543859,
    "16": 0.5733452412700416,
    "17": 0.5822994106562875,
    "18": 0.5881924306305029,
    "19": 0.5902716227226856,
    "20": 0.5960591930632224,
    "21": 0.5990947276706964,
    "22": 0.5967598181186087,
    "23": 0.5996839008110553,
    "24": 0.603999997275892,
    "25": 0.6088674078634141,
    "26": 0.6033302980140735,
    "27": 0.6034728748209058,
    "28": 0.6080126751221452,
    "29": 0.6084809572646098,
    "30": 0.6067938656805631,
    "31": 0.6037775705457883,
    "32": 0.6184428206617493
  },
  "stopping_epochs_per_stage": {
    "0": [
      6,
      3,
      2,
      4
    ],
    "1": [
      9,
      1,
      1,
      4
    ],
    "2": [
      5,
      1,
      1,
      10
    ],
    "3": [
      5,
      1,
      1,
      9
    ],
    "4": [
      10,
      7,
      9,
      10
    ],
    "5": [
      10,
      9,
      9,
      5
    ],
    "6": [
      10,
      8,
      9,
      9
    ],
    "7": [
      6,
      8,
      7,
      6
    ],
    "8": [
      10,
      10,
      7,
      5
    ],
    "9": [
      8,
      7,
      7,
      5
    ],
    "10": [
      7,
      7,
      9,
      5
    ],
    "11": [
      7,
      9,
      7,
      6
    ],
    "12": [
      9,
      6,
      5,
      7
    ],
    "13": [
      8,
      3,
      4,
      5
    ],
    "14": [
      10,
      6,
      4,
      4
    ],
    "15": [
      7,
      3,
      7,
      5
    ],
    "16": [
      5,
      4,
      6,
      6
    ],
    "17": [
      6,
      8,
      8,
      5
    ],
    "18": [
      9,
      9,
      9,
      2
    ],
    "19": [
      7,
      5,
      7,
      7
    ],
    "20": [
      9,
      9,
      3,
      2
    ],
    "21": [
      7,
      6,
      5,
      3
    ],
    "22": [
      4,
      8,
      4,
      7
    ],
    "23": [
      6,
      7,
      5,
      5
    ],
    "24": [
      8,
      7,
      7,
      8
    ],
    "25": [
      7,
      6,
      10,
      6
    ],
    "26": [
      5,
      8,
      4,
      4
    ],
    "27": [
      6,
      6,
      7,
      6
    ],
    "28": [
      5,
      6,
      6,
      10
    ],
    "29": [
      3,
      6,
      5,
      3
    ],
    "30": [
      5,
      4,
      7,
      5
    ],
    "31": [
      3,
      4,
      4,
      6
    ],
    "32": [
      5,
      5,
      3,
      3
    ]
  },
  "test_acc": {
    "0": 0.5013,
    "1": 0.4937,
    "2": 0.5246,
    "3": 0.5505,
    "4": 0.5996,
    "5": 0.64,
    "6": 0.6498,
    "7": 0.6658,
    "8": 0.6941,
    "9": 0.7074,
    "10": 0.7293,
    "11": 0.7315,
    "12": 0.6548,
    "13": 0.7344,
    "14": 0.7185,
    "15": 0.7161,
    "16": 0.7164,
    "17": 0.69,
    "18": 0.7207,
    "19": 0.7151,
    "20": 0.7148,
    "21": 0.7079,
    "22": 0.712,
    "23": 0.6999,
    "24": 0.685,
    "25": 0.7079,
    "26": 0.7077,
    "27": 0.6929,
    "28": 0.7067,
    "29": 0.7021,
    "30": 0.6883,
    "31": 0.6927,
    "32": 0.6881
  },
  "test_loss": {
    "0": 0.6931758492469787,
    "1": 0.6943110747337341,
    "2": 0.6976762041091918,
    "3": 0.684540835762024,
    "4": 0.6596736382484436,
    "5": 0.6342628343582153,
    "6": 0.6327374649047851,
    "7": 0.615049118232727,
    "8": 0.5920543029785156,
    "9": 0.5793074311256409,
    "10": 0.5484223675727844,
    "11": 0.5429554434776306,
    "12": 0.6755824168205261,
    "13": 0.5315112315177918,
    "14": 0.5563277870178223,
    "15": 0.5637392124176025,
    "16": 0.55769631857872,
    "17": 0.5971564979553222,
    "18": 0.5514206447124481,
    "19": 0.5586959648609161,
    "20": 0.5686542658805848,
    "21": 0.5699673601150512,
    "22": 0.5632584384918213,
    "23": 0.5933039598464965,
    "24": 0.5996159435272217,
    "25": 0.5742837901115417,
    "26": 0.5753307085990905,
    "27": 0.5982924932479858,
    "28": 0.5774589274406433,
    "29": 0.5864559703826905,
    "30": 0.5924011723041535,
    "31": 0.5994832728385925,
    "32": 0.5889871369361878
  },
  "drift_final_total_l2": {
    "0": 3.219750165939331,
    "1": 9.85727310180664,
    "2": 18.502185821533203,
    "3": 12.525708198547363,
    "4": 16.028013229370117,
    "5": 13.982314109802246,
    "6": 32.1958122253418,
    "7": 15.769009590148926,
    "8": 27.196369171142578,
    "9": 25.97724151611328,
    "10": 30.764057159423828,
    "11": 24.041444778442383,
    "12": 31.452653884887695,
    "13": 16.07707977294922,
    "14": 30.309345245361328,
    "15": 28.08295249938965,
    "16": 22.25480079650879,
    "17": 25.386104583740234,
    "18": 15.51402759552002,
    "19": 19.854942321777344,
    "20": 18.048580169677734,
    "21": 28.197986602783203,
    "22": 20.36859130859375,
    "23": 16.20778465270996,
    "24": 17.970232009887695,
    "25": 9.309776306152344,
    "26": 16.95995330810547,
    "27": 16.999000549316406,
    "28": 18.463054656982422,
    "29": 14.131564140319824,
    "30": 10.815716743469238,
    "31": 13.835731506347656,
    "32": 10.589887619018555
  },
  "probe_type": "mlp",
  "probe_hidden_size": [
    128
  ],
  "init_strategy": "gamma_second_zero",
  "init_gamma": 1.3,