{
  "config": {
    "model_short": "llama",
    "task_name": "somo",
    "dataset": {
      "train": "cache/llama/somo_train/",
      "test": "cache/llama/somo_test/"
    },
    "mdl": {
      "batch_size": 64,
      "probe_type": "mlp",
      "probe_hidden_size": [
        16
      ],
      "num_classes": 2,
      "init_strategy": "gamma",
      "init_gamma": 1.5,
      "optimizer": "adamw",
      "train_epochs": 10,
      "lr": 0.001,
      "seed": 142,
      "early_stopping_gap": 3,
      "split_num": 5,
      "split_ratio": 2.0
    },
    "out_dir": "init_results/llama/somo/hidden-16/seed-142/strategy-gamma/gamma-1.5/opt-adamw/2026-04-22_03-30-37"
  },
  "train_meta": {
    "dataset": "compling/somo",
    "split": "train",
    "text_col": "text",
    "model": "meta-llama/Meta-Llama-3.1-8B",
    "max_len": 64,
    "hidden_size": 4096,
    "num_hidden_layers": 32,
    "num_states": 33,
    "memmap_file": "last_token_hidden_states.memmap",
    "dtype": "float32",
    "shape": [
      15000,
      33,
      4096
    ]
  },
  "test_meta": {
    "dataset": "compling/somo",
    "split": "test",
    "text_col": "text",
    "model": "meta-llama/Meta-Llama-3.1-8B",
    "max_len": 64,
    "hidden_size": 4096,
    "num_hidden_layers": 32,
    "num_states": 33,
    "memmap_file": "last_token_hidden_states.memmap",
    "dtype": "float32",
    "shape": [
      10000,
      33,
      4096
    ]
  },
  "splits": [
    484,
    968,
    1936,
    3872,
    7740
  ],
  "mdl_sum_ce": {
    "0": 10060.293295383453,
    "1": 10062.125847816467,
    "2": 10059.301412582397,
    "3": 10007.28082227707,
    "4": 9752.159839630127,
    "5": 9484.727479934692,
    "6": 9539.052027225494,
    "7": 9291.86604309082,
    "8": 8923.08595085144,
    "9": 8548.70778799057,
    "10": 8064.074163913727,
    "11": 8098.892462730408,
    "12": 8162.508409976959,
    "13": 8107.069095134735,
    "14": 8185.393659114838,
    "15": 8229.08042049408,
    "16": 8297.984567165375,
    "17": 8389.40422964096,
    "18": 8632.295919418335,
    "19": 8529.538685321808,
    "20": 8606.79157114029,
    "21": 8608.45415353775,
    "22": 8651.571337223053,
    "23": 8732.200866699219,
    "24": 9128.403070926666,
    "25": 8807.150873661041,
    "26": 8850.370876789093,
    "27": 8759.835302352905,
    "28": 8779.698303222656,
    "29": 8816.813099384308,
    "30": 9138.46650314331,
    "31": 8926.91679239273,
    "32": 8898.792330265045
  },
  "mdl_nll": {
    "0": 0.693048587447193,
    "1": 0.6931748310702995,
    "2": 0.6929802571357397,
    "3": 0.6893965846153947,
    "4": 0.6718214273649853,
    "5": 0.6533981454901276,
    "6": 0.6571405364580803,
    "7": 0.6401120172975214,
    "8": 0.6147069406759053,
    "9": 0.5889162157612683,
    "10": 0.5555300471144755,
    "11": 0.5579286623539823,
    "12": 0.5623111332307081,
    "13": 0.5584919464821394,
    "14": 0.56388768662957,
    "15": 0.5668972458317774,
    "16": 0.5716440181293314,
    "17": 0.5779418730808047,
    "18": 0.5946745604449115,
    "19": 0.5875956658391986,
    "20": 0.5929175786125854,
    "21": 0.5930321130847169,
    "22": 0.5960024343636713,
    "23": 0.6015569624345012,
    "24": 0.628851134673923,
    "25": 0.6067202310320364,
    "26": 0.6096976354911197,
    "27": 0.6034606849237328,
    "28": 0.6048290371467798,
    "29": 0.6073858569429808,
    "30": 0.6295443995000903,
    "31": 0.6149708454390143,
    "32": 0.6130333652703944
  },
  "stopping_epochs_per_stage": {
    "0": [
      1,
      8,
      2,
      1
    ],
    "1": [
      1,
      7,
      4,
      2
    ],
    "2": [
      9,
      3,
      2,
      2
    ],
    "3": [
      10,
      2,
      9,
      10
    ],
    "4": [
      10,
      5,
      10,
      9
    ],
    "5": [
      10,
      4,
      9,
      10
    ],
    "6": [
      9,
      4,
      10,
      8
    ],
    "7": [
      10,
      3,
      10,
      9
    ],
    "8": [
      10,
      10,
      7,
      10
    ],
    "9": [
      9,
      10,
      8,
      4
    ],
    "10": [
      9,
      10,
      10,
      8
    ],
    "11": [
      10,
      10,
      8,
      4
    ],
    "12": [
      10,
      10,
      6,
      10
    ],
    "13": [
      10,
      9,
      7,
      6
    ],
    "14": [
      10,
      8,
      6,
      6
    ],
    "15": [
      10,
      10,
      8,
      6
    ],
    "16": [
      10,
      9,
      6,
      5
    ],
    "17": [
      10,
      10,
      8,
      5
    ],
    "18": [
      10,
      10,
      7,
      6
    ],
    "19": [
      8,
      10,
      6,
      10
    ],
    "20": [
      10,
      10,
      7,
      4
    ],
    "21": [
      9,
      9,
      9,
      7
    ],
    "22": [
      10,
      9,
      7,
      7
    ],
    "23": [
      9,
      10,
      8,
      10
    ],
    "24": [
      1,
      8,
      10,
      4
    ],
    "25": [
      10,
      10,
      9,
      7
    ],
    "26": [
      5,
      6,
      8,
      7
    ],
    "27": [
      9,
      7,
      6,
      8
    ],
    "28": [
      10,
      7,
      5,
      4
    ],
    "29": [
      9,
      8,
      5,
      6
    ],
    "30": [
      10,
      9,
      8,
      5
    ],
    "31": [
      7,
      5,
      10,
      7
    ],
    "32": [
      5,
      7,
      7,
      9
    ]
  },
  "test_acc": {
    "0": 0.5013,
    "1": 0.5014,
    "2": 0.5247,
    "3": 0.5013,
    "4": 0.5746,
    "5": 0.6449,
    "6": 0.644,
    "7": 0.6598,
    "8": 0.6934,
    "9": 0.7011,
    "10": 0.7316,
    "11": 0.731,
    "12": 0.7213,
    "13": 0.7252,
    "14": 0.7361,
    "15": 0.7266,
    "16": 0.727,
    "17": 0.7127,
    "18": 0.7195,
    "19": 0.7229,
    "20": 0.7124,
    "21": 0.7162,
    "22": 0.7103,
    "23": 0.7089,
    "24": 0.711,
    "25": 0.6928,
    "26": 0.7035,
    "27": 0.7068,
    "28": 0.7064,
    "29": 0.6979,
    "30": 0.7006,
    "31": 0.6996,
    "32": 0.6902
  },
  "test_loss": {
    "0": 0.693126983165741,
    "1": 0.6932063898086548,
    "2": 0.6916453998565674,
    "3": 0.6932038730621338,
    "4": 0.6857154685974121,
    "5": 0.6330786977767945,
    "6": 0.6333298034667969,
    "7": 0.619741332244873,
    "8": 0.5874773159980774,
    "9": 0.5791086711883545,
    "10": 0.5414422999382019,
    "11": 0.5440501452922821,
    "12": 0.5548877998352051,
    "13": 0.5469593491077424,
    "14": 0.5345121631145477,
    "15": 0.5430832675457,
    "16": 0.549627360868454,
    "17": 0.5646239302635193,
    "18": 0.558628129863739,
    "19": 0.5542656030654908,
    "20": 0.5639910776615142,
    "21": 0.5631100499153138,
    "22": 0.5709999217987061,
    "23": 0.5678914724826812,
    "24": 0.5673717197418213,
    "25": 0.5868832012176514,
    "26": 0.5783001509666443,
    "27": 0.5753672659397125,
    "28": 0.5706201377391815,
    "29": 0.5834168737411499,
    "30": 0.5801832949638367,
    "31": 0.5856120199203492,
    "32": 0.5854553136825561
  },
  "drift_final_total_l2": {
    "0": 2.355090856552124,
    "1": 6.757264614105225,
    "2": 9.019716262817383,
    "3": 1.4980583190917969,
    "4": 12.383593559265137,
    "5": 14.784379005432129,
    "6": 14.305656433105469,
    "7": 9.8971586227417,
    "8": 13.327404975891113,
    "9": 12.322541236877441,
    "10": 13.392151832580566,
    "11": 14.2116060256958,
    "12": 14.02506160736084,
    "13": 15.220132827758789,
    "14": 13.802168846130371,
    "15": 13.854166030883789,
    "16": 11.991825103759766,
    "17": 12.422603607177734,
    "18": 12.874829292297363,
    "19": 11.846308708190918,
    "20": 11.541399955749512,
    "21": 9.490644454956055,
    "22": 11.407182693481445,
    "23": 10.253216743469238,
    "24": 10.861464500427246,
    "25": 7.161099433898926,
    "26": 8.944734573364258,
    "27": 9.888657569885254,
    "28": 10.256705284118652,
    "29": 9.17237377166748,
    "30": 9.298971176147461,
    "31": 7.937305927276611,
    "32": 10.137971878051758
  },
  "probe_type": "mlp",
  "probe_hidden_size": [
    16
  ],
  "init_strategy": "gamma",
  "init_gamma": 1.5,