{
  "config": {
    "model_short": "llama",
    "task_name": "somo",
    "dataset": {
      "train": "cache/llama/somo_train/",
      "test": "cache/llama/somo_test/"
    },
    "mdl": {
      "batch_size": 64,
      "probe_type": "mlp",
      "probe_hidden_size": [
        1024
      ],
      "num_classes": 2,
      "init_strategy": "mup",
      "init_gamma": null,
      "optimizer": "adam",
      "train_epochs": 20,
      "lr": 0.00390625,
      "seed": 342,
      "early_stopping_gap": 3,
      "split_num": 5,
      "split_ratio": 2.0
    },
    "out_dir": "muP_results/llama/somo/hidden-1024/seed-342/strategy-mup/opt-adam/2026-04-28_20-16-11"
  },
  "train_meta": {
    "dataset": "compling/somo",
    "split": "train",
    "text_col": "text",
    "model": "meta-llama/Meta-Llama-3.1-8B",
    "max_len": 64,
    "hidden_size": 4096,
    "num_hidden_layers": 32,
    "num_states": 33,
    "memmap_file": "last_token_hidden_states.memmap",
    "dtype": "float32",
    "shape": [
      15000,
      33,
      4096
    ]
  },
  "test_meta": {
    "dataset": "compling/somo",
    "split": "test",
    "text_col": "text",
    "model": "meta-llama/Meta-Llama-3.1-8B",
    "max_len": 64,
    "hidden_size": 4096,
    "num_hidden_layers": 32,
    "num_states": 33,
    "memmap_file": "last_token_hidden_states.memmap",
    "dtype": "float32",
    "shape": [
      10000,
      33,
      4096
    ]
  },
  "splits": [
    484,
    968,
    1936,
    3872,
    7740
  ],
  "mdl_sum_ce": {
    "0": 10061.79381608963,
    "1": 10062.089624404907,
    "2": 10053.753856182098,
    "3": 10008.953650951385,
    "4": 9713.816387176514,
    "5": 9467.984023094177,
    "6": 9395.208413124084,
    "7": 9192.410754680634,
    "8": 8782.382873535156,
    "9": 8425.040125370026,
    "10": 8020.326824188232,
    "11": 8032.230373382568,
    "12": 8077.449449062347,
    "13": 8077.814340591431,
    "14": 8103.048617362976,
    "15": 8204.094672203064,
    "16": 8361.205968618393,
    "17": 8345.925860881805,
    "18": 8439.330926179886,
    "19": 8478.762705802917,
    "20": 8521.0350522995,
    "21": 8588.443314552307,
    "22": 8599.34252166748,
    "23": 8646.747077465057,
    "24": 8646.393924713135,
    "25": 8686.130930900574,
    "26": 8721.101651191711,
    "27": 8763.683506965637,
    "28": 8758.988129615784,
    "29": 8766.68898487091,
    "30": 8746.198835849762,
    "31": 8768.94790840149,
    "32": 8840.013404846191
  },
  "mdl_nll": {
    "0": 0.6931519575702418,
    "1": 0.6931723356575439,
    "2": 0.6925980887422223,
    "3": 0.6895118249484283,
    "4": 0.6691799660496358,
    "5": 0.6522446970993508,
    "6": 0.6472312216260736,
    "7": 0.6332605920832621,
    "8": 0.6050139758566517,
    "9": 0.580396812163821,
    "10": 0.5525163147002089,
    "11": 0.5533363442671927,
    "12": 0.5564514638373069,
    "13": 0.5564766010327522,
    "14": 0.5582149777736963,
    "15": 0.5651759900939008,
    "16": 0.5759993089431243,
    "17": 0.5749466699422572,
    "18": 0.5813812983039326,
    "19": 0.5840977339351693,
    "20": 0.5870098548015638,
    "21": 0.5916535763676155,
    "22": 0.5924044173096914,
    "23": 0.5956700935150907,
    "24": 0.5956457649981493,
    "25": 0.5983832275351731,
    "26": 0.6007923430140336,
    "27": 0.6037257858201734,
    "28": 0.6034023236164083,
    "29": 0.6039328316940555,
    "30": 0.6025212755476551,
    "31": 0.6040884478094165,
    "32": 0.6089841144148658
  },
  "stopping_epochs_per_stage": {
    "0": [
      3,
      3,
      3,
      4
    ],
    "1": [
      2,
      1,
      1,
      3
    ],
    "2": [
      1,
      2,
      4,
      10
    ],
    "3": [
      1,
      1,
      11,
      11
    ],
    "4": [
      1,
      12,
      15,
      11
    ],
    "5": [
      17,
      2,
      9,
      13
    ],
    "6": [
      11,
      10,
      8,
      14
    ],
    "7": [
      9,
      20,
      9,
      7
    ],
    "8": [
      17,
      15,
      12,
      8
    ],
    "9": [
      18,
      9,
      10,
      13
    ],
    "10": [
      13,
      14,
      8,
      5
    ],
    "11": [
      12,
      8,
      9,
      12
    ],
    "12": [
      11,
      9,
      5,
      7
    ],
    "13": [
      9,
      7,
      9,
      7
    ],
    "14": [
      11,
      10,
      9,
      8
    ],
    "15": [
      5,
      11,
      6,
      6
    ],
    "16": [
      16,
      14,
      6,
      3
    ],
    "17": [
      11,
      8,
      8,
      7
    ],
    "18": [
      15,
      6,
      8,
      12
    ],
    "19": [
      11,
      13,
      5,
      8
    ],
    "20": [
      12,
      7,
      7,
      4
    ],
    "21": [
      5,
      4,
      9,
      11
    ],
    "22": [
      8,
      11,
      7,
      6
    ],
    "23": [
      6,
      8,
      7,
      9
    ],
    "24": [
      14,
      17,
      6,
      10
    ],
    "25": [
      6,
      6,
      6,
      7
    ],
    "26": [
      13,
      12,
      7,
      6
    ],
    "27": [
      5,
      6,
      8,
      5
    ],
    "28": [
      3,
      7,
      4,
      8
    ],
    "29": [
      5,
      9,
      4,
      4
    ],
    "30": [
      1,
      20,
      6,
      8
    ],
    "31": [
      5,
      9,
      5,
      4
    ],
    "32": [
      4,
      7,
      8,
      9
    ]
  },
  "test_acc": {
    "0": 0.4987,
    "1": 0.5002,
    "2": 0.528,
    "3": 0.5407,
    "4": 0.6097,
    "5": 0.631,
    "6": 0.6442,
    "7": 0.6673,
    "8": 0.6892,
    "9": 0.7003,
    "10": 0.7017,
    "11": 0.728,
    "12": 0.7272,
    "13": 0.7315,
    "14": 0.7274,
    "15": 0.7257,
    "16": 0.7309,
    "17": 0.7048,
    "18": 0.7154,
    "19": 0.7159,
    "20": 0.708,
    "21": 0.724,
    "22": 0.6804,
    "23": 0.7105,
    "24": 0.6846,
    "25": 0.7084,
    "26": 0.7045,
    "27": 0.6927,
    "28": 0.6979,
    "29": 0.6907,
    "30": 0.6951,
    "31": 0.6983,
    "32": 0.6843
  },
  "test_loss": {
    "0": 0.6933011972427369,
    "1": 0.6935332589149475,
    "2": 0.6933867420196533,
    "3": 0.7023257576942444,
    "4": 0.6560977638244629,
    "5": 0.6505970022201538,
    "6": 0.6336352758407593,
    "7": 0.6218756687164306,
    "8": 0.5975697961807251,
    "9": 0.6012074486732483,
    "10": 0.6022893909454345,
    "11": 0.5693384403705597,
    "12": 0.5630302170276642,
    "13": 0.5490815491676331,
    "14": 0.5741559987545013,
    "15": 0.5731896617889404,
    "16": 0.5511899080753326,
    "17": 0.5849395526885987,
    "18": 0.5742996657848358,
    "19": 0.5750110936164856,
    "20": 0.5869186168670655,
    "21": 0.5804250102996826,
    "22": 0.631591618156433,
    "23": 0.575555352973938,
    "24": 0.6164212759971619,
    "25": 0.5954733099460602,
    "26": 0.5811971709251403,
    "27": 0.6209763508796692,
    "28": 0.6104293233394623,
    "29": 0.6357411935806274,
    "30": 0.6339100183486939,
    "31": 0.5917280025482178,
    "32": 0.6403823987960815
  },
  "drift_final_total_l2": {
    "0": 36.19210433959961,
    "1": 232.85635375976562,
    "2": 391.9912414550781,
    "3": 463.13861083984375,
    "4": 333.43096923828125,
    "5": 542.3986206054688,
    "6": 385.70330810546875,
    "7": 517.697998046875,
    "8": 540.3391723632812,
    "9": 539.7010498046875,
    "10": 601.1268310546875,
    "11": 554.36474609375,
    "12": 520.359619140625,
    "13": 502.36114501953125,
    "14": 548.3115234375,
    "15": 547.1738891601562,
    "16": 386.2275695800781,
    "17": 439.23028564453125,
    "18": 402.9470520019531,
    "19": 393.6913146972656,
    "20": 462.3133850097656,
    "21": 502.0462951660156,
    "22": 375.577392578125,
    "23": 344.40234375,
    "24": 348.7441711425781,
    "25": 367.78973388671875,
    "26": 257.3661193847656,
    "27": 326.1443786621094,
    "28": 271.6684265136719,
    "29": 393.0937194824219,
    "30": 367.106689453125,
    "31": 221.3387451171875,
    "32": 275.73919677734375
  },
  "probe_type": "mlp",
  "probe_hidden_size": [
    1024
  ],
  "init_strategy": "mup",
  "init_gamma": null,