{
  "config": {
    "model_short": "llama",
    "task_name": "somo",
    "dataset": {
      "train": "cache/llama/somo_train/",
      "test": "cache/llama/somo_test/"
    },
    "mdl": {
      "batch_size": 64,
      "probe_type": "mlp",
      "probe_hidden_size": [
        256
      ],
      "num_classes": 2,
      "init_strategy": "gamma",
      "init_gamma": 1.5,
      "optimizer": "adamw",
      "train_epochs": 10,
      "lr": 0.001,
      "seed": 142,
      "early_stopping_gap": 3,
      "split_num": 5,
      "split_ratio": 2.0
    },
    "out_dir": "init_results/llama/somo/hidden-256/seed-142/strategy-gamma/gamma-1.5/opt-adamw/2026-04-22_03-35-45"
  },
  "train_meta": {
    "dataset": "compling/somo",
    "split": "train",
    "text_col": "text",
    "model": "meta-llama/Meta-Llama-3.1-8B",
    "max_len": 64,
    "hidden_size": 4096,
    "num_hidden_layers": 32,
    "num_states": 33,
    "memmap_file": "last_token_hidden_states.memmap",
    "dtype": "float32",
    "shape": [
      15000,
      33,
      4096
    ]
  },
  "test_meta": {
    "dataset": "compling/somo",
    "split": "test",
    "text_col": "text",
    "model": "meta-llama/Meta-Llama-3.1-8B",
    "max_len": 64,
    "hidden_size": 4096,
    "num_hidden_layers": 32,
    "num_states": 33,
    "memmap_file": "last_token_hidden_states.memmap",
    "dtype": "float32",
    "shape": [
      10000,
      33,
      4096
    ]
  },
  "splits": [
    484,
    968,
    1936,
    3872,
    7740
  ],
  "mdl_sum_ce": {
    "0": 10060.013961791992,
    "1": 10060.662866592407,
    "2": 10062.524073600769,
    "3": 10020.78709602356,
    "4": 9768.978488445282,
    "5": 9531.141795158386,
    "6": 9410.199099063873,
    "7": 9268.134037017822,
    "8": 8978.18395280838,
    "9": 8579.098293304443,
    "10": 8122.068513393402,
    "11": 8088.913404464722,
    "12": 8066.348543643951,
    "13": 8139.634334087372,
    "14": 8206.594925403595,
    "15": 8429.188568115234,
    "16": 8398.818329811096,
    "17": 8488.281512737274,
    "18": 8536.104883670807,
    "19": 8539.91383934021,
    "20": 8646.14079618454,
    "21": 8754.967269420624,
    "22": 8635.638012886047,
    "23": 8707.091613292694,
    "24": 8748.109172821045,
    "25": 8803.04662656784,
    "26": 8776.481666564941,
    "27": 8829.700950145721,
    "28": 8765.590131759644,
    "29": 8844.618860721588,
    "30": 8890.12237071991,
    "31": 8855.740936279297,
    "32": 8979.498523712158
  },
  "mdl_nll": {
    "0": 0.6930293442953976,
    "1": 0.6930740470234504,
    "2": 0.6932022646459609,
    "3": 0.6903270250774015,
    "4": 0.6729800556933923,
    "5": 0.6565956045162845,
    "6": 0.6482639225037113,
    "7": 0.6384771312357276,
    "8": 0.61850261455004,
    "9": 0.5910098025147729,
    "10": 0.5595252489248692,
    "11": 0.5572412100072143,
    "12": 0.5556867279997211,
    "13": 0.5607353495513483,
    "14": 0.5653482312898591,
    "15": 0.5806825963154612,
    "16": 0.5785904057461488,
    "17": 0.5847534797972771,
    "18": 0.5880480079685042,
    "19": 0.5883104050248147,
    "20": 0.5956283271000647,
    "21": 0.6031253285630079,
    "22": 0.5949047955969997,
    "23": 0.5998271984908167,
    "24": 0.6026528777088072,
    "25": 0.6064374914968201,
    "26": 0.6046074446517595,
    "27": 0.6082736945539902,
    "28": 0.6038571322512843,
    "29": 0.6093013819731047,
    "30": 0.6124360960815589,
    "31": 0.610067576211029,
    "32": 0.6185931746839458
  },
  "stopping_epochs_per_stage": {
    "0": [
      1,
      6,
      7,
      1
    ],
    "1": [
      4,
      3,
      9,
      2
    ],
    "2": [
      3,
      2,
      1,
      1
    ],
    "3": [
      10,
      1,
      5,
      10
    ],
    "4": [
      9,
      2,
      10,
      8
    ],
    "5": [
      8,
      4,
      8,
      8
    ],
    "6": [
      10,
      3,
      8,
      8
    ],
    "7": [
      6,
      10,
      8,
      10
    ],
    "8": [
      9,
      6,
      9,
      6
    ],
    "9": [
      8,
      5,
      5,
      4
    ],
    "10": [
      4,
      6,
      4,
      4
    ],
    "11": [
      10,
      5,
      6,
      4
    ],
    "12": [
      8,
      9,
      3,
      6
    ],
    "13": [
      8,
      5,
      3,
      4
    ],
    "14": [
      8,
      6,
      4,
      5
    ],
    "15": [
      7,
      4,
      5,
      8
    ],
    "16": [
      6,
      8,
      5,
      4
    ],
    "17": [
      10,
      10,
      5,
      4
    ],
    "18": [
      10,
      9,
      3,
      3
    ],
    "19": [
      8,
      10,
      3,
      5
    ],
    "20": [
      9,
      7,
      4,
      3
    ],
    "21": [
      5,
      7,
      8,
      5
    ],
    "22": [
      6,
      7,
      7,
      5
    ],
    "23": [
      10,
      9,
      6,
      10
    ],
    "24": [
      7,
      3,
      5,
      6
    ],
    "25": [
      10,
      7,
      4,
      8
    ],
    "26": [
      9,
      6,
      5,
      5
    ],
    "27": [
      1,
      6,
      7,
      6
    ],
    "28": [
      8,
      5,
      5,
      3
    ],
    "29": [
      3,
      7,
      4,
      6
    ],
    "30": [
      10,
      5,
      8,
      3
    ],
    "31": [
      3,
      6,
      5,
      8
    ],
    "32": [
      7,
      7,
      6,
      10
    ]
  },
  "test_acc": {
    "0": 0.5026,
    "1": 0.5013,
    "2": 0.5271,
    "3": 0.5494,
    "4": 0.6044,
    "5": 0.6317,
    "6": 0.6437,
    "7": 0.6535,
    "8": 0.6969,
    "9": 0.7054,
    "10": 0.7221,
    "11": 0.728,
    "12": 0.6915,
    "13": 0.7218,
    "14": 0.7272,
    "15": 0.7297,
    "16": 0.7302,
    "17": 0.723,
    "18": 0.7213,
    "19": 0.6992,
    "20": 0.7186,
    "21": 0.714,
    "22": 0.713,
    "23": 0.6978,
    "24": 0.7072,
    "25": 0.6947,
    "26": 0.6894,
    "27": 0.6974,
    "28": 0.7034,
    "29": 0.6955,
    "30": 0.6976,
    "31": 0.6995,
    "32": 0.6923
  },
  "test_loss": {
    "0": 0.6930720045089722,
    "1": 0.6933123304367066,
    "2": 0.691576375579834,
    "3": 0.6871650952339172,
    "4": 0.6567453285217285,
    "5": 0.6448024939537048,
    "6": 0.6315267576217651,
    "7": 0.6254869711875916,
    "8": 0.5866009245872498,
    "9": 0.580645771408081,
    "10": 0.5566061438560486,
    "11": 0.5536377219200135,
    "12": 0.6517984196662903,
    "13": 0.5542688985824585,
    "14": 0.5478161311626434,
    "15": 0.5525447228908539,
    "16": 0.5477731640338898,
    "17": 0.5523577372550964,
    "18": 0.550416508769989,
    "19": 0.5945783624649048,
    "20": 0.5582304685592652,
    "21": 0.567160146522522,
    "22": 0.5700904929161071,
    "23": 0.578326807832718,
    "24": 0.5692592401504517,
    "25": 0.5868592467308045,
    "26": 0.5882586911201477,
    "27": 0.5926374140739441,
    "28": 0.5862798206329346,
    "29": 0.6173424469470978,
    "30": 0.6091721111297608,
    "31": 0.5724787093639374,
    "32": 0.5869824273109436
  },
  "drift_final_total_l2": {
    "0": 4.87919807434082,
    "1": 4.976884841918945,
    "2": 10.381125450134277,
    "3": 14.778035163879395,
    "4": 20.586177825927734,
    "5": 15.740602493286133,
    "6": 25.730623245239258,
    "7": 23.139677047729492,
    "8": 20.99294662475586,
    "9": 30.49134635925293,
    "10": 23.97022819519043,
    "11": 31.025671005249023,
    "12": 31.892906188964844,
    "13": 36.19922637939453,
    "14": 25.808801651000977,
    "15": 27.21539878845215,
    "16": 25.75385284423828,
    "17": 18.8178768157959,
    "18": 19.74962615966797,
    "19": 28.431913375854492,
    "20": 13.813477516174316,
    "21": 18.465450286865234,
    "22": 16.97857666015625,
    "23": 13.033722877502441,
    "24": 17.75909996032715,
    "25": 21.493175506591797,
    "26": 17.97968292236328,
    "27": 20.150386810302734,
    "28": 17.565553665161133,
    "29": 20.334712982177734,
    "30": 24.63857650756836,
    "31": 11.392558097839355,
    "32": 20.47040367126465
  },
  "probe_type": "mlp",
  "probe_hidden_size": [
    256
  ],
  "init_strategy": "gamma",
  "init_gamma": 1.5,
  "effective_lr": 0.001,