{
  "config": {
    "model_short": "llama",
    "task_name": "somo",
    "dataset": {
      "train": "cache/llama/somo_train/",
      "test": "cache/llama/somo_test/"
    },
    "mdl": {
      "batch_size": 64,
      "probe_type": "mlp",
      "probe_hidden_size": [
        91
      ],
      "num_classes": 2,
      "init_strategy": "gamma_second_zero",
      "init_gamma": 1.4,
      "optimizer": "adamw",
      "train_epochs": 10,
      "lr": 0.001,
      "seed": 142,
      "early_stopping_gap": 3,
      "split_num": 5,
      "split_ratio": 2.0
    },
    "out_dir": "init_results/llama/somo/hidden-91/seed-142/strategy-gamma_second_zero/gamma-1.4/opt-adamw/2026-04-25_03-25-00"
  },
  "train_meta": {
    "dataset": "compling/somo",
    "split": "train",
    "text_col": "text",
    "model": "meta-llama/Meta-Llama-3.1-8B",
    "max_len": 64,
    "hidden_size": 4096,
    "num_hidden_layers": 32,
    "num_states": 33,
    "memmap_file": "last_token_hidden_states.memmap",
    "dtype": "float32",
    "shape": [
      15000,
      33,
      4096
    ]
  },
  "test_meta": {
    "dataset": "compling/somo",
    "split": "test",
    "text_col": "text",
    "model": "meta-llama/Meta-Llama-3.1-8B",
    "max_len": 64,
    "hidden_size": 4096,
    "num_hidden_layers": 32,
    "num_states": 33,
    "memmap_file": "last_token_hidden_states.memmap",
    "dtype": "float32",
    "shape": [
      10000,
      33,
      4096
    ]
  },
  "splits": [
    484,
    968,
    1936,
    3872,
    7740
  ],
  "mdl_sum_ce": {
    "0": 10060.959720611572,
    "1": 10059.62146949768,
    "2": 10059.7180185318,
    "3": 10011.708464622498,
    "4": 9798.98625087738,
    "5": 9507.09549856186,
    "6": 9495.324802398682,
    "7": 9303.522345542908,
    "8": 9045.533933639526,
    "9": 8470.566146850586,
    "10": 8043.383503913879,
    "11": 8026.571140289307,
    "12": 8087.923453330994,
    "13": 8122.542106628418,
    "14": 8134.980274200439,
    "15": 8282.896654129028,
    "16": 8313.29036808014,
    "17": 8411.549489021301,
    "18": 8458.872878074646,
    "19": 8514.345885753632,
    "20": 8541.59843301773,
    "21": 8641.516571521759,
    "22": 8655.32605266571,
    "23": 8677.557904720306,
    "24": 8807.682759284973,
    "25": 8818.971680641174,
    "26": 8927.717861175537,
    "27": 8792.435444831848,
    "28": 8752.755365848541,
    "29": 8914.268122673035,
    "30": 8915.15391921997,
    "31": 8848.412811756134,
    "32": 8928.625020980835
  },
  "mdl_nll": {
    "0": 0.6930944971487718,
    "1": 0.6930023056970019,
    "2": 0.6930089569118076,
    "3": 0.6897016026882404,
    "4": 0.6750472754806682,
    "5": 0.6549390671370804,
    "6": 0.6541281897491514,
    "7": 0.6409150141597484,
    "8": 0.6231423211380219,
    "9": 0.5835330770770588,
    "10": 0.5541046778667594,
    "11": 0.5529464825219969,
    "12": 0.5571730127673598,
    "13": 0.5595578745266201,
    "14": 0.5604147336869963,
    "15": 0.5706046193255049,
    "16": 0.5726984271204284,
    "17": 0.579467448954347,
    "18": 0.5827275336232189,
    "19": 0.5865490414545076,
    "20": 0.5884264558430512,
    "21": 0.595309766569424,
    "22": 0.5962610948378142,
    "23": 0.597792636037497,
    "24": 0.6067568723673858,
    "25": 0.6075345605291522,
    "26": 0.6150260306679207,
    "27": 0.6057064924794605,
    "28": 0.6029729516291362,
    "29": 0.6140994848906748,
    "30": 0.6141605069729933,
    "31": 0.6095627453676036,
    "32": 0.6150885244544527
  },
  "stopping_epochs_per_stage": {
    "0": [
      1,
      10,
      2,
      1
    ],
    "1": [
      1,
      3,
      4,
      3
    ],
    "2": [
      9,
      2,
      3,
      1
    ],
    "3": [
      7,
      2,
      10,
      9
    ],
    "4": [
      10,
      3,
      10,
      8
    ],
    "5": [
      10,
      7,
      10,
      9
    ],
    "6": [
      7,
      4,
      10,
      10
    ],
    "7": [
      7,
      4,
      9,
      10
    ],
    "8": [
      10,
      10,
      10,
      9
    ],
    "9": [
      10,
      10,
      6,
      7
    ],
    "10": [
      8,
      10,
      8,
      8
    ],
    "11": [
      6,
      8,
      8,
      6
    ],
    "12": [
      8,
      9,
      4,
      4
    ],
    "13": [
      7,
      4,
      3,
      4
    ],
    "14": [
      7,
      9,
      9,
      5
    ],
    "15": [
      9,
      9,
      4,
      5
    ],
    "16": [
      9,
      10,
      8,
      4
    ],
    "17": [
      7,
      7,
      6,
      5
    ],
    "18": [
      8,
      7,
      9,
      6
    ],
    "19": [
      8,
      8,
      4,
      9
    ],
    "20": [
      7,
      9,
      4,
      8
    ],
    "21": [
      10,
      9,
      8,
      4
    ],
    "22": [
      9,
      10,
      9,
      6
    ],
    "23": [
      8,
      8,
      6,
      6
    ],
    "24": [
      5,
      5,
      5,
      4
    ],
    "25": [
      7,
      7,
      3,
      4
    ],
    "26": [
      7,
      6,
      10,
      2
    ],
    "27": [
      10,
      10,
      3,
      6
    ],
    "28": [
      9,
      6,
      6,
      6
    ],
    "29": [
      7,
      7,
      5,
      4
    ],
    "30": [
      8,
      6,
      4,
      3
    ],
    "31": [
      6,
      5,
      3,
      6
    ],
    "32": [
      3,
      3,
      7,
      7
    ]
  },
  "test_acc": {
    "0": 0.5013,
    "1": 0.5013,
    "2": 0.5187,
    "3": 0.5442,
    "4": 0.5985,
    "5": 0.6228,
    "6": 0.6445,
    "7": 0.6489,
    "8": 0.6946,
    "9": 0.6916,
    "10": 0.7213,
    "11": 0.6988,
    "12": 0.7332,
    "13": 0.7196,
    "14": 0.721,
    "15": 0.7258,
    "16": 0.726,
    "17": 0.72,
    "18": 0.696,
    "19": 0.7207,
    "20": 0.7164,
    "21": 0.708,
    "22": 0.7094,
    "23": 0.7171,
    "24": 0.711,
    "25": 0.6999,
    "26": 0.6989,
    "27": 0.7007,
    "28": 0.7047,
    "29": 0.6965,
    "30": 0.6891,
    "31": 0.6997,
    "32": 0.6745
  },
  "test_loss": {
    "0": 0.6932179660797119,
    "1": 0.6931468464851379,
    "2": 0.6917797780036926,
    "3": 0.68648916015625,
    "4": 0.6594799257278442,
    "5": 0.6424111268043519,
    "6": 0.6324512166976929,
    "7": 0.6335323075294494,
    "8": 0.5929268369674683,
    "9": 0.5943144317626953,
    "10": 0.5483736121177674,
    "11": 0.5963409530639648,
    "12": 0.5374815853595734,
    "13": 0.5641742395401002,
    "14": 0.5567662434101105,
    "15": 0.5557687620639801,
    "16": 0.5509765336990357,
    "17": 0.5478539762020112,
    "18": 0.5894198230743408,
    "19": 0.5640545795440673,
    "20": 0.5609219937324524,
    "21": 0.5693085592746735,
    "22": 0.5696997611045838,
    "23": 0.5588943057060242,
    "24": 0.56812332239151,
    "25": 0.5762572992324829,
    "26": 0.5844334140777588,
    "27": 0.5778360070228576,
    "28": 0.5802633739948273,
    "29": 0.5898132598876953,
    "30": 0.6182889570713043,
    "31": 0.5781763359069825,
    "32": 0.6108977386474609
  },
  "drift_final_total_l2": {
    "0": 2.329880952835083,
    "1": 3.0009806156158447,
    "2": 9.942545890808105,
    "3": 15.131954193115234,
    "4": 14.792536735534668,
    "5": 11.054352760314941,
    "6": 10.217083930969238,
    "7": 15.520169258117676,
    "8": 23.931110382080078,
    "9": 23.67603302001953,
    "10": 17.549304962158203,
    "11": 21.76143455505371,
    "12": 18.769386291503906,
    "13": 27.46062469482422,
    "14": 26.28376007080078,
    "15": 26.135141372680664,
    "16": 17.005470275878906,
    "17": 12.321189880371094,
    "18": 12.155659675598145,
    "19": 21.386438369750977,
    "20": 11.086458206176758,
    "21": 15.600512504577637,
    "22": 18.653940200805664,
    "23": 11.789470672607422,
    "24": 11.831012725830078,
    "25": 21.031436920166016,
    "26": 11.403583526611328,
    "27": 12.065354347229004,
    "28": 10.348267555236816,
    "29": 14.150731086730957,
    "30": 18.114749908447266,
    "31": 12.657716751098633,
    "32": 15.432859420776367
  },
  "probe_type": "mlp",
  "probe_hidden_size": [
    91
  ],
  "init_strategy": "gamma_second_zero",