{
  "config": {
    "model_short": "llama",
    "task_name": "somo",
    "dataset": {
      "train": "cache/llama/somo_train/",
      "test": "cache/llama/somo_test/"
    },
    "mdl": {
      "batch_size": 64,
      "probe_type": "mlp",
      "probe_hidden_size": [
        2048
      ],
      "num_classes": 2,
      "init_strategy": "mup",
      "init_gamma": null,
      "optimizer": "adamw",
      "train_epochs": 10,
      "lr": 0.001,
      "seed": 442,
      "early_stopping_gap": 3,
      "split_num": 5,
      "split_ratio": 2.0
    },
    "out_dir": "init_results/llama/somo/hidden-2048/seed-442/strategy-mup/gamma-na/2026-04-20_22-46-21"
  },
  "train_meta": {
    "dataset": "compling/somo",
    "split": "train",
    "text_col": "text",
    "model": "meta-llama/Meta-Llama-3.1-8B",
    "max_len": 64,
    "hidden_size": 4096,
    "num_hidden_layers": 32,
    "num_states": 33,
    "memmap_file": "last_token_hidden_states.memmap",
    "dtype": "float32",
    "shape": [
      15000,
      33,
      4096
    ]
  },
  "test_meta": {
    "dataset": "compling/somo",
    "split": "test",
    "text_col": "text",
    "model": "meta-llama/Meta-Llama-3.1-8B",
    "max_len": 64,
    "hidden_size": 4096,
    "num_hidden_layers": 32,
    "num_states": 33,
    "memmap_file": "last_token_hidden_states.memmap",
    "dtype": "float32",
    "shape": [
      10000,
      33,
      4096
    ]
  },
  "splits": [
    484,
    968,
    1936,
    3872,
    7740
  ],
  "mdl_sum_ce": {
    "0": 10059.904539108276,
    "1": 10061.223198413849,
    "2": 10060.768323898315,
    "3": 10048.17536497116,
    "4": 9851.33458328247,
    "5": 9633.492192268372,
    "6": 9643.009863853455,
    "7": 9413.54960155487,
    "8": 9143.569393157959,
    "9": 8688.272826194763,
    "10": 8256.07079744339,
    "11": 8194.748075008392,
    "12": 8241.294207572937,
    "13": 8147.905653953552,
    "14": 8225.421183109283,
    "15": 8316.4582529068,
    "16": 8383.19559955597,
    "17": 8474.326838493347,
    "18": 8622.029042243958,
    "19": 8578.212148666382,
    "20": 8617.754809379578,
    "21": 8751.424345493317,
    "22": 8634.445084571838,
    "23": 8747.303220748901,
    "24": 8791.732663154602,
    "25": 8743.232152938843,
    "26": 8778.81225013733,
    "27": 8752.582026481628,
    "28": 8725.74509191513,
    "29": 8744.925472259521,
    "30": 8767.500824928284,
    "31": 8729.975296020508,
    "32": 8886.870220184326
  },
  "mdl_nll": {
    "0": 0.6930218062212922,
    "1": 0.6931126480031585,
    "2": 0.6930813119246566,
    "3": 0.692213789265029,
    "4": 0.6786535259908012,
    "5": 0.6636464723249085,
    "6": 0.6643021399733711,
    "7": 0.6484947369492196,
    "8": 0.6298959350480821,
    "9": 0.5985307816336982,
    "10": 0.5687565994380952,
    "11": 0.5645321076748686,
    "12": 0.5677386475318915,
    "13": 0.561305156651526,
    "14": 0.5666451627934199,
    "15": 0.5729166611261228,
    "16": 0.5775141636508659,
    "17": 0.5837921492486461,
    "18": 0.5939672803970761,
    "19": 0.5909487564526303,
    "20": 0.5936728306268654,
    "21": 0.6028812583007245,
    "22": 0.5948226153604187,
    "23": 0.6025973560725338,
    "24": 0.6056580782002343,
    "25": 0.6023169022415846,
    "26": 0.6047679973916595,
    "27": 0.6029610103666043,
    "28": 0.6011122273295075,
    "29": 0.6024335541650263,
    "30": 0.6039887589506947,
    "31": 0.6014036439804704,
    "32": 0.6122120570532051
  },
  "stopping_epochs_per_stage": {
    "0": [
      1,
      10,
      9,
      1
    ],
    "1": [
      1,
      1,
      8,
      1
    ],
    "2": [
      1,
      6,
      6,
      2
    ],
    "3": [
      2,
      2,
      2,
      9
    ],
    "4": [
      1,
      10,
      9,
      10
    ],
    "5": [
      10,
      10,
      10,
      9
    ],
    "6": [
      8,
      9,
      9,
      10
    ],
    "7": [
      9,
      10,
      10,
      10
    ],
    "8": [
      9,
      10,
      10,
      9
    ],
    "9": [
      10,
      10,
      10,
      9
    ],
    "10": [
      9,
      10,
      9,
      9
    ],
    "11": [
      10,
      10,
      10,
      10
    ],
    "12": [
      10,
      10,
      10,
      10
    ],
    "13": [
      10,
      10,
      10,
      10
    ],
    "14": [
      10,
      10,
      10,
      9
    ],
    "15": [
      10,
      10,
      9,
      10
    ],
    "16": [
      10,
      10,
      10,
      10
    ],
    "17": [
      9,
      8,
      10,
      9
    ],
    "18": [
      10,
      10,
      9,
      10
    ],
    "19": [
      10,
      10,
      10,
      10
    ],
    "20": [
      9,
      10,
      10,
      9
    ],
    "21": [
      10,
      10,
      10,
      5
    ],
    "22": [
      10,
      10,
      9,
      10
    ],
    "23": [
      10,
      10,
      8,
      10
    ],
    "24": [
      9,
      10,
      10,
      10
    ],
    "25": [
      9,
      10,
      8,
      10
    ],
    "26": [
      10,
      10,
      9,
      8
    ],
    "27": [
      10,
      10,
      10,
      8
    ],
    "28": [
      9,
      8,
      8,
      10
    ],
    "29": [
      9,
      9,
      10,
      10
    ],
    "30": [
      7,
      10,
      9,
      9
    ],
    "31": [
      9,
      10,
      6,
      8
    ],
    "32": [
      8,
      5,
      9,
      8
    ]
  },
  "test_acc": {
    "0": 0.5013,
    "1": 0.4982,
    "2": 0.515,
    "3": 0.5474,
    "4": 0.5956,
    "5": 0.6273,
    "6": 0.6463,
    "7": 0.6487,
    "8": 0.6823,
    "9": 0.7083,
    "10": 0.7295,
    "11": 0.7274,
    "12": 0.7287,
    "13": 0.7285,
    "14": 0.7276,
    "15": 0.7249,
    "16": 0.7128,
    "17": 0.7228,
    "18": 0.7215,
    "19": 0.7148,
    "20": 0.7196,
    "21": 0.7192,
    "22": 0.7104,
    "23": 0.7021,
    "24": 0.7068,
    "25": 0.7094,
    "26": 0.7024,
    "27": 0.7022,
    "28": 0.6719,
    "29": 0.7055,
    "30": 0.6873,
    "31": 0.6387,
    "32": 0.6894
  },
  "test_loss": {
    "0": 0.6933786968231201,
    "1": 0.6932968205451965,
    "2": 0.6925612330436707,
    "3": 0.6862706697463989,
    "4": 0.6625348527908326,
    "5": 0.6420205329895019,
    "6": 0.6306495434761047,
    "7": 0.6264453203201293,
    "8": 0.5958388906478882,
    "9": 0.572539381980896,
    "10": 0.5393022213459014,
    "11": 0.5421786404132843,
    "12": 0.5411415826797485,
    "13": 0.5367882725715637,
    "14": 0.5401121949672699,
    "15": 0.5459102110385895,
    "16": 0.5601943469524383,
    "17": 0.5497986955165863,
    "18": 0.5560557883262635,
    "19": 0.5649577101707458,
    "20": 0.5578493127346039,
    "21": 0.5571906139850616,
    "22": 0.5631068564891816,
    "23": 0.5769461428642273,
    "24": 0.5696378686904907,
    "25": 0.5710169275283814,
    "26": 0.5742479077339172,
    "27": 0.5750271659851074,
    "28": 0.6137799489021302,
    "29": 0.573679631614685,
    "30": 0.5874858380317688,
    "31": 0.6499378254890442,
    "32": 0.5823165236473083
  },
  "drift_final_total_l2": {
    "0": 14.894432067871094,
    "1": 47.88561248779297,
    "2": 104.49259185791016,
    "3": 173.67788696289062,
    "4": 230.3902130126953,
    "5": 233.8314971923828,
    "6": 237.9774932861328,
    "7": 237.53958129882812,
    "8": 239.9007568359375,
    "9": 262.6263122558594,
    "10": 261.7431335449219,
    "11": 258.8685607910156,
    "12": 248.0683135986328,
    "13": 247.9058380126953,
    "14": 242.12843322753906,
    "15": 222.08949279785156,
    "16": 222.6619873046875,
    "17": 212.4296875,
    "18": 194.71551513671875,
    "19": 192.26600646972656,
    "20": 179.36227416992188,
    "21": 179.46849060058594,
    "22": 175.08322143554688,
    "23": 153.00160217285156,
    "24": 165.906494140625,
    "25": 160.7460174560547,
    "26": 157.14630126953125,
    "27": 146.64480590820312,
    "28": 152.58502197265625,
    "29": 143.27435302734375,
    "30": 134.7636260986328,
    "31": 118.26502227783203,
    "32": 91.69099426269531
  },
  "probe_type": "mlp",
  "probe_hidden_size": [
    2048
  ],
  "init_strategy": "mup",