{
  "config": {
    "model_short": "llama",
    "task_name": "somo",
    "dataset": {
      "train": "cache/llama/somo_train/",
      "test": "cache/llama/somo_test/"
    },
    "mdl": {
      "batch_size": 64,
      "probe_type": "mlp",
      "probe_hidden_size": [
        256
      ],
      "num_classes": 2,
      "init_strategy": "gamma_second_zero",
      "init_gamma": 1.0,
      "optimizer": "adamw",
      "train_epochs": 10,
      "lr": 0.001,
      "seed": 242,
      "early_stopping_gap": 3,
      "split_num": 5,
      "split_ratio": 2.0
    },
    "out_dir": "init_results/llama/somo/hidden-256/seed-242/strategy-gamma_second_zero/gamma-1.0/2026-04-21_03-07-29"
  },
  "train_meta": {
    "dataset": "compling/somo",
    "split": "train",
    "text_col": "text",
    "model": "meta-llama/Meta-Llama-3.1-8B",
    "max_len": 64,
    "hidden_size": 4096,
    "num_hidden_layers": 32,
    "num_states": 33,
    "memmap_file": "last_token_hidden_states.memmap",
    "dtype": "float32",
    "shape": [
      15000,
      33,
      4096
    ]
  },
  "test_meta": {
    "dataset": "compling/somo",
    "split": "test",
    "text_col": "text",
    "model": "meta-llama/Meta-Llama-3.1-8B",
    "max_len": 64,
    "hidden_size": 4096,
    "num_hidden_layers": 32,
    "num_states": 33,
    "memmap_file": "last_token_hidden_states.memmap",
    "dtype": "float32",
    "shape": [
      10000,
      33,
      4096
    ]
  },
  "splits": [
    484,
    968,
    1936,
    3872,
    7740
  ],
  "mdl_sum_ce": {
    "0": 10061.204843521118,
    "1": 10060.693351745605,
    "2": 10053.804419517517,
    "3": 10009.362291812897,
    "4": 9760.22119808197,
    "5": 9554.787768363953,
    "6": 9448.7403049469,
    "7": 9260.545662879944,
    "8": 9021.259088516235,
    "9": 8558.343390464783,
    "10": 8127.580165863037,
    "11": 8128.003335475922,
    "12": 8185.33468580246,
    "13": 8137.059023618698,
    "14": 8230.16634964943,
    "15": 8293.734559297562,
    "16": 8393.479207754135,
    "17": 8547.946392059326,
    "18": 8538.556586265564,
    "19": 8654.085635662079,
    "20": 8653.209822654724,
    "21": 8606.452667713165,
    "22": 8610.014559268951,
    "23": 8747.170511245728,
    "24": 8726.752981185913,
    "25": 8808.806577205658,
    "26": 8815.231631755829,
    "27": 8817.571260929108,
    "28": 8796.643734455109,
    "29": 8875.04556465149,
    "30": 8848.106363773346,
    "31": 8755.121853351593,
    "32": 8925.908980846405
  },
  "mdl_nll": {
    "0": 0.693111383543753,
    "1": 0.6930761471304495,
    "2": 0.6926015720251802,
    "3": 0.6895399760135641,
    "4": 0.6723767703280498,
    "5": 0.6582245638167507,
    "6": 0.6509190069541816,
    "7": 0.6379543719261466,
    "8": 0.6214700391647999,
    "9": 0.5895800076098637,
    "10": 0.5599049439145107,
    "11": 0.5599340958580822,
    "12": 0.5638836239874938,
    "13": 0.5605579376976232,
    "14": 0.5669720549496714,
    "15": 0.5713512372070516,
    "16": 0.5782225962905853,
    "17": 0.5888637635753187,
    "18": 0.5882169045374458,
    "19": 0.5961756431291043,
    "20": 0.5961153088078481,
    "21": 0.5928942317245223,
    "22": 0.5931396086572713,
    "23": 0.6025882137810504,
    "24": 0.6011816603186768,
    "25": 0.6068342916234264,
    "26": 0.6072769104268275,
    "27": 0.6074380863136614,
    "28": 0.6059963994526804,
    "29": 0.6113974624312131,
    "30": 0.6095416343189133,
    "31": 0.6031359777729122,
    "32": 0.6149014178042439
  },
  "stopping_epochs_per_stage": {
    "0": [
      6,
      3,
      2,
      4
    ],
    "1": [
      9,
      1,
      1,
      3
    ],
    "2": [
      7,
      1,
      1,
      9
    ],
    "3": [
      3,
      2,
      1,
      9
    ],
    "4": [
      8,
      8,
      6,
      8
    ],
    "5": [
      6,
      4,
      8,
      5
    ],
    "6": [
      7,
      8,
      7,
      10
    ],
    "7": [
      5,
      10,
      8,
      10
    ],
    "8": [
      4,
      6,
      10,
      5
    ],
    "9": [
      10,
      7,
      3,
      5
    ],
    "10": [
      7,
      3,
      6,
      3
    ],
    "11": [
      6,
      4,
      10,
      4
    ],
    "12": [
      8,
      5,
      8,
      2
    ],
    "13": [
      8,
      4,
      4,
      4
    ],
    "14": [
      5,
      6,
      5,
      4
    ],
    "15": [
      5,
      3,
      8,
      5
    ],
    "16": [
      4,
      3,
      4,
      7
    ],
    "17": [
      9,
      8,
      3,
      5
    ],
    "18": [
      8,
      3,
      7,
      5
    ],
    "19": [
      4,
      4,
      5,
      3
    ],
    "20": [
      6,
      4,
      2,
      7
    ],
    "21": [
      7,
      5,
      7,
      5
    ],
    "22": [
      6,
      4,
      7,
      7
    ],
    "23": [
      4,
      3,
      6,
      5
    ],
    "24": [
      4,
      4,
      9,
      4
    ],
    "25": [
      4,
      7,
      8,
      8
    ],
    "26": [
      3,
      6,
      6,
      5
    ],
    "27": [
      5,
      3,
      4,
      5
    ],
    "28": [
      4,
      3,
      5,
      3
    ],
    "29": [
      4,
      5,
      4,
      5
    ],
    "30": [
      3,
      6,
      4,
      5
    ],
    "31": [
      3,
      3,
      6,
      5
    ],
    "32": [
      3,
      5,
      6,
      7
    ]
  },
  "test_acc": {
    "0": 0.5013,
    "1": 0.5013,
    "2": 0.5206,
    "3": 0.5504,
    "4": 0.6073,
    "5": 0.6268,
    "6": 0.6414,
    "7": 0.6538,
    "8": 0.6806,
    "9": 0.6931,
    "10": 0.7229,
    "11": 0.6863,
    "12": 0.7293,
    "13": 0.7323,
    "14": 0.7294,
    "15": 0.7287,
    "16": 0.7266,
    "17": 0.7213,
    "18": 0.7216,
    "19": 0.7116,
    "20": 0.6947,
    "21": 0.719,
    "22": 0.7099,
    "23": 0.7083,
    "24": 0.6963,
    "25": 0.7076,
    "26": 0.6989,
    "27": 0.6634,
    "28": 0.703,
    "29": 0.6985,
    "30": 0.6765,
    "31": 0.6921,
    "32": 0.6851
  },
  "test_loss": {
    "0": 0.6931756957054138,
    "1": 0.6932918719291687,
    "2": 0.6915265897750854,
    "3": 0.6851231853485107,
    "4": 0.657286164855957,
    "5": 0.650776581287384,
    "6": 0.6357220791816711,
    "7": 0.6294088633537293,
    "8": 0.6042731573104858,
    "9": 0.5897049486160278,
    "10": 0.5681360628604889,
    "11": 0.6028510684013366,
    "12": 0.5478779862880707,
    "13": 0.5465583440780639,
    "14": 0.5435516384124756,
    "15": 0.5726803523063659,
    "16": 0.5502391165733337,
    "17": 0.5595390116214752,
    "18": 0.5610604470729827,
    "19": 0.5753844564437867,
    "20": 0.5978694036483765,
    "21": 0.5651244227409363,
    "22": 0.5659241299629212,
    "23": 0.5829324277877808,
    "24": 0.6073591123104095,
    "25": 0.5908041665077209,
    "26": 0.5796768496513367,
    "27": 0.6471857951164246,
    "28": 0.5911696271896363,
    "29": 0.5992265375137329,
    "30": 0.6842833106994629,
    "31": 0.5842314684391021,
    "32": 0.5895384489059449
  },
  "drift_final_total_l2": {
    "0": 4.344598293304443,
    "1": 4.8595290184021,
    "2": 14.317097663879395,
    "3": 15.834685325622559,
    "4": 23.197370529174805,
    "5": 39.0519905090332,
    "6": 17.852052688598633,
    "7": 22.604829788208008,
    "8": 28.29120635986328,
    "9": 27.320650100708008,
    "10": 30.759441375732422,
    "11": 39.06950759887695,
    "12": 37.23443603515625,
    "13": 33.69898223876953,
    "14": 27.93003273010254,
    "15": 33.04201889038086,
    "16": 21.969581604003906,
    "17": 22.37578010559082,
    "18": 26.627864837646484,
    "19": 21.137325286865234,
    "20": 28.198118209838867,
    "21": 22.780447006225586,
    "22": 14.325323104858398,
    "23": 25.921606063842773,
    "24": 26.41509246826172,
    "25": 18.292139053344727,
    "26": 12.695683479309082,
    "27": 23.13494873046875,
    "28": 18.663366317749023,
    "29": 25.480093002319336,
    "30": 21.072830200195312,
    "31": 12.236156463623047,
    "32": 17.961536407470703
  },
  "probe_type": "mlp",
  "probe_hidden_size": [
    256
  ],
  "init_strategy": "gamma_second_zero",
  "init_gamma": 1.0,