{
  "config": {
    "model_short": "llama",
    "task_name": "somo",
    "dataset": {
      "train": "cache/llama/somo_train/",
      "test": "cache/llama/somo_test/"
    },
    "mdl": {
      "batch_size": 64,
      "probe_type": "mlp",
      "probe_hidden_size": [
        91
      ],
      "num_classes": 2,
      "init_strategy": "gamma_second_zero",
      "init_gamma": 0.6,
      "optimizer": "adamw",
      "train_epochs": 10,
      "lr": 0.001,
      "seed": 342,
      "early_stopping_gap": 3,
      "split_num": 5,
      "split_ratio": 2.0
    },
    "out_dir": "init_results/llama/somo/hidden-91/seed-342/strategy-gamma_second_zero/gamma-0.6/opt-adamw/2026-04-25_02-56-05"
  },
  "train_meta": {
    "dataset": "compling/somo",
    "split": "train",
    "text_col": "text",
    "model": "meta-llama/Meta-Llama-3.1-8B",
    "max_len": 64,
    "hidden_size": 4096,
    "num_hidden_layers": 32,
    "num_states": 33,
    "memmap_file": "last_token_hidden_states.memmap",
    "dtype": "float32",
    "shape": [
      15000,
      33,
      4096
    ]
  },
  "test_meta": {
    "dataset": "compling/somo",
    "split": "test",
    "text_col": "text",
    "model": "meta-llama/Meta-Llama-3.1-8B",
    "max_len": 64,
    "hidden_size": 4096,
    "num_hidden_layers": 32,
    "num_states": 33,
    "memmap_file": "last_token_hidden_states.memmap",
    "dtype": "float32",
    "shape": [
      10000,
      33,
      4096
    ]
  },
  "splits": [
    484,
    968,
    1936,
    3872,
    7740
  ],
  "mdl_sum_ce": {
    "0": 10061.223071575165,
    "1": 10060.080698013306,
    "2": 10057.141795158386,
    "3": 10002.041184425354,
    "4": 9786.803349018097,
    "5": 9487.463530540466,
    "6": 9484.989230155945,
    "7": 9280.202730178833,
    "8": 8861.77832698822,
    "9": 8461.255891799927,
    "10": 8083.678705692291,
    "11": 8072.701069355011,
    "12": 8085.165668487549,
    "13": 8104.033046245575,
    "14": 8157.43400144577,
    "15": 8217.276896476746,
    "16": 8300.045824050903,
    "17": 8419.755360364914,
    "18": 8565.51551771164,
    "19": 8506.406102180481,
    "20": 8555.704362869263,
    "21": 8601.667779922485,
    "22": 8641.475434303284,
    "23": 8725.60940694809,
    "24": 8847.30186843872,
    "25": 8795.65910768509,
    "26": 8767.12118434906,
    "27": 8775.138710975647,
    "28": 8854.940193653107,
    "29": 8927.957061767578,
    "30": 8776.046333789825,
    "31": 8704.889217853546,
    "32": 8897.935627698898
  },
  "mdl_nll": {
    "0": 0.6931126392653049,
    "1": 0.6930339417203986,
    "2": 0.6928314821685303,
    "3": 0.6890356285771118,
    "4": 0.6742080014479263,
    "5": 0.6535866306517268,
    "6": 0.6534161773323192,
    "7": 0.6393085374882084,
    "8": 0.6104834890457578,
    "9": 0.5828916982502016,
    "10": 0.5568805942196398,
    "11": 0.5561243503275703,
    "12": 0.5569830303449675,
    "13": 0.5582827945884249,
    "14": 0.5619615597579065,
    "15": 0.5660841069493487,
    "16": 0.5717860170881031,
    "17": 0.5800327473384482,
    "18": 0.5900740918787296,
    "19": 0.5860020737241995,
    "20": 0.5893982063150498,
    "21": 0.5925646031911329,
    "22": 0.5953069326469609,
    "23": 0.6011028800598023,
    "24": 0.609486213036561,
    "25": 0.6059285690055862,
    "26": 0.6039626057005415,
    "27": 0.6045149291110256,
    "28": 0.6100124134508892,
    "29": 0.6150425090774028,
    "30": 0.6045774547940084,
    "31": 0.5996754765674804,
    "32": 0.6129743474579015
  },
  "stopping_epochs_per_stage": {
    "0": [
      2,
      1,
      3,
      4
    ],
    "1": [
      2,
      1,
      2,
      8
    ],
    "2": [
      3,
      1,
      3,
      9
    ],
    "3": [
      3,
      1,
      9,
      8
    ],
    "4": [
      3,
      1,
      8,
      9
    ],
    "5": [
      3,
      10,
      9,
      10
    ],
    "6": [
      10,
      5,
      10,
      9
    ],
    "7": [
      10,
      10,
      9,
      8
    ],
    "8": [
      8,
      9,
      6,
      7
    ],
    "9": [
      10,
      10,
      4,
      6
    ],
    "10": [
      9,
      8,
      5,
      4
    ],
    "11": [
      10,
      4,
      4,
      7
    ],
    "12": [
      9,
      10,
      7,
      4
    ],
    "13": [
      8,
      5,
      4,
      3
    ],
    "14": [
      8,
      8,
      5,
      5
    ],
    "15": [
      6,
      6,
      5,
      5
    ],
    "16": [
      9,
      4,
      6,
      4
    ],
    "17": [
      9,
      8,
      7,
      4
    ],
    "18": [
      8,
      6,
      5,
      6
    ],
    "19": [
      7,
      6,
      6,
      5
    ],
    "20": [
      9,
      9,
      4,
      5
    ],
    "21": [
      4,
      5,
      5,
      5
    ],
    "22": [
      5,
      10,
      6,
      6
    ],
    "23": [
      4,
      10,
      6,
      6
    ],
    "24": [
      3,
      5,
      9,
      10
    ],
    "25": [
      6,
      6,
      5,
      8
    ],
    "26": [
      5,
      4,
      6,
      7
    ],
    "27": [
      7,
      8,
      6,
      5
    ],
    "28": [
      3,
      6,
      5,
      3
    ],
    "29": [
      4,
      6,
      6,
      8
    ],
    "30": [
      2,
      6,
      6,
      3
    ],
    "31": [
      5,
      5,
      3,
      6
    ],
    "32": [
      5,
      6,
      7,
      7
    ]
  },
  "test_acc": {
    "0": 0.5013,
    "1": 0.4977,
    "2": 0.5101,
    "3": 0.5546,
    "4": 0.6073,
    "5": 0.6288,
    "6": 0.6358,
    "7": 0.6665,
    "8": 0.6932,
    "9": 0.7021,
    "10": 0.732,
    "11": 0.7335,
    "12": 0.7336,
    "13": 0.7243,
    "14": 0.7245,
    "15": 0.7239,
    "16": 0.7126,
    "17": 0.7033,
    "18": 0.7201,
    "19": 0.7141,
    "20": 0.7177,
    "21": 0.7003,
    "22": 0.7113,
    "23": 0.7123,
    "24": 0.7033,
    "25": 0.6966,
    "26": 0.6926,
    "27": 0.7029,
    "28": 0.7083,
    "29": 0.6984,
    "30": 0.6826,
    "31": 0.6973,
    "32": 0.6402
  },
  "test_loss": {
    "0": 0.6932575920104981,
    "1": 0.6933799262046814,
    "2": 0.6950252117156982,
    "3": 0.684493032169342,
    "4": 0.6562389490127564,
    "5": 0.6398300071716309,
    "6": 0.6382888821601868,
    "7": 0.6145423534393311,
    "8": 0.5919267267227173,
    "9": 0.5850790447235107,
    "10": 0.5456051124572754,
    "11": 0.5511346273899078,
    "12": 0.542979599237442,
    "13": 0.551827514743805,
    "14": 0.567597062587738,
    "15": 0.5516623752117157,
    "16": 0.5740595863342285,
    "17": 0.5800908215045929,
    "18": 0.561649645614624,
    "19": 0.5578486888885498,
    "20": 0.5652170335769653,
    "21": 0.5753806637763977,
    "22": 0.5669362524986267,
    "23": 0.5747276441574096,
    "24": 0.5675211542129517,
    "25": 0.6105287026882171,
    "26": 0.5985256904602051,
    "27": 0.5774417954444885,
    "28": 0.5738915466308594,
    "29": 0.5965266510009766,
    "30": 0.613860249710083,
    "31": 0.5824105493545533,
    "32": 0.6590555457115174
  },
  "drift_final_total_l2": {
    "0": 2.710639476776123,
    "1": 7.535404205322266,
    "2": 8.641938209533691,
    "3": 16.743825912475586,
    "4": 16.19480323791504,
    "5": 19.281007766723633,
    "6": 8.6069974899292,
    "7": 20.53717803955078,
    "8": 26.502883911132812,
    "9": 30.37668800354004,
    "10": 23.294198989868164,
    "11": 27.98379135131836,
    "12": 24.069747924804688,
    "13": 17.704769134521484,
    "14": 26.66991424560547,
    "15": 23.94184684753418,
    "16": 20.91806983947754,
    "17": 25.534725189208984,
    "18": 22.516700744628906,
    "19": 16.76107406616211,
    "20": 16.250476837158203,
    "21": 20.910018920898438,
    "22": 18.626983642578125,
    "23": 19.93631935119629,
    "24": 17.82718849182129,
    "25": 21.224443435668945,
    "26": 21.21418571472168,
    "27": 11.223899841308594,
    "28": 9.966029167175293,
    "29": 18.0196590423584,
    "30": 18.93672752380371,
    "31": 15.43971061706543,
    "32": 12.735880851745605
  },
  "probe_type": "mlp",
  "probe_hidden_size": [
    91
  ],
  "init_strategy": "gamma_second_zero",
  "init_gamma": 0.6,