{
  "config": {
    "model_short": "llama",
    "task_name": "somo",
    "dataset": {
      "train": "cache/llama/somo_train/",
      "test": "cache/llama/somo_test/"
    },
    "mdl": {
      "batch_size": 64,
      "probe_type": "mlp",
      "probe_hidden_size": [
        724
      ],
      "num_classes": 2,
      "init_strategy": "gamma_second_zero",
      "init_gamma": 0.4,
      "optimizer": "adamw",
      "train_epochs": 10,
      "lr": 0.001,
      "seed": 442,
      "early_stopping_gap": 3,
      "split_num": 5,
      "split_ratio": 2.0
    },
    "out_dir": "init_results/llama/somo/hidden-724/seed-442/strategy-gamma_second_zero/gamma-0.4/opt-adamw/2026-04-25_03-13-59"
  },
  "train_meta": {
    "dataset": "compling/somo",
    "split": "train",
    "text_col": "text",
    "model": "meta-llama/Meta-Llama-3.1-8B",
    "max_len": 64,
    "hidden_size": 4096,
    "num_hidden_layers": 32,
    "num_states": 33,
    "memmap_file": "last_token_hidden_states.memmap",
    "dtype": "float32",
    "shape": [
      15000,
      33,
      4096
    ]
  },
  "test_meta": {
    "dataset": "compling/somo",
    "split": "test",
    "text_col": "text",
    "model": "meta-llama/Meta-Llama-3.1-8B",
    "max_len": 64,
    "hidden_size": 4096,
    "num_hidden_layers": 32,
    "num_states": 33,
    "memmap_file": "last_token_hidden_states.memmap",
    "dtype": "float32",
    "shape": [
      10000,
      33,
      4096
    ]
  },
  "splits": [
    484,
    968,
    1936,
    3872,
    7740
  ],
  "mdl_sum_ce": {
    "0": 10060.901236534119,
    "1": 10062.827813625336,
    "2": 10061.802379131317,
    "3": 10033.09664773941,
    "4": 9750.458145141602,
    "5": 9501.474430084229,
    "6": 9495.661529541016,
    "7": 9451.12239074707,
    "8": 9049.78849029541,
    "9": 8698.298018932343,
    "10": 8180.841029644012,
    "11": 8144.192199468613,
    "12": 8193.110411643982,
    "13": 8208.071953773499,
    "14": 8334.342986106873,
    "15": 8355.509050607681,
    "16": 8416.202352523804,
    "17": 8489.795660972595,
    "18": 8565.89263510704,
    "19": 8618.781785964966,
    "20": 8721.533108711243,
    "21": 8693.084123134613,
    "22": 8804.505798339844,
    "23": 8802.817293167114,
    "24": 8887.848203659058,
    "25": 8809.171332359314,
    "26": 8901.457735061646,
    "27": 8892.654314517975,
    "28": 8907.5026512146,
    "29": 8883.127333164215,
    "30": 9017.934303760529,
    "31": 8889.74079656601,
    "32": 8972.480536937714
  },
  "mdl_nll": {
    "0": 0.6930904682098455,
    "1": 0.69322318914476,
    "2": 0.6931525474739128,
    "3": 0.6911750239555945,
    "4": 0.671704198480408,
    "5": 0.6545518345332205,
    "6": 0.6541513867140407,
    "7": 0.6510831076568663,
    "8": 0.6234354154240431,
    "9": 0.599221412161225,
    "10": 0.5635740582559943,
    "11": 0.561049338624181,
    "12": 0.5644192898624953,
    "13": 0.5654499830375791,
    "14": 0.5741487314760866,
    "15": 0.5756068511027612,
    "16": 0.5797879824003722,
    "17": 0.5848577887140118,
    "18": 0.5901000713080078,
    "19": 0.593743578531618,
    "20": 0.6008220659073603,
    "21": 0.5988622294802021,
    "22": 0.606538013112417,
    "23": 0.6064216928332263,
    "24": 0.6122794298470003,
    "25": 0.6068594194240365,
    "26": 0.6132169836774349,
    "27": 0.6126105204269754,
    "28": 0.6136334149362497,
    "29": 0.611954211433192,
    "30": 0.6212409964012489,
    "31": 0.6124098096284107,
    "32": 0.6181097090753453
  },
  "stopping_epochs_per_stage": {
    "0": [
      1,
      5,
      2,
      1
    ],
    "1": [
      1,
      2,
      8,
      3
    ],
    "2": [
      1,
      1,
      2,
      1
    ],
    "3": [
      1,
      1,
      2,
      5
    ],
    "4": [
      2,
      8,
      5,
      7
    ],
    "5": [
      4,
      7,
      5,
      6
    ],
    "6": [
      4,
      7,
      9,
      5
    ],
    "7": [
      3,
      7,
      6,
      3
    ],
    "8": [
      8,
      6,
      6,
      2
    ],
    "9": [
      6,
      4,
      6,
      4
    ],
    "10": [
      8,
      4,
      5,
      5
    ],
    "11": [
      5,
      4,
      3,
      4
    ],
    "12": [
      6,
      4,
      4,
      4
    ],
    "13": [
      5,
      4,
      3,
      4
    ],
    "14": [
      5,
      5,
      4,
      5
    ],
    "15": [
      5,
      3,
      6,
      2
    ],
    "16": [
      3,
      5,
      3,
      2
    ],
    "17": [
      5,
      3,
      7,
      4
    ],
    "18": [
      4,
      4,
      4,
      2
    ],
    "19": [
      1,
      5,
      6,
      3
    ],
    "20": [
      2,
      2,
      4,
      4
    ],
    "21": [
      2,
      4,
      4,
      3
    ],
    "22": [
      3,
      4,
      5,
      3
    ],
    "23": [
      5,
      6,
      4,
      3
    ],
    "24": [
      2,
      4,
      3,
      3
    ],
    "25": [
      2,
      4,
      4,
      4
    ],
    "26": [
      2,
      3,
      3,
      4
    ],
    "27": [
      3,
      3,
      4,
      6
    ],
    "28": [
      2,
      5,
      4,
      3
    ],
    "29": [
      2,
      5,
      5,
      4
    ],
    "30": [
      3,
      3,
      3,
      2
    ],
    "31": [
      4,
      5,
      4,
      2
    ],
    "32": [
      4,
      5,
      7,
      5
    ]
  },
  "test_acc": {
    "0": 0.4982,
    "1": 0.5002,
    "2": 0.5244,
    "3": 0.5445,
    "4": 0.5918,
    "5": 0.5957,
    "6": 0.6501,
    "7": 0.6672,
    "8": 0.6915,
    "9": 0.7053,
    "10": 0.7129,
    "11": 0.7167,
    "12": 0.7248,
    "13": 0.7228,
    "14": 0.728,
    "15": 0.7216,
    "16": 0.7106,
    "17": 0.7128,
    "18": 0.718,
    "19": 0.7101,
    "20": 0.7183,
    "21": 0.6974,
    "22": 0.6916,
    "23": 0.6943,
    "24": 0.6854,
    "25": 0.694,
    "26": 0.6331,
    "27": 0.6954,
    "28": 0.66,
    "29": 0.6965,
    "30": 0.6831,
    "31": 0.6535,
    "32": 0.6782
  },
  "test_loss": {
    "0": 0.693259006690979,
    "1": 0.6934765632629395,
    "2": 0.6955370212554932,
    "3": 0.6886541725158691,
    "4": 0.6722914534568787,
    "5": 0.7030258853912353,
    "6": 0.6415768003463745,
    "7": 0.6298625643730164,
    "8": 0.6056544057846069,
    "9": 0.5907506303787231,
    "10": 0.6010897119522095,
    "11": 0.5841667313575745,
    "12": 0.572771320438385,
    "13": 0.5818773435592651,
    "14": 0.5917342582702637,
    "15": 0.6117150601387024,
    "16": 0.5779991970062256,
    "17": 0.5798855606079102,
    "18": 0.5752817831993103,
    "19": 0.5867547658920288,
    "20": 0.5686098979949952,
    "21": 0.6221444107055664,
    "22": 0.6288199311733246,
    "23": 0.6214646664142609,
    "24": 0.6221270545005798,
    "25": 0.5973149473190308,
    "26": 0.701946570777893,
    "27": 0.6249849292755127,
    "28": 0.6717889262199401,
    "29": 0.6061719145298005,
    "30": 0.641853196144104,
    "31": 0.6714602013587951,
    "32": 0.6024817425727844
  },
  "drift_final_total_l2": {
    "0": 8.061341285705566,
    "1": 18.97319793701172,
    "2": 30.91570472717285,
    "3": 29.457029342651367,
    "4": 45.638755798339844,
    "5": 53.12491226196289,
    "6": 50.560142517089844,
    "7": 54.19331741333008,
    "8": 60.82209396362305,
    "9": 63.29941940307617,
    "10": 60.14311599731445,
    "11": 66.93307495117188,
    "12": 60.41717529296875,
    "13": 61.58695983886719,
    "14": 61.75947570800781,
    "15": 60.8843994140625,
    "16": 58.17893981933594,
    "17": 55.250389099121094,
    "18": 48.65741729736328,
    "19": 53.01730728149414,
    "20": 47.17548370361328,
    "21": 50.38785934448242,
    "22": 45.1118049621582,
    "23": 44.495933532714844,
    "24": 46.62073516845703,
    "25": 44.504554748535156,
    "26": 44.60061264038086,
    "27": 44.05396270751953,
    "28": 39.76028823852539,
    "29": 37.739009857177734,
    "30": 39.04815673828125,
    "31": 32.20540237426758,
    "32": 32.7306022644043
  },
  "probe_type": "mlp",
  "probe_hidden_size": [
    724
  ],
  "init_strategy": "gamma_second_zero",
  "init_gamma": 0.4,
  "effective_lr": 0.001,