{
  "config": {
    "model_short": "llama",
    "task_name": "somo",
    "dataset": {
      "train": "cache/llama/somo_train/",
      "test": "cache/llama/somo_test/"
    },
    "mdl": {
      "batch_size": 64,
      "probe_type": "mlp",
      "probe_hidden_size": [
        4
      ],
      "num_classes": 2,
      "init_strategy": "mup",
      "init_gamma": null,
      "optimizer": "adamw",
      "train_epochs": 10,
      "lr": 0.001,
      "seed": 242,
      "early_stopping_gap": 3,
      "split_num": 5,
      "split_ratio": 2.0
    },
    "out_dir": "init_results/llama/somo/hidden-4/seed-242/strategy-mup/gamma-na/2026-04-20_22-02-10"
  },
  "train_meta": {
    "dataset": "compling/somo",
    "split": "train",
    "text_col": "text",
    "model": "meta-llama/Meta-Llama-3.1-8B",
    "max_len": 64,
    "hidden_size": 4096,
    "num_hidden_layers": 32,
    "num_states": 33,
    "memmap_file": "last_token_hidden_states.memmap",
    "dtype": "float32",
    "shape": [
      15000,
      33,
      4096
    ]
  },
  "test_meta": {
    "dataset": "compling/somo",
    "split": "test",
    "text_col": "text",
    "model": "meta-llama/Meta-Llama-3.1-8B",
    "max_len": 64,
    "hidden_size": 4096,
    "num_hidden_layers": 32,
    "num_states": 33,
    "memmap_file": "last_token_hidden_states.memmap",
    "dtype": "float32",
    "shape": [
      10000,
      33,
      4096
    ]
  },
  "splits": [
    484,
    968,
    1936,
    3872,
    7740
  ],
  "mdl_sum_ce": {
    "0": 10060.764486312866,
    "1": 10060.622641086578,
    "2": 10060.282898426056,
    "3": 10060.807360172272,
    "4": 9865.038631439209,
    "5": 9776.256643295288,
    "6": 9947.165665149689,
    "7": 9517.66462802887,
    "8": 9071.409225940704,
    "9": 9541.19967842102,
    "10": 8311.134136676788,
    "11": 8330.084039211273,
    "12": 8320.942426204681,
    "13": 8228.945100784302,
    "14": 8414.227976799011,
    "15": 8440.540409088135,
    "16": 8603.620795726776,
    "17": 8647.907549381256,
    "18": 8688.960250377655,
    "19": 8883.763470172882,
    "20": 8716.677381515503,
    "21": 9016.43414926529,
    "22": 9104.50301361084,
    "23": 8858.886998176575,
    "24": 9109.014640331268,
    "25": 9018.389533042908,
    "26": 8890.348292350769,
    "27": 9713.49162721634,
    "28": 9657.214801311493,
    "29": 9600.270626544952,
    "30": 8931.076011180878,
    "31": 9225.98701095581,
    "32": 9864.006069660187
  },
  "mdl_nll": {
    "0": 0.6930810475553091,
    "1": 0.6930712759084168,
    "2": 0.6930478712059834,
    "3": 0.6930840011140997,
    "4": 0.679597591033288,
    "5": 0.6734814441509568,
    "6": 0.6852552814239246,
    "7": 0.6556671691946039,
    "8": 0.6249248571190896,
    "9": 0.6572884870777777,
    "10": 0.5725498854144936,
    "11": 0.573855334748641,
    "12": 0.5732255735880877,
    "13": 0.5668879237244627,
    "14": 0.5796519686414309,
    "15": 0.5814646189782402,
    "16": 0.5926991454758044,
    "17": 0.5957500378466007,
    "18": 0.5985781379427979,
    "19": 0.6119980345944394,
    "20": 0.6004875572826883,
    "21": 0.6211376515062889,
    "22": 0.627204671645828,
    "23": 0.6102843068460027,
    "24": 0.6275154753603794,
    "25": 0.6212723569194618,
    "26": 0.6124516597100281,
    "27": 0.6691575934979567,
    "28": 0.6652807110300009,
    "29": 0.6613578552318099,
    "30": 0.6152573719468778,
    "31": 0.6355736436315659,
    "32": 0.6795264583673317
  },
  "stopping_epochs_per_stage": {
    "0": [
      9,
      1,
      1,
      4
    ],
    "1": [
      1,
      1,
      1,
      1
    ],
    "2": [
      7,
      1,
      2,
      4
    ],
    "3": [
      7,
      1,
      1,
      4
    ],
    "4": [
      10,
      9,
      2,
      6
    ],
    "5": [
      10,
      10,
      4,
      9
    ],
    "6": [
      10,
      1,
      9,
      3
    ],
    "7": [
      9,
      1,
      10,
      10
    ],
    "8": [
      10,
      10,
      10,
      9
    ],
    "9": [
      10,
      10,
      10,
      10
    ],
    "10": [
      10,
      10,
      10,
      10
    ],
    "11": [
      10,
      10,
      10,
      10
    ],
    "12": [
      10,
      10,
      10,
      10
    ],
    "13": [
      10,
      10,
      9,
      9
    ],
    "14": [
      10,
      10,
      10,
      10
    ],
    "15": [
      10,
      10,
      10,
      10
    ],
    "16": [
      10,
      10,
      10,
      6
    ],
    "17": [
      10,
      10,
      10,
      9
    ],
    "18": [
      10,
      10,
      10,
      10
    ],
    "19": [
      9,
      1,
      10,
      10
    ],
    "20": [
      10,
      10,
      7,
      5
    ],
    "21": [
      10,
      1,
      9,
      10
    ],
    "22": [
      10,
      10,
      2,
      9
    ],
    "23": [
      10,
      10,
      10,
      9
    ],
    "24": [
      8,
      10,
      2,
      10
    ],
    "25": [
      8,
      4,
      10,
      10
    ],
    "26": [
      10,
      10,
      10,
      8
    ],
    "27": [
      1,
      1,
      9,
      3
    ],
    "28": [
      3,
      10,
      10,
      5
    ],
    "29": [
      10,
      10,
      10,
      3
    ],
    "30": [
      1,
      10,
      10,
      10
    ],
    "31": [
      2,
      1,
      1,
      9
    ],
    "32": [
      10,
      1,
      10,
      3
    ]
  },
  "test_acc": {
    "0": 0.5013,
    "1": 0.5013,
    "2": 0.5006,
    "3": 0.5475,
    "4": 0.5013,
    "5": 0.6339,
    "6": 0.5013,
    "7": 0.6579,
    "8": 0.6904,
    "9": 0.7047,
    "10": 0.7282,
    "11": 0.7234,
    "12": 0.7153,
    "13": 0.7212,
    "14": 0.7336,
    "15": 0.7255,
    "16": 0.7284,
    "17": 0.7227,
    "18": 0.5013,
    "19": 0.7179,
    "20": 0.7173,
    "21": 0.7071,
    "22": 0.5013,
    "23": 0.7149,
    "24": 0.5012,
    "25": 0.5013,
    "26": 0.7039,
    "27": 0.5013,
    "28": 0.7062,
    "29": 0.7011,
    "30": 0.7065,
    "31": 0.7046,
    "32": 0.5014
  },
  "test_loss": {
    "0": 0.6931470304489136,
    "1": 0.6931596713066102,
    "2": 0.6934230158805847,
    "3": 0.6875988233566284,
    "4": 0.6934244692802429,
    "5": 0.6384126901626587,
    "6": 0.6931992966651916,
    "7": 0.621196759223938,
    "8": 0.5925953358650208,
    "9": 0.5768222064971924,
    "10": 0.5460480955600738,
    "11": 0.5470712662220001,
    "12": 0.5591808972358704,
    "13": 0.5476560583114624,
    "14": 0.5333358086585999,
    "15": 0.5412628793716431,
    "16": 0.5464368842601776,
    "17": 0.553702192401886,
    "18": 0.6931711636543274,
    "19": 0.5594497478961945,
    "20": 0.563601302242279,
    "21": 0.5697035150527954,
    "22": 0.6931950542449952,
    "23": 0.565359325504303,
    "24": 0.693222491645813,
    "25": 0.693186875629425,
    "26": 0.5737504281997681,
    "27": 0.6940137810707092,
    "28": 0.5717427464485169,
    "29": 0.5791508494377137,
    "30": 0.5749302558898925,
    "31": 0.5722530932426453,
    "32": 0.6930915842056274
  },
  "drift_final_total_l2": {
    "0": 1.0451745986938477,
    "1": 0.7567046284675598,
    "2": 5.753468990325928,
    "3": 9.302666664123535,
    "4": 1.3753013610839844,
    "5": 16.459321975708008,
    "6": 0.8128809928894043,
    "7": 14.683815956115723,
    "8": 14.264183044433594,
    "9": 13.317533493041992,
    "10": 13.663797378540039,
    "11": 10.188854217529297,
    "12": 10.59557056427002,
    "13": 11.498665809631348,
    "14": 11.418910026550293,
    "15": 9.770292282104492,
    "16": 10.643111228942871,
    "17": 7.4557390213012695,
    "18": 0.720822811126709,
    "19": 7.980108737945557,
    "20": 7.745200157165527,
    "21": 5.283703327178955,
    "22": 0.759803056716919,
    "23": 6.048122882843018,
    "24": 0.915006160736084,
    "25": 0.7369808554649353,
    "26": 5.687396049499512,
    "27": 3.131051540374756,
    "28": 8.097138404846191,
    "29": 5.572475433349609,
    "30": 6.520358085632324,
    "31": 5.353513240814209,
    "32": 0.765623927116394
  },
  "probe_type": "mlp",
  "probe_hidden_size": [
    4
  ],
  "init_strategy": "mup",