{
  "config": {
    "model_short": "llama",
    "task_name": "somo",
    "dataset": {
      "train": "cache/llama/somo_train/",
      "test": "cache/llama/somo_test/"
    },
    "mdl": {
      "batch_size": 64,
      "probe_type": "mlp",
      "probe_hidden_size": [
        16
      ],
      "num_classes": 2,
      "init_strategy": "gamma_second_zero",
      "init_gamma": 1.9,
      "optimizer": "adamw",
      "train_epochs": 10,
      "lr": 0.001,
      "seed": 242,
      "early_stopping_gap": 3,
      "split_num": 5,
      "split_ratio": 2.0
    },
    "out_dir": "init_results/llama/somo/hidden-16/seed-242/strategy-gamma_second_zero/gamma-1.9/opt-adamw/2026-04-25_03-12-10"
  },
  "train_meta": {
    "dataset": "compling/somo",
    "split": "train",
    "text_col": "text",
    "model": "meta-llama/Meta-Llama-3.1-8B",
    "max_len": 64,
    "hidden_size": 4096,
    "num_hidden_layers": 32,
    "num_states": 33,
    "memmap_file": "last_token_hidden_states.memmap",
    "dtype": "float32",
    "shape": [
      15000,
      33,
      4096
    ]
  },
  "test_meta": {
    "dataset": "compling/somo",
    "split": "test",
    "text_col": "text",
    "model": "meta-llama/Meta-Llama-3.1-8B",
    "max_len": 64,
    "hidden_size": 4096,
    "num_hidden_layers": 32,
    "num_states": 33,
    "memmap_file": "last_token_hidden_states.memmap",
    "dtype": "float32",
    "shape": [
      10000,
      33,
      4096
    ]
  },
  "splits": [
    484,
    968,
    1936,
    3872,
    7740
  ],
  "mdl_sum_ce": {
    "0": 10061.12068939209,
    "1": 10060.310516357422,
    "2": 10052.862727165222,
    "3": 10010.879655361176,
    "4": 9783.016121864319,
    "5": 9965.67296743393,
    "6": 9652.013362407684,
    "7": 9352.665626525879,
    "8": 9119.230735778809,
    "9": 8728.11219406128,
    "10": 8339.988186359406,
    "11": 8405.27876663208,
    "12": 8382.415824890137,
    "13": 8284.319610595703,
    "14": 8651.192948818207,
    "15": 8391.426028490067,
    "16": 8318.14708018303,
    "17": 8517.145795822144,
    "18": 8503.501873970032,
    "19": 8698.989274978638,
    "20": 8592.75671672821,
    "21": 8816.867879390717,
    "22": 8682.44676399231,
    "23": 8888.224894046783,
    "24": 8838.187740802765,
    "25": 8889.494357585907,
    "26": 8803.263327598572,
    "27": 8830.65436410904,
    "28": 8773.12959766388,
    "29": 8853.227034568787,
    "30": 8886.4421916008,
    "31": 8762.093393802643,
    "32": 8834.06473827362
  },
  "mdl_nll": {
    "0": 0.693105586207777,
    "1": 0.6930497737915006,
    "2": 0.6925366993087092,
    "3": 0.6896445064316048,
    "4": 0.6739471012582198,
    "5": 0.686530240247584,
    "6": 0.6649223864981871,
    "7": 0.644300470275963,
    "8": 0.6282192570803808,
    "9": 0.6012752958157398,
    "10": 0.5745376265058836,
    "11": 0.579035462016539,
    "12": 0.5774604453630571,
    "13": 0.5707026460867803,
    "14": 0.5959763673751864,
    "15": 0.5780811537951273,
    "16": 0.5730330035948629,
    "17": 0.5867419258626442,
    "18": 0.5858020028912946,
    "19": 0.5992690324454835,
    "20": 0.5919507244921611,
    "21": 0.6073896307103002,
    "22": 0.5981294271143779,
    "23": 0.6123053798599327,
    "24": 0.6088583453294822,
    "25": 0.6123928325699853,
    "26": 0.6064524199227453,
    "27": 0.6083393747663984,
    "28": 0.6043765222970432,
    "29": 0.6098943947760256,
    "30": 0.6121825703775695,
    "31": 0.6036162437174596,
    "32": 0.6085743137416383
  },
  "stopping_epochs_per_stage": {
    "0": [
      10,
      1,
      1,
      6
    ],
    "1": [
      10,
      1,
      1,
      9
    ],
    "2": [
      10,
      1,
      1,
      10
    ],
    "3": [
      5,
      1,
      1,
      10
    ],
    "4": [
      10,
      1,
      9,
      10
    ],
    "5": [
      10,
      10,
      9,
      7
    ],
    "6": [
      10,
      10,
      4,
      10
    ],
    "7": [
      10,
      10,
      10,
      10
    ],
    "8": [
      10,
      1,
      9,
      9
    ],
    "9": [
      10,
      10,
      8,
      9
    ],
    "10": [
      10,
      10,
      9,
      9
    ],
    "11": [
      10,
      8,
      10,
      9
    ],
    "12": [
      10,
      8,
      8,
      10
    ],
    "13": [
      10,
      10,
      4,
      7
    ],
    "14": [
      9,
      8,
      4,
      8
    ],
    "15": [
      10,
      8,
      10,
      10
    ],
    "16": [
      10,
      7,
      7,
      8
    ],
    "17": [
      10,
      7,
      10,
      10
    ],
    "18": [
      10,
      8,
      9,
      10
    ],
    "19": [
      10,
      6,
      9,
      9
    ],
    "20": [
      10,
      9,
      8,
      6
    ],
    "21": [
      9,
      9,
      10,
      10
    ],
    "22": [
      10,
      8,
      10,
      5
    ],
    "23": [
      10,
      9,
      9,
      9
    ],
    "24": [
      10,
      10,
      9,
      7
    ],
    "25": [
      10,
      10,
      8,
      10
    ],
    "26": [
      5,
      8,
      10,
      5
    ],
    "27": [
      10,
      8,
      10,
      9
    ],
    "28": [
      6,
      9,
      5,
      7
    ],
    "29": [
      8,
      9,
      7,
      7
    ],
    "30": [
      6,
      10,
      10,
      7
    ],
    "31": [
      6,
      9,
      10,
      4
    ],
    "32": [
      3,
      8,
      5,
      8
    ]
  },
  "test_acc": {
    "0": 0.5013,
    "1": 0.5013,
    "2": 0.5013,
    "3": 0.5545,
    "4": 0.6063,
    "5": 0.6317,
    "6": 0.6385,
    "7": 0.6546,
    "8": 0.6879,
    "9": 0.6919,
    "10": 0.7283,
    "11": 0.7299,
    "12": 0.696,
    "13": 0.7346,
    "14": 0.7122,
    "15": 0.7269,
    "16": 0.7221,
    "17": 0.7025,
    "18": 0.7229,
    "19": 0.7246,
    "20": 0.6808,
    "21": 0.714,
    "22": 0.716,
    "23": 0.6736,
    "24": 0.7063,
    "25": 0.7075,
    "26": 0.6918,
    "27": 0.5013,
    "28": 0.7003,
    "29": 0.7034,
    "30": 0.6852,
    "31": 0.7011,
    "32": 0.6927
  },
  "test_loss": {
    "0": 0.6932310134887695,
    "1": 0.6931483136177063,
    "2": 0.6931851358413696,
    "3": 0.6849314615249634,
    "4": 0.6587447841644287,
    "5": 0.6447111388206482,
    "6": 0.6369534175872803,
    "7": 0.6227128515243531,
    "8": 0.5919871967315674,
    "9": 0.5940127453804016,
    "10": 0.5408287791252137,
    "11": 0.5429750999450683,
    "12": 0.6035061260223389,
    "13": 0.5340970244407653,
    "14": 0.5600537221908569,
    "15": 0.5391547295093536,
    "16": 0.5507058672904969,
    "17": 0.5813907665252686,
    "18": 0.5542779555320739,
    "19": 0.5548097852706909,
    "20": 0.6229201536655427,
    "21": 0.5685673475265502,
    "22": 0.5650596335411072,
    "23": 0.6368073684692382,
    "24": 0.5817561443805694,
    "25": 0.5740217357635498,
    "26": 0.5934762829780579,
    "27": 0.693140030670166,
    "28": 0.5789471054553985,
    "29": 0.5808076892852784,
    "30": 0.601777614402771,
    "31": 0.5804024740219116,
    "32": 0.5915817338943481
  },
  "drift_final_total_l2": {
    "0": 1.1174172163009644,
    "1": 1.8398936986923218,
    "2": 1.396744966506958,
    "3": 8.38160228729248,
    "4": 12.865959167480469,
    "5": 16.893779754638672,
    "6": 8.592148780822754,
    "7": 13.424890518188477,
    "8": 9.616437911987305,
    "9": 13.31236457824707,
    "10": 15.230690956115723,
    "11": 9.773979187011719,
    "12": 15.650994300842285,
    "13": 14.274085998535156,
    "14": 14.696619987487793,
    "15": 12.124693870544434,
    "16": 13.7833251953125,
    "17": 12.92995834350586,
    "18": 8.263668060302734,
    "19": 12.938776969909668,
    "20": 12.0543794631958,
    "21": 6.281658172607422,
    "22": 8.712308883666992,
    "23": 10.703825950622559,
    "24": 10.674529075622559,
    "25": 10.232401847839355,
    "26": 8.162988662719727,
    "27": 3.4248149394989014,
    "28": 10.276752471923828,
    "29": 6.853353023529053,
    "30": 9.785292625427246,
    "31": 5.2155375480651855,
    "32": 9.497782707214355
  },
  "probe_type": "mlp",
  "probe_hidden_size": [
    16
  ],