{
  "config": {
    "model_short": "llama",
    "task_name": "somo",
    "dataset": {
      "train": "cache/llama/somo_train/",
      "test": "cache/llama/somo_test/"
    },
    "mdl": {
      "batch_size": 64,
      "probe_type": "mlp",
      "probe_hidden_size": [
        1448
      ],
      "num_classes": 2,
      "init_strategy": "gamma_second_zero",
      "init_gamma": 1.5,
      "optimizer": "adamw",
      "train_epochs": 10,
      "lr": 0.001,
      "seed": 342,
      "early_stopping_gap": 3,
      "split_num": 5,
      "split_ratio": 2.0
    },
    "out_dir": "init_results/llama/somo/hidden-1448/seed-342/strategy-gamma_second_zero/gamma-1.5/opt-adamw/2026-04-25_03-13-43"
  },
  "train_meta": {
    "dataset": "compling/somo",
    "split": "train",
    "text_col": "text",
    "model": "meta-llama/Meta-Llama-3.1-8B",
    "max_len": 64,
    "hidden_size": 4096,
    "num_hidden_layers": 32,
    "num_states": 33,
    "memmap_file": "last_token_hidden_states.memmap",
    "dtype": "float32",
    "shape": [
      15000,
      33,
      4096
    ]
  },
  "test_meta": {
    "dataset": "compling/somo",
    "split": "test",
    "text_col": "text",
    "model": "meta-llama/Meta-Llama-3.1-8B",
    "max_len": 64,
    "hidden_size": 4096,
    "num_hidden_layers": 32,
    "num_states": 33,
    "memmap_file": "last_token_hidden_states.memmap",
    "dtype": "float32",
    "shape": [
      10000,
      33,
      4096
    ]
  },
  "splits": [
    484,
    968,
    1936,
    3872,
    7740
  ],
  "mdl_sum_ce": {
    "0": 10060.824646949768,
    "1": 10060.41029548645,
    "2": 10051.077403068542,
    "3": 10018.347377300262,
    "4": 9743.315850257874,
    "5": 9497.405771255493,
    "6": 9430.709299564362,
    "7": 9290.832563400269,
    "8": 8907.108680725098,
    "9": 8528.516065597534,
    "10": 8117.060116291046,
    "11": 8117.140975952148,
    "12": 8150.534024238586,
    "13": 8127.818882226944,
    "14": 8293.946605205536,
    "15": 8447.532622814178,
    "16": 8412.945863723755,
    "17": 8470.669890880585,
    "18": 8506.287673950195,
    "19": 8587.896746635437,
    "20": 8697.191450119019,
    "21": 8675.172471523285,
    "22": 8734.63024520874,
    "23": 8799.481875419617,
    "24": 8804.16942024231,
    "25": 8773.455271720886,
    "26": 8883.500559329987,
    "27": 8834.83662700653,
    "28": 8779.475105285645,
    "29": 8780.353687286377,
    "30": 8883.599238872528,
    "31": 8711.916833877563,
    "32": 9005.23084449768
  },
  "mdl_nll": {
    "0": 0.6930851919915795,
    "1": 0.6930566475259334,
    "2": 0.6924137092221371,
    "3": 0.6901589540713876,
    "4": 0.6712121693481589,
    "5": 0.6542715466557931,
    "6": 0.6496768599865226,
    "7": 0.6400408213970976,
    "8": 0.6136062745057246,
    "9": 0.5875252180764352,
    "10": 0.5591802229464761,
    "11": 0.5591857933281998,
    "12": 0.5614862237695362,
    "13": 0.559921388965758,
    "14": 0.571365844943892,
    "15": 0.5819463090943909,
    "16": 0.5795636445111432,
    "17": 0.583540223951542,
    "18": 0.5859939152624825,
    "19": 0.5916159235764286,
    "20": 0.5991451811875874,
    "21": 0.5976283047343128,
    "22": 0.6017243211083453,
    "23": 0.6061919175681743,
    "24": 0.6065148401930497,
    "25": 0.6043989578203972,
    "26": 0.6119799227976017,
    "27": 0.6086274887714612,
    "28": 0.6048136611522213,
    "29": 0.6048741862280502,
    "30": 0.61198672078207,
    "31": 0.6001596055302814,
    "32": 0.6203658614286085
  },
  "stopping_epochs_per_stage": {
    "0": [
      2,
      2,
      5,
      2
    ],
    "1": [
      2,
      1,
      1,
      1
    ],
    "2": [
      2,
      2,
      2,
      9
    ],
    "3": [
      1,
      2,
      5,
      5
    ],
    "4": [
      1,
      2,
      7,
      8
    ],
    "5": [
      2,
      4,
      7,
      10
    ],
    "6": [
      4,
      10,
      8,
      6
    ],
    "7": [
      3,
      10,
      7,
      3
    ],
    "8": [
      4,
      9,
      7,
      4
    ],
    "9": [
      4,
      7,
      5,
      5
    ],
    "10": [
      5,
      4,
      3,
      3
    ],
    "11": [
      5,
      5,
      8,
      7
    ],
    "12": [
      6,
      2,
      5,
      5
    ],
    "13": [
      6,
      4,
      5,
      3
    ],
    "14": [
      5,
      5,
      3,
      2
    ],
    "15": [
      3,
      5,
      4,
      2
    ],
    "16": [
      3,
      3,
      4,
      3
    ],
    "17": [
      6,
      6,
      5,
      5
    ],
    "18": [
      5,
      5,
      5,
      7
    ],
    "19": [
      3,
      3,
      4,
      4
    ],
    "20": [
      7,
      5,
      3,
      3
    ],
    "21": [
      4,
      4,
      5,
      8
    ],
    "22": [
      4,
      6,
      5,
      2
    ],
    "23": [
      2,
      4,
      3,
      6
    ],
    "24": [
      3,
      5,
      3,
      3
    ],
    "25": [
      4,
      8,
      5,
      6
    ],
    "26": [
      2,
      6,
      3,
      2
    ],
    "27": [
      4,
      6,
      4,
      4
    ],
    "28": [
      2,
      4,
      3,
      6
    ],
    "29": [
      3,
      6,
      2,
      4
    ],
    "30": [
      3,
      5,
      3,
      3
    ],
    "31": [
      4,
      5,
      3,
      5
    ],
    "32": [
      2,
      3,
      3,
      4
    ]
  },
  "test_acc": {
    "0": 0.5013,
    "1": 0.5044,
    "2": 0.5281,
    "3": 0.5512,
    "4": 0.6062,
    "5": 0.6301,
    "6": 0.6403,
    "7": 0.67,
    "8": 0.6888,
    "9": 0.7066,
    "10": 0.7214,
    "11": 0.7144,
    "12": 0.7234,
    "13": 0.7286,
    "14": 0.7277,
    "15": 0.7165,
    "16": 0.6683,
    "17": 0.7239,
    "18": 0.6956,
    "19": 0.7086,
    "20": 0.6997,
    "21": 0.7106,
    "22": 0.7126,
    "23": 0.7054,
    "24": 0.6697,
    "25": 0.6906,
    "26": 0.704,
    "27": 0.6901,
    "28": 0.6865,
    "29": 0.6949,
    "30": 0.69,
    "31": 0.7048,
    "32": 0.69
  },
  "test_loss": {
    "0": 0.6932648929595947,
    "1": 0.6936821346282959,
    "2": 0.6938346426963806,
    "3": 0.6856684616088867,
    "4": 0.6607047819137574,
    "5": 0.646020661354065,
    "6": 0.6406167418479919,
    "7": 0.616655818939209,
    "8": 0.6001852855682374,
    "9": 0.5852023663520813,
    "10": 0.5792995113372803,
    "11": 0.5753378239631652,
    "12": 0.567940447473526,
    "13": 0.5660014431953431,
    "14": 0.5830563487529755,
    "15": 0.5861384990692139,
    "16": 0.650067212677002,
    "17": 0.5607549911499023,
    "18": 0.5885687360286712,
    "19": 0.5758528930664063,
    "20": 0.5904991540908814,
    "21": 0.5747375528335571,
    "22": 0.5758736001968384,
    "23": 0.579575454902649,
    "24": 0.6764180570602417,
    "25": 0.6020541815757752,
    "26": 0.5822801809310914,
    "27": 0.5942256510734558,
    "28": 0.6172985408782959,
    "29": 0.6008205681324005,
    "30": 0.6107755163192748,
    "31": 0.582346831703186,
    "32": 0.5963397099494934
  },
  "drift_final_total_l2": {
    "0": 11.376964569091797,
    "1": 18.998306274414062,
    "2": 21.22372055053711,
    "3": 27.11531639099121,
    "4": 36.925662994384766,
    "5": 35.08503723144531,
    "6": 45.067386627197266,
    "7": 37.32634353637695,
    "8": 42.5635986328125,
    "9": 38.586124420166016,
    "10": 51.25665283203125,
    "11": 35.561649322509766,
    "12": 50.37774658203125,
    "13": 37.34929656982422,
    "14": 70.01922607421875,
    "15": 63.098045349121094,
    "16": 57.525550842285156,
    "17": 27.366060256958008,
    "18": 29.16570472717285,
    "19": 36.60105514526367,
    "20": 35.10136795043945,
    "21": 26.39842414855957,
    "22": 30.629730224609375,
    "23": 34.88242721557617,
    "24": 38.36653518676758,
    "25": 28.850444793701172,
    "26": 28.513111114501953,
    "27": 26.90949058532715,
    "28": 29.22161865234375,
    "29": 26.710832595825195,
    "30": 32.370811462402344,
    "31": 27.341970443725586,
    "32": 26.02564239501953
  },
  "probe_type": "mlp",
  "probe_hidden_size": [
    1448
  ],
  "init_strategy": "gamma_second_zero",
  "init_gamma": 1.5,