{
  "config": {
    "model_short": "llama",
    "task_name": "somo",
    "dataset": {
      "train": "cache/llama/somo_train/",
      "test": "cache/llama/somo_test/"
    },
    "mdl": {
      "batch_size": 64,
      "probe_type": "mlp",
      "probe_hidden_size": [
        512
      ],
      "num_classes": 2,
      "init_strategy": "gamma_second_zero",
      "init_gamma": 1.3,
      "optimizer": "adamw",
      "train_epochs": 10,
      "lr": 0.001,
      "seed": 342,
      "early_stopping_gap": 3,
      "split_num": 5,
      "split_ratio": 2.0
    },
    "out_dir": "init_results/llama/somo/hidden-512/seed-342/strategy-gamma_second_zero/gamma-1.3/opt-adamw/2026-04-25_03-20-17"
  },
  "train_meta": {
    "dataset": "compling/somo",
    "split": "train",
    "text_col": "text",
    "model": "meta-llama/Meta-Llama-3.1-8B",
    "max_len": 64,
    "hidden_size": 4096,
    "num_hidden_layers": 32,
    "num_states": 33,
    "memmap_file": "last_token_hidden_states.memmap",
    "dtype": "float32",
    "shape": [
      15000,
      33,
      4096
    ]
  },
  "test_meta": {
    "dataset": "compling/somo",
    "split": "test",
    "text_col": "text",
    "model": "meta-llama/Meta-Llama-3.1-8B",
    "max_len": 64,
    "hidden_size": 4096,
    "num_hidden_layers": 32,
    "num_states": 33,
    "memmap_file": "last_token_hidden_states.memmap",
    "dtype": "float32",
    "shape": [
      10000,
      33,
      4096
    ]
  },
  "splits": [
    484,
    968,
    1936,
    3872,
    7740
  ],
  "mdl_sum_ce": {
    "0": 10060.520875930786,
    "1": 10061.140106678009,
    "2": 10061.12003660202,
    "3": 10014.370851516724,
    "4": 9750.654134750366,
    "5": 9501.302031517029,
    "6": 9462.175660133362,
    "7": 9195.712727546692,
    "8": 8875.873992443085,
    "9": 8541.787682056427,
    "10": 8069.147069454193,
    "11": 8046.7896473407745,
    "12": 8121.941533088684,
    "13": 8152.179446220398,
    "14": 8225.39211177826,
    "15": 8279.762179613113,
    "16": 8346.710838079453,
    "17": 8446.592837810516,
    "18": 8494.734344959259,
    "19": 8545.75330734253,
    "20": 8596.26669883728,
    "21": 8611.86119556427,
    "22": 8621.117794036865,
    "23": 8817.267548084259,
    "24": 8758.982752799988,
    "25": 8827.62124967575,
    "26": 8891.634165763855,
    "27": 8766.445959091187,
    "28": 8779.299510002136,
    "29": 8917.633504867554,
    "30": 8821.468955993652,
    "31": 8820.157862663269,
    "32": 8923.806001663208
  },
  "mdl_nll": {
    "0": 0.6930642653575907,
    "1": 0.6931069238549193,
    "2": 0.6931055412373947,
    "3": 0.6898850131934916,
    "4": 0.671717700106804,
    "5": 0.6545399580819116,
    "6": 0.6518445618719594,
    "7": 0.6334880633471129,
    "8": 0.6114545324085895,
    "9": 0.5884394931149372,
    "10": 0.5558795170469959,
    "11": 0.5543393253885901,
    "12": 0.55951650131501,
    "13": 0.5615995760691924,
    "14": 0.5666431600839252,
    "15": 0.570388686939454,
    "16": 0.5750007466298879,
    "17": 0.5818815677742157,
    "18": 0.585198012190635,
    "19": 0.5887126830630015,
    "20": 0.5921925254090162,
    "21": 0.5932668225106276,
    "22": 0.5939045049625837,
    "23": 0.6074171636872595,
    "24": 0.6034019532102499,
    "25": 0.6081304250258853,
    "26": 0.6125402428881135,
    "27": 0.6039160897693019,
    "28": 0.6048015644807203,
    "29": 0.6143313243915371,
    "30": 0.6077065965826435,
    "31": 0.6076162760170343,
    "32": 0.6147565446171954
  },
  "stopping_epochs_per_stage": {
    "0": [
      3,
      5,
      1,
      3
    ],
    "1": [
      2,
      2,
      1,
      1
    ],
    "2": [
      1,
      1,
      4,
      1
    ],
    "3": [
      2,
      2,
      6,
      9
    ],
    "4": [
      2,
      6,
      9,
      7
    ],
    "5": [
      10,
      1,
      4,
      7
    ],
    "6": [
      6,
      1,
      5,
      9
    ],
    "7": [
      8,
      8,
      9,
      8
    ],
    "8": [
      6,
      5,
      6,
      9
    ],
    "9": [
      9,
      7,
      3,
      4
    ],
    "10": [
      7,
      9,
      6,
      3
    ],
    "11": [
      7,
      6,
      5,
      5
    ],
    "12": [
      7,
      4,
      2,
      5
    ],
    "13": [
      6,
      5,
      5,
      5
    ],
    "14": [
      6,
      5,
      3,
      5
    ],
    "15": [
      9,
      5,
      5,
      4
    ],
    "16": [
      6,
      4,
      6,
      6
    ],
    "17": [
      9,
      5,
      4,
      5
    ],
    "18": [
      7,
      6,
      8,
      4
    ],
    "19": [
      6,
      7,
      10,
      7
    ],
    "20": [
      6,
      7,
      4,
      4
    ],
    "21": [
      2,
      7,
      5,
      5
    ],
    "22": [
      7,
      5,
      5,
      8
    ],
    "23": [
      4,
      7,
      2,
      3
    ],
    "24": [
      4,
      9,
      6,
      5
    ],
    "25": [
      5,
      7,
      7,
      9
    ],
    "26": [
      3,
      6,
      2,
      8
    ],
    "27": [
      5,
      8,
      5,
      4
    ],
    "28": [
      3,
      5,
      5,
      4
    ],
    "29": [
      3,
      4,
      3,
      2
    ],
    "30": [
      4,
      6,
      3,
      4
    ],
    "31": [
      1,
      8,
      4,
      8
    ],
    "32": [
      6,
      3,
      7,
      6
    ]
  },
  "test_acc": {
    "0": 0.5013,
    "1": 0.5031,
    "2": 0.5134,
    "3": 0.5512,
    "4": 0.607,
    "5": 0.6342,
    "6": 0.6169,
    "7": 0.6427,
    "8": 0.6945,
    "9": 0.6813,
    "10": 0.7297,
    "11": 0.7265,
    "12": 0.7332,
    "13": 0.6991,
    "14": 0.7188,
    "15": 0.7231,
    "16": 0.7268,
    "17": 0.7211,
    "18": 0.7257,
    "19": 0.7218,
    "20": 0.709,
    "21": 0.7099,
    "22": 0.6838,
    "23": 0.7053,
    "24": 0.7085,
    "25": 0.7047,
    "26": 0.6607,
    "27": 0.6906,
    "28": 0.6965,
    "29": 0.6961,
    "30": 0.6975,
    "31": 0.6765,
    "32": 0.6928
  },
  "test_loss": {
    "0": 0.6931698009490966,
    "1": 0.6935358916282653,
    "2": 0.6928189201354981,
    "3": 0.6857305639266967,
    "4": 0.6611090353012085,
    "5": 0.6482275760650634,
    "6": 0.6616928880691528,
    "7": 0.6419399194717407,
    "8": 0.5880848278045654,
    "9": 0.628627805519104,
    "10": 0.5547417200088501,
    "11": 0.5503501052856445,
    "12": 0.5420106705188751,
    "13": 0.6262307373046875,
    "14": 0.5812440450668335,
    "15": 0.5612552773952484,
    "16": 0.5512033330917359,
    "17": 0.5577791341781616,
    "18": 0.5474876622200012,
    "19": 0.5685661469936371,
    "20": 0.5792761880397796,
    "21": 0.5733458677768707,
    "22": 0.6060721897125244,
    "23": 0.5668828785896302,
    "24": 0.5729083746910095,
    "25": 0.5766401170730591,
    "26": 0.6446491865158082,
    "27": 0.614313369846344,
    "28": 0.5946038771152496,
    "29": 0.5902466069221497,
    "30": 0.5997735674381256,
    "31": 0.6171658196926116,
    "32": 0.5941224457263946
  },
  "drift_final_total_l2": {
    "0": 6.287063121795654,
    "1": 13.745043754577637,
    "2": 13.991716384887695,
    "3": 16.86412239074707,
    "4": 26.800960540771484,
    "5": 26.700592041015625,
    "6": 27.235157012939453,
    "7": 29.435632705688477,
    "8": 40.151771545410156,
    "9": 43.52518844604492,
    "10": 38.363468170166016,
    "11": 39.59176254272461,
    "12": 24.220909118652344,
    "13": 50.41374588012695,
    "14": 43.168270111083984,
    "15": 35.98219299316406,
    "16": 33.58388900756836,
    "17": 31.18558120727539,
    "18": 20.80328369140625,
    "19": 33.23127365112305,
    "20": 18.851192474365234,
    "21": 19.30937957763672,
    "22": 17.990339279174805,
    "23": 19.122289657592773,
    "24": 12.308550834655762,
    "25": 21.356048583984375,
    "26": 35.969970703125,
    "27": 28.1083984375,
    "28": 22.109088897705078,
    "29": 25.499135971069336,
    "30": 24.282360076904297,
    "31": 22.37495231628418,
    "32": 20.692487716674805
  },
  "probe_type": "mlp",
  "probe_hidden_size": [
    512
  ],
  "init_strategy": "gamma_second_zero",
  "init_gamma": 1.3,