{
  "config": {
    "model_short": "llama",
    "task_name": "somo",
    "dataset": {
      "train": "cache/llama/somo_train/",
      "test": "cache/llama/somo_test/"
    },
    "mdl": {
      "batch_size": 64,
      "probe_type": "mlp",
      "probe_hidden_size": [
        4
      ],
      "num_classes": 2,
      "init_strategy": "gamma_second_zero",
      "init_gamma": 1.0,
      "optimizer": "adamw",
      "train_epochs": 10,
      "lr": 0.001,
      "seed": 442,
      "early_stopping_gap": 3,
      "split_num": 5,
      "split_ratio": 2.0
    },
    "out_dir": "init_results/llama/somo/hidden-4/seed-442/strategy-gamma_second_zero/gamma-1.0/2026-04-21_03-32-00"
  },
  "train_meta": {
    "dataset": "compling/somo",
    "split": "train",
    "text_col": "text",
    "model": "meta-llama/Meta-Llama-3.1-8B",
    "max_len": 64,
    "hidden_size": 4096,
    "num_hidden_layers": 32,
    "num_states": 33,
    "memmap_file": "last_token_hidden_states.memmap",
    "dtype": "float32",
    "shape": [
      15000,
      33,
      4096
    ]
  },
  "test_meta": {
    "dataset": "compling/somo",
    "split": "test",
    "text_col": "text",
    "model": "meta-llama/Meta-Llama-3.1-8B",
    "max_len": 64,
    "hidden_size": 4096,
    "num_hidden_layers": 32,
    "num_states": 33,
    "memmap_file": "last_token_hidden_states.memmap",
    "dtype": "float32",
    "shape": [
      10000,
      33,
      4096
    ]
  },
  "splits": [
    484,
    968,
    1936,
    3872,
    7740
  ],
  "mdl_sum_ce": {
    "0": 10060.215996742249,
    "1": 10060.922555446625,
    "2": 10060.410326004028,
    "3": 10051.068011760712,
    "4": 10019.100074768066,
    "5": 9932.383334636688,
    "6": 9729.246728897095,
    "7": 9488.82338809967,
    "8": 9768.056047916412,
    "9": 9156.389287471771,
    "10": 8285.235139369965,
    "11": 8362.806089878082,
    "12": 8260.713356018066,
    "13": 8363.602035522461,
    "14": 8620.735165596008,
    "15": 8911.063600540161,
    "16": 9075.114109516144,
    "17": 9470.700855255127,
    "18": 9041.422089099884,
    "19": 8544.922859668732,
    "20": 8930.827629089355,
    "21": 9945.276708126068,
    "22": 9694.221322536469,
    "23": 9285.571104049683,
    "24": 8846.772535800934,
    "25": 9601.516896724701,
    "26": 9129.085575580597,
    "27": 8927.589792251587,
    "28": 9734.708627223969,
    "29": 9182.17536354065,
    "30": 9051.730703830719,
    "31": 8814.095375537872,
    "32": 9407.831041812897
  },
  "mdl_nll": {
    "0": 0.6930432623823538,
    "1": 0.6930919368590951,
    "2": 0.6930566496282742,
    "3": 0.6924130622596246,
    "4": 0.6902108070245292,
    "5": 0.6842369340477189,
    "6": 0.6702429545947296,
    "7": 0.6536803105607378,
    "8": 0.6729165092254349,
    "9": 0.6307790911733102,
    "10": 0.57076571640741,
    "11": 0.5761095404986278,
    "12": 0.5690764229827822,
    "13": 0.5761643727970833,
    "14": 0.5938781458801329,
    "15": 0.6138787269592285,
    "16": 0.6251800847007539,
    "17": 0.6524318583118716,
    "18": 0.6228590582185095,
    "19": 0.5886554739369476,
    "20": 0.6152402610284758,
    "21": 0.6851251521167036,
    "22": 0.6678300718198174,
    "23": 0.6396783620866411,
    "24": 0.6094497475751539,
    "25": 0.661443710162903,
    "26": 0.6288981520791262,
    "27": 0.6150172080636255,
    "28": 0.6706192220462915,
    "29": 0.6325554810926323,
    "30": 0.6235692135457922,
    "31": 0.6071986343026917,
    "32": 0.6481007882207838
  },
  "stopping_epochs_per_stage": {
    "0": [
      1,
      1,
      9,
      5
    ],
    "1": [
      1,
      9,
      4,
      4
    ],
    "2": [
      1,
      8,
      8,
      3
    ],
    "3": [
      1,
      10,
      9,
      9
    ],
    "4": [
      1,
      5,
      10,
      6
    ],
    "5": [
      1,
      10,
      10,
      9
    ],
    "6": [
      1,
      10,
      1,
      10
    ],
    "7": [
      1,
      4,
      10,
      10
    ],
    "8": [
      1,
      10,
      10,
      4
    ],
    "9": [
      1,
      1,
      3,
      10
    ],
    "10": [
      1,
      10,
      9,
      10
    ],
    "11": [
      1,
      9,
      10,
      10
    ],
    "12": [
      10,
      10,
      10,
      10
    ],
    "13": [
      10,
      2,
      10,
      10
    ],
    "14": [
      10,
      7,
      10,
      9
    ],
    "15": [
      1,
      9,
      5,
      7
    ],
    "16": [
      1,
      10,
      6,
      10
    ],
    "17": [
      1,
      9,
      9,
      4
    ],
    "18": [
      10,
      10,
      10,
      9
    ],
    "19": [
      1,
      9,
      8,
      9
    ],
    "20": [
      9,
      1,
      10,
      7
    ],
    "21": [
      10,
      9,
      4,
      3
    ],
    "22": [
      1,
      10,
      10,
      6
    ],
    "23": [
      1,
      10,
      1,
      10
    ],
    "24": [
      2,
      10,
      10,
      9
    ],
    "25": [
      1,
      9,
      7,
      5
    ],
    "26": [
      1,
      10,
      6,
      10
    ],
    "27": [
      1,
      10,
      10,
      9
    ],
    "28": [
      1,
      7,
      9,
      5
    ],
    "29": [
      1,
      10,
      4,
      9
    ],
    "30": [
      10,
      5,
      7,
      9
    ],
    "31": [
      9,
      2,
      8,
      9
    ],
    "32": [
      9,
      6,
      1,
      10
    ]
  },
  "test_acc": {
    "0": 0.5013,
    "1": 0.5013,
    "2": 0.5013,
    "3": 0.5013,
    "4": 0.5013,
    "5": 0.6376,
    "6": 0.5013,
    "7": 0.6665,
    "8": 0.6816,
    "9": 0.7075,
    "10": 0.7254,
    "11": 0.7299,
    "12": 0.7273,
    "13": 0.7284,
    "14": 0.7369,
    "15": 0.725,
    "16": 0.7305,
    "17": 0.5013,
    "18": 0.5013,
    "19": 0.7231,
    "20": 0.7195,
    "21": 0.7052,
    "22": 0.5013,
    "23": 0.7127,
    "24": 0.5013,
    "25": 0.7021,
    "26": 0.6932,
    "27": 0.6987,
    "28": 0.6573,
    "29": 0.6838,
    "30": 0.699,
    "31": 0.5013,
    "32": 0.6937
  },
  "test_loss": {
    "0": 0.6931701681137085,
    "1": 0.6931617294311524,
    "2": 0.6932433608055115,
    "3": 0.693216363620758,
    "4": 0.6931698179244995,
    "5": 0.6384943450927735,
    "6": 0.693219947719574,
    "7": 0.6122319688796997,
    "8": 0.5974019449234009,
    "9": 0.5748812692642212,
    "10": 0.5526463129997253,
    "11": 0.5423096360206604,
    "12": 0.5456226893424988,
    "13": 0.5377784742355347,
    "14": 0.5349944858074188,
    "15": 0.5476334225654602,
    "16": 0.5452524735450744,
    "17": 0.6932952628135681,
    "18": 0.6931947199821472,
    "19": 0.5537856906414031,
    "20": 0.5561698469638825,
    "21": 0.5726773260116577,
    "22": 0.6932058247566223,
    "23": 0.5681401911735535,
    "24": 0.6932450729370118,
    "25": 0.5775555792808533,
    "26": 0.5824116304397583,
    "27": 0.5899757429122925,
    "28": 0.6530140725135803,
    "29": 0.5947300185203552,
    "30": 0.5830576542377472,
    "31": 0.6931578163146973,
    "32": 0.5899661184310913
  },
  "drift_final_total_l2": {
    "0": 1.0944687128067017,
    "1": 0.5752567648887634,
    "2": 0.7104661464691162,
    "3": 0.6630212068557739,
    "4": 0.7462782859802246,
    "5": 8.794264793395996,
    "6": 0.6096920371055603,
    "7": 12.183540344238281,
    "8": 9.442668914794922,
    "9": 8.182004928588867,
    "10": 8.273728370666504,
    "11": 8.303114891052246,
    "12": 8.128539085388184,
    "13": 10.817395210266113,
    "14": 8.387004852294922,
    "15": 7.3015217781066895,
    "16": 7.015445232391357,
    "17": 0.6811124086380005,
    "18": 0.6372520327568054,
    "19": 8.521146774291992,
    "20": 7.808206558227539,
    "21": 8.399765968322754,
    "22": 0.6984732151031494,
    "23": 6.119452476501465,
    "24": 0.6748818159103394,
    "25": 7.068000793457031,
    "26": 7.291609764099121,
    "27": 8.286246299743652,
    "28": 6.890941619873047,
    "29": 6.558541774749756,
    "30": 6.489118576049805,
    "31": 0.6325923204421997,
    "32": 5.241602897644043
  },
  "probe_type": "mlp",
  "probe_hidden_size": [
    4
  ],