{
  "config": {
    "model_short": "llama",
    "task_name": "somo",
    "dataset": {
      "train": "cache/llama/somo_train/",
      "test": "cache/llama/somo_test/"
    },
    "mdl": {
      "batch_size": 64,
      "probe_type": "mlp",
      "probe_hidden_size": [
        256
      ],
      "num_classes": 2,
      "init_strategy": "mup",
      "init_gamma": null,
      "optimizer": "adam",
      "train_epochs": 20,
      "lr": 0.0078125,
      "seed": 42,
      "early_stopping_gap": 3,
      "split_num": 5,
      "split_ratio": 2.0
    },
    "out_dir": "muP_results/llama/somo/hidden-256/seed-42/strategy-mup/opt-adam/2026-04-28_19-37-54"
  },
  "train_meta": {
    "dataset": "compling/somo",
    "split": "train",
    "text_col": "text",
    "model": "meta-llama/Meta-Llama-3.1-8B",
    "max_len": 64,
    "hidden_size": 4096,
    "num_hidden_layers": 32,
    "num_states": 33,
    "memmap_file": "last_token_hidden_states.memmap",
    "dtype": "float32",
    "shape": [
      15000,
      33,
      4096
    ]
  },
  "test_meta": {
    "dataset": "compling/somo",
    "split": "test",
    "text_col": "text",
    "model": "meta-llama/Meta-Llama-3.1-8B",
    "max_len": 64,
    "hidden_size": 4096,
    "num_hidden_layers": 32,
    "num_states": 33,
    "memmap_file": "last_token_hidden_states.memmap",
    "dtype": "float32",
    "shape": [
      10000,
      33,
      4096
    ]
  },
  "splits": [
    484,
    968,
    1936,
    3872,
    7740
  ],
  "mdl_sum_ce": {
    "0": 10061.156173706055,
    "1": 10060.70646572113,
    "2": 10060.104523658752,
    "3": 10039.204587936401,
    "4": 9767.227318763733,
    "5": 9427.198839187622,
    "6": 9395.768717765808,
    "7": 9151.242813110352,
    "8": 8853.253732681274,
    "9": 8461.829490661621,
    "10": 8082.433491706848,
    "11": 8100.341292381287,
    "12": 8059.229876995087,
    "13": 8052.055788040161,
    "14": 8182.47394657135,
    "15": 8183.399889469147,
    "16": 8274.389726638794,
    "17": 8400.709127426147,
    "18": 8442.917912006378,
    "19": 8514.460253715515,
    "20": 8566.682677268982,
    "21": 8611.52574634552,
    "22": 8588.67530632019,
    "23": 8619.593685150146,
    "24": 8633.552567481995,
    "25": 8705.05094242096,
    "26": 8687.442888259888,
    "27": 8700.924043655396,
    "28": 8721.052557945251,
    "29": 8776.452404022217,
    "30": 8723.630081653595,
    "31": 8694.40596294403,
    "32": 8862.944280147552
  },
  "mdl_nll": {
    "0": 0.6931080307044678,
    "1": 0.6930770505456827,
    "2": 0.6930355830572301,
    "3": 0.6915957969093691,
    "4": 0.6728594184874437,
    "5": 0.6494350261220462,
    "6": 0.6472698207333845,
    "7": 0.6304245531214075,
    "8": 0.6098962339956788,
    "9": 0.5829312131896955,
    "10": 0.5567948120492455,
    "11": 0.5580284715060131,
    "12": 0.5551963266047869,
    "13": 0.5547021071948306,
    "14": 0.5636865490886849,
    "15": 0.5637503368330908,
    "16": 0.5700185813336177,
    "17": 0.5787206618507955,
    "18": 0.5816284039684747,
    "19": 0.5865569202063595,
    "20": 0.5901544969185025,
    "21": 0.5932437135812565,
    "22": 0.5916695581647968,
    "23": 0.5937995098615422,
    "24": 0.5947611303032512,
    "25": 0.5996866176922678,
    "26": 0.5984736076233045,
    "27": 0.5994023176946401,
    "28": 0.6007889610047707,
    "29": 0.6046054287697862,
    "30": 0.6009665253274727,
    "31": 0.598953290365392,
    "32": 0.6105638109773734
  },
  "stopping_epochs_per_stage": {
    "0": [
      1,
      2,
      7,
      3
    ],
    "1": [
      2,
      1,
      2,
      1
    ],
    "2": [
      1,
      7,
      3,
      6
    ],
    "3": [
      9,
      6,
      6,
      2
    ],
    "4": [
      4,
      4,
      9,
      6
    ],
    "5": [
      10,
      9,
      8,
      14
    ],
    "6": [
      19,
      8,
      5,
      8
    ],
    "7": [
      20,
      13,
      8,
      14
    ],
    "8": [
      20,
      12,
      8,
      7
    ],
    "9": [
      17,
      10,
      5,
      7
    ],
    "10": [
      15,
      4,
      9,
      5
    ],
    "11": [
      5,
      8,
      4,
      3
    ],
    "12": [
      9,
      9,
      3,
      10
    ],
    "13": [
      11,
      6,
      7,
      5
    ],
    "14": [
      2,
      7,
      7,
      7
    ],
    "15": [
      8,
      6,
      6,
      7
    ],
    "16": [
      10,
      5,
      6,
      5
    ],
    "17": [
      6,
      12,
      5,
      6
    ],
    "18": [
      11,
      13,
      9,
      9
    ],
    "19": [
      7,
      8,
      13,
      5
    ],
    "20": [
      1,
      7,
      9,
      6
    ],
    "21": [
      4,
      11,
      3,
      10
    ],
    "22": [
      1,
      7,
      7,
      7
    ],
    "23": [
      6,
      13,
      10,
      10
    ],
    "24": [
      12,
      8,
      14,
      8
    ],
    "25": [
      5,
      11,
      5,
      11
    ],
    "26": [
      3,
      4,
      15,
      9
    ],
    "27": [
      7,
      7,
      9,
      10
    ],
    "28": [
      3,
      10,
      7,
      7
    ],
    "29": [
      4,
      4,
      5,
      6
    ],
    "30": [
      4,
      8,
      4,
      7
    ],
    "31": [
      10,
      4,
      6,
      5
    ],
    "32": [
      4,
      3,
      3,
      7
    ]
  },
  "test_acc": {
    "0": 0.4987,
    "1": 0.5039,
    "2": 0.5293,
    "3": 0.5446,
    "4": 0.5914,
    "5": 0.6316,
    "6": 0.6356,
    "7": 0.6478,
    "8": 0.6871,
    "9": 0.6973,
    "10": 0.7231,
    "11": 0.6958,
    "12": 0.7253,
    "13": 0.7217,
    "14": 0.7217,
    "15": 0.7254,
    "16": 0.7261,
    "17": 0.7084,
    "18": 0.7155,
    "19": 0.7238,
    "20": 0.7203,
    "21": 0.7088,
    "22": 0.7054,
    "23": 0.6654,
    "24": 0.6923,
    "25": 0.679,
    "26": 0.6988,
    "27": 0.6588,
    "28": 0.6971,
    "29": 0.6888,
    "30": 0.6928,
    "31": 0.6723,
    "32": 0.691
  },
  "test_loss": {
    "0": 0.6938729902267456,
    "1": 0.6940938982963561,
    "2": 0.6941408257484436,
    "3": 0.7011836441040039,
    "4": 0.6795212841033935,
    "5": 0.6613013214111328,
    "6": 0.6631171753883361,
    "7": 0.676410876083374,
    "8": 0.600027272605896,
    "9": 0.6277184824943542,
    "10": 0.5838559003829956,
    "11": 0.6510109746932984,
    "12": 0.5890490104198456,
    "13": 0.5930807244777679,
    "14": 0.6165061079502105,
    "15": 0.6136196054458618,
    "16": 0.5923746050357819,
    "17": 0.603905677986145,
    "18": 0.5983340768814087,
    "19": 0.5638486409664154,
    "20": 0.5564048638820648,
    "21": 0.6165125872612,
    "22": 0.636416553401947,
    "23": 0.6748261414527893,
    "24": 0.6307799747467041,
    "25": 0.6299074119567871,
    "26": 0.6416907155036926,
    "27": 0.7026062844276428,
    "28": 0.5955739354133606,
    "29": 0.6822109740257263,
    "30": 0.6466100532531738,
    "31": 0.6975133396148682,
    "32": 0.6104894587516785
  },
  "drift_final_total_l2": {
    "0": 39.24034881591797,
    "1": 185.65211486816406,
    "2": 238.05006408691406,
    "3": 406.3630676269531,
    "4": 325.3272399902344,
    "5": 407.13226318359375,
    "6": 419.2467956542969,
    "7": 445.3030700683594,
    "8": 314.26092529296875,
    "9": 475.5484619140625,
    "10": 457.7480163574219,
    "11": 441.3345642089844,
    "12": 467.4612731933594,
    "13": 499.3498229980469,
    "14": 474.7978820800781,
    "15": 382.6219482421875,
    "16": 400.2793884277344,
    "17": 329.78546142578125,
    "18": 380.8677062988281,
    "19": 196.2183380126953,
    "20": 138.76510620117188,
    "21": 302.8705139160156,
    "22": 351.75006103515625,
    "23": 283.44696044921875,
    "24": 179.68028259277344,
    "25": 199.23330688476562,
    "26": 331.83343505859375,
    "27": 187.1773223876953,
    "28": 150.06948852539062,
    "29": 287.9559020996094,
    "30": 216.86822509765625,
    "31": 234.8152313232422,
    "32": 133.885986328125
  },
  "probe_type": "mlp",
  "probe_hidden_size": [
    256
  ],
  "init_strategy": "mup",
  "init_gamma": null,