{
  "config": {
    "model_short": "llama",
    "task_name": "somo",
    "dataset": {
      "train": "cache/llama/somo_train/",
      "test": "cache/llama/somo_test/"
    },
    "mdl": {
      "batch_size": 64,
      "probe_type": "mlp",
      "probe_hidden_size": [
        32
      ],
      "num_classes": 2,
      "init_strategy": "gamma_second_zero",
      "init_gamma": 0.4,
      "optimizer": "adamw",
      "train_epochs": 10,
      "lr": 0.001,
      "seed": 142,
      "early_stopping_gap": 3,
      "split_num": 5,
      "split_ratio": 2.0
    },
    "out_dir": "init_results/llama/somo/hidden-32/seed-142/strategy-gamma_second_zero/gamma-0.4/2026-04-21_00-08-28"
  },
  "train_meta": {
    "dataset": "compling/somo",
    "split": "train",
    "text_col": "text",
    "model": "meta-llama/Meta-Llama-3.1-8B",
    "max_len": 64,
    "hidden_size": 4096,
    "num_hidden_layers": 32,
    "num_states": 33,
    "memmap_file": "last_token_hidden_states.memmap",
    "dtype": "float32",
    "shape": [
      15000,
      33,
      4096
    ]
  },
  "test_meta": {
    "dataset": "compling/somo",
    "split": "test",
    "text_col": "text",
    "model": "meta-llama/Meta-Llama-3.1-8B",
    "max_len": 64,
    "hidden_size": 4096,
    "num_hidden_layers": 32,
    "num_states": 33,
    "memmap_file": "last_token_hidden_states.memmap",
    "dtype": "float32",
    "shape": [
      10000,
      33,
      4096
    ]
  },
  "splits": [
    484,
    968,
    1936,
    3872,
    7740
  ],
  "mdl_sum_ce": {
    "0": 10060.409001350403,
    "1": 10061.177563667297,
    "2": 10058.723856449127,
    "3": 10002.313858032227,
    "4": 9690.348291873932,
    "5": 9479.747396469116,
    "6": 9421.395462036133,
    "7": 9219.922414779663,
    "8": 8864.694849014282,
    "9": 8484.979290008545,
    "10": 8059.957624912262,
    "11": 8075.080118179321,
    "12": 8131.901955127716,
    "13": 8106.429612159729,
    "14": 8190.626480102539,
    "15": 8237.97048997879,
    "16": 8325.57415676117,
    "17": 8480.802115917206,
    "18": 8473.077456951141,
    "19": 8616.364350318909,
    "20": 8638.28114414215,
    "21": 8627.48929309845,
    "22": 8654.863989830017,
    "23": 8710.291605472565,
    "24": 8779.921845436096,
    "25": 8809.220570087433,
    "26": 8790.312558174133,
    "27": 8823.085262298584,
    "28": 8826.690690517426,
    "29": 8873.0660238266,
    "30": 8935.48281955719,
    "31": 8818.863182067871,
    "32": 8974.36083316803
  },
  "mdl_nll": {
    "0": 0.6930565583735466,
    "1": 0.6931095042482294,
    "2": 0.6929404695817806,
    "3": 0.6890544129258905,
    "4": 0.6675632606691879,
    "5": 0.6530550700240504,
    "6": 0.6490352343645724,
    "7": 0.635155856625769,
    "8": 0.6106844067934887,
    "9": 0.5845259913205115,
    "10": 0.5552464607958295,
    "11": 0.5562882418145028,
    "12": 0.5602026698214189,
    "13": 0.5584478928189397,
    "14": 0.564248173057491,
    "15": 0.5675096782845681,
    "16": 0.5735446511960023,
    "17": 0.5842382278807664,
    "18": 0.5837060799773451,
    "19": 0.5935770425956812,
    "20": 0.5950868795909445,
    "21": 0.5943434343550875,
    "22": 0.5962292635595217,
    "23": 0.6000476443560598,
    "24": 0.6048444368583699,
    "25": 0.6068628113865688,
    "26": 0.6055602478764214,
    "27": 0.6078179431178413,
    "28": 0.608066319269594,
    "29": 0.6112610928511022,
    "30": 0.6155609547779822,
    "31": 0.6075270861165522,
    "32": 0.6182392417448354
  },
  "stopping_epochs_per_stage": {
    "0": [
      1,
      8,
      2,
      1
    ],
    "1": [
      1,
      3,
      9,
      2
    ],
    "2": [
      8,
      2,
      9,
      1
    ],
    "3": [
      7,
      1,
      10,
      9
    ],
    "4": [
      10,
      5,
      10,
      9
    ],
    "5": [
      10,
      10,
      10,
      8
    ],
    "6": [
      10,
      7,
      8,
      9
    ],
    "7": [
      10,
      8,
      9,
      9
    ],
    "8": [
      10,
      9,
      6,
      7
    ],
    "9": [
      10,
      6,
      6,
      7
    ],
    "10": [
      9,
      7,
      8,
      7
    ],
    "11": [
      6,
      9,
      5,
      5
    ],
    "12": [
      9,
      10,
      4,
      7
    ],
    "13": [
      10,
      6,
      7,
      5
    ],
    "14": [
      10,
      8,
      6,
      5
    ],
    "15": [
      10,
      9,
      4,
      6
    ],
    "16": [
      9,
      9,
      5,
      6
    ],
    "17": [
      1,
      8,
      8,
      4
    ],
    "18": [
      10,
      10,
      4,
      7
    ],
    "19": [
      5,
      8,
      3,
      4
    ],
    "20": [
      9,
      8,
      4,
      4
    ],
    "21": [
      5,
      8,
      8,
      7
    ],
    "22": [
      10,
      5,
      8,
      6
    ],
    "23": [
      4,
      10,
      7,
      5
    ],
    "24": [
      3,
      5,
      4,
      6
    ],
    "25": [
      8,
      9,
      4,
      6
    ],
    "26": [
      6,
      8,
      4,
      5
    ],
    "27": [
      2,
      7,
      8,
      7
    ],
    "28": [
      6,
      6,
      6,
      5
    ],
    "29": [
      9,
      7,
      6,
      6
    ],
    "30": [
      1,
      3,
      5,
      4
    ],
    "31": [
      7,
      7,
      3,
      5
    ],
    "32": [
      2,
      8,
      5,
      5
    ]
  },
  "test_acc": {
    "0": 0.5013,
    "1": 0.5013,
    "2": 0.523,
    "3": 0.5517,
    "4": 0.6083,
    "5": 0.6402,
    "6": 0.6443,
    "7": 0.6583,
    "8": 0.6873,
    "9": 0.6914,
    "10": 0.7315,
    "11": 0.728,
    "12": 0.7313,
    "13": 0.7337,
    "14": 0.6593,
    "15": 0.7267,
    "16": 0.7283,
    "17": 0.7193,
    "18": 0.7213,
    "19": 0.7216,
    "20": 0.7204,
    "21": 0.7102,
    "22": 0.6841,
    "23": 0.7011,
    "24": 0.7132,
    "25": 0.7062,
    "26": 0.6978,
    "27": 0.7027,
    "28": 0.6944,
    "29": 0.6704,
    "30": 0.6991,
    "31": 0.6939,
    "32": 0.6865
  },
  "test_loss": {
    "0": 0.6932176121711731,
    "1": 0.6931937009811401,
    "2": 0.691935384464264,
    "3": 0.6854581558227539,
    "4": 0.657697241783142,
    "5": 0.6382264868736267,
    "6": 0.6342578017234802,
    "7": 0.623647951412201,
    "8": 0.5937627631187439,
    "9": 0.6055751224517822,
    "10": 0.5415217823505402,
    "11": 0.5534807609081268,
    "12": 0.5396623500823975,
    "13": 0.5442640283107758,
    "14": 0.6570258841514588,
    "15": 0.5490576331138611,
    "16": 0.5531349499702454,
    "17": 0.5526181390762329,
    "18": 0.5549447285175324,
    "19": 0.5586301814556122,
    "20": 0.563028049993515,
    "21": 0.5698752387046814,
    "22": 0.6288034235954285,
    "23": 0.5761253266811371,
    "24": 0.5718624651908875,
    "25": 0.577117495059967,
    "26": 0.5969532768249511,
    "27": 0.5845028480529785,
    "28": 0.5900710741519928,
    "29": 0.6316995605945587,
    "30": 0.5949697735786438,
    "31": 0.597435088634491,
    "32": 0.5954735321044922
  },
  "drift_final_total_l2": {
    "0": 1.8583441972732544,
    "1": 3.0154805183410645,
    "2": 12.501513481140137,
    "3": 16.153656005859375,
    "4": 18.473281860351562,
    "5": 16.93694496154785,
    "6": 24.23215103149414,
    "7": 20.469528198242188,
    "8": 20.909095764160156,
    "9": 22.43926239013672,
    "10": 19.96555519104004,
    "11": 22.537466049194336,
    "12": 21.572717666625977,
    "13": 22.558855056762695,
    "14": 21.04766845703125,
    "15": 18.053621292114258,
    "16": 18.44415855407715,
    "17": 16.16782569885254,
    "18": 18.814666748046875,
    "19": 16.242881774902344,
    "20": 18.59142303466797,
    "21": 18.63001251220703,
    "22": 15.860627174377441,
    "23": 16.91680335998535,
    "24": 16.84616470336914,
    "25": 14.943774223327637,
    "26": 17.458324432373047,
    "27": 13.5399751663208,
    "28": 18.187013626098633,
    "29": 13.013983726501465,
    "30": 15.321332931518555,
    "31": 11.899272918701172,
    "32": 12.6496000289917
  },
  "probe_type": "mlp",
  "probe_hidden_size": [
    32
  ],
  "init_strategy": "gamma_second_zero",
  "init_gamma": 0.4,