{
  "config": {
    "model_short": "llama",
    "task_name": "somo",
    "dataset": {
      "train": "cache/llama/somo_train/",
      "test": "cache/llama/somo_test/"
    },
    "mdl": {
      "batch_size": 64,
      "probe_type": "mlp",
      "probe_hidden_size": [
        2048
      ],
      "num_classes": 2,
      "init_strategy": "gamma",
      "init_gamma": 0.7,
      "optimizer": "adamw",
      "train_epochs": 10,
      "lr": 0.001,
      "seed": 142,
      "early_stopping_gap": 3,
      "split_num": 5,
      "split_ratio": 2.0
    },
    "out_dir": "init_results/llama/somo/hidden-2048/seed-142/strategy-gamma/gamma-0.7/opt-adamw/2026-04-22_03-06-25"
  },
  "train_meta": {
    "dataset": "compling/somo",
    "split": "train",
    "text_col": "text",
    "model": "meta-llama/Meta-Llama-3.1-8B",
    "max_len": 64,
    "hidden_size": 4096,
    "num_hidden_layers": 32,
    "num_states": 33,
    "memmap_file": "last_token_hidden_states.memmap",
    "dtype": "float32",
    "shape": [
      15000,
      33,
      4096
    ]
  },
  "test_meta": {
    "dataset": "compling/somo",
    "split": "test",
    "text_col": "text",
    "model": "meta-llama/Meta-Llama-3.1-8B",
    "max_len": 64,
    "hidden_size": 4096,
    "num_hidden_layers": 32,
    "num_states": 33,
    "memmap_file": "last_token_hidden_states.memmap",
    "dtype": "float32",
    "shape": [
      10000,
      33,
      4096
    ]
  },
  "splits": [
    484,
    968,
    1936,
    3872,
    7740
  ],
  "mdl_sum_ce": {
    "0": 10061.219281196594,
    "1": 10059.887679100037,
    "2": 10059.266925811768,
    "3": 10051.218337535858,
    "4": 9713.803527355194,
    "5": 9545.849161148071,
    "6": 9425.832983970642,
    "7": 9324.876364707947,
    "8": 8933.201188087463,
    "9": 8597.757131099701,
    "10": 8056.959855556488,
    "11": 8075.371859550476,
    "12": 8160.242917060852,
    "13": 8191.524409294128,
    "14": 8214.983137130737,
    "15": 8340.11011505127,
    "16": 8394.058029174805,
    "17": 8510.151655197144,
    "18": 8541.105575561523,
    "19": 8619.10851240158,
    "20": 8649.43710231781,
    "21": 8657.365103721619,
    "22": 8654.545884132385,
    "23": 8748.990418434143,
    "24": 8893.265154838562,
    "25": 8818.067327022552,
    "26": 8915.464957237244,
    "27": 8852.49427986145,
    "28": 8863.242340564728,
    "29": 8983.27548456192,
    "30": 9007.573957920074,
    "31": 8824.888927936554,
    "32": 9056.308395385742
  },
  "mdl_nll": {
    "0": 0.6931123781480156,
    "1": 0.6930206447437336,
    "2": 0.6929778813593116,
    "3": 0.692423418127298,
    "4": 0.6691790801429591,
    "5": 0.6576087876238682,
    "6": 0.6493409330373824,
    "7": 0.6423860818894975,
    "8": 0.6154037743240193,
    "9": 0.5922952005442065,
    "10": 0.5550399459600777,
    "11": 0.5563083397320526,
    "12": 0.5621550645536547,
    "13": 0.5643100309516484,
    "14": 0.5659260910120376,
    "15": 0.5745460261126529,
    "16": 0.5782624710095622,
    "17": 0.5862601030033855,
    "18": 0.5883925031387106,
    "19": 0.5937660865528782,
    "20": 0.5958554079855202,
    "21": 0.5964015640480586,
    "22": 0.5962073494166702,
    "23": 0.6027135862795635,
    "24": 0.6126526009119979,
    "25": 0.6074722600594208,
    "26": 0.61418193422687,
    "27": 0.6098439156697059,
    "28": 0.6105843442108521,
    "29": 0.6188533676330891,
    "30": 0.620527277343626,
    "31": 0.6079421967440448,
    "32": 0.6238845684338483
  },
  "stopping_epochs_per_stage": {
    "0": [
      1,
      3,
      6,
      8
    ],
    "1": [
      2,
      2,
      10,
      3
    ],
    "2": [
      2,
      1,
      6,
      4
    ],
    "3": [
      3,
      1,
      8,
      1
    ],
    "4": [
      3,
      2,
      8,
      6
    ],
    "5": [
      5,
      3,
      8,
      5
    ],
    "6": [
      8,
      2,
      6,
      6
    ],
    "7": [
      4,
      5,
      4,
      4
    ],
    "8": [
      8,
      7,
      7,
      5
    ],
    "9": [
      2,
      6,
      2,
      3
    ],
    "10": [
      7,
      5,
      3,
      4
    ],
    "11": [
      4,
      5,
      4,
      4
    ],
    "12": [
      4,
      5,
      4,
      7
    ],
    "13": [
      5,
      5,
      4,
      5
    ],
    "14": [
      2,
      5,
      3,
      3
    ],
    "15": [
      5,
      4,
      2,
      2
    ],
    "16": [
      7,
      5,
      3,
      6
    ],
    "17": [
      3,
      4,
      5,
      5
    ],
    "18": [
      10,
      6,
      2,
      2
    ],
    "19": [
      5,
      4,
      5,
      8
    ],
    "20": [
      5,
      5,
      5,
      2
    ],
    "21": [
      5,
      4,
      6,
      5
    ],
    "22": [
      6,
      6,
      4,
      6
    ],
    "23": [
      6,
      4,
      5,
      4
    ],
    "24": [
      6,
      9,
      6,
      4
    ],
    "25": [
      6,
      8,
      6,
      3
    ],
    "26": [
      9,
      6,
      5,
      4
    ],
    "27": [
      3,
      5,
      6,
      7
    ],
    "28": [
      7,
      4,
      4,
      5
    ],
    "29": [
      6,
      4,
      2,
      6
    ],
    "30": [
      4,
      6,
      3,
      2
    ],
    "31": [
      6,
      4,
      5,
      5
    ],
    "32": [
      6,
      4,
      6,
      3
    ]
  },
  "test_acc": {
    "0": 0.4982,
    "1": 0.5061,
    "2": 0.5294,
    "3": 0.5516,
    "4": 0.6106,
    "5": 0.6243,
    "6": 0.6311,
    "7": 0.647,
    "8": 0.6673,
    "9": 0.7004,
    "10": 0.7306,
    "11": 0.7328,
    "12": 0.7282,
    "13": 0.6938,
    "14": 0.7309,
    "15": 0.7215,
    "16": 0.7256,
    "17": 0.7117,
    "18": 0.7143,
    "19": 0.6616,
    "20": 0.713,
    "21": 0.7109,
    "22": 0.7046,
    "23": 0.6857,
    "24": 0.6982,
    "25": 0.6334,
    "26": 0.6982,
    "27": 0.6994,
    "28": 0.6964,
    "29": 0.7009,
    "30": 0.6956,
    "31": 0.6936,
    "32": 0.6788
  },
  "test_loss": {
    "0": 0.6933061071395874,
    "1": 0.6930877439498901,
    "2": 0.6927080410957337,
    "3": 0.6850570665359497,
    "4": 0.657918974018097,
    "5": 0.6565203060626984,
    "6": 0.6474561343193054,
    "7": 0.6386165302276612,
    "8": 0.622738076877594,
    "9": 0.600175615310669,
    "10": 0.5649717480182648,
    "11": 0.5594563598632812,
    "12": 0.5693066525459289,
    "13": 0.6086415125846862,
    "14": 0.5769589359760284,
    "15": 0.5674782839298248,
    "16": 0.5702784488677979,
    "17": 0.5796403072357178,
    "18": 0.570977006816864,
    "19": 0.6265171087265015,
    "20": 0.5753158800125122,
    "21": 0.5754302951335907,
    "22": 0.5872800914287567,
    "23": 0.6260595435619354,
    "24": 0.6025359176158905,
    "25": 0.6864190040588379,
    "26": 0.6034474456787109,
    "27": 0.6069682503700257,
    "28": 0.598756308555603,
    "29": 0.5944899891853332,
    "30": 0.6222772649765015,
    "31": 0.5808928339481354,
    "32": 0.6030480010032654
  },
  "drift_final_total_l2": {
    "0": 14.487714767456055,
    "1": 20.92848777770996,
    "2": 28.02779197692871,
    "3": 26.75814437866211,
    "4": 30.349376678466797,
    "5": 42.338130950927734,
    "6": 42.322052001953125,
    "7": 53.74478530883789,
    "8": 34.44718551635742,
    "9": 65.96429443359375,
    "10": 63.63701248168945,
    "11": 61.6735725402832,
    "12": 48.01581954956055,
    "13": 67.22538757324219,
    "14": 70.12395477294922,
    "15": 57.48760223388672,
    "16": 59.38920211791992,
    "17": 46.7354736328125,
    "18": 46.73283767700195,
    "19": 41.601932525634766,
    "20": 41.76685333251953,
    "21": 39.63479232788086,
    "22": 42.805938720703125,
    "23": 37.14480209350586,
    "24": 38.59891128540039,
    "25": 42.7301139831543,
    "26": 40.03003692626953,
    "27": 37.618614196777344,
    "28": 27.173768997192383,
    "29": 23.643884658813477,
    "30": 30.041627883911133,
    "31": 26.720726013183594,
    "32": 33.712181091308594
  },
  "probe_type": "mlp",
  "probe_hidden_size": [
    2048
  ],
  "init_strategy": "gamma",
  "init_gamma": 0.7,
  "effective_lr": 0.001,