{
  "config": {
    "model_short": "llama",
    "task_name": "somo",
    "dataset": {
      "train": "cache/llama/somo_train/",
      "test": "cache/llama/somo_test/"
    },
    "mdl": {
      "batch_size": 64,
      "probe_type": "mlp",
      "probe_hidden_size": [
        128
      ],
      "num_classes": 2,
      "init_strategy": "gamma",
      "init_gamma": 1.0,
      "optimizer": "adamw",
      "train_epochs": 10,
      "lr": 0.001,
      "seed": 242,
      "early_stopping_gap": 3,
      "split_num": 5,
      "split_ratio": 2.0
    },
    "out_dir": "init_results/llama/somo/hidden-128/seed-242/strategy-gamma/gamma-1.0/opt-adamw/2026-04-22_05-05-34"
  },
  "train_meta": {
    "dataset": "compling/somo",
    "split": "train",
    "text_col": "text",
    "model": "meta-llama/Meta-Llama-3.1-8B",
    "max_len": 64,
    "hidden_size": 4096,
    "num_hidden_layers": 32,
    "num_states": 33,
    "memmap_file": "last_token_hidden_states.memmap",
    "dtype": "float32",
    "shape": [
      15000,
      33,
      4096
    ]
  },
  "test_meta": {
    "dataset": "compling/somo",
    "split": "test",
    "text_col": "text",
    "model": "meta-llama/Meta-Llama-3.1-8B",
    "max_len": 64,
    "hidden_size": 4096,
    "num_hidden_layers": 32,
    "num_states": 33,
    "memmap_file": "last_token_hidden_states.memmap",
    "dtype": "float32",
    "shape": [
      10000,
      33,
      4096
    ]
  },
  "splits": [
    484,
    968,
    1936,
    3872,
    7740
  ],
  "mdl_sum_ce": {
    "0": 10061.771794319153,
    "1": 10060.95777130127,
    "2": 10055.442111968994,
    "3": 10013.905745983124,
    "4": 9764.249685287476,
    "5": 9489.539656162262,
    "6": 9497.730598449707,
    "7": 9320.533353805542,
    "8": 8870.13513469696,
    "9": 8500.90373468399,
    "10": 8179.320860147476,
    "11": 8062.320122241974,
    "12": 8091.867431163788,
    "13": 8196.113736152649,
    "14": 8233.629034042358,
    "15": 8267.155592918396,
    "16": 8430.519764661789,
    "17": 8463.07368850708,
    "18": 8504.583393573761,
    "19": 8551.046660900116,
    "20": 8699.725001811981,
    "21": 8626.860392570496,
    "22": 8670.63234424591,
    "23": 8741.719712734222,
    "24": 9144.188314437866,
    "25": 8741.712286949158,
    "26": 8872.707850933075,
    "27": 8824.378846645355,
    "28": 8872.741958141327,
    "29": 8873.31741476059,
    "30": 8794.41825056076,
    "31": 8756.730282783508,
    "32": 8968.074070453644
  },
  "mdl_nll": {
    "0": 0.6931504405014572,
    "1": 0.6930943628617573,
    "2": 0.6927143918413471,
    "3": 0.6898529723052579,
    "4": 0.6726542908023888,
    "5": 0.6537296539103239,
    "6": 0.6542939238391917,
    "7": 0.642086894034551,
    "8": 0.6110591853607716,
    "9": 0.5856230183717271,
    "10": 0.5634693345375776,
    "11": 0.5554092120585543,
    "12": 0.5574447114331625,
    "13": 0.5646261873899593,
    "14": 0.5672105975504518,
    "15": 0.5695202254697159,
    "16": 0.5807743017816057,
    "17": 0.5830169253587132,
    "18": 0.5858765082373768,
    "19": 0.5890773395494706,
    "20": 0.5993197163000814,
    "21": 0.5943001097113871,
    "22": 0.5973155376306083,
    "23": 0.602212710990233,
    "24": 0.6299385722263617,
    "25": 0.6022121994316036,
    "26": 0.6112364184991096,
    "27": 0.6079070574983022,
    "28": 0.6112387681276747,
    "29": 0.6112784110471611,
    "30": 0.605843086977181,
    "31": 0.6032467816742566,
    "32": 0.617806149797027
  },
  "stopping_epochs_per_stage": {
    "0": [
      6,
      3,
      1,
      9
    ],
    "1": [
      8,
      1,
      1,
      5
    ],
    "2": [
      7,
      2,
      2,
      7
    ],
    "3": [
      4,
      2,
      4,
      8
    ],
    "4": [
      5,
      1,
      9,
      9
    ],
    "5": [
      10,
      6,
      7,
      7
    ],
    "6": [
      8,
      9,
      9,
      5
    ],
    "7": [
      9,
      10,
      8,
      4
    ],
    "8": [
      10,
      8,
      10,
      8
    ],
    "9": [
      10,
      6,
      5,
      6
    ],
    "10": [
      10,
      4,
      5,
      3
    ],
    "11": [
      9,
      5,
      6,
      5
    ],
    "12": [
      10,
      7,
      9,
      5
    ],
    "13": [
      8,
      4,
      6,
      7
    ],
    "14": [
      5,
      4,
      4,
      4
    ],
    "15": [
      8,
      4,
      5,
      7
    ],
    "16": [
      6,
      3,
      4,
      3
    ],
    "17": [
      4,
      4,
      5,
      5
    ],
    "18": [
      5,
      4,
      3,
      4
    ],
    "19": [
      5,
      4,
      4,
      5
    ],
    "20": [
      7,
      4,
      4,
      7
    ],
    "21": [
      4,
      10,
      4,
      5
    ],
    "22": [
      3,
      5,
      6,
      7
    ],
    "23": [
      4,
      5,
      5,
      5
    ],
    "24": [
      6,
      4,
      1,
      3
    ],
    "25": [
      3,
      7,
      7,
      5
    ],
    "26": [
      6,
      4,
      4,
      4
    ],
    "27": [
      7,
      5,
      6,
      9
    ],
    "28": [
      3,
      4,
      5,
      4
    ],
    "29": [
      5,
      3,
      6,
      8
    ],
    "30": [
      2,
      5,
      4,
      4
    ],
    "31": [
      5,
      4,
      5,
      6
    ],
    "32": [
      4,
      6,
      3,
      7
    ]
  },
  "test_acc": {
    "0": 0.5013,
    "1": 0.5011,
    "2": 0.5268,
    "3": 0.5423,
    "4": 0.6075,
    "5": 0.622,
    "6": 0.6543,
    "7": 0.6528,
    "8": 0.6913,
    "9": 0.7018,
    "10": 0.7256,
    "11": 0.7297,
    "12": 0.7294,
    "13": 0.7319,
    "14": 0.7247,
    "15": 0.7296,
    "16": 0.7165,
    "17": 0.7257,
    "18": 0.7186,
    "19": 0.6966,
    "20": 0.7231,
    "21": 0.7159,
    "22": 0.7128,
    "23": 0.7073,
    "24": 0.634,
    "25": 0.7062,
    "26": 0.6965,
    "27": 0.6664,
    "28": 0.6844,
    "29": 0.6948,
    "30": 0.6867,
    "31": 0.6999,
    "32": 0.6787
  },
  "test_loss": {
    "0": 0.6932451697349549,
    "1": 0.6931490350723266,
    "2": 0.6918865942001343,
    "3": 0.6868603775978088,
    "4": 0.6583765368461609,
    "5": 0.6537577152252197,
    "6": 0.6274467835426331,
    "7": 0.6316654165267944,
    "8": 0.5944872631072998,
    "9": 0.5952549952507019,
    "10": 0.5436281262874604,
    "11": 0.5615812311172486,
    "12": 0.5415511350154877,
    "13": 0.5359585362434387,
    "14": 0.5597853740692139,
    "15": 0.5573527592182159,
    "16": 0.5582913496494293,
    "17": 0.5529068838119506,
    "18": 0.5545265489578247,
    "19": 0.582855561208725,
    "20": 0.5564247264385224,
    "21": 0.566459510231018,
    "22": 0.5737624658584595,
    "23": 0.5717578779220581,
    "24": 0.6834438062667847,
    "25": 0.5698714158058167,
    "26": 0.5878385588645935,
    "27": 0.6582700131893158,
    "28": 0.6110104348182678,
    "29": 0.6056222245216369,
    "30": 0.6314024815559387,
    "31": 0.5747795882225036,
    "32": 0.5932247882843018
  },
  "drift_final_total_l2": {
    "0": 3.4259238243103027,
    "1": 10.11398696899414,
    "2": 16.38650894165039,
    "3": 14.265542030334473,
    "4": 15.288992881774902,
    "5": 21.686128616333008,
    "6": 20.206300735473633,
    "7": 22.52018928527832,
    "8": 25.53461265563965,
    "9": 29.439254760742188,
    "10": 28.421833038330078,
    "11": 32.72943115234375,
    "12": 27.641820907592773,
    "13": 27.73521614074707,
    "14": 29.670381546020508,
    "15": 26.697593688964844,
    "16": 20.694133758544922,
    "17": 27.766565322875977,
    "18": 23.28805923461914,
    "19": 21.020910263061523,
    "20": 14.345207214355469,
    "21": 14.337284088134766,
    "22": 17.70194435119629,
    "23": 15.663787841796875,
    "24": 19.379663467407227,
    "25": 18.086469650268555,
    "26": 15.587418556213379,
    "27": 17.081235885620117,
    "28": 10.980976104736328,
    "29": 17.565279006958008,
    "30": 16.09110450744629,
    "31": 11.604162216186523,
    "32": 12.302173614501953
  },
  "probe_type": "mlp",
  "probe_hidden_size": [
    128
  ],
  "init_strategy": "gamma",
  "init_gamma": 1.0,
  "effective_lr": 0.001,