{
  "config": {
    "model_short": "llama",
    "task_name": "somo",
    "dataset": {
      "train": "cache/llama/somo_train/",
      "test": "cache/llama/somo_test/"
    },
    "mdl": {
      "batch_size": 64,
      "probe_type": "mlp",
      "probe_hidden_size": [
        256
      ],
      "num_classes": 2,
      "init_strategy": "mf",
      "init_gamma": null,
      "optimizer": "adamw",
      "train_epochs": 10,
      "lr": 0.001,
      "seed": 42,
      "early_stopping_gap": 3,
      "split_num": 5,
      "split_ratio": 2.0
    },
    "out_dir": "init_results/llama/somo/hidden-256/seed-42/strategy-mf/gamma-na/2026-04-20_22-14-09"
  },
  "train_meta": {
    "dataset": "compling/somo",
    "split": "train",
    "text_col": "text",
    "model": "meta-llama/Meta-Llama-3.1-8B",
    "max_len": 64,
    "hidden_size": 4096,
    "num_hidden_layers": 32,
    "num_states": 33,
    "memmap_file": "last_token_hidden_states.memmap",
    "dtype": "float32",
    "shape": [
      15000,
      33,
      4096
    ]
  },
  "test_meta": {
    "dataset": "compling/somo",
    "split": "test",
    "text_col": "text",
    "model": "meta-llama/Meta-Llama-3.1-8B",
    "max_len": 64,
    "hidden_size": 4096,
    "num_hidden_layers": 32,
    "num_states": 33,
    "memmap_file": "last_token_hidden_states.memmap",
    "dtype": "float32",
    "shape": [
      10000,
      33,
      4096
    ]
  },
  "splits": [
    484,
    968,
    1936,
    3872,
    7740
  ],
  "mdl_sum_ce": {
    "0": 10061.697790622711,
    "1": 10064.810345172882,
    "2": 10054.819849967957,
    "3": 10035.669861793518,
    "4": 9938.56190443039,
    "5": 9604.09332370758,
    "6": 9759.755186080933,
    "7": 9569.02272939682,
    "8": 9015.279721736908,
    "9": 8627.830348491669,
    "10": 8524.493866920471,
    "11": 8248.366781234741,
    "12": 8519.12790298462,
    "13": 8198.448909759521,
    "14": 8318.625852108002,
    "15": 8797.365310192108,
    "16": 8930.216908931732,
    "17": 9498.018783092499,
    "18": 8892.832081317902,
    "19": 9177.238042354584,
    "20": 8987.99715423584,
    "21": 8902.961945533752,
    "22": 9119.73127412796,
    "23": 9002.361149787903,
    "24": 9037.276453018188,
    "25": 9046.926297187805,
    "26": 9552.994364261627,
    "27": 9546.137530326843,
    "28": 9639.05961561203,
    "29": 9019.298336982727,
    "30": 9163.856096744537,
    "31": 8849.760111808777,
    "32": 9158.479268074036
  },
  "mdl_nll": {
    "0": 0.6931453424237194,
    "1": 0.693359764754263,
    "2": 0.692671524522455,
    "3": 0.6913522913883658,
    "4": 0.6846625726391836,
    "5": 0.661621198932735,
    "6": 0.6723446669937264,
    "7": 0.6592052031824759,
    "8": 0.621058123569641,
    "9": 0.5943669294910215,
    "10": 0.5872481308156842,
    "11": 0.5682258736039364,
    "12": 0.5868784722364714,
    "13": 0.5647870563350456,
    "14": 0.573065985953982,
    "15": 0.6060461084453092,
    "16": 0.61519818882142,
    "17": 0.6543137767354987,
    "18": 0.6126227666931594,
    "19": 0.6322153514986624,
    "20": 0.6191786411019454,
    "21": 0.6133206079866184,
    "22": 0.6282537389176054,
    "23": 0.6201681695913408,
    "24": 0.6225734674165189,
    "25": 0.6232382403684076,
    "26": 0.6581010171026197,
    "27": 0.6576286532327669,
    "28": 0.6640300093422451,
    "29": 0.621334963969601,
    "30": 0.6312934759399653,
    "31": 0.6096555601962508,
    "32": 0.6309230688946015
  },
  "stopping_epochs_per_stage": {
    "0": [
      3,
      2,
      2,
      3
    ],
    "1": [
      1,
      6,
      3,
      3
    ],
    "2": [
      3,
      6,
      6,
      3
    ],
    "3": [
      6,
      4,
      7,
      1
    ],
    "4": [
      2,
      8,
      4,
      4
    ],
    "5": [
      9,
      9,
      5,
      6
    ],
    "6": [
      10,
      8,
      6,
      2
    ],
    "7": [
      8,
      8,
      10,
      5
    ],
    "8": [
      10,
      8,
      3,
      4
    ],
    "9": [
      5,
      5,
      3,
      5
    ],
    "10": [
      2,
      2,
      4,
      5
    ],
    "11": [
      10,
      9,
      3,
      6
    ],
    "12": [
      5,
      7,
      6,
      9
    ],
    "13": [
      6,
      3,
      5,
      3
    ],
    "14": [
      6,
      2,
      7,
      4
    ],
    "15": [
      2,
      5,
      5,
      10
    ],
    "16": [
      10,
      10,
      4,
      9
    ],
    "17": [
      2,
      7,
      7,
      3
    ],
    "18": [
      9,
      7,
      9,
      9
    ],
    "19": [
      6,
      8,
      2,
      8
    ],
    "20": [
      5,
      3,
      10,
      4
    ],
    "21": [
      5,
      6,
      6,
      3
    ],
    "22": [
      5,
      8,
      5,
      2
    ],
    "23": [
      4,
      8,
      10,
      6
    ],
    "24": [
      10,
      5,
      2,
      3
    ],
    "25": [
      9,
      7,
      5,
      3
    ],
    "26": [
      7,
      7,
      4,
      9
    ],
    "27": [
      6,
      4,
      5,
      2
    ],
    "28": [
      10,
      6,
      3,
      5
    ],
    "29": [
      9,
      6,
      4,
      8
    ],
    "30": [
      2,
      6,
      3,
      4
    ],
    "31": [
      4,
      6,
      6,
      4
    ],
    "32": [
      9,
      5,
      6,
      4
    ]
  },
  "test_acc": {
    "0": 0.5003,
    "1": 0.5013,
    "2": 0.5013,
    "3": 0.5013,
    "4": 0.5089,
    "5": 0.5946,
    "6": 0.5208,
    "7": 0.6263,
    "8": 0.5379,
    "9": 0.6629,
    "10": 0.6501,
    "11": 0.6987,
    "12": 0.6577,
    "13": 0.7209,
    "14": 0.7205,
    "15": 0.7089,
    "16": 0.7177,
    "17": 0.7111,
    "18": 0.689,
    "19": 0.7021,
    "20": 0.5013,
    "21": 0.6101,
    "22": 0.5013,
    "23": 0.5013,
    "24": 0.6471,
    "25": 0.6675,
    "26": 0.5957,
    "27": 0.5247,
    "28": 0.6905,
    "29": 0.6125,
    "30": 0.682,
    "31": 0.5439,
    "32": 0.6075
  },
  "test_loss": {
    "0": 0.693153811454773,
    "1": 0.693161093044281,
    "2": 0.69316804895401,
    "3": 0.6931573343276978,
    "4": 0.6921099196434021,
    "5": 0.6714307207107544,
    "6": 0.6846589690208436,
    "7": 0.6417221201896668,
    "8": 0.7027912705421447,
    "9": 0.6097207411766052,
    "10": 0.6164405240058899,
    "11": 0.5856766373634338,
    "12": 0.6723255569458008,
    "13": 0.5524770767688751,
    "14": 0.5512821331977844,
    "15": 0.5643715471267701,
    "16": 0.554550583934784,
    "17": 0.5649757266044617,
    "18": 0.586945512342453,
    "19": 0.600292542552948,
    "20": 0.693144740486145,
    "21": 0.6418993861198425,
    "22": 0.6931460075378418,
    "23": 0.6947422319412232,
    "24": 0.6238853109359741,
    "25": 0.6288438621520996,
    "26": 0.6659892775535583,
    "27": 0.6913000517845154,
    "28": 0.5913838988304139,
    "29": 0.6742120391845703,
    "30": 0.6211937834739685,
    "31": 0.7108661743164062,
    "32": 0.6677372241020203
  },
  "drift_final_total_l2": {
    "0": 349.4839782714844,
    "1": 229.3367919921875,
    "2": 234.39703369140625,
    "3": 449.3807678222656,
    "4": 398.19549560546875,
    "5": 395.33746337890625,
    "6": 451.6531677246094,
    "7": 324.6094970703125,
    "8": 632.3842163085938,
    "9": 399.33160400390625,
    "10": 547.5640258789062,
    "11": 332.7252197265625,
    "12": 311.419921875,
    "13": 499.8936462402344,
    "14": 404.84136962890625,
    "15": 389.4713439941406,
    "16": 290.7460632324219,
    "17": 462.6904602050781,
    "18": 540.1692504882812,
    "19": 235.04296875,
    "20": 314.9975280761719,
    "21": 516.3247680664062,
    "22": 93.25305938720703,
    "23": 586.412841796875,
    "24": 304.25115966796875,
    "25": 234.74398803710938,
    "26": 339.8996887207031,
    "27": 568.5880126953125,
    "28": 273.7324523925781,
    "29": 328.6766357421875,
    "30": 258.77801513671875,
    "31": 493.95379638671875,
    "32": 227.92987060546875
  },
  "probe_type": "mlp",
  "probe_hidden_size": [
    256
  ],
  "init_strategy": "mf",
  "init_gamma": null,
  "effective_lr": 0.256,
  "lr_scaling_rule": "base_lr*width",