{
  "config": {
    "model_short": "llama",
    "task_name": "somo",
    "dataset": {
      "train": "cache/llama/somo_train/",
      "test": "cache/llama/somo_test/"
    },
    "mdl": {
      "batch_size": 64,
      "probe_type": "mlp",
      "probe_hidden_size": [
        8
      ],
      "num_classes": 2,
      "init_strategy": "mup",
      "init_gamma": null,
      "optimizer": "adam",
      "train_epochs": 20,
      "lr": 0.0001220703125,
      "seed": 142,
      "early_stopping_gap": 3,
      "split_num": 5,
      "split_ratio": 2.0
    },
    "out_dir": "muP_results/llama/somo/hidden-8/seed-142/strategy-mup/opt-adam/2026-04-29_23-47-12"
  },
  "train_meta": {
    "dataset": "compling/somo",
    "split": "train",
    "text_col": "text",
    "model": "meta-llama/Meta-Llama-3.1-8B",
    "max_len": 64,
    "hidden_size": 4096,
    "num_hidden_layers": 32,
    "num_states": 33,
    "memmap_file": "last_token_hidden_states.memmap",
    "dtype": "float32",
    "shape": [
      15000,
      33,
      4096
    ]
  },
  "test_meta": {
    "dataset": "compling/somo",
    "split": "test",
    "text_col": "text",
    "model": "meta-llama/Meta-Llama-3.1-8B",
    "max_len": 64,
    "hidden_size": 4096,
    "num_hidden_layers": 32,
    "num_states": 33,
    "memmap_file": "last_token_hidden_states.memmap",
    "dtype": "float32",
    "shape": [
      10000,
      33,
      4096
    ]
  },
  "splits": [
    484,
    968,
    1936,
    3872,
    7740
  ],
  "mdl_sum_ce": {
    "0": 10059.841658115387,
    "1": 10060.295547485352,
    "2": 10062.8802652359,
    "3": 10041.41776561737,
    "4": 9933.903525352478,
    "5": 9775.877744674683,
    "6": 9739.810027599335,
    "7": 9665.890394210815,
    "8": 9556.061861038208,
    "9": 9042.530737876892,
    "10": 8585.459337234497,
    "11": 8637.280701637268,
    "12": 8667.10367679596,
    "13": 8585.31929731369,
    "14": 8606.990106582642,
    "15": 8660.794847011566,
    "16": 8668.402057647705,
    "17": 8740.433728218079,
    "18": 8754.906684875488,
    "19": 8883.509578704834,
    "20": 8916.553614616394,
    "21": 8916.704284667969,
    "22": 8856.363134860992,
    "23": 8936.787893295288,
    "24": 8948.8949842453,
    "25": 8996.424216270447,
    "26": 8928.579520225525,
    "27": 9043.604762077332,
    "28": 8995.146275043488,
    "29": 8955.718653202057,
    "30": 8889.048398017883,
    "31": 8785.604393959045,
    "32": 8965.234675884247
  },
  "mdl_nll": {
    "0": 0.6930174743810545,
    "1": 0.6930487425933695,
    "2": 0.6932268025100511,
    "3": 0.6917482616159666,
    "4": 0.6843416592279195,
    "5": 0.6734553420139627,
    "6": 0.6709706549737762,
    "7": 0.6658783682977966,
    "8": 0.6583123354256136,
    "9": 0.622935432479808,
    "10": 0.59144801165848,
    "11": 0.5950179596057639,
    "12": 0.5970724494899393,
    "13": 0.591438364378182,
    "14": 0.5929312556201874,
    "15": 0.5966378373526844,
    "16": 0.5971618942992357,
    "17": 0.6021241201583135,
    "18": 0.6031211549239107,
    "19": 0.6119805441378364,
    "20": 0.6142569312907409,
    "21": 0.6142673108754456,
    "22": 0.6101104391609943,
    "23": 0.6156508606568812,
    "24": 0.616484912113895,
    "25": 0.6197591772024281,
    "26": 0.6150853899301133,
    "27": 0.6230094214712959,
    "28": 0.6196711404686889,
    "29": 0.6169549912649529,
    "30": 0.612362110637771,
    "31": 0.6052359047918879,
    "32": 0.6176105453213176
  },
  "stopping_epochs_per_stage": {
    "0": [
      1,
      15,
      8,
      1
    ],
    "1": [
      1,
      8,
      17,
      1
    ],
    "2": [
      4,
      2,
      17,
      1
    ],
    "3": [
      6,
      3,
      20,
      20
    ],
    "4": [
      20,
      20,
      20,
      20
    ],
    "5": [
      20,
      20,
      20,
      20
    ],
    "6": [
      18,
      19,
      20,
      20
    ],
    "7": [
      20,
      20,
      19,
      19
    ],
    "8": [
      20,
      20,
      20,
      20
    ],
    "9": [
      20,
      20,
      20,
      20
    ],
    "10": [
      20,
      20,
      20,
      20
    ],
    "11": [
      20,
      20,
      20,
      20
    ],
    "12": [
      20,
      20,
      20,
      20
    ],
    "13": [
      20,
      20,
      20,
      20
    ],
    "14": [
      20,
      20,
      20,
      20
    ],
    "15": [
      20,
      20,
      20,
      20
    ],
    "16": [
      20,
      20,
      20,
      18
    ],
    "17": [
      20,
      20,
      20,
      20
    ],
    "18": [
      20,
      20,
      20,
      19
    ],
    "19": [
      20,
      20,
      20,
      20
    ],
    "20": [
      20,
      20,
      20,
      20
    ],
    "21": [
      20,
      20,
      20,
      19
    ],
    "22": [
      20,
      20,
      19,
      20
    ],
    "23": [
      20,
      20,
      20,
      19
    ],
    "24": [
      20,
      20,
      20,
      20
    ],
    "25": [
      20,
      20,
      20,
      20
    ],
    "26": [
      3,
      20,
      19,
      19
    ],
    "27": [
      20,
      19,
      20,
      20
    ],
    "28": [
      20,
      20,
      20,
      20
    ],
    "29": [
      3,
      20,
      20,
      18
    ],
    "30": [
      20,
      20,
      19,
      19
    ],
    "31": [
      20,
      20,
      18,
      20
    ],
    "32": [
      13,
      13,
      19,
      10
    ]
  },
  "test_acc": {
    "0": 0.4982,
    "1": 0.496,
    "2": 0.516,
    "3": 0.5447,
    "4": 0.5867,
    "5": 0.626,
    "6": 0.6264,
    "7": 0.6452,
    "8": 0.668,
    "9": 0.6983,
    "10": 0.7214,
    "11": 0.7239,
    "12": 0.7202,
    "13": 0.7172,
    "14": 0.7206,
    "15": 0.7173,
    "16": 0.7165,
    "17": 0.7091,
    "18": 0.7083,
    "19": 0.7148,
    "20": 0.7114,
    "21": 0.7069,
    "22": 0.7061,
    "23": 0.704,
    "24": 0.7064,
    "25": 0.7009,
    "26": 0.699,
    "27": 0.6998,
    "28": 0.7017,
    "29": 0.7011,
    "30": 0.6991,
    "31": 0.7003,
    "32": 0.6918
  },
  "test_loss": {
    "0": 0.6933224492073059,
    "1": 0.6933246433258057,
    "2": 0.6923208711624146,
    "3": 0.6890494978904724,
    "4": 0.6704381125450134,
    "5": 0.6471725070953369,
    "6": 0.6540106491088867,
    "7": 0.6367114892005921,
    "8": 0.6107145335197449,
    "9": 0.5844738538742066,
    "10": 0.5520847407341003,
    "11": 0.5534988157749176,
    "12": 0.5535748508930206,
    "13": 0.5545914936065673,
    "14": 0.5485365127563476,
    "15": 0.5557630470275879,
    "16": 0.5579548985481262,
    "17": 0.5661739896774292,
    "18": 0.5660892325401307,
    "19": 0.5640055426597596,
    "20": 0.5679186392307282,
    "21": 0.5716152831077576,
    "22": 0.5708585566520691,
    "23": 0.5734155875205994,
    "24": 0.5732720520019531,
    "25": 0.5757673683166504,
    "26": 0.5776679627418518,
    "27": 0.5764799238204956,
    "28": 0.5790489803314209,
    "29": 0.5752786540985108,
    "30": 0.5759692384719849,
    "31": 0.5770604928016663,
    "32": 0.5795936925888061
  },
  "drift_final_total_l2": {
    "0": 0.5104672312736511,
    "1": 2.5312840938568115,
    "2": 4.190978050231934,
    "3": 4.609866142272949,
    "4": 6.880223274230957,
    "5": 7.412264823913574,
    "6": 7.8308234214782715,
    "7": 8.76833724975586,
    "8": 8.967503547668457,
    "9": 9.363064765930176,
    "10": 8.962240219116211,
    "11": 9.894431114196777,
    "12": 8.93281078338623,
    "13": 9.754354476928711,
    "14": 7.699934959411621,
    "15": 8.3964262008667,
    "16": 7.504422664642334,
    "17": 7.756113529205322,
    "18": 7.093841552734375,
    "19": 5.569704055786133,
    "20": 5.938135147094727,
    "21": 6.115983963012695,
    "22": 5.945384502410889,
    "23": 5.625613689422607,
    "24": 4.8733649253845215,
    "25": 4.623562335968018,
    "26": 4.866630554199219,
    "27": 4.699743747711182,
    "28": 4.889039993286133,
    "29": 3.950188636779785,
    "30": 4.0575127601623535,
    "31": 4.206459999084473,
    "32": 2.2205445766448975
  },
  "probe_type": "mlp",
  "probe_hidden_size": [
    8
  ],