{
  "config": {
    "model_short": "llama",
    "task_name": "somo",
    "dataset": {
      "train": "cache/llama/somo_train/",
      "test": "cache/llama/somo_test/"
    },
    "mdl": {
      "batch_size": 64,
      "probe_type": "mlp",
      "probe_hidden_size": [
        1448
      ],
      "num_classes": 2,
      "init_strategy": "gamma_second_zero",
      "init_gamma": 0.7,
      "optimizer": "adamw",
      "train_epochs": 10,
      "lr": 0.001,
      "seed": 242,
      "early_stopping_gap": 3,
      "split_num": 5,
      "split_ratio": 2.0
    },
    "out_dir": "init_results/llama/somo/hidden-1448/seed-242/strategy-gamma_second_zero/gamma-0.7/opt-adamw/2026-04-25_03-08-18"
  },
  "train_meta": {
    "dataset": "compling/somo",
    "split": "train",
    "text_col": "text",
    "model": "meta-llama/Meta-Llama-3.1-8B",
    "max_len": 64,
    "hidden_size": 4096,
    "num_hidden_layers": 32,
    "num_states": 33,
    "memmap_file": "last_token_hidden_states.memmap",
    "dtype": "float32",
    "shape": [
      15000,
      33,
      4096
    ]
  },
  "test_meta": {
    "dataset": "compling/somo",
    "split": "test",
    "text_col": "text",
    "model": "meta-llama/Meta-Llama-3.1-8B",
    "max_len": 64,
    "hidden_size": 4096,
    "num_hidden_layers": 32,
    "num_states": 33,
    "memmap_file": "last_token_hidden_states.memmap",
    "dtype": "float32",
    "shape": [
      10000,
      33,
      4096
    ]
  },
  "splits": [
    484,
    968,
    1936,
    3872,
    7740
  ],
  "mdl_sum_ce": {
    "0": 10060.928597450256,
    "1": 10062.560635566711,
    "2": 10060.825512886047,
    "3": 10036.449639320374,
    "4": 9755.014457702637,
    "5": 9518.653325080872,
    "6": 9475.415573120117,
    "7": 9281.87749004364,
    "8": 8943.162467479706,
    "9": 8692.571372509003,
    "10": 8097.683047294617,
    "11": 8149.560926198959,
    "12": 8149.492092132568,
    "13": 8193.66702747345,
    "14": 8298.285527706146,
    "15": 8339.557171821594,
    "16": 8449.793190002441,
    "17": 8520.573327064514,
    "18": 8497.838385105133,
    "19": 8652.752119541168,
    "20": 8664.168311595917,
    "21": 8735.222071647644,
    "22": 8766.494281768799,
    "23": 8720.484208106995,
    "24": 8807.159349441528,
    "25": 8854.619752883911,
    "26": 8799.579147338867,
    "27": 8858.474575042725,
    "28": 8897.1107878685,
    "29": 8887.442343235016,
    "30": 8805.355819702148,
    "31": 8802.766277313232,
    "32": 8963.14344072342
  },
  "mdl_nll": {
    "0": 0.6930923530897118,
    "1": 0.6932047833815591,
    "2": 0.6930852516454978,
    "3": 0.6914060098732691,
    "4": 0.6720180805802313,
    "5": 0.6557352800413937,
    "6": 0.652756652874078,
    "7": 0.6394239108599917,
    "8": 0.6160900018930632,
    "9": 0.5988269063453433,
    "10": 0.5578453463278187,
    "11": 0.5614191875309286,
    "12": 0.5614144455864266,
    "13": 0.5644576348493696,
    "14": 0.5716647511508781,
    "15": 0.5745079341293465,
    "16": 0.5821020384405099,
    "17": 0.5869780467804157,
    "18": 0.5854118479681133,
    "19": 0.5960837778686393,
    "20": 0.5968702336453511,
    "21": 0.601765091736542,
    "22": 0.6039194186944612,
    "23": 0.6007498076678833,
    "24": 0.6067208149243268,
    "25": 0.6099903384461223,
    "26": 0.606198618582176,
    "27": 0.6102558952220118,
    "28": 0.6129175246533825,
    "29": 0.6122514703248151,
    "30": 0.6065965706601094,
    "31": 0.6064181783764971,
    "32": 0.6174664811741126
  },
  "stopping_epochs_per_stage": {
    "0": [
      2,
      2,
      2,
      5
    ],
    "1": [
      2,
      2,
      1,
      1
    ],
    "2": [
      6,
      2,
      1,
      3
    ],
    "3": [
      3,
      5,
      1,
      9
    ],
    "4": [
      3,
      3,
      9,
      8
    ],
    "5": [
      6,
      8,
      8,
      7
    ],
    "6": [
      5,
      3,
      7,
      6
    ],
    "7": [
      6,
      6,
      5,
      4
    ],
    "8": [
      4,
      8,
      6,
      5
    ],
    "9": [
      7,
      5,
      2,
      4
    ],
    "10": [
      6,
      4,
      4,
      4
    ],
    "11": [
      8,
      3,
      5,
      5
    ],
    "12": [
      5,
      5,
      5,
      5
    ],
    "13": [
      3,
      2,
      6,
      3
    ],
    "14": [
      2,
      3,
      3,
      4
    ],
    "15": [
      7,
      5,
      3,
      4
    ],
    "16": [
      4,
      3,
      4,
      6
    ],
    "17": [
      3,
      5,
      4,
      3
    ],
    "18": [
      3,
      4,
      4,
      6
    ],
    "19": [
      3,
      5,
      4,
      3
    ],
    "20": [
      6,
      5,
      5,
      3
    ],
    "21": [
      3,
      3,
      6,
      4
    ],
    "22": [
      2,
      2,
      6,
      7
    ],
    "23": [
      3,
      6,
      8,
      6
    ],
    "24": [
      4,
      5,
      3,
      5
    ],
    "25": [
      3,
      5,
      5,
      3
    ],
    "26": [
      4,
      3,
      4,
      5
    ],
    "27": [
      3,
      3,
      4,
      3
    ],
    "28": [
      2,
      6,
      6,
      3
    ],
    "29": [
      3,
      3,
      3,
      4
    ],
    "30": [
      2,
      6,
      4,
      3
    ],
    "31": [
      4,
      4,
      5,
      4
    ],
    "32": [
      2,
      4,
      4,
      5
    ]
  },
  "test_acc": {
    "0": 0.5013,
    "1": 0.4994,
    "2": 0.5236,
    "3": 0.5543,
    "4": 0.611,
    "5": 0.5937,
    "6": 0.6328,
    "7": 0.6606,
    "8": 0.6633,
    "9": 0.7026,
    "10": 0.7191,
    "11": 0.7142,
    "12": 0.7205,
    "13": 0.7208,
    "14": 0.7291,
    "15": 0.7167,
    "16": 0.7146,
    "17": 0.7168,
    "18": 0.7073,
    "19": 0.7242,
    "20": 0.7191,
    "21": 0.7119,
    "22": 0.7106,
    "23": 0.6993,
    "24": 0.7097,
    "25": 0.7059,
    "26": 0.7011,
    "27": 0.7052,
    "28": 0.6963,
    "29": 0.6917,
    "30": 0.6842,
    "31": 0.6946,
    "32": 0.6824
  },
  "test_loss": {
    "0": 0.6932359057426453,
    "1": 0.6940599694252014,
    "2": 0.6921205610275268,
    "3": 0.6836015531539917,
    "4": 0.6577790249824524,
    "5": 0.7138266174316407,
    "6": 0.6455326417922974,
    "7": 0.6271345657348633,
    "8": 0.6381253982543945,
    "9": 0.5968224440574647,
    "10": 0.5703622977256775,
    "11": 0.5898495108842849,
    "12": 0.5645427096366882,
    "13": 0.5908513057231903,
    "14": 0.5557744062423706,
    "15": 0.5785047003746032,
    "16": 0.5738230958938598,
    "17": 0.56590684299469,
    "18": 0.5775266842365265,
    "19": 0.5660578134536743,
    "20": 0.5686105993270874,
    "21": 0.5759453787326813,
    "22": 0.5762325412750244,
    "23": 0.5863255715370178,
    "24": 0.571788264799118,
    "25": 0.5844912398338318,
    "26": 0.6029885830879211,
    "27": 0.5851367116451264,
    "28": 0.6052806064128876,
    "29": 0.6106336832046508,
    "30": 0.6196899815559387,
    "31": 0.5895925742149353,
    "32": 0.6141359584808349
  },
  "drift_final_total_l2": {
    "0": 10.90611743927002,
    "1": 15.1263427734375,
    "2": 29.914670944213867,
    "3": 26.979724884033203,
    "4": 26.01804542541504,
    "5": 40.5644416809082,
    "6": 28.35271453857422,
    "7": 42.87196350097656,
    "8": 45.23733901977539,
    "9": 65.49757385253906,
    "10": 63.68967056274414,
    "11": 67.10597229003906,
    "12": 41.391387939453125,
    "13": 62.4434928894043,
    "14": 47.481239318847656,
    "15": 45.52875900268555,
    "16": 50.638885498046875,
    "17": 46.93122100830078,
    "18": 40.9969367980957,
    "19": 39.68982696533203,
    "20": 28.29494857788086,
    "21": 32.05835723876953,
    "22": 25.726274490356445,
    "23": 33.78706741333008,
    "24": 31.49294090270996,
    "25": 29.697147369384766,
    "26": 34.80967330932617,
    "27": 25.455625534057617,
    "28": 31.39541244506836,
    "29": 31.57587432861328,
    "30": 29.898744583129883,
    "31": 22.834583282470703,
    "32": 24.295957565307617
  },
  "probe_type": "mlp",
  "probe_hidden_size": [
    1448
  ],
  "init_strategy": "gamma_second_zero",
  "init_gamma": 0.7,