{
  "config": {
    "model_short": "llama",
    "task_name": "somo",
    "dataset": {
      "train": "cache/llama/somo_train/",
      "test": "cache/llama/somo_test/"
    },
    "mdl": {
      "batch_size": 64,
      "probe_type": "mlp",
      "probe_hidden_size": [
        23
      ],
      "num_classes": 2,
      "init_strategy": "gamma_second_zero",
      "init_gamma": 1.7,
      "optimizer": "adamw",
      "train_epochs": 10,
      "lr": 0.001,
      "seed": 342,
      "early_stopping_gap": 3,
      "split_num": 5,
      "split_ratio": 2.0
    },
    "out_dir": "init_results/llama/somo/hidden-23/seed-342/strategy-gamma_second_zero/gamma-1.7/opt-adamw/2026-04-25_03-29-57"
  },
  "train_meta": {
    "dataset": "compling/somo",
    "split": "train",
    "text_col": "text",
    "model": "meta-llama/Meta-Llama-3.1-8B",
    "max_len": 64,
    "hidden_size": 4096,
    "num_hidden_layers": 32,
    "num_states": 33,
    "memmap_file": "last_token_hidden_states.memmap",
    "dtype": "float32",
    "shape": [
      15000,
      33,
      4096
    ]
  },
  "test_meta": {
    "dataset": "compling/somo",
    "split": "test",
    "text_col": "text",
    "model": "meta-llama/Meta-Llama-3.1-8B",
    "max_len": 64,
    "hidden_size": 4096,
    "num_hidden_layers": 32,
    "num_states": 33,
    "memmap_file": "last_token_hidden_states.memmap",
    "dtype": "float32",
    "shape": [
      10000,
      33,
      4096
    ]
  },
  "splits": [
    484,
    968,
    1936,
    3872,
    7740
  ],
  "mdl_sum_ce": {
    "0": 10060.857600212097,
    "1": 10060.874217033386,
    "2": 10060.846205711365,
    "3": 10022.111207008362,
    "4": 9978.906077861786,
    "5": 9529.651962280273,
    "6": 9905.82282114029,
    "7": 9397.935313224792,
    "8": 9052.667569637299,
    "9": 8491.378791809082,
    "10": 8211.822254657745,
    "11": 8184.130588531494,
    "12": 8099.872528076172,
    "13": 8112.905411243439,
    "14": 8152.301236629486,
    "15": 8249.445537567139,
    "16": 8281.827961921692,
    "17": 8433.518973350525,
    "18": 8470.076362609863,
    "19": 8556.62897348404,
    "20": 8767.705579280853,
    "21": 8675.110124588013,
    "22": 8646.431252479553,
    "23": 8965.90902519226,
    "24": 8873.310062408447,
    "25": 8735.184218406677,
    "26": 9646.258131504059,
    "27": 9600.625172615051,
    "28": 8760.767909526825,
    "29": 8791.878664016724,
    "30": 8858.973185062408,
    "31": 8758.378057003021,
    "32": 8920.640432357788
  },
  "mdl_nll": {
    "0": 0.6930874621253856,
    "1": 0.6930886068499164,
    "2": 0.6930866771639133,
    "3": 0.6904182424227309,
    "4": 0.687441862624813,
    "5": 0.6564929706723803,
    "6": 0.6824071935202735,
    "7": 0.6474190764139427,
    "8": 0.6236337537639363,
    "9": 0.5849668498077351,
    "10": 0.5657083393949949,
    "11": 0.5638006743270525,
    "12": 0.5579961785668347,
    "13": 0.558894007387947,
    "14": 0.5616079661497304,
    "15": 0.5683001885896348,
    "16": 0.5705309976523624,
    "17": 0.5809809157722875,
    "18": 0.5834993360850003,
    "19": 0.589461902279143,
    "20": 0.6040028643759199,
    "21": 0.597624009685038,
    "22": 0.5956483364893602,
    "23": 0.6176570009088083,
    "24": 0.611277904547289,
    "25": 0.6017624840456515,
    "26": 0.6645259115117153,
    "27": 0.6613822797337456,
    "28": 0.603524931766797,
    "29": 0.6056681361268065,
    "30": 0.6102902442175812,
    "31": 0.6033602960183949,
    "32": 0.6145384701266043
  },
  "stopping_epochs_per_stage": {
    "0": [
      4,
      1,
      1,
      2
    ],
    "1": [
      7,
      1,
      1,
      2
    ],
    "2": [
      3,
      1,
      1,
      4
    ],
    "3": [
      2,
      1,
      6,
      8
    ],
    "4": [
      9,
      1,
      10,
      3
    ],
    "5": [
      8,
      4,
      10,
      10
    ],
    "6": [
      8,
      10,
      10,
      2
    ],
    "7": [
      10,
      1,
      10,
      9
    ],
    "8": [
      10,
      10,
      9,
      8
    ],
    "9": [
      10,
      10,
      10,
      9
    ],
    "10": [
      10,
      9,
      8,
      5
    ],
    "11": [
      10,
      9,
      9,
      10
    ],
    "12": [
      9,
      9,
      7,
      5
    ],
    "13": [
      10,
      8,
      7,
      4
    ],
    "14": [
      10,
      7,
      7,
      6
    ],
    "15": [
      10,
      7,
      5,
      8
    ],
    "16": [
      10,
      10,
      7,
      7
    ],
    "17": [
      10,
      10,
      10,
      7
    ],
    "18": [
      10,
      10,
      6,
      7
    ],
    "19": [
      9,
      10,
      8,
      9
    ],
    "20": [
      8,
      10,
      9,
      10
    ],
    "21": [
      9,
      8,
      9,
      10
    ],
    "22": [
      10,
      5,
      9,
      6
    ],
    "23": [
      9,
      7,
      1,
      10
    ],
    "24": [
      8,
      10,
      9,
      9
    ],
    "25": [
      8,
      9,
      6,
      9
    ],
    "26": [
      9,
      9,
      8,
      3
    ],
    "27": [
      9,
      8,
      7,
      5
    ],
    "28": [
      7,
      8,
      9,
      7
    ],
    "29": [
      7,
      10,
      8,
      4
    ],
    "30": [
      9,
      10,
      4,
      9
    ],
    "31": [
      9,
      8,
      7,
      10
    ],
    "32": [
      4,
      8,
      7,
      10
    ]
  },
  "test_acc": {
    "0": 0.5013,
    "1": 0.5013,
    "2": 0.5246,
    "3": 0.5471,
    "4": 0.5013,
    "5": 0.6245,
    "6": 0.6423,
    "7": 0.6603,
    "8": 0.6958,
    "9": 0.7083,
    "10": 0.7266,
    "11": 0.7344,
    "12": 0.7234,
    "13": 0.7338,
    "14": 0.7181,
    "15": 0.7294,
    "16": 0.725,
    "17": 0.6722,
    "18": 0.716,
    "19": 0.7174,
    "20": 0.7198,
    "21": 0.7145,
    "22": 0.7108,
    "23": 0.6946,
    "24": 0.6954,
    "25": 0.5013,
    "26": 0.7036,
    "27": 0.6795,
    "28": 0.6963,
    "29": 0.6981,
    "30": 0.6993,
    "31": 0.7064,
    "32": 0.6814
  },
  "test_loss": {
    "0": 0.6931690284729004,
    "1": 0.6931652940750123,
    "2": 0.6914372020721435,
    "3": 0.6874872090339661,
    "4": 0.6931496469497681,
    "5": 0.6458328113555908,
    "6": 0.6346383772850036,
    "7": 0.6182264055252075,
    "8": 0.5877469877243042,
    "9": 0.5715244934082031,
    "10": 0.5495554594993591,
    "11": 0.5424332880973816,
    "12": 0.5496227633476257,
    "13": 0.5374281813621521,
    "14": 0.5659170333385467,
    "15": 0.5440337943553925,
    "16": 0.5513906833648682,
    "17": 0.6220001238822938,
    "18": 0.5630031468391419,
    "19": 0.5559384964466095,
    "20": 0.556299712562561,
    "21": 0.565522515821457,
    "22": 0.5715263197898864,
    "23": 0.5782751863479614,
    "24": 0.5890932023048401,
    "25": 0.6932058668136597,
    "26": 0.5745906841278077,
    "27": 0.6039002463340759,
    "28": 0.5853791290283203,
    "29": 0.5958067462921143,
    "30": 0.578540341091156,
    "31": 0.5761421695709229,
    "32": 0.5998782089233399
  },
  "drift_final_total_l2": {
    "0": 0.957632839679718,
    "1": 2.2516040802001953,
    "2": 8.798910140991211,
    "3": 12.471770286560059,
    "4": 1.5970714092254639,
    "5": 13.332621574401855,
    "6": 8.735282897949219,
    "7": 11.810588836669922,
    "8": 13.89294719696045,
    "9": 12.122340202331543,
    "10": 15.877732276916504,
    "11": 14.391984939575195,
    "12": 16.086700439453125,
    "13": 13.863815307617188,
    "14": 12.282665252685547,
    "15": 14.455304145812988,
    "16": 14.386506080627441,
    "17": 15.657567024230957,
    "18": 11.516029357910156,
    "19": 12.687235832214355,
    "20": 6.394789695739746,
    "21": 10.489245414733887,
    "22": 13.13418960571289,
    "23": 9.679210662841797,
    "24": 13.297200202941895,
    "25": 1.6410911083221436,
    "26": 11.71727466583252,
    "27": 11.415556907653809,
    "28": 11.391217231750488,
    "29": 8.37741470336914,
    "30": 11.246190071105957,
    "31": 7.57560920715332,
    "32": 5.921823978424072
  },
  "probe_type": "mlp",
  "probe_hidden_size": [
    23
  ],