{
  "config": {
    "model_short": "llama",
    "task_name": "somo",
    "dataset": {
      "train": "cache/llama/somo_train/",
      "test": "cache/llama/somo_test/"
    },
    "mdl": {
      "batch_size": 64,
      "probe_type": "mlp",
      "probe_hidden_size": [
        256
      ],
      "num_classes": 2,
      "init_strategy": "gamma",
      "init_gamma": 0.4,
      "optimizer": "adamw",
      "train_epochs": 10,
      "lr": 0.001,
      "seed": 342,
      "early_stopping_gap": 3,
      "split_num": 5,
      "split_ratio": 2.0
    },
    "out_dir": "init_results/llama/somo/hidden-256/seed-342/strategy-gamma/gamma-0.4/opt-adamw/2026-04-22_02-13-24"
  },
  "train_meta": {
    "dataset": "compling/somo",
    "split": "train",
    "text_col": "text",
    "model": "meta-llama/Meta-Llama-3.1-8B",
    "max_len": 64,
    "hidden_size": 4096,
    "num_hidden_layers": 32,
    "num_states": 33,
    "memmap_file": "last_token_hidden_states.memmap",
    "dtype": "float32",
    "shape": [
      15000,
      33,
      4096
    ]
  },
  "test_meta": {
    "dataset": "compling/somo",
    "split": "test",
    "text_col": "text",
    "model": "meta-llama/Meta-Llama-3.1-8B",
    "max_len": 64,
    "hidden_size": 4096,
    "num_hidden_layers": 32,
    "num_states": 33,
    "memmap_file": "last_token_hidden_states.memmap",
    "dtype": "float32",
    "shape": [
      10000,
      33,
      4096
    ]
  },
  "splits": [
    484,
    968,
    1936,
    3872,
    7740
  ],
  "mdl_sum_ce": {
    "0": 10060.523603439331,
    "1": 10076.106370925903,
    "2": 10082.067511081696,
    "3": 10011.096482753754,
    "4": 9766.668558597565,
    "5": 9600.256527423859,
    "6": 9444.047857761383,
    "7": 9252.683180809021,
    "8": 8955.097259521484,
    "9": 8537.939532279968,
    "10": 8148.343873977661,
    "11": 8124.17618227005,
    "12": 8176.499012470245,
    "13": 8163.902485370636,
    "14": 8222.524025440216,
    "15": 8341.796298742294,
    "16": 8339.165066719055,
    "17": 8515.208383321762,
    "18": 8546.212584018707,
    "19": 8686.683983802795,
    "20": 8821.228236198425,
    "21": 8793.072410106659,
    "22": 8699.227191448212,
    "23": 9061.147109985352,
    "24": 8936.684101581573,
    "25": 8873.911248207092,
    "26": 9085.866047859192,
    "27": 8951.879446983337,
    "28": 8979.33697271347,
    "29": 9036.791618347168,
    "30": 9044.207706928253,
    "31": 8998.887937545776,
    "32": 9615.520456552505
  },
  "mdl_nll": {
    "0": 0.693064453254294,
    "1": 0.694137942334383,
    "2": 0.6945486023065373,
    "3": 0.6896594435625347,
    "4": 0.6728209257782836,
    "5": 0.6613568839503898,
    "6": 0.6505957466079763,
    "7": 0.6374127294577722,
    "8": 0.6169121837642246,
    "9": 0.58817439599614,
    "10": 0.5613353454104203,
    "11": 0.5596704451825606,
    "12": 0.5632749388585179,
    "13": 0.5624071703892695,
    "14": 0.5664455790465842,
    "15": 0.5746621864661267,
    "16": 0.574480922204399,
    "17": 0.5866084584817968,
    "18": 0.5887443224041545,
    "19": 0.5984213270737666,
    "20": 0.6076900135160117,
    "21": 0.6057503726995493,
    "22": 0.5992854223924092,
    "23": 0.6242179050692581,
    "24": 0.6156437104974906,
    "25": 0.6113193199371102,
    "26": 0.6259207803705699,
    "27": 0.6166905102633878,
    "28": 0.6185820455162214,
    "29": 0.6225400673978484,
    "30": 0.6230509580413511,
    "31": 0.61992890173228,
    "32": 0.6624084084150251
  },
  "stopping_epochs_per_stage": {
    "0": [
      1,
      5,
      1,
      2
    ],
    "1": [
      3,
      2,
      2,
      1
    ],
    "2": [
      3,
      1,
      1,
      2
    ],
    "3": [
      2,
      1,
      3,
      4
    ],
    "4": [
      3,
      6,
      8,
      4
    ],
    "5": [
      3,
      4,
      6,
      3
    ],
    "6": [
      5,
      6,
      7,
      8
    ],
    "7": [
      6,
      5,
      8,
      5
    ],
    "8": [
      7,
      4,
      4,
      8
    ],
    "9": [
      6,
      8,
      5,
      4
    ],
    "10": [
      3,
      3,
      4,
      3
    ],
    "11": [
      9,
      5,
      4,
      4
    ],
    "12": [
      8,
      7,
      3,
      6
    ],
    "13": [
      6,
      3,
      4,
      3
    ],
    "14": [
      6,
      3,
      3,
      3
    ],
    "15": [
      7,
      4,
      6,
      5
    ],
    "16": [
      6,
      5,
      4,
      7
    ],
    "17": [
      6,
      5,
      7,
      4
    ],
    "18": [
      6,
      5,
      3,
      5
    ],
    "19": [
      8,
      6,
      3,
      3
    ],
    "20": [
      6,
      8,
      5,
      4
    ],
    "21": [
      4,
      6,
      3,
      2
    ],
    "22": [
      4,
      6,
      5,
      7
    ],
    "23": [
      2,
      2,
      3,
      2
    ],
    "24": [
      6,
      9,
      4,
      3
    ],
    "25": [
      6,
      9,
      3,
      6
    ],
    "26": [
      1,
      7,
      1,
      5
    ],
    "27": [
      3,
      7,
      6,
      5
    ],
    "28": [
      5,
      5,
      6,
      5
    ],
    "29": [
      5,
      5,
      3,
      3
    ],
    "30": [
      5,
      5,
      4,
      2
    ],
    "31": [
      10,
      3,
      3,
      7
    ],
    "32": [
      9,
      6,
      6,
      4
    ]
  },
  "test_acc": {
    "0": 0.5013,
    "1": 0.4967,
    "2": 0.5241,
    "3": 0.5484,
    "4": 0.5994,
    "5": 0.6351,
    "6": 0.6204,
    "7": 0.6676,
    "8": 0.6875,
    "9": 0.683,
    "10": 0.7011,
    "11": 0.7258,
    "12": 0.7277,
    "13": 0.7098,
    "14": 0.7249,
    "15": 0.7217,
    "16": 0.6922,
    "17": 0.7001,
    "18": 0.7027,
    "19": 0.7161,
    "20": 0.7108,
    "21": 0.7116,
    "22": 0.6782,
    "23": 0.7067,
    "24": 0.7095,
    "25": 0.6989,
    "26": 0.6983,
    "27": 0.6808,
    "28": 0.6812,
    "29": 0.6817,
    "30": 0.6913,
    "31": 0.674,
    "32": 0.6924
  },
  "test_loss": {
    "0": 0.6931733829498291,
    "1": 0.6937057109832764,
    "2": 0.692577000617981,
    "3": 0.6908365747451782,
    "4": 0.6653591396331787,
    "5": 0.646462801361084,
    "6": 0.6658271475791931,
    "7": 0.6290062257766723,
    "8": 0.6086649187088012,
    "9": 0.6315703654289245,
    "10": 0.6039149015426636,
    "11": 0.575460659122467,
    "12": 0.5737063316822052,
    "13": 0.6064101145267486,
    "14": 0.5802541762351989,
    "15": 0.5842258436203003,
    "16": 0.6074518093109131,
    "17": 0.609687913942337,
    "18": 0.6064614836215972,
    "19": 0.5864306991577148,
    "20": 0.5853282549858093,
    "21": 0.5847260614395141,
    "22": 0.64769156665802,
    "23": 0.5880376586437225,
    "24": 0.5989871861457825,
    "25": 0.6073133408546447,
    "26": 0.6218678607940674,
    "27": 0.6255696431159973,
    "28": 0.6464323026657105,
    "29": 0.6158648934364319,
    "30": 0.6309910163879394,
    "31": 0.6421714986324311,
    "32": 0.6025413857460022
  },
  "drift_final_total_l2": {
    "0": 6.13095760345459,
    "1": 13.215182304382324,
    "2": 24.15947723388672,
    "3": 26.523639678955078,
    "4": 30.367544174194336,
    "5": 34.90873336791992,
    "6": 30.692689895629883,
    "7": 31.766748428344727,
    "8": 35.704620361328125,
    "9": 36.828094482421875,
    "10": 37.985443115234375,
    "11": 36.10719680786133,
    "12": 36.358551025390625,
    "13": 34.55032730102539,
    "14": 37.671165466308594,
    "15": 34.49422073364258,
    "16": 30.05168342590332,
    "17": 30.57137107849121,
    "18": 27.24028968811035,
    "19": 27.8436279296875,
    "20": 26.173690795898438,
    "21": 25.112293243408203,
    "22": 25.190141677856445,
    "23": 24.57866096496582,
    "24": 24.23763084411621,
    "25": 23.26077651977539,
    "26": 23.486032485961914,
    "27": 21.19293212890625,
    "28": 22.337427139282227,
    "29": 20.522083282470703,
    "30": 22.059555053710938,
    "31": 16.75822639465332,
    "32": 14.303390502929688
  },
  "probe_type": "mlp",
  "probe_hidden_size": [
    256
  ],
  "init_strategy": "gamma",
  "init_gamma": 0.4,
  "effective_lr": 0.001,