{
  "config": {
    "model_short": "llama",
    "task_name": "somo",
    "dataset": {
      "train": "cache/llama/somo_train/",
      "test": "cache/llama/somo_test/"
    },
    "mdl": {
      "batch_size": 64,
      "probe_type": "mlp",
      "probe_hidden_size": [
        256
      ],
      "num_classes": 2,
      "init_strategy": "mf",
      "init_gamma": null,
      "optimizer": "adamw",
      "train_epochs": 10,
      "lr": 0.001,
      "seed": 242,
      "early_stopping_gap": 3,
      "split_num": 5,
      "split_ratio": 2.0
    },
    "out_dir": "init_results/llama/somo/hidden-256/seed-242/strategy-mf/gamma-na/2026-04-20_22-21-11"
  },
  "train_meta": {
    "dataset": "compling/somo",
    "split": "train",
    "text_col": "text",
    "model": "meta-llama/Meta-Llama-3.1-8B",
    "max_len": 64,
    "hidden_size": 4096,
    "num_hidden_layers": 32,
    "num_states": 33,
    "memmap_file": "last_token_hidden_states.memmap",
    "dtype": "float32",
    "shape": [
      15000,
      33,
      4096
    ]
  },
  "test_meta": {
    "dataset": "compling/somo",
    "split": "test",
    "text_col": "text",
    "model": "meta-llama/Meta-Llama-3.1-8B",
    "max_len": 64,
    "hidden_size": 4096,
    "num_hidden_layers": 32,
    "num_states": 33,
    "memmap_file": "last_token_hidden_states.memmap",
    "dtype": "float32",
    "shape": [
      10000,
      33,
      4096
    ]
  },
  "splits": [
    484,
    968,
    1936,
    3872,
    7740
  ],
  "mdl_sum_ce": {
    "0": 10059.698503494263,
    "1": 10058.91362953186,
    "2": 10064.756844520569,
    "3": 10059.81679058075,
    "4": 9895.346586704254,
    "5": 9774.042885303497,
    "6": 9760.207953453064,
    "7": 9687.74194765091,
    "8": 9243.78462600708,
    "9": 8720.929540157318,
    "10": 8310.957775592804,
    "11": 8261.208130121231,
    "12": 8305.692414999008,
    "13": 8394.822623252869,
    "14": 8500.653677940369,
    "15": 8458.582269906998,
    "16": 8693.668905258179,
    "17": 8474.725680351257,
    "18": 8730.356322288513,
    "19": 9186.59894990921,
    "20": 9669.52963256836,
    "21": 8933.736319541931,
    "22": 9119.11556816101,
    "23": 8829.167069911957,
    "24": 9187.573021888733,
    "25": 8886.991227149963,
    "26": 9277.670412063599,
    "27": 9407.952990531921,
    "28": 9702.37391090393,
    "29": 9951.614504814148,
    "30": 9030.628993749619,
    "31": 9741.466361045837,
    "32": 9279.976179122925
  },
  "mdl_nll": {
    "0": 0.693007612530605,
    "1": 0.6929535429547988,
    "2": 0.6933560791210092,
    "3": 0.6930157612689962,
    "4": 0.6816854909551016,
    "5": 0.6733289394670362,
    "6": 0.6723758579121702,
    "7": 0.6673837109156041,
    "8": 0.6367997124557095,
    "9": 0.6007804863707163,
    "10": 0.5725377359873797,
    "11": 0.5691105077239756,
    "12": 0.5721750079222243,
    "13": 0.5783151435142511,
    "14": 0.5856057920873773,
    "15": 0.5827075137714933,
    "16": 0.5989025148290286,
    "17": 0.5838196252653112,
    "18": 0.6014298926900326,
    "19": 0.6328602197512545,
    "20": 0.6661290736131413,
    "21": 0.6154406392630154,
    "22": 0.6282113232406318,
    "23": 0.6082369158109643,
    "24": 0.6329273230840957,
    "25": 0.6122203931627145,
    "26": 0.6391340873562689,
    "27": 0.6481091892072142,
    "28": 0.6683916995662669,
    "29": 0.685561759769506,
    "30": 0.6221155272629938,
    "31": 0.6710847589587928,
    "32": 0.6392929304989615
  },
  "stopping_epochs_per_stage": {
    "0": [
      5,
      2,
      1,
      6
    ],
    "1": [
      9,
      6,
      7,
      7
    ],
    "2": [
      1,
      3,
      4,
      2
    ],
    "3": [
      3,
      6,
      8,
      1
    ],
    "4": [
      3,
      3,
      5,
      9
    ],
    "5": [
      2,
      5,
      4,
      4
    ],
    "6": [
      5,
      6,
      6,
      5
    ],
    "7": [
      2,
      7,
      10,
      2
    ],
    "8": [
      5,
      6,
      10,
      2
    ],
    "9": [
      5,
      7,
      5,
      2
    ],
    "10": [
      3,
      4,
      4,
      5
    ],
    "11": [
      7,
      3,
      6,
      4
    ],
    "12": [
      7,
      6,
      6,
      3
    ],
    "13": [
      6,
      4,
      3,
      2
    ],
    "14": [
      6,
      3,
      10,
      4
    ],
    "15": [
      6,
      4,
      3,
      2
    ],
    "16": [
      4,
      3,
      8,
      5
    ],
    "17": [
      5,
      4,
      10,
      9
    ],
    "18": [
      8,
      6,
      3,
      3
    ],
    "19": [
      5,
      4,
      8,
      4
    ],
    "20": [
      6,
      5,
      3,
      1
    ],
    "21": [
      10,
      6,
      8,
      5
    ],
    "22": [
      7,
      5,
      3,
      10
    ],
    "23": [
      9,
      10,
      4,
      10
    ],
    "24": [
      9,
      5,
      1,
      3
    ],
    "25": [
      10,
      4,
      6,
      4
    ],
    "26": [
      6,
      4,
      2,
      3
    ],
    "27": [
      4,
      4,
      3,
      4
    ],
    "28": [
      6,
      4,
      8,
      9
    ],
    "29": [
      7,
      4,
      1,
      7
    ],
    "30": [
      6,
      3,
      3,
      3
    ],
    "31": [
      6,
      7,
      5,
      4
    ],
    "32": [
      7,
      7,
      6,
      7
    ]
  },
  "test_acc": {
    "0": 0.5013,
    "1": 0.5013,
    "2": 0.5013,
    "3": 0.5013,
    "4": 0.5013,
    "5": 0.5885,
    "6": 0.5582,
    "7": 0.5184,
    "8": 0.6161,
    "9": 0.6585,
    "10": 0.7211,
    "11": 0.6756,
    "12": 0.7174,
    "13": 0.68,
    "14": 0.6439,
    "15": 0.6533,
    "16": 0.6714,
    "17": 0.6881,
    "18": 0.7014,
    "19": 0.6876,
    "20": 0.6877,
    "21": 0.6266,
    "22": 0.6158,
    "23": 0.6896,
    "24": 0.5014,
    "25": 0.6405,
    "26": 0.6558,
    "27": 0.6154,
    "28": 0.4991,
    "29": 0.6244,
    "30": 0.6692,
    "31": 0.6559,
    "32": 0.6094
  },
  "test_loss": {
    "0": 0.6931745935440063,
    "1": 0.6931490090370178,
    "2": 0.6931465782165528,
    "3": 0.6932267852783203,
    "4": 0.6931440396308899,
    "5": 0.6723712594985962,
    "6": 0.6805781925201416,
    "7": 0.7243976628303528,
    "8": 0.6565153638839721,
    "9": 0.6124566796302795,
    "10": 0.5495214047431946,
    "11": 0.5997337239265442,
    "12": 0.5508913097381591,
    "13": 0.5875117200851441,
    "14": 0.6210523210525513,
    "15": 0.6442951042175293,
    "16": 0.5997266142845153,
    "17": 0.5779960218429565,
    "18": 0.5741189003944397,
    "19": 0.6151287745475769,
    "20": 0.6121843459129334,
    "21": 0.6480234706878663,
    "22": 0.6567045877456665,
    "23": 0.5866634865760804,
    "24": 0.7047122128486634,
    "25": 0.6541963526725769,
    "26": 0.6158693313598633,
    "27": 0.6508991387367249,
    "28": 0.6932620591163635,
    "29": 0.6445555791854859,
    "30": 0.6074842465400696,
    "31": 0.6280042301177978,
    "32": 0.659872727394104
  },
  "drift_final_total_l2": {
    "0": 207.0188751220703,
    "1": 41.27931213378906,
    "2": 142.6341552734375,
    "3": 159.98609924316406,
    "4": 57.749732971191406,
    "5": 361.7253723144531,
    "6": 531.9613037109375,
    "7": 469.9486083984375,
    "8": 414.49847412109375,
    "9": 408.58935546875,
    "10": 380.5304870605469,
    "11": 313.72088623046875,
    "12": 369.5584411621094,
    "13": 425.9346923828125,
    "14": 376.0000915527344,
    "15": 296.5164794921875,
    "16": 339.3095703125,
    "17": 332.1737976074219,
    "18": 351.6376647949219,
    "19": 281.8879699707031,
    "20": 282.94775390625,
    "21": 220.7574005126953,
    "22": 318.89361572265625,
    "23": 400.9290466308594,
    "24": 268.713134765625,
    "25": 463.7587585449219,
    "26": 420.8407287597656,
    "27": 346.5729064941406,
    "28": 436.4752502441406,
    "29": 364.6000061035156,
    "30": 315.0171203613281,
    "31": 298.2129211425781,
    "32": 358.1260070800781
  },
  "probe_type": "mlp",
  "probe_hidden_size": [
    256
  ],
  "init_strategy": "mf",
  "init_gamma": null,
  "effective_lr": 0.256,
  "lr_scaling_rule": "base_lr*width",