{
  "config": {
    "model_short": "llama",
    "task_name": "somo",
    "dataset": {
      "train": "cache/llama/somo_train/",
      "test": "cache/llama/somo_test/"
    },
    "mdl": {
      "batch_size": 64,
      "probe_type": "mlp",
      "probe_hidden_size": [
        91
      ],
      "num_classes": 2,
      "init_strategy": "gamma_second_zero",
      "init_gamma": 1.6,
      "optimizer": "adamw",
      "train_epochs": 10,
      "lr": 0.001,
      "seed": 442,
      "early_stopping_gap": 3,
      "split_num": 5,
      "split_ratio": 2.0
    },
    "out_dir": "init_results/llama/somo/hidden-91/seed-442/strategy-gamma_second_zero/gamma-1.6/opt-adamw/2026-04-25_03-38-08"
  },
  "train_meta": {
    "dataset": "compling/somo",
    "split": "train",
    "text_col": "text",
    "model": "meta-llama/Meta-Llama-3.1-8B",
    "max_len": 64,
    "hidden_size": 4096,
    "num_hidden_layers": 32,
    "num_states": 33,
    "memmap_file": "last_token_hidden_states.memmap",
    "dtype": "float32",
    "shape": [
      15000,
      33,
      4096
    ]
  },
  "test_meta": {
    "dataset": "compling/somo",
    "split": "test",
    "text_col": "text",
    "model": "meta-llama/Meta-Llama-3.1-8B",
    "max_len": 64,
    "hidden_size": 4096,
    "num_hidden_layers": 32,
    "num_states": 33,
    "memmap_file": "last_token_hidden_states.memmap",
    "dtype": "float32",
    "shape": [
      10000,
      33,
      4096
    ]
  },
  "splits": [
    484,
    968,
    1936,
    3872,
    7740
  ],
  "mdl_sum_ce": {
    "0": 10061.090182304382,
    "1": 10059.425578594208,
    "2": 10058.551404953003,
    "3": 10039.456778049469,
    "4": 9773.525889396667,
    "5": 9501.397702217102,
    "6": 9489.41447353363,
    "7": 9260.833859443665,
    "8": 8859.82885169983,
    "9": 8514.828796386719,
    "10": 8100.267281532288,
    "11": 8048.8470759391785,
    "12": 8055.890629529953,
    "13": 8115.001708984375,
    "14": 8176.762926101685,
    "15": 8212.135315179825,
    "16": 8356.131296396255,
    "17": 8397.670281410217,
    "18": 8483.755383491516,
    "19": 8500.992551803589,
    "20": 8527.48861503601,
    "21": 8608.488923549652,
    "22": 8652.957820892334,
    "23": 8676.682540416718,
    "24": 8722.148529052734,
    "25": 8733.41763305664,
    "26": 8827.420643806458,
    "27": 8868.227132797241,
    "28": 8772.216536521912,
    "29": 8791.295990943909,
    "30": 8816.887027740479,
    "31": 8736.729048728943,
    "32": 8915.233881950378
  },
  "mdl_nll": {
    "0": 0.6931034845897205,
    "1": 0.6929888108703642,
    "2": 0.6929285894842245,
    "3": 0.691613170160476,
    "4": 0.6732933238768716,
    "5": 0.654546548788723,
    "6": 0.6537210301414735,
    "7": 0.6379742256436803,
    "8": 0.6103491906654608,
    "9": 0.5865823089271645,
    "10": 0.5580233729355393,
    "11": 0.5544810606185712,
    "12": 0.5549662875123968,
    "13": 0.5590384202937707,
    "14": 0.5632931197369582,
    "15": 0.5657299059782188,
    "16": 0.5756497173047848,
    "17": 0.5785113172644128,
    "18": 0.584441677010989,
    "19": 0.5856291369387978,
    "20": 0.5874544375197032,
    "21": 0.5930345083734949,
    "22": 0.5960979485321255,
    "23": 0.5977323326272195,
    "24": 0.6008644619077387,
    "25": 0.6016407848619896,
    "26": 0.6081166053876038,
    "27": 0.6109277440615349,
    "28": 0.6043136219703714,
    "29": 0.6056279960694343,
    "30": 0.6073909498305647,
    "31": 0.6018689066360529,
    "32": 0.6141660155656089
  },
  "stopping_epochs_per_stage": {
    "0": [
      1,
      1,
      6,
      1
    ],
    "1": [
      1,
      2,
      10,
      1
    ],
    "2": [
      1,
      5,
      7,
      1
    ],
    "3": [
      1,
      1,
      9,
      10
    ],
    "4": [
      1,
      10,
      10,
      6
    ],
    "5": [
      1,
      9,
      10,
      10
    ],
    "6": [
      4,
      10,
      10,
      9
    ],
    "7": [
      4,
      10,
      10,
      10
    ],
    "8": [
      2,
      10,
      8,
      10
    ],
    "9": [
      10,
      8,
      8,
      7
    ],
    "10": [
      9,
      6,
      5,
      7
    ],
    "11": [
      9,
      10,
      7,
      6
    ],
    "12": [
      10,
      8,
      8,
      7
    ],
    "13": [
      10,
      6,
      6,
      4
    ],
    "14": [
      10,
      4,
      5,
      6
    ],
    "15": [
      9,
      6,
      8,
      7
    ],
    "16": [
      8,
      5,
      7,
      7
    ],
    "17": [
      10,
      6,
      8,
      6
    ],
    "18": [
      7,
      10,
      5,
      5
    ],
    "19": [
      10,
      8,
      7,
      7
    ],
    "20": [
      10,
      8,
      5,
      6
    ],
    "21": [
      1,
      9,
      7,
      7
    ],
    "22": [
      6,
      8,
      5,
      3
    ],
    "23": [
      1,
      8,
      8,
      8
    ],
    "24": [
      4,
      6,
      7,
      6
    ],
    "25": [
      5,
      6,
      7,
      7
    ],
    "26": [
      4,
      7,
      8,
      8
    ],
    "27": [
      5,
      9,
      9,
      10
    ],
    "28": [
      1,
      5,
      6,
      5
    ],
    "29": [
      4,
      6,
      8,
      4
    ],
    "30": [
      4,
      7,
      8,
      5
    ],
    "31": [
      8,
      5,
      7,
      9
    ],
    "32": [
      4,
      4,
      4,
      5
    ]
  },
  "test_acc": {
    "0": 0.5013,
    "1": 0.5013,
    "2": 0.5252,
    "3": 0.5501,
    "4": 0.6017,
    "5": 0.6378,
    "6": 0.6043,
    "7": 0.6604,
    "8": 0.6838,
    "9": 0.7013,
    "10": 0.7212,
    "11": 0.7206,
    "12": 0.7302,
    "13": 0.734,
    "14": 0.7321,
    "15": 0.6879,
    "16": 0.7301,
    "17": 0.728,
    "18": 0.7244,
    "19": 0.7168,
    "20": 0.7163,
    "21": 0.7174,
    "22": 0.6897,
    "23": 0.7093,
    "24": 0.7086,
    "25": 0.6932,
    "26": 0.6772,
    "27": 0.6817,
    "28": 0.6975,
    "29": 0.6912,
    "30": 0.6989,
    "31": 0.6933,
    "32": 0.6815
  },
  "test_loss": {
    "0": 0.6932249862670898,
    "1": 0.6934715260505676,
    "2": 0.6920010181427002,
    "3": 0.6867890029907227,
    "4": 0.661885973072052,
    "5": 0.6358884359359741,
    "6": 0.6692083501815795,
    "7": 0.6207839176177978,
    "8": 0.5974047293663025,
    "9": 0.5816152011871338,
    "10": 0.5580960638046265,
    "11": 0.5563839839935303,
    "12": 0.5414644902706146,
    "13": 0.5342645574092865,
    "14": 0.5410740991592408,
    "15": 0.5876761006355286,
    "16": 0.5406857971191407,
    "17": 0.5451864663600922,
    "18": 0.5474706019401551,
    "19": 0.5591425645828247,
    "20": 0.5585765151977539,
    "21": 0.5560758506774902,
    "22": 0.600148027229309,
    "23": 0.5737274827480316,
    "24": 0.5748739005088807,
    "25": 0.57949516954422,
    "26": 0.611346332359314,
    "27": 0.610262442779541,
    "28": 0.5918899680614471,
    "29": 0.5851255910396576,
    "30": 0.5946617748260498,
    "31": 0.5989738222122193,
    "32": 0.6034412868499756
  },
  "drift_final_total_l2": {
    "0": 3.163583517074585,
    "1": 3.5534424781799316,
    "2": 12.108675956726074,
    "3": 17.009662628173828,
    "4": 18.42868423461914,
    "5": 20.143447875976562,
    "6": 18.70416259765625,
    "7": 17.92348861694336,
    "8": 15.51373291015625,
    "9": 14.236551284790039,
    "10": 25.41886329650879,
    "11": 25.278980255126953,
    "12": 23.895185470581055,
    "13": 16.17244529724121,
    "14": 22.19524574279785,
    "15": 23.210800170898438,
    "16": 21.150381088256836,
    "17": 17.622636795043945,
    "18": 12.078995704650879,
    "19": 13.8074951171875,
    "20": 16.726032257080078,
    "21": 14.24626350402832,
    "22": 16.143390655517578,
    "23": 20.730083465576172,
    "24": 19.035503387451172,
    "25": 17.1395263671875,
    "26": 13.851664543151855,
    "27": 14.680631637573242,
    "28": 13.548083305358887,
    "29": 10.852031707763672,
    "30": 18.95531463623047,
    "31": 13.898602485656738,
    "32": 16.47838020324707
  },
  "probe_type": "mlp",
  "probe_hidden_size": [
    91
  ],
  "init_strategy": "gamma_second_zero",