{
  "config": {
    "model_short": "llama",
    "task_name": "somo",
    "dataset": {
      "train": "cache/llama/somo_train/",
      "test": "cache/llama/somo_test/"
    },
    "mdl": {
      "batch_size": 64,
      "probe_type": "mlp",
      "probe_hidden_size": [
        8
      ],
      "num_classes": 2,
      "init_strategy": "gamma_second_zero",
      "init_gamma": 0.7,
      "optimizer": "adamw",
      "train_epochs": 10,
      "lr": 0.001,
      "seed": 142,
      "early_stopping_gap": 3,
      "split_num": 5,
      "split_ratio": 2.0
    },
    "out_dir": "init_results/llama/somo/hidden-8/seed-142/strategy-gamma_second_zero/gamma-0.7/opt-adamw/2026-04-25_02-43-07"
  },
  "train_meta": {
    "dataset": "compling/somo",
    "split": "train",
    "text_col": "text",
    "model": "meta-llama/Meta-Llama-3.1-8B",
    "max_len": 64,
    "hidden_size": 4096,
    "num_hidden_layers": 32,
    "num_states": 33,
    "memmap_file": "last_token_hidden_states.memmap",
    "dtype": "float32",
    "shape": [
      15000,
      33,
      4096
    ]
  },
  "test_meta": {
    "dataset": "compling/somo",
    "split": "test",
    "text_col": "text",
    "model": "meta-llama/Meta-Llama-3.1-8B",
    "max_len": 64,
    "hidden_size": 4096,
    "num_hidden_layers": 32,
    "num_states": 33,
    "memmap_file": "last_token_hidden_states.memmap",
    "dtype": "float32",
    "shape": [
      10000,
      33,
      4096
    ]
  },
  "splits": [
    484,
    968,
    1936,
    3872,
    7740
  ],
  "mdl_sum_ce": {
    "0": 10061.60635471344,
    "1": 10061.160512924194,
    "2": 10055.912739753723,
    "3": 10021.15214729309,
    "4": 9770.510150909424,
    "5": 9735.2707862854,
    "6": 9550.563533782959,
    "7": 9464.636608600616,
    "8": 8979.033735275269,
    "9": 8591.897561073303,
    "10": 8237.685779571533,
    "11": 8061.447786331177,
    "12": 8066.1665391922,
    "13": 8475.833361148834,
    "14": 8836.038850784302,
    "15": 8904.612998008728,
    "16": 8462.811520576477,
    "17": 8419.914556980133,
    "18": 8500.211737632751,
    "19": 9490.15396118164,
    "20": 8620.109649181366,
    "21": 8632.454269886017,
    "22": 8694.849342346191,
    "23": 8760.787724971771,
    "24": 8749.472420692444,
    "25": 8806.824179172516,
    "26": 8803.880033016205,
    "27": 9633.04729795456,
    "28": 8915.922555446625,
    "29": 8814.987278461456,
    "30": 9296.46348953247,
    "31": 9958.156700134277,
    "32": 9136.81267118454
  },
  "mdl_nll": {
    "0": 0.6931390434495343,
    "1": 0.6931083296310412,
    "2": 0.6927468131547068,
    "3": 0.6903521732772865,
    "4": 0.673085571156615,
    "5": 0.6706579489036512,
    "6": 0.6579335584033452,
    "7": 0.6520140953844459,
    "8": 0.6185611556403464,
    "9": 0.591891537687607,
    "10": 0.5674900647266143,
    "11": 0.5553491172727457,
    "12": 0.5556741898038164,
    "13": 0.5838959328429894,
    "14": 0.6087103093678907,
    "15": 0.6134343481681406,
    "16": 0.5829988647407328,
    "17": 0.5800437143138697,
    "18": 0.5855753470400077,
    "19": 0.6537719730767182,
    "20": 0.5938350543663107,
    "21": 0.5946854691296513,
    "22": 0.598983834551267,
    "23": 0.6035262968429161,
    "24": 0.6027467911747344,
    "25": 0.6066977252116641,
    "26": 0.6064949044513781,
    "27": 0.6636158237775255,
    "28": 0.6142134579392825,
    "29": 0.6072600770502519,
    "30": 0.6404287330898644,
    "31": 0.6860124483421244,
    "32": 0.6294304678413157
  },
  "stopping_epochs_per_stage": {
    "0": [
      7,
      10,
      8,
      1
    ],
    "1": [
      3,
      7,
      2,
      1
    ],
    "2": [
      10,
      1,
      10,
      9
    ],
    "3": [
      6,
      3,
      10,
      8
    ],
    "4": [
      1,
      9,
      10,
      8
    ],
    "5": [
      10,
      10,
      5,
      10
    ],
    "6": [
      10,
      10,
      10,
      9
    ],
    "7": [
      10,
      10,
      10,
      10
    ],
    "8": [
      10,
      10,
      10,
      9
    ],
    "9": [
      10,
      10,
      9,
      9
    ],
    "10": [
      10,
      9,
      9,
      9
    ],
    "11": [
      10,
      10,
      9,
      9
    ],
    "12": [
      10,
      9,
      9,
      10
    ],
    "13": [
      10,
      6,
      9,
      9
    ],
    "14": [
      10,
      10,
      9,
      9
    ],
    "15": [
      10,
      10,
      6,
      9
    ],
    "16": [
      10,
      10,
      9,
      4
    ],
    "17": [
      10,
      8,
      9,
      9
    ],
    "18": [
      10,
      10,
      9,
      9
    ],
    "19": [
      10,
      10,
      7,
      1
    ],
    "20": [
      10,
      10,
      10,
      8
    ],
    "21": [
      10,
      10,
      9,
      5
    ],
    "22": [
      10,
      10,
      10,
      9
    ],
    "23": [
      10,
      10,
      6,
      10
    ],
    "24": [
      10,
      7,
      9,
      10
    ],
    "25": [
      10,
      10,
      6,
      10
    ],
    "26": [
      10,
      9,
      8,
      10
    ],
    "27": [
      10,
      9,
      10,
      1
    ],
    "28": [
      10,
      9,
      10,
      10
    ],
    "29": [
      10,
      10,
      10,
      7
    ],
    "30": [
      5,
      5,
      9,
      10
    ],
    "31": [
      9,
      9,
      10,
      1
    ],
    "32": [
      7,
      10,
      6,
      5
    ]
  },
  "test_acc": {
    "0": 0.5013,
    "1": 0.5013,
    "2": 0.5212,
    "3": 0.5013,
    "4": 0.5013,
    "5": 0.5013,
    "6": 0.5013,
    "7": 0.6635,
    "8": 0.6907,
    "9": 0.6978,
    "10": 0.7305,
    "11": 0.7315,
    "12": 0.7216,
    "13": 0.7301,
    "14": 0.7345,
    "15": 0.7294,
    "16": 0.7286,
    "17": 0.7263,
    "18": 0.7193,
    "19": 0.7239,
    "20": 0.722,
    "21": 0.5013,
    "22": 0.7131,
    "23": 0.6961,
    "24": 0.7066,
    "25": 0.7109,
    "26": 0.7056,
    "27": 0.5013,
    "28": 0.7001,
    "29": 0.5013,
    "30": 0.6946,
    "31": 0.5013,
    "32": 0.6909
  },
  "test_loss": {
    "0": 0.693145725440979,
    "1": 0.6931508497238159,
    "2": 0.6931798791885376,
    "3": 0.6931573091506958,
    "4": 0.6931896590232849,
    "5": 0.6931697681427001,
    "6": 0.6931933382034302,
    "7": 0.6156801716804504,
    "8": 0.5916436151504516,
    "9": 0.5806891339302063,
    "10": 0.5391886568069458,
    "11": 0.5398571265220642,
    "12": 0.5477985705375671,
    "13": 0.5394088774204254,
    "14": 0.5394897154331207,
    "15": 0.5365494787693024,
    "16": 0.5443053237915039,
    "17": 0.5484765219688416,
    "18": 0.5504806021213532,
    "19": 0.5542142496585846,
    "20": 0.5552280012130737,
    "21": 0.693205039024353,
    "22": 0.5662861591339111,
    "23": 0.5884974578380585,
    "24": 0.5720982255935669,
    "25": 0.5860298143386841,
    "26": 0.5733399970054627,
    "27": 0.69317985496521,
    "28": 0.5800849762916565,
    "29": 0.6931629724502564,
    "30": 0.5816879149436951,
    "31": 0.6932270916938782,
    "32": 0.5805453212738038
  },
  "drift_final_total_l2": {
    "0": 0.6269574165344238,
    "1": 0.9349095821380615,
    "2": 11.843842506408691,
    "3": 0.976059079170227,
    "4": 0.9837205410003662,
    "5": 1.4664896726608276,
    "6": 0.9708883166313171,
    "7": 8.289247512817383,
    "8": 10.175642967224121,
    "9": 12.276021957397461,
    "10": 11.331338882446289,
    "11": 13.039905548095703,
    "12": 8.182984352111816,
    "13": 8.01085376739502,
    "14": 11.73398208618164,
    "15": 9.627230644226074,
    "16": 9.943913459777832,
    "17": 9.29149341583252,
    "18": 10.684473991394043,
    "19": 9.008414268493652,
    "20": 9.630810737609863,
    "21": 0.8946747183799744,
    "22": 6.069234848022461,
    "23": 7.394691467285156,
    "24": 9.217825889587402,
    "25": 9.465263366699219,
    "26": 7.410972595214844,
    "27": 0.9867764711380005,
    "28": 9.108612060546875,
    "29": 1.0352261066436768,
    "30": 7.493515968322754,
    "31": 1.0006822347640991,
    "32": 9.23755168914795
  },
  "probe_type": "mlp",
  "probe_hidden_size": [
    8
  ],