{
  "config": {
    "model_short": "llama",
    "task_name": "somo",
    "dataset": {
      "train": "cache/llama/somo_train/",
      "test": "cache/llama/somo_test/"
    },
    "mdl": {
      "batch_size": 64,
      "probe_type": "mlp",
      "probe_hidden_size": [
        1448
      ],
      "num_classes": 2,
      "init_strategy": "gamma_second_zero",
      "init_gamma": 1.2,
      "optimizer": "adamw",
      "train_epochs": 10,
      "lr": 0.001,
      "seed": 142,
      "early_stopping_gap": 3,
      "split_num": 5,
      "split_ratio": 2.0
    },
    "out_dir": "init_results/llama/somo/hidden-1448/seed-142/strategy-gamma_second_zero/gamma-1.2/opt-adamw/2026-04-25_03-30-10"
  },
  "train_meta": {
    "dataset": "compling/somo",
    "split": "train",
    "text_col": "text",
    "model": "meta-llama/Meta-Llama-3.1-8B",
    "max_len": 64,
    "hidden_size": 4096,
    "num_hidden_layers": 32,
    "num_states": 33,
    "memmap_file": "last_token_hidden_states.memmap",
    "dtype": "float32",
    "shape": [
      15000,
      33,
      4096
    ]
  },
  "test_meta": {
    "dataset": "compling/somo",
    "split": "test",
    "text_col": "text",
    "model": "meta-llama/Meta-Llama-3.1-8B",
    "max_len": 64,
    "hidden_size": 4096,
    "num_hidden_layers": 32,
    "num_states": 33,
    "memmap_file": "last_token_hidden_states.memmap",
    "dtype": "float32",
    "shape": [
      10000,
      33,
      4096
    ]
  },
  "splits": [
    484,
    968,
    1936,
    3872,
    7740
  ],
  "mdl_sum_ce": {
    "0": 10059.704418182373,
    "1": 10059.948184967041,
    "2": 10056.726099967957,
    "3": 10012.683327198029,
    "4": 9741.049622058868,
    "5": 9487.594020843506,
    "6": 9433.340908527374,
    "7": 9249.790602207184,
    "8": 8915.402380943298,
    "9": 8559.28175497055,
    "10": 8129.819550037384,
    "11": 8114.8312339782715,
    "12": 8106.174252510071,
    "13": 8159.2429847717285,
    "14": 8233.834292411804,
    "15": 8340.511793136597,
    "16": 8399.08246421814,
    "17": 8440.619004249573,
    "18": 8527.970783233643,
    "19": 8737.40308713913,
    "20": 8630.492774963379,
    "21": 8703.23027229309,
    "22": 8717.09893989563,
    "23": 8771.756673336029,
    "24": 8875.610542297363,
    "25": 8814.01513671875,
    "26": 8867.549069404602,
    "27": 8890.0394115448,
    "28": 8942.65285396576,
    "29": 8908.57000541687,
    "30": 8956.250236988068,
    "31": 8903.825728416443,
    "32": 8988.279288291931
  },
  "mdl_nll": {
    "0": 0.693008019990519,
    "1": 0.6930248129627337,
    "2": 0.6928028451341938,
    "3": 0.6897687604848463,
    "4": 0.6710560500178333,
    "5": 0.6535956200636198,
    "6": 0.6498581502154432,
    "7": 0.6372134611605941,
    "8": 0.6141776233771906,
    "9": 0.5896446510726474,
    "10": 0.5600592139733662,
    "11": 0.5590266763556263,
    "12": 0.5584303012200379,
    "13": 0.5620861797169833,
    "14": 0.5672247376971483,
    "15": 0.5745736975156102,
    "16": 0.5786086018337103,
    "17": 0.5814700333597116,
    "18": 0.5874876538463518,
    "19": 0.6019153408059472,
    "20": 0.5945503427227459,
    "21": 0.5995611926352363,
    "22": 0.6005165982292388,
    "23": 0.6042819422248573,
    "24": 0.6114363834594491,
    "25": 0.6071931066904622,
    "26": 0.610881032612607,
    "27": 0.6124303810653623,
    "28": 0.6160548948722623,
    "29": 0.6137069444348905,
    "30": 0.6169916118068385,
    "31": 0.6133801135585866,
    "32": 0.6191980771763523
  },
  "stopping_epochs_per_stage": {
    "0": [
      1,
      4,
      4,
      1
    ],
    "1": [
      1,
      2,
      2,
      1
    ],
    "2": [
      1,
      2,
      6,
      5
    ],
    "3": [
      1,
      2,
      8,
      9
    ],
    "4": [
      7,
      4,
      6,
      6
    ],
    "5": [
      9,
      10,
      9,
      6
    ],
    "6": [
      6,
      7,
      6,
      6
    ],
    "7": [
      7,
      2,
      8,
      6
    ],
    "8": [
      2,
      7,
      6,
      4
    ],
    "9": [
      3,
      5,
      3,
      3
    ],
    "10": [
      2,
      5,
      3,
      5
    ],
    "11": [
      4,
      5,
      6,
      3
    ],
    "12": [
      3,
      8,
      3,
      3
    ],
    "13": [
      3,
      7,
      6,
      5
    ],
    "14": [
      6,
      6,
      4,
      4
    ],
    "15": [
      7,
      3,
      4,
      6
    ],
    "16": [
      3,
      7,
      4,
      2
    ],
    "17": [
      3,
      7,
      2,
      4
    ],
    "18": [
      1,
      6,
      5,
      3
    ],
    "19": [
      4,
      5,
      3,
      4
    ],
    "20": [
      5,
      4,
      2,
      6
    ],
    "21": [
      1,
      7,
      7,
      5
    ],
    "22": [
      6,
      4,
      5,
      8
    ],
    "23": [
      2,
      6,
      7,
      3
    ],
    "24": [
      4,
      4,
      5,
      3
    ],
    "25": [
      4,
      5,
      6,
      6
    ],
    "26": [
      2,
      3,
      4,
      4
    ],
    "27": [
      4,
      4,
      5,
      5
    ],
    "28": [
      4,
      6,
      5,
      6
    ],
    "29": [
      2,
      4,
      3,
      3
    ],
    "30": [
      1,
      4,
      5,
      4
    ],
    "31": [
      4,
      4,
      6,
      5
    ],
    "32": [
      1,
      5,
      5,
      4
    ]
  },
  "test_acc": {
    "0": 0.4982,
    "1": 0.4964,
    "2": 0.5267,
    "3": 0.5413,
    "4": 0.6084,
    "5": 0.6143,
    "6": 0.6323,
    "7": 0.6336,
    "8": 0.6909,
    "9": 0.6855,
    "10": 0.6814,
    "11": 0.7239,
    "12": 0.6965,
    "13": 0.7257,
    "14": 0.6983,
    "15": 0.7261,
    "16": 0.7236,
    "17": 0.6785,
    "18": 0.7203,
    "19": 0.7137,
    "20": 0.7097,
    "21": 0.7039,
    "22": 0.6967,
    "23": 0.7109,
    "24": 0.7062,
    "25": 0.7028,
    "26": 0.7045,
    "27": 0.6968,
    "28": 0.6578,
    "29": 0.681,
    "30": 0.6769,
    "31": 0.677,
    "32": 0.6896
  },
  "test_loss": {
    "0": 0.6932485792160035,
    "1": 0.6938860440254211,
    "2": 0.6931817544937133,
    "3": 0.689930128288269,
    "4": 0.6593638086318969,
    "5": 0.6727524568557739,
    "6": 0.645393310546875,
    "7": 0.6459105960845948,
    "8": 0.5929861177444458,
    "9": 0.6225885698318482,
    "10": 0.6249309775352478,
    "11": 0.5706165606498719,
    "12": 0.6075526059150695,
    "13": 0.5824712889194489,
    "14": 0.6117321373939514,
    "15": 0.5646147625923157,
    "16": 0.5912400638103485,
    "17": 0.603624005317688,
    "18": 0.559736594581604,
    "19": 0.5688053944587708,
    "20": 0.5756940446853638,
    "21": 0.5805180209636688,
    "22": 0.5795882286071777,
    "23": 0.5862196542263031,
    "24": 0.5833021831512452,
    "25": 0.6078804977416992,
    "26": 0.5833580112457275,
    "27": 0.5955658279418945,
    "28": 0.6309971024513245,
    "29": 0.6023302879333496,
    "30": 0.6507145421981811,
    "31": 0.6347893239021302,
    "32": 0.5984309572219849
  },
  "drift_final_total_l2": {
    "0": 11.97575855255127,
    "1": 21.872398376464844,
    "2": 25.840299606323242,
    "3": 22.635560989379883,
    "4": 27.181379318237305,
    "5": 35.67012405395508,
    "6": 40.70381546020508,
    "7": 48.18741989135742,
    "8": 33.27404022216797,
    "9": 68.56674194335938,
    "10": 51.47982406616211,
    "11": 59.80607604980469,
    "12": 54.101112365722656,
    "13": 60.66289138793945,
    "14": 49.60149383544922,
    "15": 45.52463150024414,
    "16": 54.39349365234375,
    "17": 28.39509391784668,
    "18": 40.87617111206055,
    "19": 46.958805084228516,
    "20": 24.995588302612305,
    "21": 25.678510665893555,
    "22": 31.925922393798828,
    "23": 29.551122665405273,
    "24": 40.02781295776367,
    "25": 38.17443084716797,
    "26": 29.666637420654297,
    "27": 28.155765533447266,
    "28": 37.136863708496094,
    "29": 31.21010398864746,
    "30": 24.72587013244629,
    "31": 22.787702560424805,
    "32": 24.452266693115234
  },
  "probe_type": "mlp",
  "probe_hidden_size": [
    1448
  ],
  "init_strategy": "gamma_second_zero",
  "init_gamma": 1.2,