{
  "config": {
    "model_short": "llama",
    "task_name": "somo",
    "dataset": {
      "train": "cache/llama/somo_train/",
      "test": "cache/llama/somo_test/"
    },
    "mdl": {
      "batch_size": 64,
      "probe_type": "mlp",
      "probe_hidden_size": [
        128
      ],
      "num_classes": 2,
      "init_strategy": "gamma",
      "init_gamma": 0.5,
      "optimizer": "adamw",
      "train_epochs": 10,
      "lr": 0.001,
      "seed": 142,
      "early_stopping_gap": 3,
      "split_num": 5,
      "split_ratio": 2.0
    },
    "out_dir": "init_results/llama/somo/hidden-128/seed-142/strategy-gamma/gamma-0.5/opt-adamw/2026-04-22_02-20-24"
  },
  "train_meta": {
    "dataset": "compling/somo",
    "split": "train",
    "text_col": "text",
    "model": "meta-llama/Meta-Llama-3.1-8B",
    "max_len": 64,
    "hidden_size": 4096,
    "num_hidden_layers": 32,
    "num_states": 33,
    "memmap_file": "last_token_hidden_states.memmap",
    "dtype": "float32",
    "shape": [
      15000,
      33,
      4096
    ]
  },
  "test_meta": {
    "dataset": "compling/somo",
    "split": "test",
    "text_col": "text",
    "model": "meta-llama/Meta-Llama-3.1-8B",
    "max_len": 64,
    "hidden_size": 4096,
    "num_hidden_layers": 32,
    "num_states": 33,
    "memmap_file": "last_token_hidden_states.memmap",
    "dtype": "float32",
    "shape": [
      10000,
      33,
      4096
    ]
  },
  "splits": [
    484,
    968,
    1936,
    3872,
    7740
  ],
  "mdl_sum_ce": {
    "0": 10060.026646137238,
    "1": 10060.925591468811,
    "2": 10060.88275051117,
    "3": 10012.376662254333,
    "4": 9720.532282829285,
    "5": 9512.124546051025,
    "6": 9404.308895587921,
    "7": 9196.648541927338,
    "8": 8856.542870521545,
    "9": 8544.69507265091,
    "10": 8114.395080566406,
    "11": 8158.423477172852,
    "12": 8153.254826068878,
    "13": 8157.047507762909,
    "14": 8274.251874923706,
    "15": 8302.437526226044,
    "16": 8367.078042984009,
    "17": 8454.485954284668,
    "18": 8509.503070831299,
    "19": 8566.07849407196,
    "20": 8643.681453704834,
    "21": 8630.080324172974,
    "22": 8635.826871395111,
    "23": 8766.951807022095,
    "24": 8922.986629009247,
    "25": 8803.024520874023,
    "26": 8856.66815662384,
    "27": 8860.67069196701,
    "28": 8843.433292388916,
    "29": 8888.292763233185,
    "30": 8918.729423999786,
    "31": 8811.769966125488,
    "32": 9049.531532287598
  },
  "mdl_nll": {
    "0": 0.6930302181136152,
    "1": 0.6930921460091493,
    "2": 0.6930891947169447,
    "3": 0.6897476344898273,
    "4": 0.6696426207515351,
    "5": 0.6552855157103213,
    "6": 0.6478581493240508,
    "7": 0.6335525311330489,
    "8": 0.6101228210610048,
    "9": 0.5886397818029009,
    "10": 0.5589966299646187,
    "11": 0.5620297242472342,
    "12": 0.5616736584505978,
    "13": 0.5619349344008617,
    "14": 0.5700090847977202,
    "15": 0.5719507802580631,
    "16": 0.5764038332174158,
    "17": 0.5824253206313494,
    "18": 0.5862154223499103,
    "19": 0.590112875039402,
    "20": 0.5954589042232594,
    "21": 0.5945219291935088,
    "22": 0.594917805965494,
    "23": 0.6039509373809655,
    "24": 0.6147000984437343,
    "25": 0.6064359686465984,
    "26": 0.6101314519581041,
    "27": 0.6104071846215907,
    "28": 0.609219708761981,
    "29": 0.6123100553343335,
    "30": 0.6144068217139561,
    "31": 0.6070384380080938,
    "32": 0.6234177137150453
  },
  "stopping_epochs_per_stage": {
    "0": [
      1,
      3,
      1,
      2
    ],
    "1": [
      1,
      2,
      3,
      4
    ],
    "2": [
      1,
      1,
      2,
      1
    ],
    "3": [
      2,
      1,
      9,
      7
    ],
    "4": [
      3,
      1,
      10,
      9
    ],
    "5": [
      1,
      10,
      9,
      5
    ],
    "6": [
      7,
      8,
      9,
      8
    ],
    "7": [
      8,
      5,
      8,
      6
    ],
    "8": [
      6,
      5,
      8,
      6
    ],
    "9": [
      5,
      5,
      7,
      5
    ],
    "10": [
      10,
      6,
      5,
      3
    ],
    "11": [
      8,
      5,
      5,
      3
    ],
    "12": [
      7,
      7,
      4,
      5
    ],
    "13": [
      7,
      6,
      2,
      3
    ],
    "14": [
      4,
      8,
      6,
      3
    ],
    "15": [
      6,
      9,
      5,
      6
    ],
    "16": [
      8,
      6,
      4,
      4
    ],
    "17": [
      8,
      7,
      5,
      7
    ],
    "18": [
      10,
      4,
      4,
      6
    ],
    "19": [
      10,
      10,
      8,
      4
    ],
    "20": [
      5,
      9,
      4,
      7
    ],
    "21": [
      10,
      10,
      8,
      5
    ],
    "22": [
      9,
      8,
      6,
      4
    ],
    "23": [
      2,
      9,
      6,
      5
    ],
    "24": [
      7,
      8,
      7,
      3
    ],
    "25": [
      3,
      6,
      4,
      7
    ],
    "26": [
      2,
      8,
      8,
      5
    ],
    "27": [
      7,
      8,
      6,
      2
    ],
    "28": [
      5,
      5,
      4,
      9
    ],
    "29": [
      7,
      8,
      5,
      6
    ],
    "30": [
      3,
      7,
      3,
      5
    ],
    "31": [
      9,
      9,
      6,
      5
    ],
    "32": [
      8,
      9,
      9,
      10
    ]
  },
  "test_acc": {
    "0": 0.5013,
    "1": 0.5025,
    "2": 0.5287,
    "3": 0.5376,
    "4": 0.6066,
    "5": 0.6349,
    "6": 0.6448,
    "7": 0.6652,
    "8": 0.6805,
    "9": 0.7102,
    "10": 0.709,
    "11": 0.7285,
    "12": 0.7292,
    "13": 0.7287,
    "14": 0.6716,
    "15": 0.729,
    "16": 0.7267,
    "17": 0.7125,
    "18": 0.7249,
    "19": 0.7198,
    "20": 0.7084,
    "21": 0.7136,
    "22": 0.6982,
    "23": 0.7014,
    "24": 0.7004,
    "25": 0.701,
    "26": 0.6612,
    "27": 0.6919,
    "28": 0.6909,
    "29": 0.6569,
    "30": 0.68,
    "31": 0.6987,
    "32": 0.6738
  },
  "test_loss": {
    "0": 0.6931879083633423,
    "1": 0.6932213819503784,
    "2": 0.6920343173980713,
    "3": 0.6950550872802734,
    "4": 0.6622605794906616,
    "5": 0.6399499608993531,
    "6": 0.6335609240531921,
    "7": 0.6155273811340332,
    "8": 0.6054779974937439,
    "9": 0.5756027658462525,
    "10": 0.5850672638893127,
    "11": 0.5551854984760285,
    "12": 0.5493242203712463,
    "13": 0.5473652979850769,
    "14": 0.6346832662582398,
    "15": 0.5540562555789947,
    "16": 0.5540137946128845,
    "17": 0.571127522277832,
    "18": 0.5649516494274139,
    "19": 0.5596172843456269,
    "20": 0.5886687636375427,
    "21": 0.5658957988739014,
    "22": 0.5891376887321472,
    "23": 0.5837334387779236,
    "24": 0.5823459012031555,
    "25": 0.5787080072402954,
    "26": 0.6376351142883301,
    "27": 0.5996371297836304,
    "28": 0.6010110912799835,
    "29": 0.6567666141033173,
    "30": 0.6485008696556092,
    "31": 0.588767516040802,
    "32": 0.6066251621246338
  },
  "drift_final_total_l2": {
    "0": 4.451014041900635,
    "1": 7.289036273956299,
    "2": 15.826333045959473,
    "3": 18.680238723754883,
    "4": 20.073017120361328,
    "5": 24.212810516357422,
    "6": 21.746200561523438,
    "7": 25.503501892089844,
    "8": 25.92258071899414,
    "9": 23.681318283081055,
    "10": 25.89071273803711,
    "11": 27.413354873657227,
    "12": 25.2059268951416,
    "13": 26.586172103881836,
    "14": 26.19088363647461,
    "15": 25.315641403198242,
    "16": 25.609275817871094,
    "17": 18.580080032348633,
    "18": 22.371143341064453,
    "19": 16.468461990356445,
    "20": 19.594097137451172,
    "21": 18.705610275268555,
    "22": 21.061153411865234,
    "23": 14.856189727783203,
    "24": 16.00395393371582,
    "25": 11.784947395324707,
    "26": 13.509963989257812,
    "27": 14.863510131835938,
    "28": 13.3671236038208,
    "29": 10.736163139343262,
    "30": 14.235495567321777,
    "31": 7.9996819496154785,
    "32": 7.399337291717529
  },
  "probe_type": "mlp",
  "probe_hidden_size": [
    128
  ],
  "init_strategy": "gamma",
  "init_gamma": 0.5,
  "effective_lr": 0.001,