{
  "config": {
    "model_short": "llama",
    "task_name": "somo",
    "dataset": {
      "train": "cache/llama/somo_train/",
      "test": "cache/llama/somo_test/"
    },
    "mdl": {
      "batch_size": 64,
      "probe_type": "mlp",
      "probe_hidden_size": [
        32
      ],
      "num_classes": 2,
      "init_strategy": "gamma",
      "init_gamma": 2.0,
      "optimizer": "adamw",
      "train_epochs": 10,
      "lr": 0.001,
      "seed": 342,
      "early_stopping_gap": 3,
      "split_num": 5,
      "split_ratio": 2.0
    },
    "out_dir": "init_results/llama/somo/hidden-32/seed-342/strategy-gamma/gamma-2.0/opt-adamw/2026-04-22_04-27-32"
  },
  "train_meta": {
    "dataset": "compling/somo",
    "split": "train",
    "text_col": "text",
    "model": "meta-llama/Meta-Llama-3.1-8B",
    "max_len": 64,
    "hidden_size": 4096,
    "num_hidden_layers": 32,
    "num_states": 33,
    "memmap_file": "last_token_hidden_states.memmap",
    "dtype": "float32",
    "shape": [
      15000,
      33,
      4096
    ]
  },
  "test_meta": {
    "dataset": "compling/somo",
    "split": "test",
    "text_col": "text",
    "model": "meta-llama/Meta-Llama-3.1-8B",
    "max_len": 64,
    "hidden_size": 4096,
    "num_hidden_layers": 32,
    "num_states": 33,
    "memmap_file": "last_token_hidden_states.memmap",
    "dtype": "float32",
    "shape": [
      10000,
      33,
      4096
    ]
  },
  "splits": [
    484,
    968,
    1936,
    3872,
    7740
  ],
  "mdl_sum_ce": {
    "0": 10060.905522346497,
    "1": 10060.782888412476,
    "2": 10060.718584060669,
    "3": 10032.965306282043,
    "4": 9837.91089296341,
    "5": 9888.128211975098,
    "6": 9589.358665466309,
    "7": 9330.031291484833,
    "8": 9668.934213638306,
    "9": 8479.673893928528,
    "10": 8071.1572551727295,
    "11": 8101.983288764954,
    "12": 8126.125533103943,
    "13": 8173.2410707473755,
    "14": 8222.842413902283,
    "15": 8259.592785358429,
    "16": 8300.408877372742,
    "17": 8492.924660205841,
    "18": 8472.304430007935,
    "19": 8551.19086265564,
    "20": 8617.406971931458,
    "21": 8722.950115680695,
    "22": 8741.838657855988,
    "23": 8759.112296104431,
    "24": 8758.34497642517,
    "25": 8773.939081668854,
    "26": 8724.223129272461,
    "27": 8799.671105861664,
    "28": 8709.676706790924,
    "29": 8883.230927944183,
    "30": 8865.688501358032,
    "31": 8728.020229816437,
    "32": 8881.066127300262
  },
  "mdl_nll": {
    "0": 0.6930907634573227,
    "1": 0.6930823152667729,
    "2": 0.6930778853720494,
    "3": 0.6911659759081044,
    "4": 0.6777287746599208,
    "5": 0.6811882207202464,
    "6": 0.6606061356755517,
    "7": 0.642741202224086,
    "8": 0.666088055500021,
    "9": 0.5841605052306784,
    "10": 0.5560179977385457,
    "11": 0.5581415878179219,
    "12": 0.5598047349892493,
    "13": 0.5630505008781603,
    "14": 0.5664675126689366,
    "15": 0.5689992274289356,
    "16": 0.571811027650368,
    "17": 0.5850733439105705,
    "18": 0.5836528265367825,
    "19": 0.5890872735364866,
    "20": 0.5936488682785518,
    "21": 0.6009196828107395,
    "22": 0.6022209050603463,
    "23": 0.603410877383882,
    "24": 0.6033580171138861,
    "25": 0.6044322872464076,
    "26": 0.601007380082148,
    "27": 0.6062049535589462,
    "28": 0.6000052842925685,
    "29": 0.6119613480259151,
    "30": 0.6107528590078556,
    "31": 0.6012689604447807,
    "32": 0.6118122159892713
  },
  "stopping_epochs_per_stage": {
    "0": [
      4,
      1,
      1,
      3
    ],
    "1": [
      3,
      1,
      2,
      6
    ],
    "2": [
      3,
      1,
      1,
      2
    ],
    "3": [
      6,
      1,
      10,
      9
    ],
    "4": [
      4,
      1,
      1,
      8
    ],
    "5": [
      4,
      9,
      10,
      4
    ],
    "6": [
      9,
      10,
      1,
      9
    ],
    "7": [
      5,
      1,
      6,
      9
    ],
    "8": [
      10,
      10,
      10,
      4
    ],
    "9": [
      10,
      10,
      9,
      7
    ],
    "10": [
      10,
      8,
      6,
      7
    ],
    "11": [
      10,
      9,
      10,
      5
    ],
    "12": [
      10,
      9,
      6,
      9
    ],
    "13": [
      10,
      10,
      8,
      8
    ],
    "14": [
      9,
      9,
      7,
      5
    ],
    "15": [
      9,
      10,
      10,
      8
    ],
    "16": [
      10,
      9,
      7,
      6
    ],
    "17": [
      8,
      10,
      8,
      10
    ],
    "18": [
      10,
      9,
      9,
      10
    ],
    "19": [
      9,
      8,
      7,
      6
    ],
    "20": [
      10,
      7,
      7,
      10
    ],
    "21": [
      10,
      10,
      3,
      4
    ],
    "22": [
      7,
      8,
      4,
      10
    ],
    "23": [
      9,
      10,
      10,
      3
    ],
    "24": [
      7,
      10,
      8,
      10
    ],
    "25": [
      5,
      8,
      8,
      7
    ],
    "26": [
      5,
      10,
      8,
      9
    ],
    "27": [
      8,
      9,
      10,
      4
    ],
    "28": [
      6,
      8,
      4,
      4
    ],
    "29": [
      8,
      10,
      9,
      10
    ],
    "30": [
      4,
      7,
      6,
      7
    ],
    "31": [
      5,
      5,
      4,
      4
    ],
    "32": [
      5,
      8,
      6,
      8
    ]
  },
  "test_acc": {
    "0": 0.5013,
    "1": 0.5013,
    "2": 0.5235,
    "3": 0.5013,
    "4": 0.6082,
    "5": 0.6156,
    "6": 0.6458,
    "7": 0.6683,
    "8": 0.6904,
    "9": 0.7092,
    "10": 0.7284,
    "11": 0.7319,
    "12": 0.7328,
    "13": 0.7317,
    "14": 0.7362,
    "15": 0.7271,
    "16": 0.73,
    "17": 0.7126,
    "18": 0.6861,
    "19": 0.713,
    "20": 0.7229,
    "21": 0.6869,
    "22": 0.7132,
    "23": 0.7075,
    "24": 0.7054,
    "25": 0.6736,
    "26": 0.7085,
    "27": 0.7057,
    "28": 0.6843,
    "29": 0.6999,
    "30": 0.6986,
    "31": 0.7042,
    "32": 0.6642
  },
  "test_loss": {
    "0": 0.6931725337028504,
    "1": 0.6931595073699951,
    "2": 0.6918649538040161,
    "3": 0.6931843563079834,
    "4": 0.6585612907409668,
    "5": 0.6522143379211426,
    "6": 0.6323875168800354,
    "7": 0.6138626289367676,
    "8": 0.5904021306037903,
    "9": 0.5709380455970764,
    "10": 0.5459238330364228,
    "11": 0.5458276075839996,
    "12": 0.5387667914867401,
    "13": 0.5363604290008545,
    "14": 0.5342725670814514,
    "15": 0.5421417142391205,
    "16": 0.5470758621692657,
    "17": 0.5578662956237793,
    "18": 0.6060323858261109,
    "19": 0.5682860142707825,
    "20": 0.5529710544109344,
    "21": 0.6104022546291351,
    "22": 0.5646325202465058,
    "23": 0.5707462960720062,
    "24": 0.573799259853363,
    "25": 0.6054534113883973,
    "26": 0.574264421081543,
    "27": 0.5756323461532593,
    "28": 0.613494588470459,
    "29": 0.5876256887435913,
    "30": 0.5849272576332092,
    "31": 0.5714106924057006,
    "32": 0.6340905983924866
  },
  "drift_final_total_l2": {
    "0": 1.6107808351516724,
    "1": 1.9128530025482178,
    "2": 7.579428195953369,
    "3": 2.3779454231262207,
    "4": 16.805509567260742,
    "5": 8.617431640625,
    "6": 9.657222747802734,
    "7": 13.118660926818848,
    "8": 16.97079849243164,
    "9": 15.731600761413574,
    "10": 14.859171867370605,
    "11": 19.616748809814453,
    "12": 16.692543029785156,
    "13": 11.465916633605957,
    "14": 13.062873840332031,
    "15": 13.451869010925293,
    "16": 13.249086380004883,
    "17": 13.874347686767578,
    "18": 13.406790733337402,
    "19": 12.555021286010742,
    "20": 13.829736709594727,
    "21": 10.464502334594727,
    "22": 7.273341178894043,
    "23": 8.27696418762207,
    "24": 10.747213363647461,
    "25": 11.719924926757812,
    "26": 12.877126693725586,
    "27": 6.3704376220703125,
    "28": 11.528563499450684,
    "29": 11.836543083190918,
    "30": 12.186612129211426,
    "31": 7.0340800285339355,
    "32": 10.993823051452637
  },
  "probe_type": "mlp",
  "probe_hidden_size": [
    32
  ],
  "init_strategy": "gamma",
  "init_gamma": 2.0,