{
  "config": {
    "model_short": "llama",
    "task_name": "somo",
    "dataset": {
      "train": "cache/llama/somo_train/",
      "test": "cache/llama/somo_test/"
    },
    "mdl": {
      "batch_size": 64,
      "probe_type": "mlp",
      "probe_hidden_size": [
        128
      ],
      "num_classes": 2,
      "init_strategy": "gamma",
      "init_gamma": 0.7,
      "optimizer": "adamw",
      "train_epochs": 10,
      "lr": 0.001,
      "seed": 42,
      "early_stopping_gap": 3,
      "split_num": 5,
      "split_ratio": 2.0
    },
    "out_dir": "init_results/llama/somo/hidden-128/seed-42/strategy-gamma/gamma-0.7/opt-adamw/2026-04-22_02-42-19"
  },
  "train_meta": {
    "dataset": "compling/somo",
    "split": "train",
    "text_col": "text",
    "model": "meta-llama/Meta-Llama-3.1-8B",
    "max_len": 64,
    "hidden_size": 4096,
    "num_hidden_layers": 32,
    "num_states": 33,
    "memmap_file": "last_token_hidden_states.memmap",
    "dtype": "float32",
    "shape": [
      15000,
      33,
      4096
    ]
  },
  "test_meta": {
    "dataset": "compling/somo",
    "split": "test",
    "text_col": "text",
    "model": "meta-llama/Meta-Llama-3.1-8B",
    "max_len": 64,
    "hidden_size": 4096,
    "num_hidden_layers": 32,
    "num_states": 33,
    "memmap_file": "last_token_hidden_states.memmap",
    "dtype": "float32",
    "shape": [
      10000,
      33,
      4096
    ]
  },
  "splits": [
    484,
    968,
    1936,
    3872,
    7740
  ],
  "mdl_sum_ce": {
    "0": 10061.671905994415,
    "1": 10062.216386795044,
    "2": 10057.558443069458,
    "3": 10043.879142284393,
    "4": 9757.772570610046,
    "5": 9527.534823417664,
    "6": 9397.328246593475,
    "7": 9398.046894550323,
    "8": 8875.817465782166,
    "9": 8518.956203460693,
    "10": 8122.779780387878,
    "11": 8077.323019504547,
    "12": 8066.850799560547,
    "13": 8107.459840774536,
    "14": 8195.648244857788,
    "15": 8302.26752281189,
    "16": 8330.812370300293,
    "17": 8364.56990814209,
    "18": 8441.712168216705,
    "19": 8507.467767715454,
    "20": 8608.719480991364,
    "21": 8629.738490104675,
    "22": 8608.858963012695,
    "23": 8717.369260311127,
    "24": 8793.444398880005,
    "25": 8764.189684867859,
    "26": 8750.46743774414,
    "27": 8835.244473934174,
    "28": 8744.497414112091,
    "29": 8829.851571559906,
    "30": 8790.895466804504,
    "31": 8756.693500995636,
    "32": 8925.11727142334
  },
  "mdl_nll": {
    "0": 0.6931435592445864,
    "1": 0.6931810682553764,
    "2": 0.6928601848353168,
    "3": 0.6919178246269215,
    "4": 0.6722080856027863,
    "5": 0.6563471220320793,
    "6": 0.6473772558964919,
    "7": 0.6474267631958063,
    "8": 0.6114506383151119,
    "9": 0.586866643941905,
    "10": 0.5595742477533672,
    "11": 0.556442754168128,
    "12": 0.5557213281593102,
    "13": 0.558518864754377,
    "14": 0.5645941199268247,
    "15": 0.5719390688076529,
    "16": 0.5739055091141012,
    "17": 0.5762310490591134,
    "18": 0.5815453408801808,
    "19": 0.5860752113333876,
    "20": 0.5930503913606616,
    "21": 0.5944983804150369,
    "22": 0.5930600002075431,
    "23": 0.6005352204678374,
    "24": 0.6057759988206121,
    "25": 0.6037606561633961,
    "26": 0.6028153374031511,
    "27": 0.6086555851428888,
    "28": 0.602404065452748,
    "29": 0.6082840707880894,
    "30": 0.6056004041612362,
    "31": 0.6032442477952353,
    "32": 0.614846877336962
  },
  "stopping_epochs_per_stage": {
    "0": [
      1,
      2,
      2,
      1
    ],
    "1": [
      2,
      4,
      1,
      5
    ],
    "2": [
      3,
      5,
      4,
      1
    ],
    "3": [
      1,
      8,
      4,
      2
    ],
    "4": [
      8,
      8,
      8,
      8
    ],
    "5": [
      9,
      6,
      6,
      4
    ],
    "6": [
      6,
      8,
      10,
      9
    ],
    "7": [
      9,
      10,
      8,
      3
    ],
    "8": [
      10,
      10,
      8,
      7
    ],
    "9": [
      9,
      10,
      8,
      4
    ],
    "10": [
      9,
      3,
      4,
      5
    ],
    "11": [
      10,
      7,
      5,
      4
    ],
    "12": [
      9,
      7,
      7,
      5
    ],
    "13": [
      7,
      6,
      4,
      6
    ],
    "14": [
      9,
      4,
      3,
      5
    ],
    "15": [
      9,
      5,
      6,
      4
    ],
    "16": [
      8,
      4,
      6,
      5
    ],
    "17": [
      6,
      7,
      5,
      6
    ],
    "18": [
      6,
      7,
      6,
      5
    ],
    "19": [
      8,
      7,
      3,
      5
    ],
    "20": [
      5,
      8,
      3,
      7
    ],
    "21": [
      2,
      10,
      6,
      5
    ],
    "22": [
      6,
      8,
      3,
      6
    ],
    "23": [
      9,
      7,
      5,
      4
    ],
    "24": [
      7,
      4,
      9,
      4
    ],
    "25": [
      7,
      5,
      5,
      9
    ],
    "26": [
      3,
      3,
      5,
      5
    ],
    "27": [
      2,
      5,
      3,
      7
    ],
    "28": [
      8,
      7,
      5,
      5
    ],
    "29": [
      2,
      9,
      2,
      4
    ],
    "30": [
      2,
      7,
      4,
      4
    ],
    "31": [
      6,
      8,
      5,
      7
    ],
    "32": [
      6,
      10,
      5,
      10
    ]
  },
  "test_acc": {
    "0": 0.5049,
    "1": 0.5052,
    "2": 0.5203,
    "3": 0.5456,
    "4": 0.5918,
    "5": 0.6408,
    "6": 0.6547,
    "7": 0.6406,
    "8": 0.6852,
    "9": 0.6993,
    "10": 0.7229,
    "11": 0.6978,
    "12": 0.7191,
    "13": 0.7271,
    "14": 0.728,
    "15": 0.7241,
    "16": 0.7048,
    "17": 0.726,
    "18": 0.7219,
    "19": 0.7189,
    "20": 0.7191,
    "21": 0.7122,
    "22": 0.7083,
    "23": 0.7073,
    "24": 0.6816,
    "25": 0.6913,
    "26": 0.6843,
    "27": 0.7031,
    "28": 0.6783,
    "29": 0.6788,
    "30": 0.6969,
    "31": 0.6921,
    "32": 0.6801
  },
  "test_loss": {
    "0": 0.693135989189148,
    "1": 0.6931295729637146,
    "2": 0.6945003950119019,
    "3": 0.6872268411636353,
    "4": 0.6710755253791809,
    "5": 0.6345928915023804,
    "6": 0.6267779229164123,
    "7": 0.6452517091751099,
    "8": 0.5936575382232666,
    "9": 0.5951861313819885,
    "10": 0.5693643510818481,
    "11": 0.6084104784965515,
    "12": 0.5597333364009858,
    "13": 0.5533052381038666,
    "14": 0.5451761734485626,
    "15": 0.5499050371646881,
    "16": 0.5756668909072876,
    "17": 0.5522208837032319,
    "18": 0.5642895763874054,
    "19": 0.5616239408493042,
    "20": 0.5587279026985168,
    "21": 0.5670632926464081,
    "22": 0.5758780289173127,
    "23": 0.5772933031082154,
    "24": 0.6086973398208618,
    "25": 0.5966598540306092,
    "26": 0.623834935951233,
    "27": 0.5835451208114624,
    "28": 0.6076191350936889,
    "29": 0.6084034167289734,
    "30": 0.5841192620277404,
    "31": 0.5887874820709228,
    "32": 0.5990985348701477
  },
  "drift_final_total_l2": {
    "0": 3.689371347427368,
    "1": 11.55310344696045,
    "2": 12.707319259643555,
    "3": 14.182252883911133,
    "4": 18.326406478881836,
    "5": 16.092992782592773,
    "6": 18.18978500366211,
    "7": 26.13722038269043,
    "8": 19.132211685180664,
    "9": 25.657560348510742,
    "10": 27.98164939880371,
    "11": 29.996095657348633,
    "12": 30.04779815673828,
    "13": 28.983972549438477,
    "14": 28.561738967895508,
    "15": 23.09003448486328,
    "16": 26.076152801513672,
    "17": 17.998517990112305,
    "18": 19.11614227294922,
    "19": 18.762710571289062,
    "20": 20.62407684326172,
    "21": 18.70613670349121,
    "22": 21.985841751098633,
    "23": 19.514490127563477,
    "24": 16.468568801879883,
    "25": 10.85534954071045,
    "26": 19.646120071411133,
    "27": 18.35329246520996,
    "28": 18.43206214904785,
    "29": 11.386094093322754,
    "30": 16.608928680419922,
    "31": 12.211137771606445,
    "32": 9.645767211914062
  },
  "probe_type": "mlp",
  "probe_hidden_size": [
    128
  ],
  "init_strategy": "gamma",
  "init_gamma": 0.7,
  "effective_lr": 0.001,