{
  "config": {
    "model_short": "llama",
    "task_name": "somo",
    "dataset": {
      "train": "cache/llama/somo_train/",
      "test": "cache/llama/somo_test/"
    },
    "mdl": {
      "batch_size": 64,
      "probe_type": "mlp",
      "probe_hidden_size": [
        64
      ],
      "num_classes": 2,
      "init_strategy": "gamma_second_zero",
      "init_gamma": 2.0,
      "optimizer": "adamw",
      "train_epochs": 10,
      "lr": 0.001,
      "seed": 42,
      "early_stopping_gap": 3,
      "split_num": 5,
      "split_ratio": 2.0
    },
    "out_dir": "init_results/llama/somo/hidden-64/seed-42/strategy-gamma_second_zero/gamma-2.0/opt-adamw/2026-04-25_02-48-57"
  },
  "train_meta": {
    "dataset": "compling/somo",
    "split": "train",
    "text_col": "text",
    "model": "meta-llama/Meta-Llama-3.1-8B",
    "max_len": 64,
    "hidden_size": 4096,
    "num_hidden_layers": 32,
    "num_states": 33,
    "memmap_file": "last_token_hidden_states.memmap",
    "dtype": "float32",
    "shape": [
      15000,
      33,
      4096
    ]
  },
  "test_meta": {
    "dataset": "compling/somo",
    "split": "test",
    "text_col": "text",
    "model": "meta-llama/Meta-Llama-3.1-8B",
    "max_len": 64,
    "hidden_size": 4096,
    "num_hidden_layers": 32,
    "num_states": 33,
    "memmap_file": "last_token_hidden_states.memmap",
    "dtype": "float32",
    "shape": [
      10000,
      33,
      4096
    ]
  },
  "splits": [
    484,
    968,
    1936,
    3872,
    7740
  ],
  "mdl_sum_ce": {
    "0": 10061.349499702454,
    "1": 10060.974189281464,
    "2": 10058.770518302917,
    "3": 10051.809678077698,
    "4": 9801.364051818848,
    "5": 9550.029943466187,
    "6": 9541.363790512085,
    "7": 9250.420024871826,
    "8": 9043.030411720276,
    "9": 8509.51520872116,
    "10": 8037.012047767639,
    "11": 8154.396772384644,
    "12": 8260.219680309296,
    "13": 8168.204773426056,
    "14": 8141.97548532486,
    "15": 8219.092430114746,
    "16": 8300.018127441406,
    "17": 8396.396484375,
    "18": 8432.0414352417,
    "19": 8544.3997631073,
    "20": 8558.7417678833,
    "21": 8615.357573509216,
    "22": 8591.45148897171,
    "23": 8704.6595621109,
    "24": 8752.156687736511,
    "25": 8826.438073158264,
    "26": 8754.295677185059,
    "27": 8729.62116241455,
    "28": 8680.383718013763,
    "29": 8746.983804702759,
    "30": 8826.675446510315,
    "31": 8799.24932384491,
    "32": 8859.623142719269
  },
  "mdl_nll": {
    "0": 0.6931213488359365,
    "1": 0.6930954938882242,
    "2": 0.6929436840936152,
    "3": 0.6924641552822883,
    "4": 0.675211081001574,
    "5": 0.6578967996325562,
    "6": 0.6572997926778785,
    "7": 0.6372568217740304,
    "8": 0.6229698547616613,
    "9": 0.5862162585230891,
    "10": 0.5536657514306723,
    "11": 0.5617523265627338,
    "12": 0.5690424139094307,
    "13": 0.5627035528675982,
    "14": 0.5608966302924263,
    "15": 0.566209178156155,
    "16": 0.5717841090824887,
    "17": 0.5784235660219758,
    "18": 0.5808791289089074,
    "19": 0.5886194380757303,
    "20": 0.5896074516315308,
    "21": 0.5935076862434016,
    "22": 0.5918608080030112,
    "23": 0.5996596556979127,
    "24": 0.6029317089925952,
    "25": 0.6080489165857167,
    "26": 0.6030790629088633,
    "27": 0.6013792478929837,
    "28": 0.5979873049058806,
    "29": 0.6025753516604271,
    "30": 0.6080652691175472,
    "31": 0.60617589720618,
    "32": 0.6103350194763895
  },
  "stopping_epochs_per_stage": {
    "0": [
      6,
      1,
      5,
      1
    ],
    "1": [
      1,
      2,
      6,
      2
    ],
    "2": [
      2,
      1,
      1,
      5
    ],
    "3": [
      8,
      9,
      1,
      3
    ],
    "4": [
      2,
      10,
      10,
      9
    ],
    "5": [
      10,
      10,
      9,
      10
    ],
    "6": [
      10,
      1,
      10,
      10
    ],
    "7": [
      10,
      9,
      7,
      10
    ],
    "8": [
      10,
      1,
      9,
      5
    ],
    "9": [
      10,
      10,
      9,
      9
    ],
    "10": [
      10,
      8,
      8,
      9
    ],
    "11": [
      9,
      8,
      4,
      4
    ],
    "12": [
      9,
      10,
      9,
      8
    ],
    "13": [
      9,
      9,
      3,
      4
    ],
    "14": [
      10,
      9,
      5,
      8
    ],
    "15": [
      10,
      4,
      7,
      6
    ],
    "16": [
      9,
      9,
      7,
      5
    ],
    "17": [
      9,
      8,
      7,
      9
    ],
    "18": [
      9,
      6,
      5,
      10
    ],
    "19": [
      10,
      10,
      5,
      6
    ],
    "20": [
      9,
      8,
      9,
      9
    ],
    "21": [
      3,
      10,
      6,
      5
    ],
    "22": [
      6,
      10,
      10,
      8
    ],
    "23": [
      9,
      7,
      10,
      10
    ],
    "24": [
      5,
      7,
      9,
      3
    ],
    "25": [
      3,
      10,
      10,
      4
    ],
    "26": [
      4,
      8,
      4,
      8
    ],
    "27": [
      4,
      10,
      6,
      7
    ],
    "28": [
      3,
      6,
      8,
      6
    ],
    "29": [
      3,
      9,
      10,
      4
    ],
    "30": [
      1,
      7,
      4,
      4
    ],
    "31": [
      5,
      1,
      6,
      7
    ],
    "32": [
      5,
      6,
      6,
      8
    ]
  },
  "test_acc": {
    "0": 0.5013,
    "1": 0.505,
    "2": 0.5218,
    "3": 0.552,
    "4": 0.6028,
    "5": 0.6386,
    "6": 0.6434,
    "7": 0.6677,
    "8": 0.6724,
    "9": 0.6985,
    "10": 0.7211,
    "11": 0.7064,
    "12": 0.7321,
    "13": 0.7328,
    "14": 0.7336,
    "15": 0.7288,
    "16": 0.7216,
    "17": 0.7234,
    "18": 0.7103,
    "19": 0.7224,
    "20": 0.7182,
    "21": 0.7128,
    "22": 0.7063,
    "23": 0.7101,
    "24": 0.7081,
    "25": 0.706,
    "26": 0.7052,
    "27": 0.6968,
    "28": 0.6985,
    "29": 0.6962,
    "30": 0.7022,
    "31": 0.6794,
    "32": 0.6903
  },
  "test_loss": {
    "0": 0.6933075765609741,
    "1": 0.6930761796951294,
    "2": 0.6950466482162475,
    "3": 0.6841128770828248,
    "4": 0.6581554525375366,
    "5": 0.6374286030769348,
    "6": 0.6346359470367432,
    "7": 0.6132337602615356,
    "8": 0.609437106704712,
    "9": 0.5816353002548218,
    "10": 0.5607931579589843,
    "11": 0.5756886686325073,
    "12": 0.5457288678646087,
    "13": 0.5422374109745025,
    "14": 0.5398329176902771,
    "15": 0.5448563774585724,
    "16": 0.5596970267295838,
    "17": 0.5622266751289368,
    "18": 0.5628011536598205,
    "19": 0.5548893572807312,
    "20": 0.5562459268569946,
    "21": 0.5660979771614074,
    "22": 0.5680222836494446,
    "23": 0.575365406036377,
    "24": 0.5681070266723632,
    "25": 0.5725845088005066,
    "26": 0.5789629803657532,
    "27": 0.5909196478843689,
    "28": 0.5919237005233765,
    "29": 0.5824938190460205,
    "30": 0.5819772636413574,
    "31": 0.6118272577285767,
    "32": 0.5821905665397644
  },
  "drift_final_total_l2": {
    "0": 1.887216329574585,
    "1": 8.436053276062012,
    "2": 11.343202590942383,
    "3": 11.94922924041748,
    "4": 12.025055885314941,
    "5": 18.27446174621582,
    "6": 9.198725700378418,
    "7": 16.439390182495117,
    "8": 22.78759002685547,
    "9": 13.95041561126709,
    "10": 24.36663055419922,
    "11": 13.52512264251709,
    "12": 23.564178466796875,
    "13": 23.180377960205078,
    "14": 20.275724411010742,
    "15": 17.229412078857422,
    "16": 15.036760330200195,
    "17": 18.425355911254883,
    "18": 10.88435173034668,
    "19": 15.801000595092773,
    "20": 12.247483253479004,
    "21": 18.89590072631836,
    "22": 12.5678071975708,
    "23": 12.839873313903809,
    "24": 14.279949188232422,
    "25": 11.80639362335205,
    "26": 14.031159400939941,
    "27": 15.087468147277832,
    "28": 16.233503341674805,
    "29": 8.304032325744629,
    "30": 9.838056564331055,
    "31": 7.85518741607666,
    "32": 10.470502853393555
  },
  "probe_type": "mlp",
  "probe_hidden_size": [
    64
  ],
  "init_strategy": "gamma_second_zero",