{
  "config": {
    "model_short": "llama",
    "task_name": "somo",
    "dataset": {
      "train": "cache/llama/somo_train/",
      "test": "cache/llama/somo_test/"
    },
    "mdl": {
      "batch_size": 64,
      "probe_type": "mlp",
      "probe_hidden_size": [
        6
      ],
      "num_classes": 2,
      "init_strategy": "gamma_second_zero",
      "init_gamma": 1.8,
      "optimizer": "adamw",
      "train_epochs": 10,
      "lr": 0.001,
      "seed": 242,
      "early_stopping_gap": 3,
      "split_num": 5,
      "split_ratio": 2.0
    },
    "out_dir": "init_results/llama/somo/hidden-6/seed-242/strategy-gamma_second_zero/gamma-1.8/opt-adamw/2026-04-25_03-20-40"
  },
  "train_meta": {
    "dataset": "compling/somo",
    "split": "train",
    "text_col": "text",
    "model": "meta-llama/Meta-Llama-3.1-8B",
    "max_len": 64,
    "hidden_size": 4096,
    "num_hidden_layers": 32,
    "num_states": 33,
    "memmap_file": "last_token_hidden_states.memmap",
    "dtype": "float32",
    "shape": [
      15000,
      33,
      4096
    ]
  },
  "test_meta": {
    "dataset": "compling/somo",
    "split": "test",
    "text_col": "text",
    "model": "meta-llama/Meta-Llama-3.1-8B",
    "max_len": 64,
    "hidden_size": 4096,
    "num_hidden_layers": 32,
    "num_states": 33,
    "memmap_file": "last_token_hidden_states.memmap",
    "dtype": "float32",
    "shape": [
      10000,
      33,
      4096
    ]
  },
  "splits": [
    484,
    968,
    1936,
    3872,
    7740
  ],
  "mdl_sum_ce": {
    "0": 10060.94023323059,
    "1": 10061.47187614441,
    "2": 10061.61756181717,
    "3": 10060.850551128387,
    "4": 9843.568926811218,
    "5": 9590.881777763367,
    "6": 9924.057698249817,
    "7": 9872.269716739655,
    "8": 9655.699675559998,
    "9": 8829.797382831573,
    "10": 8284.465285301208,
    "11": 8328.705284118652,
    "12": 8579.41252040863,
    "13": 8423.422546863556,
    "14": 9919.610921382904,
    "15": 8356.509406089783,
    "16": 8483.845586776733,
    "17": 8939.277124404907,
    "18": 9592.244470596313,
    "19": 9528.749234199524,
    "20": 8993.215921401978,
    "21": 9504.887546539307,
    "22": 9066.932733535767,
    "23": 9106.509753227234,
    "24": 9316.153402805328,
    "25": 9205.578039169312,
    "26": 9756.297553539276,
    "27": 8771.285145759583,
    "28": 8904.739261627197,
    "29": 8901.963492393494,
    "30": 8919.408860445023,
    "31": 9589.555102348328,
    "32": 9209.323049545288
  },
  "mdl_nll": {
    "0": 0.6930931546728156,
    "1": 0.6931297792879864,
    "2": 0.6931398155013205,
    "3": 0.6930869765175246,
    "4": 0.6781185537896954,
    "5": 0.6607110621220286,
    "6": 0.6836633851095217,
    "7": 0.6800957368930597,
    "8": 0.6651763347726645,
    "9": 0.6082803377536218,
    "10": 0.5707126815445859,
    "11": 0.5737603529979782,
    "12": 0.5910314494632565,
    "13": 0.5802853779872937,
    "14": 0.6833570488690345,
    "15": 0.5756757650929859,
    "16": 0.5844478910703178,
    "17": 0.615822342546494,
    "18": 0.6608049373516336,
    "19": 0.6564307821851422,
    "20": 0.6195381593691084,
    "21": 0.6547869624234849,
    "22": 0.6246164737900087,
    "23": 0.62734291493712,
    "24": 0.6417851613946906,
    "25": 0.6341676797443725,
    "26": 0.6721064724124605,
    "27": 0.604249458925295,
    "28": 0.6134430464058417,
    "29": 0.6132518250477744,
    "30": 0.6144536277517927,
    "31": 0.6606196681143791,
    "32": 0.6344256716413122
  },
  "stopping_epochs_per_stage": {
    "0": [
      10,
      1,
      1,
      6
    ],
    "1": [
      10,
      1,
      1,
      9
    ],
    "2": [
      10,
      1,
      3,
      1
    ],
    "3": [
      7,
      1,
      1,
      5
    ],
    "4": [
      2,
      1,
      10,
      9
    ],
    "5": [
      10,
      10,
      10,
      10
    ],
    "6": [
      10,
      2,
      10,
      10
    ],
    "7": [
      10,
      8,
      10,
      7
    ],
    "8": [
      8,
      1,
      10,
      10
    ],
    "9": [
      10,
      10,
      10,
      10
    ],
    "10": [
      10,
      10,
      10,
      9
    ],
    "11": [
      10,
      10,
      10,
      10
    ],
    "12": [
      10,
      1,
      9,
      8
    ],
    "13": [
      10,
      9,
      10,
      10
    ],
    "14": [
      10,
      10,
      2,
      4
    ],
    "15": [
      10,
      9,
      9,
      10
    ],
    "16": [
      1,
      9,
      10,
      10
    ],
    "17": [
      10,
      10,
      4,
      9
    ],
    "18": [
      10,
      9,
      10,
      10
    ],
    "19": [
      10,
      10,
      10,
      3
    ],
    "20": [
      10,
      9,
      3,
      10
    ],
    "21": [
      10,
      10,
      6,
      3
    ],
    "22": [
      10,
      8,
      1,
      10
    ],
    "23": [
      9,
      10,
      1,
      10
    ],
    "24": [
      2,
      10,
      3,
      9
    ],
    "25": [
      9,
      10,
      4,
      10
    ],
    "26": [
      9,
      1,
      10,
      3
    ],
    "27": [
      10,
      10,
      9,
      6
    ],
    "28": [
      9,
      8,
      10,
      9
    ],
    "29": [
      10,
      9,
      9,
      9
    ],
    "30": [
      9,
      6,
      9,
      8
    ],
    "31": [
      10,
      9,
      10,
      2
    ],
    "32": [
      9,
      1,
      8,
      9
    ]
  },
  "test_acc": {
    "0": 0.5013,
    "1": 0.5013,
    "2": 0.5134,
    "3": 0.5013,
    "4": 0.6086,
    "5": 0.6379,
    "6": 0.6468,
    "7": 0.5013,
    "8": 0.5013,
    "9": 0.7101,
    "10": 0.73,
    "11": 0.5013,
    "12": 0.7292,
    "13": 0.7326,
    "14": 0.7325,
    "15": 0.7306,
    "16": 0.7217,
    "17": 0.7225,
    "18": 0.5013,
    "19": 0.7121,
    "20": 0.7174,
    "21": 0.7096,
    "22": 0.7166,
    "23": 0.7055,
    "24": 0.713,
    "25": 0.7039,
    "26": 0.5013,
    "27": 0.5013,
    "28": 0.7014,
    "29": 0.5013,
    "30": 0.6999,
    "31": 0.6861,
    "32": 0.6836
  },
  "test_loss": {
    "0": 0.6932309122085571,
    "1": 0.6931524295806885,
    "2": 0.6931315483093262,
    "3": 0.6931562932968139,
    "4": 0.6589348886489869,
    "5": 0.6374157663345337,
    "6": 0.6298888555526734,
    "7": 0.6931983787536621,
    "8": 0.69316817111969,
    "9": 0.5722370903015137,
    "10": 0.5430377942085266,
    "11": 0.6931612823486328,
    "12": 0.541490709733963,
    "13": 0.5352866815567017,
    "14": 0.5391940009117127,
    "15": 0.5369265080451965,
    "16": 0.5592451286315918,
    "17": 0.550172531747818,
    "18": 0.6931486711502075,
    "19": 0.5633613141059876,
    "20": 0.5648243782997131,
    "21": 0.5680964146614075,
    "22": 0.5634124251365662,
    "23": 0.5673111909389495,
    "24": 0.5666133424758911,
    "25": 0.5794028241157532,
    "26": 0.6931466207504272,
    "27": 0.6931835200309754,
    "28": 0.5845735656738281,
    "29": 0.6931852750778198,
    "30": 0.5773070766448974,
    "31": 0.6079683370113372,
    "32": 0.6004225903511048
  },
  "drift_final_total_l2": {
    "0": 0.9229563474655151,
    "1": 0.9496155977249146,
    "2": 7.488738536834717,
    "3": 0.7520390748977661,
    "4": 10.273183822631836,
    "5": 9.662253379821777,
    "6": 12.808784484863281,
    "7": 0.7534244656562805,
    "8": 0.8484628796577454,
    "9": 8.159215927124023,
    "10": 9.175122261047363,
    "11": 0.8118594884872437,
    "12": 8.993185997009277,
    "13": 7.709386825561523,
    "14": 11.19371509552002,
    "15": 9.651113510131836,
    "16": 10.596786499023438,
    "17": 9.137465476989746,
    "18": 0.830278217792511,
    "19": 8.077981948852539,
    "20": 9.522809028625488,
    "21": 6.151584148406982,
    "22": 6.107125759124756,
    "23": 7.638256549835205,
    "24": 6.039577484130859,
    "25": 7.226902008056641,
    "26": 1.1737369298934937,
    "27": 0.7812702655792236,
    "28": 5.529837131500244,
    "29": 0.9081681966781616,
    "30": 5.189228534698486,
    "31": 5.2806854248046875,
    "32": 5.786866188049316
  },
  "probe_type": "mlp",
  "probe_hidden_size": [
    6
  ],