{
  "config": {
    "model_short": "llama",
    "task_name": "somo",
    "dataset": {
      "train": "cache/llama/somo_train/",
      "test": "cache/llama/somo_test/"
    },
    "mdl": {
      "batch_size": 64,
      "probe_type": "mlp",
      "probe_hidden_size": [
        724
      ],
      "num_classes": 2,
      "init_strategy": "gamma_second_zero",
      "init_gamma": 1.0,
      "optimizer": "adamw",
      "train_epochs": 10,
      "lr": 0.001,
      "seed": 342,
      "early_stopping_gap": 3,
      "split_num": 5,
      "split_ratio": 2.0
    },
    "out_dir": "init_results/llama/somo/hidden-724/seed-342/strategy-gamma_second_zero/gamma-1.0/opt-adamw/2026-04-25_03-11-06"
  },
  "train_meta": {
    "dataset": "compling/somo",
    "split": "train",
    "text_col": "text",
    "model": "meta-llama/Meta-Llama-3.1-8B",
    "max_len": 64,
    "hidden_size": 4096,
    "num_hidden_layers": 32,
    "num_states": 33,
    "memmap_file": "last_token_hidden_states.memmap",
    "dtype": "float32",
    "shape": [
      15000,
      33,
      4096
    ]
  },
  "test_meta": {
    "dataset": "compling/somo",
    "split": "test",
    "text_col": "text",
    "model": "meta-llama/Meta-Llama-3.1-8B",
    "max_len": 64,
    "hidden_size": 4096,
    "num_hidden_layers": 32,
    "num_states": 33,
    "memmap_file": "last_token_hidden_states.memmap",
    "dtype": "float32",
    "shape": [
      10000,
      33,
      4096
    ]
  },
  "splits": [
    484,
    968,
    1936,
    3872,
    7740
  ],
  "mdl_sum_ce": {
    "0": 10060.24096441269,
    "1": 10060.596745491028,
    "2": 10058.126000404358,
    "3": 10030.815877914429,
    "4": 9769.285970211029,
    "5": 9483.087154388428,
    "6": 9510.923212051392,
    "7": 9235.252809047699,
    "8": 8884.737921714783,
    "9": 8494.054618358612,
    "10": 8116.973703145981,
    "11": 8127.959772109985,
    "12": 8123.156654834747,
    "13": 8081.9574246406555,
    "14": 8172.546275854111,
    "15": 8359.696527957916,
    "16": 8297.659471273422,
    "17": 8503.47709274292,
    "18": 8506.364165306091,
    "19": 8530.99369096756,
    "20": 8578.038101196289,
    "21": 8667.704449176788,
    "22": 8668.002810955048,
    "23": 8718.919657230377,
    "24": 8726.652370929718,
    "25": 8793.68477487564,
    "26": 8799.258848190308,
    "27": 8896.070893764496,
    "28": 8856.42664527893,
    "29": 8842.511209011078,
    "30": 8890.411222457886,
    "31": 8780.270478725433,
    "32": 8970.385516166687
  },
  "mdl_nll": {
    "0": 0.6930449823927176,
    "1": 0.693069491973755,
    "2": 0.6928992835770431,
    "3": 0.6910179028599083,
    "4": 0.673001237958875,
    "5": 0.6532851442813742,
    "6": 0.6552027564102639,
    "7": 0.6362119598407068,
    "8": 0.6120651640751434,
    "9": 0.585151186164137,
    "10": 0.5591742699880119,
    "11": 0.5599310947995305,
    "12": 0.5596002104460421,
    "13": 0.5567620160264988,
    "14": 0.5630026368044992,
    "15": 0.5758953243288727,
    "16": 0.5716216224354796,
    "17": 0.5858002957249187,
    "18": 0.5859991847138393,
    "19": 0.5876959004524359,
    "20": 0.5909367664092235,
    "21": 0.5971138363996135,
    "22": 0.5971343903937067,
    "23": 0.6006420265383285,
    "24": 0.601174729328308,
    "25": 0.6057925582030615,
    "26": 0.6061765533335841,
    "27": 0.6128458868672152,
    "28": 0.6101148143620095,
    "29": 0.60915618689798,
    "30": 0.6124559949337204,
    "31": 0.6048684540317879,
    "32": 0.6179653841393419
  },
  "stopping_epochs_per_stage": {
    "0": [
      3,
      5,
      1,
      3
    ],
    "1": [
      1,
      1,
      1,
      4
    ],
    "2": [
      2,
      1,
      1,
      7
    ],
    "3": [
      1,
      1,
      7,
      6
    ],
    "4": [
      2,
      1,
      6,
      5
    ],
    "5": [
      10,
      7,
      9,
      9
    ],
    "6": [
      1,
      1,
      10,
      9
    ],
    "7": [
      4,
      10,
      7,
      4
    ],
    "8": [
      9,
      8,
      9,
      4
    ],
    "9": [
      5,
      8,
      7,
      6
    ],
    "10": [
      5,
      8,
      6,
      4
    ],
    "11": [
      4,
      5,
      1,
      5
    ],
    "12": [
      7,
      5,
      6,
      3
    ],
    "13": [
      6,
      4,
      4,
      4
    ],
    "14": [
      5,
      5,
      4,
      6
    ],
    "15": [
      4,
      6,
      2,
      3
    ],
    "16": [
      8,
      7,
      4,
      6
    ],
    "17": [
      5,
      3,
      3,
      4
    ],
    "18": [
      6,
      3,
      7,
      5
    ],
    "19": [
      6,
      6,
      6,
      4
    ],
    "20": [
      3,
      4,
      4,
      4
    ],
    "21": [
      4,
      8,
      4,
      4
    ],
    "22": [
      4,
      7,
      3,
      4
    ],
    "23": [
      5,
      6,
      4,
      4
    ],
    "24": [
      2,
      4,
      5,
      6
    ],
    "25": [
      3,
      5,
      3,
      4
    ],
    "26": [
      2,
      5,
      3,
      4
    ],
    "27": [
      2,
      8,
      5,
      6
    ],
    "28": [
      4,
      5,
      3,
      4
    ],
    "29": [
      4,
      4,
      3,
      4
    ],
    "30": [
      2,
      3,
      4,
      5
    ],
    "31": [
      4,
      6,
      3,
      6
    ],
    "32": [
      5,
      3,
      6,
      7
    ]
  },
  "test_acc": {
    "0": 0.5013,
    "1": 0.5026,
    "2": 0.4999,
    "3": 0.5558,
    "4": 0.6003,
    "5": 0.6358,
    "6": 0.6439,
    "7": 0.6619,
    "8": 0.689,
    "9": 0.6887,
    "10": 0.7124,
    "11": 0.7261,
    "12": 0.706,
    "13": 0.7263,
    "14": 0.7085,
    "15": 0.713,
    "16": 0.7281,
    "17": 0.7227,
    "18": 0.7179,
    "19": 0.7105,
    "20": 0.7119,
    "21": 0.7135,
    "22": 0.7115,
    "23": 0.705,
    "24": 0.7091,
    "25": 0.694,
    "26": 0.6991,
    "27": 0.7004,
    "28": 0.6897,
    "29": 0.6926,
    "30": 0.6842,
    "31": 0.6828,
    "32": 0.6904
  },
  "test_loss": {
    "0": 0.6931609347343445,
    "1": 0.694159593963623,
    "2": 0.6932831714630127,
    "3": 0.6849494918823242,
    "4": 0.6722970645904541,
    "5": 0.6436260911941528,
    "6": 0.6321150795936584,
    "7": 0.6198756484031678,
    "8": 0.5985492630004883,
    "9": 0.6060124127388,
    "10": 0.5866532875061035,
    "11": 0.5553301327705383,
    "12": 0.5856296030044555,
    "13": 0.5486619884967804,
    "14": 0.578241047859192,
    "15": 0.5870893887042999,
    "16": 0.5547819360733032,
    "17": 0.5685872241020202,
    "18": 0.5728729024887085,
    "19": 0.5691900758266449,
    "20": 0.5737082803726197,
    "21": 0.5755479222297668,
    "22": 0.5850233807086944,
    "23": 0.5796497627258301,
    "24": 0.5800971606731414,
    "25": 0.613724677658081,
    "26": 0.6009494213581085,
    "27": 0.593262120437622,
    "28": 0.6036564817428589,
    "29": 0.6201203791618347,
    "30": 0.6676528819084168,
    "31": 0.6016553327560424,
    "32": 0.6127885419845581
  },
  "drift_final_total_l2": {
    "0": 7.561529636383057,
    "1": 19.04605484008789,
    "2": 12.687333106994629,
    "3": 20.46905517578125,
    "4": 21.453968048095703,
    "5": 25.4495792388916,
    "6": 28.68532371520996,
    "7": 34.02947235107422,
    "8": 42.16494369506836,
    "9": 56.200740814208984,
    "10": 51.203365325927734,
    "11": 36.67274856567383,
    "12": 37.58842086791992,
    "13": 30.982406616210938,
    "14": 36.566898345947266,
    "15": 37.06090545654297,
    "16": 43.78663635253906,
    "17": 42.78712463378906,
    "18": 31.3549861907959,
    "19": 32.92324447631836,
    "20": 38.723052978515625,
    "21": 28.696195602416992,
    "22": 29.833398818969727,
    "23": 28.40703582763672,
    "24": 31.1151123046875,
    "25": 25.787580490112305,
    "26": 21.463136672973633,
    "27": 22.016359329223633,
    "28": 21.222450256347656,
    "29": 30.60209083557129,
    "30": 24.332473754882812,
    "31": 17.547958374023438,
    "32": 27.44186019897461
  },
  "probe_type": "mlp",
  "probe_hidden_size": [
    724
  ],
  "init_strategy": "gamma_second_zero",
  "init_gamma": 1.0,