{
  "config": {
    "model_short": "llama",
    "task_name": "somo",
    "dataset": {
      "train": "cache/llama/somo_train/",
      "test": "cache/llama/somo_test/"
    },
    "mdl": {
      "batch_size": 64,
      "probe_type": "mlp",
      "probe_hidden_size": [
        256
      ],
      "num_classes": 2,
      "init_strategy": "gamma_second_zero",
      "init_gamma": 1.9,
      "optimizer": "adamw",
      "train_epochs": 10,
      "lr": 0.001,
      "seed": 142,
      "early_stopping_gap": 3,
      "split_num": 5,
      "split_ratio": 2.0
    },
    "out_dir": "init_results/llama/somo/hidden-256/seed-142/strategy-gamma_second_zero/gamma-1.9/opt-adamw/2026-04-25_03-10-41"
  },
  "train_meta": {
    "dataset": "compling/somo",
    "split": "train",
    "text_col": "text",
    "model": "meta-llama/Meta-Llama-3.1-8B",
    "max_len": 64,
    "hidden_size": 4096,
    "num_hidden_layers": 32,
    "num_states": 33,
    "memmap_file": "last_token_hidden_states.memmap",
    "dtype": "float32",
    "shape": [
      15000,
      33,
      4096
    ]
  },
  "test_meta": {
    "dataset": "compling/somo",
    "split": "test",
    "text_col": "text",
    "model": "meta-llama/Meta-Llama-3.1-8B",
    "max_len": 64,
    "hidden_size": 4096,
    "num_hidden_layers": 32,
    "num_states": 33,
    "memmap_file": "last_token_hidden_states.memmap",
    "dtype": "float32",
    "shape": [
      10000,
      33,
      4096
    ]
  },
  "splits": [
    484,
    968,
    1936,
    3872,
    7740
  ],
  "mdl_sum_ce": {
    "0": 10060.55922794342,
    "1": 10059.404907226562,
    "2": 10057.86602973938,
    "3": 9986.945779323578,
    "4": 9713.427574634552,
    "5": 9477.731216430664,
    "6": 9452.806047439575,
    "7": 9245.848356723785,
    "8": 8919.064494132996,
    "9": 8509.57338809967,
    "10": 8112.3030824661255,
    "11": 8178.031854152679,
    "12": 8089.521747589111,
    "13": 8126.448290348053,
    "14": 8203.298063755035,
    "15": 8310.176733970642,
    "16": 8325.705438613892,
    "17": 8419.868463516235,
    "18": 8497.052780151367,
    "19": 8620.408126354218,
    "20": 8561.550425052643,
    "21": 8650.248569488525,
    "22": 8691.002243995667,
    "23": 8691.69662475586,
    "24": 8785.344669342041,
    "25": 8907.181789398193,
    "26": 8794.585314750671,
    "27": 8741.263298511505,
    "28": 8881.439692497253,
    "29": 8842.420271873474,
    "30": 8895.747198104858,
    "31": 8800.376683235168,
    "32": 9019.997653961182
  },
  "mdl_nll": {
    "0": 0.6930669074086125,
    "1": 0.6929873868301573,
    "2": 0.6928813743275958,
    "3": 0.6879957136486344,
    "4": 0.6691531809475443,
    "5": 0.6529161763867914,
    "6": 0.6511990939266723,
    "7": 0.6369418818354771,
    "8": 0.6144299045283133,
    "9": 0.5862202664714571,
    "10": 0.5588525132588954,
    "11": 0.5633805355575007,
    "12": 0.5572831184616363,
    "13": 0.5598269695748177,
    "14": 0.5651211121352325,
    "15": 0.5724839304195813,
    "16": 0.5735536951373582,
    "17": 0.5800405389581313,
    "18": 0.5853577280346767,
    "19": 0.5938556163098799,
    "20": 0.5898009386230809,
    "21": 0.5959113095541834,
    "22": 0.5987188098646781,
    "23": 0.5987666454089184,
    "24": 0.6052180124925628,
    "25": 0.6136113109257504,
    "26": 0.6058545959458991,
    "27": 0.6021812688420711,
    "28": 0.6118379507093726,
    "29": 0.6091499222839263,
    "30": 0.6128235876346693,
    "31": 0.6062535604322932,
    "32": 0.6213831395674554
  },
  "stopping_epochs_per_stage": {
    "0": [
      1,
      9,
      2,
      1
    ],
    "1": [
      1,
      1,
      3,
      2
    ],
    "2": [
      5,
      1,
      6,
      1
    ],
    "3": [
      8,
      2,
      2,
      10
    ],
    "4": [
      7,
      3,
      9,
      10
    ],
    "5": [
      7,
      7,
      9,
      10
    ],
    "6": [
      10,
      2,
      10,
      9
    ],
    "7": [
      9,
      8,
      8,
      7
    ],
    "8": [
      10,
      10,
      5,
      7
    ],
    "9": [
      9,
      9,
      5,
      4
    ],
    "10": [
      8,
      6,
      4,
      3
    ],
    "11": [
      8,
      7,
      2,
      5
    ],
    "12": [
      8,
      7,
      3,
      6
    ],
    "13": [
      7,
      5,
      4,
      4
    ],
    "14": [
      6,
      5,
      4,
      4
    ],
    "15": [
      6,
      6,
      4,
      4
    ],
    "16": [
      6,
      7,
      5,
      5
    ],
    "17": [
      8,
      8,
      6,
      4
    ],
    "18": [
      10,
      8,
      8,
      2
    ],
    "19": [
      6,
      10,
      5,
      8
    ],
    "20": [
      9,
      6,
      5,
      7
    ],
    "21": [
      10,
      5,
      5,
      3
    ],
    "22": [
      4,
      5,
      8,
      3
    ],
    "23": [
      6,
      4,
      5,
      6
    ],
    "24": [
      3,
      5,
      3,
      6
    ],
    "25": [
      7,
      10,
      4,
      2
    ],
    "26": [
      3,
      6,
      6,
      5
    ],
    "27": [
      7,
      10,
      6,
      4
    ],
    "28": [
      6,
      5,
      6,
      4
    ],
    "29": [
      4,
      4,
      5,
      3
    ],
    "30": [
      5,
      3,
      5,
      4
    ],
    "31": [
      9,
      3,
      6,
      6
    ],
    "32": [
      3,
      3,
      2,
      5
    ]
  },
  "test_acc": {
    "0": 0.5013,
    "1": 0.5037,
    "2": 0.5236,
    "3": 0.5503,
    "4": 0.5973,
    "5": 0.6378,
    "6": 0.6455,
    "7": 0.6674,
    "8": 0.6933,
    "9": 0.7087,
    "10": 0.7308,
    "11": 0.7346,
    "12": 0.7243,
    "13": 0.7347,
    "14": 0.7251,
    "15": 0.7254,
    "16": 0.6982,
    "17": 0.7232,
    "18": 0.716,
    "19": 0.7116,
    "20": 0.711,
    "21": 0.7138,
    "22": 0.7018,
    "23": 0.7122,
    "24": 0.705,
    "25": 0.6946,
    "26": 0.6935,
    "27": 0.6893,
    "28": 0.7002,
    "29": 0.6896,
    "30": 0.7005,
    "31": 0.6948,
    "32": 0.6847
  },
  "test_loss": {
    "0": 0.6931535400390625,
    "1": 0.6932176522254944,
    "2": 0.6914988302230834,
    "3": 0.6863031412124634,
    "4": 0.6741930534362793,
    "5": 0.6343205520629883,
    "6": 0.6337688090324402,
    "7": 0.6185366035461426,
    "8": 0.5927656671524048,
    "9": 0.5784674207687378,
    "10": 0.539236269569397,
    "11": 0.5425315108776092,
    "12": 0.5617770302772522,
    "13": 0.5523429721832276,
    "14": 0.5481317287445069,
    "15": 0.5454511416912079,
    "16": 0.5722736347198486,
    "17": 0.5553599542617798,
    "18": 0.5584356452941894,
    "19": 0.5673504163742066,
    "20": 0.5748900767326355,
    "21": 0.5779132080078125,
    "22": 0.5809749667167664,
    "23": 0.5654342350959778,
    "24": 0.574642201423645,
    "25": 0.5960748343467712,
    "26": 0.5974515798568726,
    "27": 0.6031584281921387,
    "28": 0.5838680865287781,
    "29": 0.6067025165557861,
    "30": 0.5843695267677307,
    "31": 0.5948277468681336,
    "32": 0.5936815799713134
  },
  "drift_final_total_l2": {
    "0": 3.536654472351074,
    "1": 8.81259536743164,
    "2": 12.32943344116211,
    "3": 20.03388023376465,
    "4": 18.652727127075195,
    "5": 18.288070678710938,
    "6": 27.300199508666992,
    "7": 23.668975830078125,
    "8": 24.608827590942383,
    "9": 21.258941650390625,
    "10": 16.299598693847656,
    "11": 24.609891891479492,
    "12": 32.64714813232422,
    "13": 35.4771842956543,
    "14": 33.66509246826172,
    "15": 24.495588302612305,
    "16": 31.528961181640625,
    "17": 19.781761169433594,
    "18": 18.478803634643555,
    "19": 14.952000617980957,
    "20": 21.634004592895508,
    "21": 21.3861083984375,
    "22": 16.335529327392578,
    "23": 18.39031219482422,
    "24": 21.12236976623535,
    "25": 25.634531021118164,
    "26": 14.910829544067383,
    "27": 14.595230102539062,
    "28": 16.391695022583008,
    "29": 23.771297454833984,
    "30": 15.759594917297363,
    "31": 18.11085319519043,
    "32": 13.762584686279297
  },
  "probe_type": "mlp",
  "probe_hidden_size": [
    256
  ],
  "init_strategy": "gamma_second_zero",