{
  "config": {
    "model_short": "llama",
    "task_name": "somo",
    "dataset": {
      "train": "cache/llama/somo_train/",
      "test": "cache/llama/somo_test/"
    },
    "mdl": {
      "batch_size": 64,
      "probe_type": "mlp",
      "probe_hidden_size": [
        362
      ],
      "num_classes": 2,
      "init_strategy": "gamma_second_zero",
      "init_gamma": 0.5,
      "optimizer": "adamw",
      "train_epochs": 10,
      "lr": 0.001,
      "seed": 342,
      "early_stopping_gap": 3,
      "split_num": 5,
      "split_ratio": 2.0
    },
    "out_dir": "init_results/llama/somo/hidden-362/seed-342/strategy-gamma_second_zero/gamma-0.5/opt-adamw/2026-04-25_03-06-51"
  },
  "train_meta": {
    "dataset": "compling/somo",
    "split": "train",
    "text_col": "text",
    "model": "meta-llama/Meta-Llama-3.1-8B",
    "max_len": 64,
    "hidden_size": 4096,
    "num_hidden_layers": 32,
    "num_states": 33,
    "memmap_file": "last_token_hidden_states.memmap",
    "dtype": "float32",
    "shape": [
      15000,
      33,
      4096
    ]
  },
  "test_meta": {
    "dataset": "compling/somo",
    "split": "test",
    "text_col": "text",
    "model": "meta-llama/Meta-Llama-3.1-8B",
    "max_len": 64,
    "hidden_size": 4096,
    "num_hidden_layers": 32,
    "num_states": 33,
    "memmap_file": "last_token_hidden_states.memmap",
    "dtype": "float32",
    "shape": [
      10000,
      33,
      4096
    ]
  },
  "splits": [
    484,
    968,
    1936,
    3872,
    7740
  ],
  "mdl_sum_ce": {
    "0": 10061.070848464966,
    "1": 10061.412371635437,
    "2": 10061.14201259613,
    "3": 10025.206040382385,
    "4": 9750.272166252136,
    "5": 9531.301722049713,
    "6": 9473.731246948242,
    "7": 9171.83860874176,
    "8": 8890.854640960693,
    "9": 8675.947910308838,
    "10": 8073.840116977692,
    "11": 8064.900520801544,
    "12": 8125.07085442543,
    "13": 8133.944491863251,
    "14": 8166.665771484375,
    "15": 8343.46903181076,
    "16": 8382.302688121796,
    "17": 8465.758259296417,
    "18": 8495.524421215057,
    "19": 8625.447578907013,
    "20": 8645.157580852509,
    "21": 8692.477823257446,
    "22": 8706.2454996109,
    "23": 8661.266215801239,
    "24": 8846.921087265015,
    "25": 8805.89299583435,
    "26": 8834.499323368073,
    "27": 8854.822313785553,
    "28": 8771.149934768677,
    "29": 8859.877655029297,
    "30": 8761.969277381897,
    "31": 8781.074028968811,
    "32": 8910.66362953186
  },
  "mdl_nll": {
    "0": 0.693102152691166,
    "1": 0.6931256800520417,
    "2": 0.6931070551526681,
    "3": 0.6906314439502883,
    "4": 0.6716913864874715,
    "5": 0.6566066218000629,
    "6": 0.6526406204841722,
    "7": 0.6318433872100965,
    "8": 0.6124865418132195,
    "9": 0.5976817243254917,
    "10": 0.5562028187501854,
    "11": 0.5555869744283235,
    "12": 0.5597320787011181,
    "13": 0.5603433791583943,
    "14": 0.5625975317914285,
    "15": 0.574777420212921,
    "16": 0.5774526514275141,
    "17": 0.583201864101434,
    "18": 0.5852524401498386,
    "19": 0.5942027816827647,
    "20": 0.5955605938862296,
    "21": 0.5988204617840621,
    "22": 0.5997689101412855,
    "23": 0.596670309713505,
    "24": 0.6094599812114229,
    "25": 0.6066335764559349,
    "26": 0.6086042520920414,
    "27": 0.6100042927656071,
    "28": 0.6042401443075693,
    "29": 0.6103525527024867,
    "30": 0.6036076933991387,
    "31": 0.6049238102072755,
    "32": 0.6138511731559562
  },
  "stopping_epochs_per_stage": {
    "0": [
      3,
      5,
      3,
      2
    ],
    "1": [
      1,
      1,
      1,
      2
    ],
    "2": [
      2,
      1,
      1,
      1
    ],
    "3": [
      1,
      1,
      1,
      7
    ],
    "4": [
      2,
      6,
      4,
      8
    ],
    "5": [
      8,
      6,
      9,
      4
    ],
    "6": [
      9,
      1,
      8,
      6
    ],
    "7": [
      8,
      9,
      6,
      7
    ],
    "8": [
      8,
      9,
      9,
      5
    ],
    "9": [
      7,
      6,
      4,
      2
    ],
    "10": [
      7,
      3,
      5,
      7
    ],
    "11": [
      7,
      7,
      6,
      5
    ],
    "12": [
      6,
      7,
      7,
      2
    ],
    "13": [
      5,
      2,
      4,
      6
    ],
    "14": [
      3,
      6,
      3,
      5
    ],
    "15": [
      5,
      5,
      3,
      4
    ],
    "16": [
      6,
      6,
      6,
      4
    ],
    "17": [
      4,
      6,
      4,
      4
    ],
    "18": [
      5,
      3,
      4,
      5
    ],
    "19": [
      5,
      5,
      8,
      8
    ],
    "20": [
      2,
      5,
      7,
      7
    ],
    "21": [
      5,
      9,
      4,
      4
    ],
    "22": [
      4,
      3,
      3,
      3
    ],
    "23": [
      5,
      3,
      4,
      5
    ],
    "24": [
      3,
      3,
      3,
      7
    ],
    "25": [
      3,
      8,
      3,
      4
    ],
    "26": [
      2,
      5,
      4,
      4
    ],
    "27": [
      4,
      7,
      4,
      3
    ],
    "28": [
      1,
      4,
      3,
      5
    ],
    "29": [
      5,
      4,
      4,
      3
    ],
    "30": [
      2,
      4,
      4,
      4
    ],
    "31": [
      7,
      4,
      6,
      5
    ],
    "32": [
      3,
      3,
      3,
      7
    ]
  },
  "test_acc": {
    "0": 0.5013,
    "1": 0.4952,
    "2": 0.5203,
    "3": 0.5552,
    "4": 0.603,
    "5": 0.6386,
    "6": 0.6361,
    "7": 0.641,
    "8": 0.6791,
    "9": 0.7028,
    "10": 0.7277,
    "11": 0.7167,
    "12": 0.6998,
    "13": 0.7269,
    "14": 0.7285,
    "15": 0.7258,
    "16": 0.7017,
    "17": 0.7248,
    "18": 0.7124,
    "19": 0.6823,
    "20": 0.714,
    "21": 0.7127,
    "22": 0.7042,
    "23": 0.7033,
    "24": 0.7058,
    "25": 0.7082,
    "26": 0.7055,
    "27": 0.7004,
    "28": 0.6722,
    "29": 0.6846,
    "30": 0.7014,
    "31": 0.6914,
    "32": 0.6884
  },
  "test_loss": {
    "0": 0.6931565960884094,
    "1": 0.6934408534049987,
    "2": 0.692708004283905,
    "3": 0.6853479703903198,
    "4": 0.6626435405731201,
    "5": 0.6392017078399658,
    "6": 0.6423756938934326,
    "7": 0.6557834095478058,
    "8": 0.6120457340240478,
    "9": 0.5907200991630555,
    "10": 0.5637500215530395,
    "11": 0.5780342793464661,
    "12": 0.6159426279067993,
    "13": 0.5569473910808563,
    "14": 0.5573364589691162,
    "15": 0.569247191286087,
    "16": 0.5730599354743957,
    "17": 0.5829501612186432,
    "18": 0.5725085294723511,
    "19": 0.6122866338729859,
    "20": 0.5690914308547974,
    "21": 0.5676505818843841,
    "22": 0.5837560102939606,
    "23": 0.5781061716079712,
    "24": 0.5852950048446656,
    "25": 0.5773163589477539,
    "26": 0.5873274990081787,
    "27": 0.6006383309364319,
    "28": 0.6141812555313111,
    "29": 0.6292649091720581,
    "30": 0.5980313209533692,
    "31": 0.6053579510211945,
    "32": 0.5968021744728088
  },
  "drift_final_total_l2": {
    "0": 6.136042594909668,
    "1": 7.801250457763672,
    "2": 18.586362838745117,
    "3": 28.658496856689453,
    "4": 29.00149917602539,
    "5": 29.243120193481445,
    "6": 33.60984420776367,
    "7": 33.82994842529297,
    "8": 42.232635498046875,
    "9": 46.72494125366211,
    "10": 50.7568359375,
    "11": 50.03313446044922,
    "12": 39.885719299316406,
    "13": 37.12604904174805,
    "14": 41.84083557128906,
    "15": 43.661895751953125,
    "16": 39.38689041137695,
    "17": 34.893226623535156,
    "18": 36.99029541015625,
    "19": 29.569032669067383,
    "20": 29.16828727722168,
    "21": 27.38968276977539,
    "22": 27.341779708862305,
    "23": 28.874597549438477,
    "24": 28.951337814331055,
    "25": 24.90489387512207,
    "26": 26.208492279052734,
    "27": 26.17527961730957,
    "28": 25.29404067993164,
    "29": 28.1468563079834,
    "30": 26.294729232788086,
    "31": 15.736781120300293,
    "32": 20.984180450439453
  },
  "probe_type": "mlp",
  "probe_hidden_size": [
    362
  ],
  "init_strategy": "gamma_second_zero",
  "init_gamma": 0.5,