{
  "config": {
    "model_short": "llama",
    "task_name": "somo",
    "dataset": {
      "train": "cache/llama/somo_train/",
      "test": "cache/llama/somo_test/"
    },
    "mdl": {
      "batch_size": 64,
      "probe_type": "mlp",
      "probe_hidden_size": [
        128
      ],
      "num_classes": 2,
      "init_strategy": "gamma_second_zero",
      "init_gamma": 0.9,
      "optimizer": "adamw",
      "train_epochs": 10,
      "lr": 0.001,
      "seed": 342,
      "early_stopping_gap": 3,
      "split_num": 5,
      "split_ratio": 2.0
    },
    "out_dir": "init_results/llama/somo/hidden-128/seed-342/strategy-gamma_second_zero/gamma-0.9/opt-adamw/2026-04-25_03-17-50"
  },
  "train_meta": {
    "dataset": "compling/somo",
    "split": "train",
    "text_col": "text",
    "model": "meta-llama/Meta-Llama-3.1-8B",
    "max_len": 64,
    "hidden_size": 4096,
    "num_hidden_layers": 32,
    "num_states": 33,
    "memmap_file": "last_token_hidden_states.memmap",
    "dtype": "float32",
    "shape": [
      15000,
      33,
      4096
    ]
  },
  "test_meta": {
    "dataset": "compling/somo",
    "split": "test",
    "text_col": "text",
    "model": "meta-llama/Meta-Llama-3.1-8B",
    "max_len": 64,
    "hidden_size": 4096,
    "num_hidden_layers": 32,
    "num_states": 33,
    "memmap_file": "last_token_hidden_states.memmap",
    "dtype": "float32",
    "shape": [
      10000,
      33,
      4096
    ]
  },
  "splits": [
    484,
    968,
    1936,
    3872,
    7740
  ],
  "mdl_sum_ce": {
    "0": 10060.84870481491,
    "1": 10060.824766635895,
    "2": 10060.697752952576,
    "3": 10000.54274559021,
    "4": 9754.225775241852,
    "5": 9485.584312915802,
    "6": 9637.601531028748,
    "7": 9229.219668388367,
    "8": 8831.021890640259,
    "9": 8464.115557670593,
    "10": 8120.540643692017,
    "11": 8052.306829452515,
    "12": 8062.564901828766,
    "13": 8105.57541847229,
    "14": 8136.918756484985,
    "15": 8213.88175034523,
    "16": 8355.807353973389,
    "17": 8390.398733139038,
    "18": 8453.524489402771,
    "19": 8536.878409385681,
    "20": 8601.159150123596,
    "21": 8622.537865638733,
    "22": 8645.09102678299,
    "23": 8806.600204467773,
    "24": 8729.093749046326,
    "25": 8714.387636184692,
    "26": 8773.40130186081,
    "27": 8723.471554756165,
    "28": 8831.98747253418,
    "29": 8787.823444843292,
    "30": 8749.5679063797,
    "31": 8711.907579898834,
    "32": 8954.920633792877
  },
  "mdl_nll": {
    "0": 0.6930868493259101,
    "1": 0.6930852002366971,
    "2": 0.6930764503274026,
    "3": 0.68893240187312,
    "4": 0.671963748638871,
    "5": 0.6534571722868422,
    "6": 0.663929562622537,
    "7": 0.6357963397897745,
    "8": 0.6083646934858266,
    "9": 0.5830886992057449,
    "10": 0.559419994743181,
    "11": 0.5547194013125182,
    "12": 0.5554260748022021,
    "13": 0.5583890478418497,
    "14": 0.5605482747647413,
    "15": 0.5658502170257116,
    "16": 0.5756274010728429,
    "17": 0.5780103839307686,
    "18": 0.5823590857951757,
    "19": 0.5881012957691982,
    "20": 0.5925295639379716,
    "21": 0.5940023329869615,
    "22": 0.595556009009575,
    "23": 0.606682295705964,
    "24": 0.6013429146490993,
    "25": 0.6003298178688821,
    "26": 0.6043952398636545,
    "27": 0.6009556044885757,
    "28": 0.6084312119409052,
    "29": 0.6053887741005299,
    "30": 0.602753369136105,
    "31": 0.6001589680283022,
    "32": 0.6169000161058747
  },
  "stopping_epochs_per_stage": {
    "0": [
      2,
      2,
      1,
      4
    ],
    "1": [
      2,
      1,
      1,
      3
    ],
    "2": [
      1,
      1,
      5,
      7
    ],
    "3": [
      2,
      1,
      9,
      10
    ],
    "4": [
      6,
      2,
      7,
      9
    ],
    "5": [
      9,
      10,
      10,
      10
    ],
    "6": [
      10,
      3,
      1,
      9
    ],
    "7": [
      9,
      10,
      7,
      10
    ],
    "8": [
      10,
      10,
      7,
      8
    ],
    "9": [
      10,
      9,
      4,
      5
    ],
    "10": [
      10,
      9,
      10,
      2
    ],
    "11": [
      6,
      10,
      7,
      8
    ],
    "12": [
      10,
      7,
      6,
      4
    ],
    "13": [
      9,
      5,
      6,
      5
    ],
    "14": [
      9,
      6,
      6,
      5
    ],
    "15": [
      6,
      5,
      4,
      6
    ],
    "16": [
      8,
      10,
      7,
      6
    ],
    "17": [
      7,
      6,
      4,
      6
    ],
    "18": [
      5,
      6,
      5,
      9
    ],
    "19": [
      6,
      7,
      4,
      10
    ],
    "20": [
      9,
      6,
      2,
      2
    ],
    "21": [
      6,
      6,
      7,
      8
    ],
    "22": [
      3,
      6,
      4,
      8
    ],
    "23": [
      8,
      10,
      4,
      7
    ],
    "24": [
      1,
      6,
      6,
      8
    ],
    "25": [
      4,
      6,
      6,
      7
    ],
    "26": [
      4,
      6,
      6,
      6
    ],
    "27": [
      7,
      7,
      5,
      7
    ],
    "28": [
      5,
      4,
      5,
      4
    ],
    "29": [
      5,
      5,
      3,
      7
    ],
    "30": [
      8,
      4,
      3,
      6
    ],
    "31": [
      2,
      7,
      6,
      6
    ],
    "32": [
      3,
      5,
      4,
      3
    ]
  },
  "test_acc": {
    "0": 0.5013,
    "1": 0.5014,
    "2": 0.5218,
    "3": 0.5534,
    "4": 0.6088,
    "5": 0.6404,
    "6": 0.6512,
    "7": 0.6632,
    "8": 0.6763,
    "9": 0.702,
    "10": 0.7238,
    "11": 0.7286,
    "12": 0.7283,
    "13": 0.7338,
    "14": 0.7263,
    "15": 0.7195,
    "16": 0.6953,
    "17": 0.7269,
    "18": 0.724,
    "19": 0.7218,
    "20": 0.7051,
    "21": 0.7109,
    "22": 0.7132,
    "23": 0.7027,
    "24": 0.6876,
    "25": 0.6821,
    "26": 0.7053,
    "27": 0.6983,
    "28": 0.7073,
    "29": 0.6881,
    "30": 0.6961,
    "31": 0.7021,
    "32": 0.6949
  },
  "test_loss": {
    "0": 0.6931633707046508,
    "1": 0.6935142990112305,
    "2": 0.6934974813461303,
    "3": 0.6851517543792724,
    "4": 0.6578253914833069,
    "5": 0.63504605884552,
    "6": 0.629425330543518,
    "7": 0.616844783782959,
    "8": 0.6139590644836426,
    "9": 0.5829986890792846,
    "10": 0.5599994621753692,
    "11": 0.5544289834976196,
    "12": 0.5558026125907898,
    "13": 0.536401940870285,
    "14": 0.5631701108932495,
    "15": 0.5568580056667328,
    "16": 0.5889691436767578,
    "17": 0.5497823586463928,
    "18": 0.5520904081821442,
    "19": 0.5592053060054779,
    "20": 0.5819033554077149,
    "21": 0.5779939477443695,
    "22": 0.5641644315242768,
    "23": 0.5792202590942382,
    "24": 0.6126986374378204,
    "25": 0.6112596430778503,
    "26": 0.5752899540901184,
    "27": 0.5838287298202515,
    "28": 0.576361243391037,
    "29": 0.6129846920967102,
    "30": 0.5915826157569886,
    "31": 0.5932769220352173,
    "32": 0.5903616764068603
  },
  "drift_final_total_l2": {
    "0": 3.4752001762390137,
    "1": 10.631706237792969,
    "2": 12.015721321105957,
    "3": 11.130173683166504,
    "4": 14.431425094604492,
    "5": 15.299416542053223,
    "6": 14.864351272583008,
    "7": 13.930147171020508,
    "8": 14.24201774597168,
    "9": 23.698413848876953,
    "10": 29.87021827697754,
    "11": 29.43360710144043,
    "12": 29.879404067993164,
    "13": 30.71805763244629,
    "14": 27.662504196166992,
    "15": 23.256315231323242,
    "16": 21.032821655273438,
    "17": 25.194690704345703,
    "18": 14.582191467285156,
    "19": 20.070619583129883,
    "20": 22.0336971282959,
    "21": 27.561389923095703,
    "22": 17.913715362548828,
    "23": 15.310909271240234,
    "24": 18.407604217529297,
    "25": 22.94727897644043,
    "26": 13.672780990600586,
    "27": 16.8774471282959,
    "28": 12.16989803314209,
    "29": 15.799527168273926,
    "30": 8.007695198059082,
    "31": 13.904397964477539,
    "32": 15.235870361328125
  },
  "probe_type": "mlp",
  "probe_hidden_size": [
    128
  ],
  "init_strategy": "gamma_second_zero",