{
  "config": {
    "model_short": "llama",
    "task_name": "somo",
    "dataset": {
      "train": "cache/llama/somo_train/",
      "test": "cache/llama/somo_test/"
    },
    "mdl": {
      "batch_size": 64,
      "probe_type": "mlp",
      "probe_hidden_size": [
        8
      ],
      "num_classes": 2,
      "init_strategy": "gamma_second_zero",
      "init_gamma": 1.2,
      "optimizer": "adamw",
      "train_epochs": 10,
      "lr": 0.001,
      "seed": 342,
      "early_stopping_gap": 3,
      "split_num": 5,
      "split_ratio": 2.0
    },
    "out_dir": "init_results/llama/somo/hidden-8/seed-342/strategy-gamma_second_zero/gamma-1.2/opt-adamw/2026-04-25_03-25-32"
  },
  "train_meta": {
    "dataset": "compling/somo",
    "split": "train",
    "text_col": "text",
    "model": "meta-llama/Meta-Llama-3.1-8B",
    "max_len": 64,
    "hidden_size": 4096,
    "num_hidden_layers": 32,
    "num_states": 33,
    "memmap_file": "last_token_hidden_states.memmap",
    "dtype": "float32",
    "shape": [
      15000,
      33,
      4096
    ]
  },
  "test_meta": {
    "dataset": "compling/somo",
    "split": "test",
    "text_col": "text",
    "model": "meta-llama/Meta-Llama-3.1-8B",
    "max_len": 64,
    "hidden_size": 4096,
    "num_hidden_layers": 32,
    "num_states": 33,
    "memmap_file": "last_token_hidden_states.memmap",
    "dtype": "float32",
    "shape": [
      10000,
      33,
      4096
    ]
  },
  "splits": [
    484,
    968,
    1936,
    3872,
    7740
  ],
  "mdl_sum_ce": {
    "0": 10060.72221660614,
    "1": 10060.767855167389,
    "2": 10060.839716434479,
    "3": 10009.247911453247,
    "4": 9891.062548160553,
    "5": 9686.812857151031,
    "6": 9579.53524684906,
    "7": 9292.040817260742,
    "8": 9322.118370056152,
    "9": 8617.233948230743,
    "10": 9438.368216514587,
    "11": 8168.538416862488,
    "12": 8189.675350189209,
    "13": 8424.675126075745,
    "14": 8219.462190151215,
    "15": 8394.065410614014,
    "16": 8569.855299949646,
    "17": 8525.10542011261,
    "18": 8608.29486656189,
    "19": 8705.767755031586,
    "20": 8695.492686748505,
    "21": 8649.521288871765,
    "22": 8668.568940639496,
    "23": 8751.29325723648,
    "24": 8821.738732337952,
    "25": 8853.307726860046,
    "26": 8773.672370910645,
    "27": 9265.324285507202,
    "28": 8941.658814430237,
    "29": 9183.201162338257,
    "30": 9174.852834701538,
    "31": 8722.958890914917,
    "32": 9725.416748523712
  },
  "mdl_nll": {
    "0": 0.6930781356162952,
    "1": 0.6930812796340169,
    "2": 0.6930862301208651,
    "3": 0.6895320964076362,
    "4": 0.681390365676533,
    "5": 0.6673197063344607,
    "6": 0.6599294052665376,
    "7": 0.6401240574029169,
    "8": 0.6421960850135129,
    "9": 0.5936369487621069,
    "10": 0.6502044789552623,
    "11": 0.562726537397526,
    "12": 0.5641826501921472,
    "13": 0.580371667544485,
    "14": 0.5662346507406458,
    "15": 0.5782629795132277,
    "16": 0.5903730573125962,
    "17": 0.5872902604100724,
    "18": 0.5930211398843959,
    "19": 0.5997359985554964,
    "20": 0.5990281542262679,
    "21": 0.5958612075552332,
    "22": 0.5971733907853056,
    "23": 0.6028722276960926,
    "24": 0.6077251813404486,
    "25": 0.6098999536277243,
    "26": 0.6044139136752993,
    "27": 0.6382835688555526,
    "28": 0.6159864159844473,
    "29": 0.632626147860172,
    "30": 0.6320510357330903,
    "31": 0.6009202873322483,
    "32": 0.6699791091570483
  },
  "stopping_epochs_per_stage": {
    "0": [
      5,
      1,
      1,
      9
    ],
    "1": [
      6,
      1,
      1,
      8
    ],
    "2": [
      4,
      1,
      1,
      4
    ],
    "3": [
      3,
      1,
      10,
      10
    ],
    "4": [
      8,
      1,
      2,
      9
    ],
    "5": [
      10,
      10,
      1,
      9
    ],
    "6": [
      10,
      10,
      10,
      9
    ],
    "7": [
      10,
      1,
      10,
      10
    ],
    "8": [
      10,
      10,
      1,
      10
    ],
    "9": [
      10,
      10,
      9,
      10
    ],
    "10": [
      10,
      10,
      10,
      6
    ],
    "11": [
      10,
      10,
      9,
      10
    ],
    "12": [
      10,
      10,
      10,
      10
    ],
    "13": [
      10,
      10,
      10,
      10
    ],
    "14": [
      10,
      10,
      7,
      9
    ],
    "15": [
      10,
      10,
      10,
      9
    ],
    "16": [
      10,
      2,
      10,
      10
    ],
    "17": [
      10,
      10,
      10,
      9
    ],
    "18": [
      10,
      10,
      9,
      10
    ],
    "19": [
      10,
      10,
      9,
      10
    ],
    "20": [
      9,
      10,
      10,
      10
    ],
    "21": [
      10,
      8,
      5,
      8
    ],
    "22": [
      10,
      10,
      8,
      10
    ],
    "23": [
      10,
      10,
      9,
      10
    ],
    "24": [
      8,
      10,
      9,
      6
    ],
    "25": [
      9,
      10,
      9,
      5
    ],
    "26": [
      10,
      9,
      6,
      7
    ],
    "27": [
      9,
      1,
      1,
      10
    ],
    "28": [
      10,
      4,
      8,
      5
    ],
    "29": [
      10,
      10,
      1,
      10
    ],
    "30": [
      9,
      1,
      1,
      10
    ],
    "31": [
      10,
      9,
      8,
      8
    ],
    "32": [
      5,
      7,
      8,
      10
    ]
  },
  "test_acc": {
    "0": 0.5013,
    "1": 0.5013,
    "2": 0.5013,
    "3": 0.5013,
    "4": 0.6072,
    "5": 0.6339,
    "6": 0.6406,
    "7": 0.6683,
    "8": 0.6946,
    "9": 0.6969,
    "10": 0.73,
    "11": 0.7277,
    "12": 0.7291,
    "13": 0.7248,
    "14": 0.7344,
    "15": 0.7284,
    "16": 0.7302,
    "17": 0.7236,
    "18": 0.72,
    "19": 0.7195,
    "20": 0.723,
    "21": 0.7193,
    "22": 0.7097,
    "23": 0.7103,
    "24": 0.7009,
    "25": 0.7079,
    "26": 0.7068,
    "27": 0.5013,
    "28": 0.6981,
    "29": 0.6981,
    "30": 0.7023,
    "31": 0.7031,
    "32": 0.6964
  },
  "test_loss": {
    "0": 0.6931474817276001,
    "1": 0.6931551730155945,
    "2": 0.6931663450241089,
    "3": 0.6931897630691528,
    "4": 0.6585708386421204,
    "5": 0.64163870677948,
    "6": 0.6323721126556396,
    "7": 0.6133532386779785,
    "8": 0.5932129331588745,
    "9": 0.5852522150039673,
    "10": 0.5390328921318054,
    "11": 0.5459960925579072,
    "12": 0.5414211415290833,
    "13": 0.5499819213867188,
    "14": 0.5382032870769501,
    "15": 0.5444881772041321,
    "16": 0.5413657768249511,
    "17": 0.5516236174106598,
    "18": 0.5529510794639587,
    "19": 0.5554542743206025,
    "20": 0.5556729266166687,
    "21": 0.5578314481258392,
    "22": 0.5676520798683167,
    "23": 0.5669246150016785,
    "24": 0.5740328650474549,
    "25": 0.5750077052116394,
    "26": 0.5732613921165466,
    "27": 0.6933731142997742,
    "28": 0.5759495001792908,
    "29": 0.5901564108848572,
    "30": 0.5840009284019471,
    "31": 0.5827725241661071,
    "32": 0.5852075545310974
  },
  "drift_final_total_l2": {
    "0": 0.9799028635025024,
    "1": 1.0271685123443604,
    "2": 1.046762228012085,
    "3": 1.0765235424041748,
    "4": 8.928116798400879,
    "5": 8.861213684082031,
    "6": 9.098435401916504,
    "7": 10.508539199829102,
    "8": 10.111419677734375,
    "9": 9.424152374267578,
    "10": 11.151662826538086,
    "11": 8.027880668640137,
    "12": 10.324661254882812,
    "13": 9.690327644348145,
    "14": 9.23698902130127,
    "15": 9.114278793334961,
    "16": 9.972830772399902,
    "17": 6.864120006561279,
    "18": 9.770858764648438,
    "19": 10.121615409851074,
    "20": 9.872353553771973,
    "21": 8.300993919372559,
    "22": 9.297133445739746,
    "23": 9.4195556640625,
    "24": 10.269954681396484,
    "25": 6.945520877838135,
    "26": 8.606138229370117,
    "27": 1.239950180053711,
    "28": 7.664403915405273,
    "29": 9.71362018585205,
    "30": 8.272507667541504,
    "31": 7.176565647125244,
    "32": 4.625035762786865
  },
  "probe_type": "mlp",
  "probe_hidden_size": [
    8
  ],