{
  "config": {
    "model_short": "llama",
    "task_name": "somo",
    "dataset": {
      "train": "cache/llama/somo_train/",
      "test": "cache/llama/somo_test/"
    },
    "mdl": {
      "batch_size": 64,
      "probe_type": "mlp",
      "probe_hidden_size": [
        91
      ],
      "num_classes": 2,
      "init_strategy": "gamma_second_zero",
      "init_gamma": 1.4,
      "optimizer": "adamw",
      "train_epochs": 10,
      "lr": 0.001,
      "seed": 242,
      "early_stopping_gap": 3,
      "split_num": 5,
      "split_ratio": 2.0
    },
    "out_dir": "init_results/llama/somo/hidden-91/seed-242/strategy-gamma_second_zero/gamma-1.4/opt-adamw/2026-04-25_03-29-14"
  },
  "train_meta": {
    "dataset": "compling/somo",
    "split": "train",
    "text_col": "text",
    "model": "meta-llama/Meta-Llama-3.1-8B",
    "max_len": 64,
    "hidden_size": 4096,
    "num_hidden_layers": 32,
    "num_states": 33,
    "memmap_file": "last_token_hidden_states.memmap",
    "dtype": "float32",
    "shape": [
      15000,
      33,
      4096
    ]
  },
  "test_meta": {
    "dataset": "compling/somo",
    "split": "test",
    "text_col": "text",
    "model": "meta-llama/Meta-Llama-3.1-8B",
    "max_len": 64,
    "hidden_size": 4096,
    "num_hidden_layers": 32,
    "num_states": 33,
    "memmap_file": "last_token_hidden_states.memmap",
    "dtype": "float32",
    "shape": [
      10000,
      33,
      4096
    ]
  },
  "splits": [
    484,
    968,
    1936,
    3872,
    7740
  ],
  "mdl_sum_ce": {
    "0": 10061.300237178802,
    "1": 10061.083998203278,
    "2": 10054.019424438477,
    "3": 10033.655850410461,
    "4": 9802.554946422577,
    "5": 9495.231556892395,
    "6": 9444.285971164703,
    "7": 9299.681045532227,
    "8": 8904.34825181961,
    "9": 8661.150631427765,
    "10": 8084.498469829559,
    "11": 8072.2889630794525,
    "12": 8139.762845039368,
    "13": 8137.559908628464,
    "14": 8169.626711845398,
    "15": 8362.677978515625,
    "16": 8567.049945116043,
    "17": 8461.609367370605,
    "18": 8507.211910247803,
    "19": 8596.3296251297,
    "20": 8645.877365112305,
    "21": 8800.471073627472,
    "22": 8686.504137516022,
    "23": 8775.260393619537,
    "24": 8767.341722488403,
    "25": 8781.804735660553,
    "26": 8791.719426631927,
    "27": 8828.379821300507,
    "28": 8790.719977378845,
    "29": 8786.361055850983,
    "30": 8905.203310489655,
    "31": 8767.267410755157,
    "32": 8883.562213897705
  },
  "mdl_nll": {
    "0": 0.6931179551652523,
    "1": 0.6931030585700797,
    "2": 0.6926163836069493,
    "3": 0.6912135471486953,
    "4": 0.6752931211368542,
    "5": 0.6541217661127304,
    "6": 0.6506121501215696,
    "7": 0.6406503889178993,
    "8": 0.613416109935217,
    "9": 0.5966623471636653,
    "10": 0.5569370673621906,
    "11": 0.5560959605317892,
    "12": 0.5607442026067352,
    "13": 0.5605924434161246,
    "14": 0.5628015094961007,
    "15": 0.576100714970765,
    "16": 0.590179797817308,
    "17": 0.5829160490059662,
    "18": 0.5860575854400526,
    "19": 0.5921968603699159,
    "20": 0.5956101794648874,
    "21": 0.6062600629393409,
    "22": 0.5984089375527708,
    "23": 0.6045233117676727,
    "24": 0.6039777984629653,
    "25": 0.6049741482268224,
    "26": 0.6056571663427892,
    "27": 0.6081826826467696,
    "28": 0.6055883147822296,
    "29": 0.6052880308522308,
    "30": 0.6134750145005273,
    "31": 0.6039726791647256,
    "32": 0.611984170150021
  },
  "stopping_epochs_per_stage": {
    "0": [
      10,
      4,
      1,
      1
    ],
    "1": [
      8,
      2,
      1,
      7
    ],
    "2": [
      10,
      2,
      1,
      9
    ],
    "3": [
      9,
      1,
      3,
      10
    ],
    "4": [
      9,
      1,
      9,
      10
    ],
    "5": [
      8,
      8,
      10,
      7
    ],
    "6": [
      10,
      10,
      10,
      9
    ],
    "7": [
      9,
      9,
      10,
      6
    ],
    "8": [
      9,
      9,
      10,
      8
    ],
    "9": [
      9,
      9,
      9,
      4
    ],
    "10": [
      9,
      5,
      7,
      5
    ],
    "11": [
      10,
      9,
      4,
      6
    ],
    "12": [
      10,
      3,
      6,
      5
    ],
    "13": [
      8,
      7,
      8,
      4
    ],
    "14": [
      7,
      7,
      6,
      4
    ],
    "15": [
      7,
      5,
      2,
      4
    ],
    "16": [
      9,
      6,
      4,
      1
    ],
    "17": [
      6,
      6,
      4,
      7
    ],
    "18": [
      10,
      10,
      9,
      4
    ],
    "19": [
      4,
      5,
      3,
      5
    ],
    "20": [
      8,
      5,
      3,
      7
    ],
    "21": [
      6,
      5,
      5,
      10
    ],
    "22": [
      10,
      4,
      8,
      7
    ],
    "23": [
      4,
      5,
      8,
      5
    ],
    "24": [
      4,
      6,
      6,
      5
    ],
    "25": [
      5,
      6,
      6,
      8
    ],
    "26": [
      7,
      6,
      6,
      4
    ],
    "27": [
      10,
      7,
      3,
      5
    ],
    "28": [
      6,
      5,
      4,
      4
    ],
    "29": [
      7,
      7,
      7,
      6
    ],
    "30": [
      5,
      2,
      6,
      3
    ],
    "31": [
      6,
      6,
      6,
      4
    ],
    "32": [
      6,
      5,
      6,
      7
    ]
  },
  "test_acc": {
    "0": 0.5013,
    "1": 0.5006,
    "2": 0.5,
    "3": 0.5521,
    "4": 0.5013,
    "5": 0.6286,
    "6": 0.6484,
    "7": 0.6637,
    "8": 0.6897,
    "9": 0.6992,
    "10": 0.728,
    "11": 0.7269,
    "12": 0.706,
    "13": 0.7274,
    "14": 0.7246,
    "15": 0.7166,
    "16": 0.7097,
    "17": 0.7263,
    "18": 0.713,
    "19": 0.7166,
    "20": 0.712,
    "21": 0.7174,
    "22": 0.7001,
    "23": 0.7138,
    "24": 0.7059,
    "25": 0.6994,
    "26": 0.6917,
    "27": 0.705,
    "28": 0.6906,
    "29": 0.6981,
    "30": 0.6845,
    "31": 0.7065,
    "32": 0.6885
  },
  "test_loss": {
    "0": 0.6931629133224487,
    "1": 0.6931708994865418,
    "2": 0.693436869430542,
    "3": 0.6841590074539184,
    "4": 0.6931887365341186,
    "5": 0.6433459190368652,
    "6": 0.6334237607955933,
    "7": 0.6147993268966675,
    "8": 0.5892859455108642,
    "9": 0.5809118356704712,
    "10": 0.5461325709342957,
    "11": 0.5515167171001434,
    "12": 0.579872889995575,
    "13": 0.5407573358535767,
    "14": 0.5473080901145935,
    "15": 0.5653362978935241,
    "16": 0.5656352252960205,
    "17": 0.5580463028907776,
    "18": 0.5547731797218323,
    "19": 0.5577129745006562,
    "20": 0.5797772704124451,
    "21": 0.5618229706764222,
    "22": 0.595086609363556,
    "23": 0.5664306190490722,
    "24": 0.5753658479690552,
    "25": 0.5884267714500427,
    "26": 0.5960341260910034,
    "27": 0.578581399345398,
    "28": 0.5938500876903534,
    "29": 0.5802748085021973,
    "30": 0.6119914827346802,
    "31": 0.5721112360477447,
    "32": 0.5918516962051391
  },
  "drift_final_total_l2": {
    "0": 4.790392875671387,
    "1": 9.264931678771973,
    "2": 7.014883995056152,
    "3": 14.1094331741333,
    "4": 2.862948417663574,
    "5": 24.580739974975586,
    "6": 15.376445770263672,
    "7": 17.50653076171875,
    "8": 19.686954498291016,
    "9": 27.3655948638916,
    "10": 23.790393829345703,
    "11": 27.16807746887207,
    "12": 28.69133186340332,
    "13": 24.140443801879883,
    "14": 18.73236656188965,
    "15": 18.63323211669922,
    "16": 27.62517738342285,
    "17": 23.245281219482422,
    "18": 18.198286056518555,
    "19": 22.992250442504883,
    "20": 21.689987182617188,
    "21": 21.335540771484375,
    "22": 22.763586044311523,
    "23": 11.546731948852539,
    "24": 14.304373741149902,
    "25": 9.052776336669922,
    "26": 12.82517147064209,
    "27": 11.07080078125,
    "28": 13.783323287963867,
    "29": 14.314859390258789,
    "30": 12.618224143981934,
    "31": 9.365077018737793,
    "32": 14.744688034057617
  },
  "probe_type": "mlp",
  "probe_hidden_size": [
    91
  ],
  "init_strategy": "gamma_second_zero",
  "init_gamma": 1.4,