{
  "config": {
    "model_short": "llama",
    "task_name": "somo",
    "dataset": {
      "train": "cache/llama/somo_train/",
      "test": "cache/llama/somo_test/"
    },
    "mdl": {
      "batch_size": 64,
      "probe_type": "mlp",
      "probe_hidden_size": [
        1024
      ],
      "num_classes": 2,
      "init_strategy": "gamma_second_zero",
      "init_gamma": 1.8,
      "optimizer": "adamw",
      "train_epochs": 10,
      "lr": 0.001,
      "seed": 342,
      "early_stopping_gap": 3,
      "split_num": 5,
      "split_ratio": 2.0
    },
    "out_dir": "init_results/llama/somo/hidden-1024/seed-342/strategy-gamma_second_zero/gamma-1.8/opt-adamw/2026-04-25_03-22-20"
  },
  "train_meta": {
    "dataset": "compling/somo",
    "split": "train",
    "text_col": "text",
    "model": "meta-llama/Meta-Llama-3.1-8B",
    "max_len": 64,
    "hidden_size": 4096,
    "num_hidden_layers": 32,
    "num_states": 33,
    "memmap_file": "last_token_hidden_states.memmap",
    "dtype": "float32",
    "shape": [
      15000,
      33,
      4096
    ]
  },
  "test_meta": {
    "dataset": "compling/somo",
    "split": "test",
    "text_col": "text",
    "model": "meta-llama/Meta-Llama-3.1-8B",
    "max_len": 64,
    "hidden_size": 4096,
    "num_hidden_layers": 32,
    "num_states": 33,
    "memmap_file": "last_token_hidden_states.memmap",
    "dtype": "float32",
    "shape": [
      10000,
      33,
      4096
    ]
  },
  "splits": [
    484,
    968,
    1936,
    3872,
    7740
  ],
  "mdl_sum_ce": {
    "0": 10060.942867279053,
    "1": 10060.969696044922,
    "2": 10060.306537151337,
    "3": 10026.679565429688,
    "4": 9757.309747695923,
    "5": 9512.462753295898,
    "6": 9478.921105384827,
    "7": 9206.41453742981,
    "8": 8857.769956588745,
    "9": 8618.011222839355,
    "10": 8098.174072265625,
    "11": 8108.008309364319,
    "12": 8109.27129650116,
    "13": 8107.7438271045685,
    "14": 8247.960107803345,
    "15": 8381.77271103859,
    "16": 8386.94967341423,
    "17": 8423.00181388855,
    "18": 8467.395213127136,
    "19": 8650.675829410553,
    "20": 8564.261863231659,
    "21": 8635.35260295868,
    "22": 8659.234795093536,
    "23": 8732.227803230286,
    "24": 8695.529301643372,
    "25": 8733.882469177246,
    "26": 8776.510981559753,
    "27": 8908.243231773376,
    "28": 8801.315253257751,
    "29": 8798.015058517456,
    "30": 8968.750644683838,
    "31": 8725.124438285828,
    "32": 8931.404372215271
  },
  "mdl_nll": {
    "0": 0.6930933361311004,
    "1": 0.6930951843513999,
    "2": 0.693049499665978,
    "3": 0.6907329543558617,
    "4": 0.6721762019630699,
    "5": 0.6553088146387365,
    "6": 0.6529981472433747,
    "7": 0.6342253056923264,
    "8": 0.6102073544081528,
    "9": 0.5936904948222207,
    "10": 0.5578791727931679,
    "11": 0.558556648481973,
    "12": 0.5586436550359024,
    "13": 0.5585384284310119,
    "14": 0.56819785807408,
    "15": 0.5774161415705834,
    "16": 0.5777727799265796,
    "17": 0.5802563939024904,
    "18": 0.5833146330343852,
    "19": 0.5959407432771117,
    "20": 0.5899877282468765,
    "21": 0.5948851338494543,
    "22": 0.5965303661541428,
    "23": 0.6015588180786915,
    "24": 0.5990306766081133,
    "25": 0.6016728071904964,
    "26": 0.604609464147131,
    "27": 0.6136844331615718,
    "28": 0.6063182180530278,
    "29": 0.606090869283374,
    "30": 0.6178527586582969,
    "31": 0.601069470810542,
    "32": 0.6152799925747637
  },
  "stopping_epochs_per_stage": {
    "0": [
      3,
      1,
      3,
      4
    ],
    "1": [
      2,
      1,
      1,
      4
    ],
    "2": [
      1,
      1,
      1,
      4
    ],
    "3": [
      3,
      1,
      5,
      8
    ],
    "4": [
      2,
      1,
      9,
      8
    ],
    "5": [
      7,
      7,
      8,
      5
    ],
    "6": [
      3,
      1,
      10,
      9
    ],
    "7": [
      10,
      8,
      8,
      6
    ],
    "8": [
      10,
      8,
      7,
      6
    ],
    "9": [
      3,
      9,
      2,
      4
    ],
    "10": [
      6,
      5,
      4,
      7
    ],
    "11": [
      5,
      6,
      4,
      6
    ],
    "12": [
      8,
      7,
      2,
      5
    ],
    "13": [
      6,
      4,
      4,
      5
    ],
    "14": [
      4,
      3,
      3,
      4
    ],
    "15": [
      5,
      6,
      5,
      6
    ],
    "16": [
      8,
      4,
      6,
      6
    ],
    "17": [
      6,
      4,
      5,
      4
    ],
    "18": [
      10,
      6,
      5,
      7
    ],
    "19": [
      5,
      6,
      6,
      4
    ],
    "20": [
      8,
      8,
      6,
      5
    ],
    "21": [
      3,
      6,
      3,
      4
    ],
    "22": [
      5,
      5,
      6,
      4
    ],
    "23": [
      4,
      8,
      5,
      5
    ],
    "24": [
      5,
      3,
      4,
      6
    ],
    "25": [
      3,
      7,
      3,
      5
    ],
    "26": [
      5,
      6,
      7,
      6
    ],
    "27": [
      2,
      7,
      3,
      3
    ],
    "28": [
      7,
      5,
      3,
      3
    ],
    "29": [
      3,
      3,
      4,
      5
    ],
    "30": [
      3,
      7,
      2,
      3
    ],
    "31": [
      2,
      4,
      5,
      4
    ],
    "32": [
      3,
      7,
      5,
      7
    ]
  },
  "test_acc": {
    "0": 0.491,
    "1": 0.4987,
    "2": 0.5246,
    "3": 0.5468,
    "4": 0.5966,
    "5": 0.6238,
    "6": 0.6511,
    "7": 0.6531,
    "8": 0.6936,
    "9": 0.7089,
    "10": 0.7256,
    "11": 0.727,
    "12": 0.7151,
    "13": 0.7313,
    "14": 0.7285,
    "15": 0.7228,
    "16": 0.725,
    "17": 0.6888,
    "18": 0.7207,
    "19": 0.7233,
    "20": 0.7154,
    "21": 0.7116,
    "22": 0.6872,
    "23": 0.7014,
    "24": 0.7062,
    "25": 0.7061,
    "26": 0.6761,
    "27": 0.6896,
    "28": 0.6974,
    "29": 0.6977,
    "30": 0.6951,
    "31": 0.6823,
    "32": 0.6709
  },
  "test_loss": {
    "0": 0.6932043684005738,
    "1": 0.6933039833068848,
    "2": 0.6936625644683838,
    "3": 0.691095897102356,
    "4": 0.6667276214599609,
    "5": 0.6536759441375732,
    "6": 0.6288719260215759,
    "7": 0.6412527801513672,
    "8": 0.5888499737739563,
    "9": 0.5870319040298462,
    "10": 0.5677833241939545,
    "11": 0.5655448291301727,
    "12": 0.580390568447113,
    "13": 0.549909823513031,
    "14": 0.5678927515983582,
    "15": 0.5765912473201752,
    "16": 0.563060294008255,
    "17": 0.6141072987556457,
    "18": 0.5504182374954224,
    "19": 0.5613274453163147,
    "20": 0.5711707658767701,
    "21": 0.5749712705612182,
    "22": 0.6155963874816894,
    "23": 0.5761766005516052,
    "24": 0.5796129000663758,
    "25": 0.5820062662124634,
    "26": 0.6423583947181701,
    "27": 0.6049392411231994,
    "28": 0.5980379349708557,
    "29": 0.6036281424999237,
    "30": 0.5944393672943116,
    "31": 0.5987494888305664,
    "32": 0.6284201164245605
  },
  "drift_final_total_l2": {
    "0": 7.843254566192627,
    "1": 14.915657997131348,
    "2": 21.15111541748047,
    "3": 24.068201065063477,
    "4": 37.01033020019531,
    "5": 24.71373748779297,
    "6": 28.869905471801758,
    "7": 33.9744987487793,
    "8": 21.13050079345703,
    "9": 47.34295654296875,
    "10": 65.37798309326172,
    "11": 50.24069595336914,
    "12": 39.54249954223633,
    "13": 35.63374710083008,
    "14": 47.88335418701172,
    "15": 56.17854690551758,
    "16": 53.60727310180664,
    "17": 44.672115325927734,
    "18": 27.19435691833496,
    "19": 33.85911560058594,
    "20": 41.36988830566406,
    "21": 22.677366256713867,
    "22": 38.30088806152344,
    "23": 23.965682983398438,
    "24": 29.44211769104004,
    "25": 20.17228126525879,
    "26": 33.88278579711914,
    "27": 28.22093391418457,
    "28": 30.0048828125,
    "29": 22.566131591796875,
    "30": 29.2244873046875,
    "31": 25.091644287109375,
    "32": 24.395780563354492
  },
  "probe_type": "mlp",
  "probe_hidden_size": [
    1024
  ],
  "init_strategy": "gamma_second_zero",
  "init_gamma": 1.8,