{
  "config": {
    "model_short": "llama",
    "task_name": "somo",
    "dataset": {
      "train": "cache/llama/somo_train/",
      "test": "cache/llama/somo_test/"
    },
    "mdl": {
      "batch_size": 64,
      "probe_type": "mlp",
      "probe_hidden_size": [
        32
      ],
      "num_classes": 2,
      "init_strategy": "standard",
      "init_gamma": null,
      "optimizer": "adamw",
      "train_epochs": 10,
      "lr": 0.001,
      "seed": 142,
      "early_stopping_gap": 3,
      "split_num": 5,
      "split_ratio": 2.0
    },
    "out_dir": "init_results/llama/somo/hidden-32/seed-142/strategy-standard/gamma-na/2026-04-21_00-36-56"
  },
  "train_meta": {
    "dataset": "compling/somo",
    "split": "train",
    "text_col": "text",
    "model": "meta-llama/Meta-Llama-3.1-8B",
    "max_len": 64,
    "hidden_size": 4096,
    "num_hidden_layers": 32,
    "num_states": 33,
    "memmap_file": "last_token_hidden_states.memmap",
    "dtype": "float32",
    "shape": [
      15000,
      33,
      4096
    ]
  },
  "test_meta": {
    "dataset": "compling/somo",
    "split": "test",
    "text_col": "text",
    "model": "meta-llama/Meta-Llama-3.1-8B",
    "max_len": 64,
    "hidden_size": 4096,
    "num_hidden_layers": 32,
    "num_states": 33,
    "memmap_file": "last_token_hidden_states.memmap",
    "dtype": "float32",
    "shape": [
      10000,
      33,
      4096
    ]
  },
  "splits": [
    484,
    968,
    1936,
    3872,
    7740
  ],
  "mdl_sum_ce": {
    "0": 10061.971341609955,
    "1": 10061.990525722504,
    "2": 10038.742059230804,
    "3": 10011.03321647644,
    "4": 9702.300139427185,
    "5": 9478.717691421509,
    "6": 9442.888899326324,
    "7": 9238.723527908325,
    "8": 8881.700109481812,
    "9": 8462.26559638977,
    "10": 8065.929961204529,
    "11": 8061.850884437561,
    "12": 8154.946564674377,
    "13": 8107.167212963104,
    "14": 8146.075166225433,
    "15": 8234.5282330513,
    "16": 8312.163716316223,
    "17": 8425.72338294983,
    "18": 8424.01703453064,
    "19": 8518.08569431305,
    "20": 8574.747332572937,
    "21": 8591.410054206848,
    "22": 8598.369294643402,
    "23": 8677.891870498657,
    "24": 8718.63134098053,
    "25": 8812.746753692627,
    "26": 8831.258308887482,
    "27": 8793.318977832794,
    "28": 8840.776511192322,
    "29": 8896.555840969086,
    "30": 8886.365345478058,
    "31": 8842.940158367157,
    "32": 8978.88723897934
  },
  "mdl_nll": {
    "0": 0.6931641872147943,
    "1": 0.6931655087987396,
    "2": 0.6915639335375313,
    "3": 0.6896550851802453,
    "4": 0.6683866174860282,
    "5": 0.6529841341568965,
    "6": 0.6505159065394271,
    "7": 0.6364510559319596,
    "8": 0.6118558907055532,
    "9": 0.5829612562957958,
    "10": 0.5556578920642414,
    "11": 0.5553768865002453,
    "12": 0.5617902014793591,
    "13": 0.5584987057703985,
    "14": 0.56117905526491,
    "15": 0.5672725429216933,
    "16": 0.5726208126423411,
    "17": 0.5804438814377121,
    "18": 0.5803263319461724,
    "19": 0.586806675000899,
    "20": 0.5907100670000646,
    "21": 0.5918579535827259,
    "22": 0.5923373721854094,
    "23": 0.5978156427733988,
    "24": 0.6006221645756772,
    "25": 0.6071057284164113,
    "26": 0.6083809802209618,
    "27": 0.6057673586272248,
    "28": 0.6090366844304438,
    "29": 0.6128792946382672,
    "30": 0.6121772764865017,
    "31": 0.6091857370051775,
    "32": 0.6185510635835864
  },
  "stopping_epochs_per_stage": {
    "0": [
      1,
      3,
      4,
      6
    ],
    "1": [
      1,
      5,
      5,
      2
    ],
    "2": [
      5,
      1,
      1,
      8
    ],
    "3": [
      10,
      1,
      10,
      7
    ],
    "4": [
      9,
      10,
      9,
      7
    ],
    "5": [
      10,
      10,
      8,
      10
    ],
    "6": [
      10,
      4,
      8,
      8
    ],
    "7": [
      10,
      10,
      8,
      9
    ],
    "8": [
      10,
      10,
      9,
      8
    ],
    "9": [
      10,
      8,
      5,
      7
    ],
    "10": [
      9,
      10,
      8,
      4
    ],
    "11": [
      9,
      6,
      7,
      8
    ],
    "12": [
      10,
      10,
      5,
      4
    ],
    "13": [
      10,
      9,
      5,
      6
    ],
    "14": [
      10,
      10,
      5,
      7
    ],
    "15": [
      10,
      8,
      4,
      4
    ],
    "16": [
      9,
      9,
      6,
      6
    ],
    "17": [
      8,
      10,
      6,
      5
    ],
    "18": [
      8,
      10,
      9,
      6
    ],
    "19": [
      10,
      8,
      9,
      7
    ],
    "20": [
      10,
      8,
      6,
      8
    ],
    "21": [
      7,
      10,
      5,
      6
    ],
    "22": [
      10,
      8,
      9,
      5
    ],
    "23": [
      9,
      9,
      9,
      10
    ],
    "24": [
      9,
      6,
      9,
      5
    ],
    "25": [
      9,
      8,
      4,
      9
    ],
    "26": [
      6,
      8,
      3,
      6
    ],
    "27": [
      4,
      6,
      10,
      7
    ],
    "28": [
      4,
      10,
      10,
      8
    ],
    "29": [
      8,
      8,
      5,
      3
    ],
    "30": [
      9,
      10,
      6,
      6
    ],
    "31": [
      4,
      9,
      9,
      5
    ],
    "32": [
      3,
      4,
      7,
      8
    ]
  },
  "test_acc": {
    "0": 0.4982,
    "1": 0.5043,
    "2": 0.5212,
    "3": 0.5484,
    "4": 0.6084,
    "5": 0.642,
    "6": 0.6481,
    "7": 0.6616,
    "8": 0.6923,
    "9": 0.6854,
    "10": 0.7284,
    "11": 0.7197,
    "12": 0.7333,
    "13": 0.6898,
    "14": 0.7306,
    "15": 0.7043,
    "16": 0.7051,
    "17": 0.717,
    "18": 0.7212,
    "19": 0.7218,
    "20": 0.7001,
    "21": 0.7085,
    "22": 0.7094,
    "23": 0.7064,
    "24": 0.7092,
    "25": 0.703,
    "26": 0.6949,
    "27": 0.6827,
    "28": 0.6525,
    "29": 0.702,
    "30": 0.6988,
    "31": 0.5013,
    "32": 0.6879
  },
  "test_loss": {
    "0": 0.6934304260253906,
    "1": 0.6941392198562623,
    "2": 0.6945868648529053,
    "3": 0.6881317887306213,
    "4": 0.6575155718803406,
    "5": 0.6330746693611145,
    "6": 0.628023543548584,
    "7": 0.616665092086792,
    "8": 0.5902013325691223,
    "9": 0.5971101375579834,
    "10": 0.5434985379695892,
    "11": 0.5672102296352386,
    "12": 0.5383412141799927,
    "13": 0.6027105199813843,
    "14": 0.5368406457424164,
    "15": 0.5750635582923889,
    "16": 0.5999380030155181,
    "17": 0.5572794961452484,
    "18": 0.5587247058868409,
    "19": 0.5545488542556762,
    "20": 0.5783035286903382,
    "21": 0.5713027753829956,
    "22": 0.5750716048717499,
    "23": 0.5716821832180023,
    "24": 0.5748117373466491,
    "25": 0.5806960298061371,
    "26": 0.5904425107955933,
    "27": 0.6022820631980896,
    "28": 0.64555078125,
    "29": 0.5740956980228424,
    "30": 0.589930294418335,
    "31": 0.6931504810333252,
    "32": 0.5891826053619384
  },
  "drift_final_total_l2": {
    "0": 3.533604383468628,
    "1": 9.662018775939941,
    "2": 12.484508514404297,
    "3": 12.326543807983398,
    "4": 10.992926597595215,
    "5": 15.119597434997559,
    "6": 15.190993309020996,
    "7": 14.489906311035156,
    "8": 17.466358184814453,
    "9": 18.88017463684082,
    "10": 15.312527656555176,
    "11": 18.612863540649414,
    "12": 14.801251411437988,
    "13": 17.63048553466797,
    "14": 14.744196891784668,
    "15": 13.625164985656738,
    "16": 15.417840957641602,
    "17": 14.334151268005371,
    "18": 9.043559074401855,
    "19": 13.334468841552734,
    "20": 12.043686866760254,
    "21": 14.530324935913086,
    "22": 10.183343887329102,
    "23": 11.78504467010498,
    "24": 10.170978546142578,
    "25": 9.067776679992676,
    "26": 9.342008590698242,
    "27": 6.84552526473999,
    "28": 10.611163139343262,
    "29": 7.434942722320557,
    "30": 10.247159004211426,
    "31": 2.3336939811706543,
    "32": 6.296753406524658
  },
  "probe_type": "mlp",
  "probe_hidden_size": [
    32
  ],
  "init_strategy": "standard",
  "init_gamma": null,