{
  "config": {
    "model_short": "llama",
    "task_name": "somo",
    "dataset": {
      "train": "cache/llama/somo_train/",
      "test": "cache/llama/somo_test/"
    },
    "mdl": {
      "batch_size": 64,
      "probe_type": "mlp",
      "probe_hidden_size": [
        128
      ],
      "num_classes": 2,
      "init_strategy": "gamma_second_zero",
      "init_gamma": 1.0,
      "optimizer": "adamw",
      "train_epochs": 10,
      "lr": 0.001,
      "seed": 342,
      "early_stopping_gap": 3,
      "split_num": 5,
      "split_ratio": 2.0
    },
    "out_dir": "init_results/llama/somo/hidden-128/seed-342/strategy-gamma_second_zero/gamma-1.0/2026-04-21_03-21-35"
  },
  "train_meta": {
    "dataset": "compling/somo",
    "split": "train",
    "text_col": "text",
    "model": "meta-llama/Meta-Llama-3.1-8B",
    "max_len": 64,
    "hidden_size": 4096,
    "num_hidden_layers": 32,
    "num_states": 33,
    "memmap_file": "last_token_hidden_states.memmap",
    "dtype": "float32",
    "shape": [
      15000,
      33,
      4096
    ]
  },
  "test_meta": {
    "dataset": "compling/somo",
    "split": "test",
    "text_col": "text",
    "model": "meta-llama/Meta-Llama-3.1-8B",
    "max_len": 64,
    "hidden_size": 4096,
    "num_hidden_layers": 32,
    "num_states": 33,
    "memmap_file": "last_token_hidden_states.memmap",
    "dtype": "float32",
    "shape": [
      10000,
      33,
      4096
    ]
  },
  "splits": [
    484,
    968,
    1936,
    3872,
    7740
  ],
  "mdl_sum_ce": {
    "0": 10060.805255413055,
    "1": 10060.869859695435,
    "2": 10061.10048007965,
    "3": 10019.852158546448,
    "4": 9729.010549545288,
    "5": 9496.462689876556,
    "6": 9507.568085670471,
    "7": 9236.31469488144,
    "8": 8829.933066368103,
    "9": 8460.08756685257,
    "10": 8080.871872425079,
    "11": 8105.96689081192,
    "12": 8079.686503410339,
    "13": 8099.775780200958,
    "14": 8205.09236240387,
    "15": 8256.90509390831,
    "16": 8348.19909954071,
    "17": 8413.9882645607,
    "18": 8456.063654661179,
    "19": 8649.305269241333,
    "20": 8584.665574073792,
    "21": 8574.94610452652,
    "22": 8708.952252388,
    "23": 8706.082657337189,
    "24": 8714.81745481491,
    "25": 8769.311041355133,
    "26": 8784.244737625122,
    "27": 8725.723845481873,
    "28": 8760.326080799103,
    "29": 8796.043364048004,
    "30": 8832.98068857193,
    "31": 8768.443784236908,
    "32": 8906.678025245667
  },
  "mdl_nll": {
    "0": 0.693083856118287,
    "1": 0.6930883066750781,
    "2": 0.6931041939983226,
    "3": 0.6902626177009127,
    "4": 0.6702266843169804,
    "5": 0.6542065782499694,
    "6": 0.6549716234272851,
    "7": 0.6362851126261669,
    "8": 0.6082896849247797,
    "9": 0.5828112129272919,
    "10": 0.5566872328757977,
    "11": 0.5584160161760761,
    "12": 0.5566055733955869,
    "13": 0.5579895136539652,
    "14": 0.5652447204742264,
    "15": 0.5688140737054499,
    "16": 0.5751032722196687,
    "17": 0.5796354549848926,
    "18": 0.5825340076233934,
    "19": 0.5958463260706347,
    "20": 0.5913933297102364,
    "21": 0.5907237603008074,
    "22": 0.59995537699008,
    "23": 0.5997576920182687,
    "24": 0.6003594278599415,
    "25": 0.6041134638574768,
    "26": 0.6051422387451861,
    "27": 0.6011107636733172,
    "28": 0.6034944944061107,
    "29": 0.6059550402347758,
    "30": 0.6084996340983694,
    "31": 0.6040537189471554,
    "32": 0.6135766068645403
  },
  "stopping_epochs_per_stage": {
    "0": [
      2,
      2,
      1,
      4
    ],
    "1": [
      2,
      1,
      1,
      1
    ],
    "2": [
      2,
      1,
      4,
      2
    ],
    "3": [
      1,
      2,
      8,
      9
    ],
    "4": [
      1,
      1,
      10,
      7
    ],
    "5": [
      4,
      10,
      6,
      7
    ],
    "6": [
      9,
      1,
      8,
      10
    ],
    "7": [
      7,
      10,
      10,
      10
    ],
    "8": [
      10,
      10,
      10,
      7
    ],
    "9": [
      10,
      8,
      6,
      10
    ],
    "10": [
      9,
      6,
      4,
      7
    ],
    "11": [
      9,
      7,
      5,
      3
    ],
    "12": [
      9,
      5,
      10,
      6
    ],
    "13": [
      10,
      5,
      5,
      4
    ],
    "14": [
      7,
      10,
      5,
      5
    ],
    "15": [
      10,
      4,
      6,
      4
    ],
    "16": [
      9,
      7,
      6,
      6
    ],
    "17": [
      6,
      4,
      5,
      7
    ],
    "18": [
      7,
      4,
      8,
      6
    ],
    "19": [
      9,
      5,
      10,
      4
    ],
    "20": [
      3,
      6,
      6,
      5
    ],
    "21": [
      6,
      6,
      6,
      9
    ],
    "22": [
      7,
      8,
      6,
      8
    ],
    "23": [
      6,
      10,
      5,
      5
    ],
    "24": [
      4,
      6,
      4,
      8
    ],
    "25": [
      9,
      9,
      5,
      9
    ],
    "26": [
      5,
      6,
      6,
      6
    ],
    "27": [
      6,
      8,
      4,
      8
    ],
    "28": [
      5,
      7,
      4,
      7
    ],
    "29": [
      3,
      6,
      6,
      5
    ],
    "30": [
      5,
      6,
      5,
      4
    ],
    "31": [
      2,
      6,
      5,
      5
    ],
    "32": [
      2,
      5,
      6,
      5
    ]
  },
  "test_acc": {
    "0": 0.5013,
    "1": 0.5065,
    "2": 0.5216,
    "3": 0.5473,
    "4": 0.5866,
    "5": 0.6314,
    "6": 0.647,
    "7": 0.6442,
    "8": 0.6781,
    "9": 0.709,
    "10": 0.7196,
    "11": 0.728,
    "12": 0.7252,
    "13": 0.7347,
    "14": 0.7335,
    "15": 0.728,
    "16": 0.7292,
    "17": 0.7286,
    "18": 0.7222,
    "19": 0.7127,
    "20": 0.7223,
    "21": 0.7157,
    "22": 0.7138,
    "23": 0.6925,
    "24": 0.692,
    "25": 0.6857,
    "26": 0.6895,
    "27": 0.7052,
    "28": 0.7017,
    "29": 0.6943,
    "30": 0.6965,
    "31": 0.6823,
    "32": 0.654
  },
  "test_loss": {
    "0": 0.6931634727478028,
    "1": 0.6930290881156922,
    "2": 0.6963144370079041,
    "3": 0.6879803151130677,
    "4": 0.6694429830551147,
    "5": 0.6415996022224426,
    "6": 0.6314506217002869,
    "7": 0.6399621687889099,
    "8": 0.6054764706611633,
    "9": 0.5707304489135743,
    "10": 0.5608780643463135,
    "11": 0.5547844744682312,
    "12": 0.5536343847751617,
    "13": 0.5413834833145141,
    "14": 0.5463071904182434,
    "15": 0.5470427424430847,
    "16": 0.5548798800468445,
    "17": 0.5491725080490112,
    "18": 0.5515391862869262,
    "19": 0.5691752501487732,
    "20": 0.5557361907958984,
    "21": 0.5596815929412842,
    "22": 0.5642824510097504,
    "23": 0.5925851402282715,
    "24": 0.5965926513671875,
    "25": 0.5824542441368104,
    "26": 0.6077154282569885,
    "27": 0.5748144412994385,
    "28": 0.6016820508956909,
    "29": 0.5873360138893128,
    "30": 0.5853660175323486,
    "31": 0.6108755615234375,
    "32": 0.6665453926086425
  },
  "drift_final_total_l2": {
    "0": 3.4879825115203857,
    "1": 9.376880645751953,
    "2": 17.658445358276367,
    "3": 15.809762001037598,
    "4": 15.722049713134766,
    "5": 15.68659496307373,
    "6": 18.174177169799805,
    "7": 26.032276153564453,
    "8": 22.505807876586914,
    "9": 27.78514289855957,
    "10": 32.926761627197266,
    "11": 28.196556091308594,
    "12": 20.043060302734375,
    "13": 23.92044448852539,
    "14": 18.96944236755371,
    "15": 25.059846878051758,
    "16": 23.53668975830078,
    "17": 15.970930099487305,
    "18": 12.823139190673828,
    "19": 12.78201961517334,
    "20": 10.81867504119873,
    "21": 11.683509826660156,
    "22": 18.672496795654297,
    "23": 13.073585510253906,
    "24": 12.974952697753906,
    "25": 17.257610321044922,
    "26": 17.558034896850586,
    "27": 11.799126625061035,
    "28": 20.60157012939453,
    "29": 17.290802001953125,
    "30": 13.85855484008789,
    "31": 11.339735984802246,
    "32": 17.091381072998047
  },
  "probe_type": "mlp",
  "probe_hidden_size": [
    128
  ],
  "init_strategy": "gamma_second_zero",
  "init_gamma": 1.0,