{
  "config": {
    "model_short": "llama",
    "task_name": "somo",
    "dataset": {
      "train": "cache/llama/somo_train/",
      "test": "cache/llama/somo_test/"
    },
    "mdl": {
      "batch_size": 64,
      "probe_type": "mlp",
      "probe_hidden_size": [
        362
      ],
      "num_classes": 2,
      "init_strategy": "gamma_second_zero",
      "init_gamma": 1.5,
      "optimizer": "adamw",
      "train_epochs": 10,
      "lr": 0.001,
      "seed": 342,
      "early_stopping_gap": 3,
      "split_num": 5,
      "split_ratio": 2.0
    },
    "out_dir": "init_results/llama/somo/hidden-362/seed-342/strategy-gamma_second_zero/gamma-1.5/opt-adamw/2026-04-25_03-09-42"
  },
  "train_meta": {
    "dataset": "compling/somo",
    "split": "train",
    "text_col": "text",
    "model": "meta-llama/Meta-Llama-3.1-8B",
    "max_len": 64,
    "hidden_size": 4096,
    "num_hidden_layers": 32,
    "num_states": 33,
    "memmap_file": "last_token_hidden_states.memmap",
    "dtype": "float32",
    "shape": [
      15000,
      33,
      4096
    ]
  },
  "test_meta": {
    "dataset": "compling/somo",
    "split": "test",
    "text_col": "text",
    "model": "meta-llama/Meta-Llama-3.1-8B",
    "max_len": 64,
    "hidden_size": 4096,
    "num_hidden_layers": 32,
    "num_states": 33,
    "memmap_file": "last_token_hidden_states.memmap",
    "dtype": "float32",
    "shape": [
      10000,
      33,
      4096
    ]
  },
  "splits": [
    484,
    968,
    1936,
    3872,
    7740
  ],
  "mdl_sum_ce": {
    "0": 10060.730475902557,
    "1": 10061.698596000671,
    "2": 10054.4751329422,
    "3": 10024.299530029297,
    "4": 9734.639960765839,
    "5": 9530.352953910828,
    "6": 9573.0974984169,
    "7": 9245.480032920837,
    "8": 8827.6922955513,
    "9": 8526.428687095642,
    "10": 8089.6672105789185,
    "11": 8104.051677703857,
    "12": 8119.136193752289,
    "13": 8184.3905375003815,
    "14": 8151.134647130966,
    "15": 8315.596242904663,
    "16": 8317.417957305908,
    "17": 8462.863813877106,
    "18": 8529.895721912384,
    "19": 8620.786427497864,
    "20": 8615.997784137726,
    "21": 8608.260284423828,
    "22": 8628.137930393219,
    "23": 8715.059987068176,
    "24": 8728.318681716919,
    "25": 8720.695218086243,
    "26": 8823.582298278809,
    "27": 8784.176419734955,
    "28": 8824.106215000153,
    "29": 8851.58237028122,
    "30": 8806.639214038849,
    "31": 8723.898465633392,
    "32": 8909.9812707901
  },
  "mdl_nll": {
    "0": 0.6930787045951059,
    "1": 0.6931453979058054,
    "2": 0.6926477771384817,
    "3": 0.6905689949041952,
    "4": 0.670614491648239,
    "5": 0.6565412616361826,
    "6": 0.6594859119879375,
    "7": 0.6369165081923972,
    "8": 0.608135319340817,
    "9": 0.5873814196125408,
    "10": 0.5572931393344529,
    "11": 0.5582840781002933,
    "12": 0.5593232428873167,
    "13": 0.563818582081867,
    "14": 0.5615276003810254,
    "15": 0.5728572776870118,
    "16": 0.5729827746835153,
    "17": 0.5830024672001313,
    "18": 0.5876202619118479,
    "19": 0.5938816772869843,
    "20": 0.593551790034288,
    "21": 0.5930187575381529,
    "22": 0.5943881186548098,
    "23": 0.6003761357859035,
    "24": 0.6012895206473491,
    "25": 0.6007643440401104,
    "26": 0.6078521836786173,
    "27": 0.6051375323598067,
    "28": 0.607888276040242,
    "29": 0.6097810946735478,
    "30": 0.6066849830558589,
    "31": 0.6009850141659818,
    "32": 0.6138041658025696
  },
  "stopping_epochs_per_stage": {
    "0": [
      1,
      1,
      1,
      7
    ],
    "1": [
      3,
      4,
      1,
      3
    ],
    "2": [
      1,
      1,
      1,
      6
    ],
    "3": [
      2,
      1,
      1,
      9
    ],
    "4": [
      4,
      1,
      10,
      10
    ],
    "5": [
      5,
      1,
      5,
      9
    ],
    "6": [
      9,
      1,
      7,
      4
    ],
    "7": [
      9,
      9,
      4,
      10
    ],
    "8": [
      8,
      7,
      3,
      6
    ],
    "9": [
      8,
      5,
      6,
      6
    ],
    "10": [
      7,
      4,
      5,
      2
    ],
    "11": [
      9,
      8,
      5,
      3
    ],
    "12": [
      6,
      7,
      3,
      4
    ],
    "13": [
      8,
      4,
      3,
      5
    ],
    "14": [
      8,
      5,
      5,
      6
    ],
    "15": [
      4,
      5,
      4,
      5
    ],
    "16": [
      8,
      4,
      4,
      6
    ],
    "17": [
      2,
      6,
      3,
      7
    ],
    "18": [
      7,
      6,
      5,
      6
    ],
    "19": [
      10,
      4,
      6,
      7
    ],
    "20": [
      7,
      5,
      5,
      7
    ],
    "21": [
      3,
      6,
      4,
      6
    ],
    "22": [
      6,
      6,
      5,
      4
    ],
    "23": [
      4,
      6,
      4,
      8
    ],
    "24": [
      4,
      5,
      3,
      5
    ],
    "25": [
      3,
      8,
      5,
      8
    ],
    "26": [
      5,
      6,
      3,
      5
    ],
    "27": [
      4,
      5,
      3,
      6
    ],
    "28": [
      9,
      5,
      3,
      3
    ],
    "29": [
      4,
      4,
      4,
      4
    ],
    "30": [
      2,
      5,
      3,
      6
    ],
    "31": [
      2,
      6,
      4,
      5
    ],
    "32": [
      4,
      6,
      4,
      6
    ]
  },
  "test_acc": {
    "0": 0.5013,
    "1": 0.5029,
    "2": 0.5188,
    "3": 0.5473,
    "4": 0.5998,
    "5": 0.6279,
    "6": 0.6506,
    "7": 0.6706,
    "8": 0.6694,
    "9": 0.6983,
    "10": 0.715,
    "11": 0.7066,
    "12": 0.7307,
    "13": 0.73,
    "14": 0.7114,
    "15": 0.7331,
    "16": 0.7113,
    "17": 0.7028,
    "18": 0.7229,
    "19": 0.7213,
    "20": 0.7176,
    "21": 0.7054,
    "22": 0.711,
    "23": 0.7114,
    "24": 0.7041,
    "25": 0.6879,
    "26": 0.6987,
    "27": 0.6748,
    "28": 0.6947,
    "29": 0.7066,
    "30": 0.6879,
    "31": 0.6945,
    "32": 0.6784
  },
  "test_loss": {
    "0": 0.6932251596450806,
    "1": 0.6932036518096923,
    "2": 0.6927401537895203,
    "3": 0.6870551248550415,
    "4": 0.6612127444267273,
    "5": 0.6407952102661133,
    "6": 0.6267550142288209,
    "7": 0.6158174871444703,
    "8": 0.6191964421272278,
    "9": 0.583245299911499,
    "10": 0.5716287228584289,
    "11": 0.5845217078208923,
    "12": 0.550073679637909,
    "13": 0.5591316226005554,
    "14": 0.5895244206428528,
    "15": 0.554170530796051,
    "16": 0.5720749359130859,
    "17": 0.5770670644760132,
    "18": 0.5574128796577453,
    "19": 0.5517970889568329,
    "20": 0.5750341943740844,
    "21": 0.5851025835990906,
    "22": 0.5703504134178161,
    "23": 0.5692902270317077,
    "24": 0.583298691368103,
    "25": 0.6267837165832519,
    "26": 0.5824341995239258,
    "27": 0.6331372139930725,
    "28": 0.5953101606845855,
    "29": 0.5841935379981995,
    "30": 0.6250206372261048,
    "31": 0.5922684408187866,
    "32": 0.6167707859039306
  },
  "drift_final_total_l2": {
    "0": 5.039555072784424,
    "1": 11.398759841918945,
    "2": 13.896258354187012,
    "3": 17.236968994140625,
    "4": 14.491803169250488,
    "5": 15.455802917480469,
    "6": 20.05936050415039,
    "7": 29.157230377197266,
    "8": 44.013912200927734,
    "9": 35.6612548828125,
    "10": 43.959407806396484,
    "11": 44.682979583740234,
    "12": 31.848365783691406,
    "13": 27.278417587280273,
    "14": 40.11277389526367,
    "15": 27.46634864807129,
    "16": 38.897220611572266,
    "17": 30.32437515258789,
    "18": 36.773597717285156,
    "19": 24.56793975830078,
    "20": 27.94085693359375,
    "21": 22.3477783203125,
    "22": 26.923049926757812,
    "23": 26.76563835144043,
    "24": 22.571372985839844,
    "25": 27.772422790527344,
    "26": 19.74184226989746,
    "27": 20.04435157775879,
    "28": 19.42335319519043,
    "29": 16.476726531982422,
    "30": 26.543893814086914,
    "31": 19.224021911621094,
    "32": 20.661144256591797
  },
  "probe_type": "mlp",
  "probe_hidden_size": [
    362
  ],
  "init_strategy": "gamma_second_zero",
  "init_gamma": 1.5,