{
  "config": {
    "model_short": "llama",
    "task_name": "somo",
    "dataset": {
      "train": "cache/llama/somo_train/",
      "test": "cache/llama/somo_test/"
    },
    "mdl": {
      "batch_size": 64,
      "probe_type": "mlp",
      "probe_hidden_size": [
        64
      ],
      "num_classes": 2,
      "init_strategy": "gamma_second_zero",
      "init_gamma": 2.0,
      "optimizer": "adamw",
      "train_epochs": 10,
      "lr": 0.001,
      "seed": 142,
      "early_stopping_gap": 3,
      "split_num": 5,
      "split_ratio": 2.0
    },
    "out_dir": "init_results/llama/somo/hidden-64/seed-142/strategy-gamma_second_zero/gamma-2.0/opt-adamw/2026-04-25_02-53-20"
  },
  "train_meta": {
    "dataset": "compling/somo",
    "split": "train",
    "text_col": "text",
    "model": "meta-llama/Meta-Llama-3.1-8B",
    "max_len": 64,
    "hidden_size": 4096,
    "num_hidden_layers": 32,
    "num_states": 33,
    "memmap_file": "last_token_hidden_states.memmap",
    "dtype": "float32",
    "shape": [
      15000,
      33,
      4096
    ]
  },
  "test_meta": {
    "dataset": "compling/somo",
    "split": "test",
    "text_col": "text",
    "model": "meta-llama/Meta-Llama-3.1-8B",
    "max_len": 64,
    "hidden_size": 4096,
    "num_hidden_layers": 32,
    "num_states": 33,
    "memmap_file": "last_token_hidden_states.memmap",
    "dtype": "float32",
    "shape": [
      10000,
      33,
      4096
    ]
  },
  "splits": [
    484,
    968,
    1936,
    3872,
    7740
  ],
  "mdl_sum_ce": {
    "0": 10061.021834373474,
    "1": 10060.228714942932,
    "2": 10046.5274477005,
    "3": 10000.27698135376,
    "4": 9739.89243888855,
    "5": 9462.930688858032,
    "6": 9914.157986164093,
    "7": 9249.407876968384,
    "8": 9107.598638534546,
    "9": 8526.582310676575,
    "10": 8050.745155334473,
    "11": 8188.1608057022095,
    "12": 8064.9939432144165,
    "13": 8088.084680557251,
    "14": 8183.81510925293,
    "15": 8295.798587322235,
    "16": 8336.419697284698,
    "17": 8442.133305549622,
    "18": 8532.98692893982,
    "19": 8770.300063610077,
    "20": 8571.425674915314,
    "21": 8598.375475883484,
    "22": 8713.03929567337,
    "23": 8717.615790367126,
    "24": 8759.345122337341,
    "25": 8810.524703979492,
    "26": 8804.835075855255,
    "27": 8780.470540046692,
    "28": 8770.912477493286,
    "29": 8830.266312599182,
    "30": 9104.591333389282,
    "31": 8828.847496509552,
    "32": 8934.927596092224
  },
  "mdl_nll": {
    "0": 0.6930987761348494,
    "1": 0.6930441385328556,
    "2": 0.6921002650661684,
    "3": 0.6889140935074235,
    "4": 0.6709763322463868,
    "5": 0.6518965754242237,
    "6": 0.6829813988815164,
    "7": 0.6371870954097812,
    "8": 0.6274179277028483,
    "9": 0.5873920026644099,
    "10": 0.5546118183614269,
    "11": 0.564078313977832,
    "12": 0.5555934102517509,
    "13": 0.5571841196305629,
    "14": 0.5637789411169006,
    "15": 0.5714934270682168,
    "16": 0.5742917950733466,
    "17": 0.581574352820999,
    "18": 0.5878332136221975,
    "19": 0.6041815971073351,
    "20": 0.5904812396607408,
    "21": 0.5923377980079556,
    "22": 0.6002369313635554,
    "23": 0.6005522038004358,
    "24": 0.6034269166669428,
    "25": 0.606952652519943,
    "26": 0.6065606968762232,
    "27": 0.6048822361564268,
    "28": 0.6042237859943019,
    "29": 0.6083126420914289,
    "30": 0.6272107559513146,
    "31": 0.608214900558663,
    "32": 0.615522705710404
  },
  "stopping_epochs_per_stage": {
    "0": [
      7,
      3,
      10,
      1
    ],
    "1": [
      3,
      3,
      6,
      1
    ],
    "2": [
      10,
      1,
      3,
      10
    ],
    "3": [
      10,
      3,
      10,
      9
    ],
    "4": [
      10,
      9,
      10,
      10
    ],
    "5": [
      10,
      10,
      10,
      9
    ],
    "6": [
      10,
      6,
      10,
      1
    ],
    "7": [
      10,
      9,
      8,
      10
    ],
    "8": [
      8,
      8,
      10,
      10
    ],
    "9": [
      9,
      7,
      10,
      7
    ],
    "10": [
      10,
      8,
      9,
      7
    ],
    "11": [
      9,
      9,
      9,
      10
    ],
    "12": [
      8,
      7,
      6,
      7
    ],
    "13": [
      10,
      10,
      10,
      5
    ],
    "14": [
      10,
      9,
      5,
      6
    ],
    "15": [
      10,
      9,
      5,
      3
    ],
    "16": [
      10,
      9,
      4,
      6
    ],
    "17": [
      5,
      9,
      5,
      9
    ],
    "18": [
      10,
      8,
      5,
      8
    ],
    "19": [
      8,
      9,
      7,
      10
    ],
    "20": [
      10,
      5,
      7,
      5
    ],
    "21": [
      10,
      10,
      10,
      3
    ],
    "22": [
      10,
      10,
      10,
      6
    ],
    "23": [
      2,
      6,
      4,
      5
    ],
    "24": [
      2,
      5,
      6,
      7
    ],
    "25": [
      8,
      3,
      6,
      9
    ],
    "26": [
      5,
      9,
      6,
      4
    ],
    "27": [
      3,
      5,
      9,
      5
    ],
    "28": [
      8,
      9,
      4,
      4
    ],
    "29": [
      8,
      9,
      6,
      8
    ],
    "30": [
      10,
      5,
      10,
      4
    ],
    "31": [
      8,
      7,
      6,
      3
    ],
    "32": [
      3,
      6,
      7,
      4
    ]
  },
  "test_acc": {
    "0": 0.5013,
    "1": 0.5013,
    "2": 0.5013,
    "3": 0.5471,
    "4": 0.6028,
    "5": 0.6397,
    "6": 0.6455,
    "7": 0.6434,
    "8": 0.6947,
    "9": 0.7085,
    "10": 0.7294,
    "11": 0.7323,
    "12": 0.7204,
    "13": 0.7263,
    "14": 0.732,
    "15": 0.7079,
    "16": 0.7285,
    "17": 0.7278,
    "18": 0.7225,
    "19": 0.7022,
    "20": 0.7207,
    "21": 0.5013,
    "22": 0.7097,
    "23": 0.713,
    "24": 0.6985,
    "25": 0.6875,
    "26": 0.7057,
    "27": 0.7075,
    "28": 0.7059,
    "29": 0.7011,
    "30": 0.69,
    "31": 0.7002,
    "32": 0.6621
  },
  "test_loss": {
    "0": 0.6931445556640625,
    "1": 0.6932312200546265,
    "2": 0.693257509803772,
    "3": 0.6863470703125,
    "4": 0.6636806024551392,
    "5": 0.6359163508415222,
    "6": 0.6308967260360718,
    "7": 0.637642451095581,
    "8": 0.5911125069618225,
    "9": 0.5754435976982116,
    "10": 0.5481471253871918,
    "11": 0.544067394208908,
    "12": 0.5586001501083374,
    "13": 0.5490198261260987,
    "14": 0.5421161824703217,
    "15": 0.5765076139450073,
    "16": 0.5452686818122864,
    "17": 0.5506806203842163,
    "18": 0.5510236176013946,
    "19": 0.5755746136188508,
    "20": 0.5584953978061676,
    "21": 0.6931745172500611,
    "22": 0.5690589920043946,
    "23": 0.5654873142242431,
    "24": 0.5802552299499512,
    "25": 0.601956314277649,
    "26": 0.5737005973815918,
    "27": 0.5777487308502197,
    "28": 0.5796657429695129,
    "29": 0.5843624561309815,
    "30": 0.5887066765785217,
    "31": 0.5834694822788239,
    "32": 0.6325101173400879
  },
  "drift_final_total_l2": {
    "0": 1.8374090194702148,
    "1": 2.126617193222046,
    "2": 2.44417405128479,
    "3": 10.804656028747559,
    "4": 16.738880157470703,
    "5": 14.26325798034668,
    "6": 8.660728454589844,
    "7": 17.321229934692383,
    "8": 11.044336318969727,
    "9": 16.469512939453125,
    "10": 19.023141860961914,
    "11": 20.132055282592773,
    "12": 20.019968032836914,
    "13": 27.32927703857422,
    "14": 20.174158096313477,
    "15": 22.47855567932129,
    "16": 20.724124908447266,
    "17": 10.005189895629883,
    "18": 16.522613525390625,
    "19": 7.993734359741211,
    "20": 18.077905654907227,
    "21": 2.793165922164917,
    "22": 14.045660018920898,
    "23": 10.541199684143066,
    "24": 14.362527847290039,
    "25": 13.324758529663086,
    "26": 11.433417320251465,
    "27": 7.828134536743164,
    "28": 11.111248016357422,
    "29": 9.35536003112793,
    "30": 15.597010612487793,
    "31": 9.327703475952148,
    "32": 15.625702857971191
  },
  "probe_type": "mlp",
  "probe_hidden_size": [
    64
  ],