{
  "config": {
    "model_short": "llama",
    "task_name": "somo",
    "dataset": {
      "train": "cache/llama/somo_train/",
      "test": "cache/llama/somo_test/"
    },
    "mdl": {
      "batch_size": 64,
      "probe_type": "mlp",
      "probe_hidden_size": [
        6
      ],
      "num_classes": 2,
      "init_strategy": "gamma_second_zero",
      "init_gamma": 0.3,
      "optimizer": "adamw",
      "train_epochs": 10,
      "lr": 0.001,
      "seed": 342,
      "early_stopping_gap": 3,
      "split_num": 5,
      "split_ratio": 2.0
    },
    "out_dir": "init_results/llama/somo/hidden-6/seed-342/strategy-gamma_second_zero/gamma-0.3/opt-adamw/2026-04-25_02-49-44"
  },
  "train_meta": {
    "dataset": "compling/somo",
    "split": "train",
    "text_col": "text",
    "model": "meta-llama/Meta-Llama-3.1-8B",
    "max_len": 64,
    "hidden_size": 4096,
    "num_hidden_layers": 32,
    "num_states": 33,
    "memmap_file": "last_token_hidden_states.memmap",
    "dtype": "float32",
    "shape": [
      15000,
      33,
      4096
    ]
  },
  "test_meta": {
    "dataset": "compling/somo",
    "split": "test",
    "text_col": "text",
    "model": "meta-llama/Meta-Llama-3.1-8B",
    "max_len": 64,
    "hidden_size": 4096,
    "num_hidden_layers": 32,
    "num_states": 33,
    "memmap_file": "last_token_hidden_states.memmap",
    "dtype": "float32",
    "shape": [
      10000,
      33,
      4096
    ]
  },
  "splits": [
    484,
    968,
    1936,
    3872,
    7740
  ],
  "mdl_sum_ce": {
    "0": 10060.83960723877,
    "1": 10060.923080444336,
    "2": 10050.250862121582,
    "3": 10023.276505470276,
    "4": 9756.476768493652,
    "5": 9499.443585395813,
    "6": 9518.139278411865,
    "7": 9319.051080703735,
    "8": 8955.711812019348,
    "9": 8548.414567947388,
    "10": 8159.933888435364,
    "11": 8198.23097705841,
    "12": 8121.250092506409,
    "13": 8185.432527065277,
    "14": 8147.866450786591,
    "15": 8327.931231021881,
    "16": 8517.30839729309,
    "17": 8541.279965400696,
    "18": 8627.153353214264,
    "19": 8613.483013153076,
    "20": 8656.39990568161,
    "21": 8627.23920249939,
    "22": 8681.534516334534,
    "23": 8748.458811283112,
    "24": 8723.65064048767,
    "25": 8761.072337150574,
    "26": 8782.574695587158,
    "27": 8793.200145244598,
    "28": 8797.01128578186,
    "29": 8777.903186798096,
    "30": 8908.214379787445,
    "31": 8892.14486837387,
    "32": 9016.509867668152
  },
  "mdl_nll": {
    "0": 0.6930862225984272,
    "1": 0.6930919730259256,
    "2": 0.6923567692285466,
    "3": 0.6904985192525679,
    "4": 0.6721188184412822,
    "5": 0.6544119306555396,
    "6": 0.6556998676227518,
    "7": 0.641984780979866,
    "8": 0.6169545199792883,
    "9": 0.5888960159787399,
    "10": 0.5621337757257759,
    "11": 0.5647720430599622,
    "12": 0.5594688683181599,
    "13": 0.56389036422329,
    "14": 0.561302455964907,
    "15": 0.5737070288662084,
    "16": 0.5867531273968787,
    "17": 0.5884045167677525,
    "18": 0.5943202916240193,
    "19": 0.5933785487154227,
    "20": 0.5963350720364846,
    "21": 0.5943262057384534,
    "22": 0.5980665828282263,
    "23": 0.6026769641280733,
    "24": 0.6009679416152983,
    "25": 0.6035459036339608,
    "26": 0.6050271903821409,
    "27": 0.6057591723094928,
    "28": 0.6060217198802604,
    "29": 0.6047053724716241,
    "30": 0.6136824455626512,
    "31": 0.6125754249361994,
    "32": 0.6211428677092967
  },
  "stopping_epochs_per_stage": {
    "0": [
      5,
      1,
      1,
      3
    ],
    "1": [
      5,
      2,
      1,
      1
    ],
    "2": [
      8,
      1,
      1,
      10
    ],
    "3": [
      6,
      1,
      10,
      10
    ],
    "4": [
      5,
      1,
      9,
      9
    ],
    "5": [
      6,
      10,
      8,
      10
    ],
    "6": [
      10,
      10,
      10,
      8
    ],
    "7": [
      8,
      10,
      9,
      10
    ],
    "8": [
      10,
      10,
      10,
      10
    ],
    "9": [
      10,
      10,
      10,
      10
    ],
    "10": [
      10,
      10,
      7,
      9
    ],
    "11": [
      10,
      10,
      10,
      4
    ],
    "12": [
      10,
      10,
      9,
      8
    ],
    "13": [
      10,
      9,
      8,
      9
    ],
    "14": [
      10,
      10,
      9,
      8
    ],
    "15": [
      10,
      9,
      8,
      9
    ],
    "16": [
      10,
      10,
      10,
      10
    ],
    "17": [
      10,
      10,
      8,
      4
    ],
    "18": [
      10,
      8,
      9,
      9
    ],
    "19": [
      10,
      9,
      9,
      10
    ],
    "20": [
      10,
      10,
      10,
      10
    ],
    "21": [
      10,
      10,
      7,
      8
    ],
    "22": [
      9,
      8,
      7,
      9
    ],
    "23": [
      10,
      10,
      10,
      9
    ],
    "24": [
      5,
      10,
      7,
      9
    ],
    "25": [
      7,
      9,
      8,
      8
    ],
    "26": [
      9,
      10,
      7,
      9
    ],
    "27": [
      6,
      8,
      9,
      9
    ],
    "28": [
      10,
      9,
      7,
      6
    ],
    "29": [
      9,
      10,
      7,
      8
    ],
    "30": [
      7,
      10,
      5,
      5
    ],
    "31": [
      8,
      9,
      7,
      4
    ],
    "32": [
      6,
      7,
      10,
      10
    ]
  },
  "test_acc": {
    "0": 0.5013,
    "1": 0.5013,
    "2": 0.521,
    "3": 0.5013,
    "4": 0.604,
    "5": 0.6308,
    "6": 0.6491,
    "7": 0.6649,
    "8": 0.6951,
    "9": 0.7076,
    "10": 0.7265,
    "11": 0.7303,
    "12": 0.7303,
    "13": 0.7137,
    "14": 0.731,
    "15": 0.7252,
    "16": 0.7272,
    "17": 0.7134,
    "18": 0.7195,
    "19": 0.7181,
    "20": 0.7234,
    "21": 0.706,
    "22": 0.706,
    "23": 0.6998,
    "24": 0.7072,
    "25": 0.6999,
    "26": 0.7009,
    "27": 0.6962,
    "28": 0.7065,
    "29": 0.686,
    "30": 0.6884,
    "31": 0.7003,
    "32": 0.6848
  },
  "test_loss": {
    "0": 0.6932193134307861,
    "1": 0.6932191251754761,
    "2": 0.6923656992912293,
    "3": 0.6932643270492553,
    "4": 0.6585425977706909,
    "5": 0.6393301629066467,
    "6": 0.6294983012199402,
    "7": 0.6148353506088257,
    "8": 0.5888881946563721,
    "9": 0.568976713848114,
    "10": 0.5422176315307617,
    "11": 0.5429285123348236,
    "12": 0.5402349040031433,
    "13": 0.5673585430145264,
    "14": 0.5363296546936035,
    "15": 0.5435429027557374,
    "16": 0.5473258462905883,
    "17": 0.5633476998329162,
    "18": 0.5536228348255158,
    "19": 0.5589674010276794,
    "20": 0.5542786220550537,
    "21": 0.5722627182483673,
    "22": 0.5691447063446045,
    "23": 0.5782061019897461,
    "24": 0.5761458997726441,
    "25": 0.5847584590911865,
    "26": 0.5831546333312988,
    "27": 0.591095338344574,
    "28": 0.5780880558013916,
    "29": 0.6003785572052002,
    "30": 0.5925062732696533,
    "31": 0.5823874990463257,
    "32": 0.589265528678894
  },
  "drift_final_total_l2": {
    "0": 1.012453317642212,
    "1": 1.4394326210021973,
    "2": 7.433787822723389,
    "3": 1.3215590715408325,
    "4": 12.678909301757812,
    "5": 11.65880298614502,
    "6": 13.088823318481445,
    "7": 16.300264358520508,
    "8": 14.59188175201416,
    "9": 13.7002592086792,
    "10": 14.294490814208984,
    "11": 14.583303451538086,
    "12": 13.32369613647461,
    "13": 12.98949146270752,
    "14": 12.778044700622559,
    "15": 12.39395809173584,
    "16": 12.171316146850586,
    "17": 11.846880912780762,
    "18": 10.725354194641113,
    "19": 10.860981941223145,
    "20": 12.500351905822754,
    "21": 11.4761381149292,
    "22": 11.326708793640137,
    "23": 10.56139850616455,
    "24": 12.662579536437988,
    "25": 11.456683158874512,
    "26": 11.666871070861816,
    "27": 11.055798530578613,
    "28": 11.724364280700684,
    "29": 9.735250473022461,
    "30": 8.059645652770996,
    "31": 6.0193257331848145,
    "32": 7.858013153076172
  },
  "probe_type": "mlp",
  "probe_hidden_size": [
    6
  ],