{
  "config": {
    "model_short": "llama",
    "task_name": "somo",
    "dataset": {
      "train": "cache/llama/somo_train/",
      "test": "cache/llama/somo_test/"
    },
    "mdl": {
      "batch_size": 64,
      "probe_type": "mlp",
      "probe_hidden_size": [
        128
      ],
      "num_classes": 2,
      "init_strategy": "gamma_second_zero",
      "init_gamma": 1.6,
      "optimizer": "adamw",
      "train_epochs": 10,
      "lr": 0.001,
      "seed": 242,
      "early_stopping_gap": 3,
      "split_num": 5,
      "split_ratio": 2.0
    },
    "out_dir": "init_results/llama/somo/hidden-128/seed-242/strategy-gamma_second_zero/gamma-1.6/opt-adamw/2026-04-25_03-12-41"
  },
  "train_meta": {
    "dataset": "compling/somo",
    "split": "train",
    "text_col": "text",
    "model": "meta-llama/Meta-Llama-3.1-8B",
    "max_len": 64,
    "hidden_size": 4096,
    "num_hidden_layers": 32,
    "num_states": 33,
    "memmap_file": "last_token_hidden_states.memmap",
    "dtype": "float32",
    "shape": [
      15000,
      33,
      4096
    ]
  },
  "test_meta": {
    "dataset": "compling/somo",
    "split": "test",
    "text_col": "text",
    "model": "meta-llama/Meta-Llama-3.1-8B",
    "max_len": 64,
    "hidden_size": 4096,
    "num_hidden_layers": 32,
    "num_states": 33,
    "memmap_file": "last_token_hidden_states.memmap",
    "dtype": "float32",
    "shape": [
      10000,
      33,
      4096
    ]
  },
  "splits": [
    484,
    968,
    1936,
    3872,
    7740
  ],
  "mdl_sum_ce": {
    "0": 10060.387556552887,
    "1": 10060.790865898132,
    "2": 10061.138979434967,
    "3": 10021.282237529755,
    "4": 9746.290137290955,
    "5": 9497.935247421265,
    "6": 9884.235608100891,
    "7": 9330.798312187195,
    "8": 8998.140803575516,
    "9": 8572.724202156067,
    "10": 8091.932957649231,
    "11": 8077.491311073303,
    "12": 8106.7139801979065,
    "13": 8171.3139572143555,
    "14": 8224.252818107605,
    "15": 8301.379673480988,
    "16": 8374.506469726562,
    "17": 8443.545401573181,
    "18": 8513.338813781738,
    "19": 8531.107905864716,
    "20": 8647.870515346527,
    "21": 8646.381000041962,
    "22": 8666.056328773499,
    "23": 8699.076778411865,
    "24": 8740.328152656555,
    "25": 8752.179947853088,
    "26": 8792.875805854797,
    "27": 8780.905363082886,
    "28": 8763.775472164154,
    "29": 8850.524673461914,
    "30": 8862.067003250122,
    "31": 8767.995593070984,
    "32": 8982.429762363434
  },
  "mdl_nll": {
    "0": 0.6930550810521415,
    "1": 0.6930828648317809,
    "2": 0.6931068461997084,
    "3": 0.6903611351288065,
    "4": 0.6714170664984124,
    "5": 0.6543080220047716,
    "6": 0.6809200611808275,
    "7": 0.6427940418977125,
    "8": 0.6198774320457092,
    "9": 0.5905706945547029,
    "10": 0.5574492255200627,
    "11": 0.5564543476903626,
    "12": 0.5584674827912584,
    "13": 0.5629177429880378,
    "14": 0.566564674711188,
    "15": 0.5718779053100708,
    "16": 0.5769155738307084,
    "17": 0.581671631411765,
    "18": 0.586479664768651,
    "19": 0.5877037686597352,
    "20": 0.5957474865904193,
    "21": 0.5956448746239985,
    "22": 0.5970002982070473,
    "23": 0.5992750605133553,
    "24": 0.602116847110537,
    "25": 0.6029333113704249,
    "26": 0.605736828730697,
    "27": 0.6049121908985179,
    "28": 0.6037321212568306,
    "29": 0.6097082304672027,
    "30": 0.61050337580946,
    "31": 0.6040228432812748,
    "32": 0.6187951062526477
  },
  "stopping_epochs_per_stage": {
    "0": [
      10,
      4,
      2,
      7
    ],
    "1": [
      8,
      1,
      1,
      2
    ],
    "2": [
      2,
      1,
      1,
      4
    ],
    "3": [
      6,
      1,
      1,
      10
    ],
    "4": [
      7,
      7,
      9,
      8
    ],
    "5": [
      10,
      10,
      7,
      10
    ],
    "6": [
      9,
      6,
      10,
      3
    ],
    "7": [
      10,
      9,
      6,
      5
    ],
    "8": [
      9,
      9,
      5,
      4
    ],
    "9": [
      9,
      6,
      5,
      4
    ],
    "10": [
      7,
      5,
      8,
      5
    ],
    "11": [
      7,
      6,
      4,
      7
    ],
    "12": [
      9,
      9,
      10,
      4
    ],
    "13": [
      8,
      4,
      6,
      6
    ],
    "14": [
      8,
      4,
      6,
      4
    ],
    "15": [
      8,
      5,
      4,
      6
    ],
    "16": [
      6,
      6,
      5,
      7
    ],
    "17": [
      6,
      6,
      3,
      6
    ],
    "18": [
      7,
      4,
      5,
      4
    ],
    "19": [
      9,
      6,
      8,
      7
    ],
    "20": [
      6,
      4,
      10,
      3
    ],
    "21": [
      10,
      7,
      8,
      5
    ],
    "22": [
      6,
      4,
      6,
      5
    ],
    "23": [
      5,
      4,
      6,
      7
    ],
    "24": [
      7,
      5,
      6,
      6
    ],
    "25": [
      6,
      4,
      7,
      6
    ],
    "26": [
      4,
      3,
      4,
      5
    ],
    "27": [
      5,
      6,
      6,
      3
    ],
    "28": [
      6,
      5,
      4,
      5
    ],
    "29": [
      6,
      4,
      6,
      3
    ],
    "30": [
      6,
      8,
      5,
      6
    ],
    "31": [
      5,
      6,
      4,
      7
    ],
    "32": [
      1,
      5,
      3,
      6
    ]
  },
  "test_acc": {
    "0": 0.4982,
    "1": 0.5108,
    "2": 0.5272,
    "3": 0.5487,
    "4": 0.6047,
    "5": 0.6288,
    "6": 0.6446,
    "7": 0.6575,
    "8": 0.6639,
    "9": 0.6872,
    "10": 0.7284,
    "11": 0.7315,
    "12": 0.728,
    "13": 0.7325,
    "14": 0.7255,
    "15": 0.7168,
    "16": 0.7067,
    "17": 0.7148,
    "18": 0.7214,
    "19": 0.7176,
    "20": 0.7095,
    "21": 0.7133,
    "22": 0.7133,
    "23": 0.7068,
    "24": 0.692,
    "25": 0.6933,
    "26": 0.6976,
    "27": 0.7067,
    "28": 0.6916,
    "29": 0.6973,
    "30": 0.6995,
    "31": 0.6998,
    "32": 0.6951
  },
  "test_loss": {
    "0": 0.6932447827339172,
    "1": 0.6930168568611145,
    "2": 0.690952698135376,
    "3": 0.6855113398551941,
    "4": 0.6612375650405884,
    "5": 0.6438944929122925,
    "6": 0.630945816230774,
    "7": 0.623852988243103,
    "8": 0.6203081771850586,
    "9": 0.5940062263488769,
    "10": 0.551204334115982,
    "11": 0.5444127553939819,
    "12": 0.5514065952777862,
    "13": 0.5407516551017761,
    "14": 0.5736637240409851,
    "15": 0.5616525195598602,
    "16": 0.5672483649253846,
    "17": 0.5607639688491821,
    "18": 0.5521791335582733,
    "19": 0.5647044080257416,
    "20": 0.5710410210132599,
    "21": 0.5700041358470916,
    "22": 0.564436031293869,
    "23": 0.5752566033363342,
    "24": 0.5923696045875549,
    "25": 0.6016997004508973,
    "26": 0.5866426233291626,
    "27": 0.5745484558105469,
    "28": 0.5960400149345398,
    "29": 0.5836395289421081,
    "30": 0.5832777066230774,
    "31": 0.5757055171012878,
    "32": 0.5837353578567505
  },
  "drift_final_total_l2": {
    "0": 6.129813194274902,
    "1": 10.332481384277344,
    "2": 10.601204872131348,
    "3": 12.489704132080078,
    "4": 13.787252426147461,
    "5": 17.196109771728516,
    "6": 18.82501983642578,
    "7": 16.646560668945312,
    "8": 21.178361892700195,
    "9": 25.48871421813965,
    "10": 18.004838943481445,
    "11": 14.806520462036133,
    "12": 28.42820167541504,
    "13": 20.0111026763916,
    "14": 26.82227325439453,
    "15": 24.66432762145996,
    "16": 19.70098304748535,
    "17": 21.840187072753906,
    "18": 12.907350540161133,
    "19": 16.553993225097656,
    "20": 20.88733673095703,
    "21": 24.484840393066406,
    "22": 18.98066520690918,
    "23": 15.217601776123047,
    "24": 24.471786499023438,
    "25": 21.50890350341797,
    "26": 19.75502586364746,
    "27": 15.193412780761719,
    "28": 12.850627899169922,
    "29": 9.71626091003418,
    "30": 9.648849487304688,
    "31": 10.358386993408203,
    "32": 13.86210823059082
  },
  "probe_type": "mlp",
  "probe_hidden_size": [
    128
  ],
  "init_strategy": "gamma_second_zero",