{
  "config": {
    "model_short": "llama",
    "task_name": "somo",
    "dataset": {
      "train": "cache/llama/somo_train/",
      "test": "cache/llama/somo_test/"
    },
    "mdl": {
      "batch_size": 64,
      "probe_type": "mlp",
      "probe_hidden_size": [
        45
      ],
      "num_classes": 2,
      "init_strategy": "gamma_second_zero",
      "init_gamma": 0.7,
      "optimizer": "adamw",
      "train_epochs": 10,
      "lr": 0.001,
      "seed": 442,
      "early_stopping_gap": 3,
      "split_num": 5,
      "split_ratio": 2.0
    },
    "out_dir": "init_results/llama/somo/hidden-45/seed-442/strategy-gamma_second_zero/gamma-0.7/opt-adamw/2026-04-25_03-03-21"
  },
  "train_meta": {
    "dataset": "compling/somo",
    "split": "train",
    "text_col": "text",
    "model": "meta-llama/Meta-Llama-3.1-8B",
    "max_len": 64,
    "hidden_size": 4096,
    "num_hidden_layers": 32,
    "num_states": 33,
    "memmap_file": "last_token_hidden_states.memmap",
    "dtype": "float32",
    "shape": [
      15000,
      33,
      4096
    ]
  },
  "test_meta": {
    "dataset": "compling/somo",
    "split": "test",
    "text_col": "text",
    "model": "meta-llama/Meta-Llama-3.1-8B",
    "max_len": 64,
    "hidden_size": 4096,
    "num_hidden_layers": 32,
    "num_states": 33,
    "memmap_file": "last_token_hidden_states.memmap",
    "dtype": "float32",
    "shape": [
      10000,
      33,
      4096
    ]
  },
  "splits": [
    484,
    968,
    1936,
    3872,
    7740
  ],
  "mdl_sum_ce": {
    "0": 10059.855205535889,
    "1": 10061.266469478607,
    "2": 10060.746660232544,
    "3": 10058.793876171112,
    "4": 9812.958757400513,
    "5": 9516.095317840576,
    "6": 9483.965784549713,
    "7": 9396.85542678833,
    "8": 8964.119058609009,
    "9": 8553.235661506653,
    "10": 8056.087961196899,
    "11": 8201.500036716461,
    "12": 8085.03946685791,
    "13": 8244.922584533691,
    "14": 8161.972994327545,
    "15": 8249.306245803833,
    "16": 8323.030752897263,
    "17": 8403.002520799637,
    "18": 8506.962739944458,
    "19": 8605.712808609009,
    "20": 8593.913865089417,
    "21": 8626.26156425476,
    "22": 8615.345579147339,
    "23": 8832.801465511322,
    "24": 9562.355484962463,
    "25": 8798.967537403107,
    "26": 8761.510068893433,
    "27": 8751.969180107117,
    "28": 8804.945311546326,
    "29": 8735.019891262054,
    "30": 8870.805810928345,
    "31": 8671.078022956848,
    "32": 8899.89864063263
  },
  "mdl_nll": {
    "0": 0.6930184076560959,
    "1": 0.6931156289252278,
    "2": 0.6930798195255266,
    "3": 0.6929452932055051,
    "4": 0.6760098344861196,
    "5": 0.6555590601984415,
    "6": 0.6533456726749596,
    "7": 0.647344683575939,
    "8": 0.6175336910036517,
    "9": 0.5892281387094691,
    "10": 0.5549798815925117,
    "11": 0.5649972469493291,
    "12": 0.556974336377646,
    "13": 0.5679886046110286,
    "14": 0.5622742487136639,
    "15": 0.5682905928495339,
    "16": 0.5733694373723659,
    "17": 0.5788786525764423,
    "18": 0.5860404202221313,
    "19": 0.592843263199849,
    "20": 0.5920304398656253,
    "21": 0.5942588567273878,
    "22": 0.5935068599577941,
    "23": 0.6084872875111134,
    "24": 0.6587459000387478,
    "25": 0.6061564850787481,
    "26": 0.6035760587554032,
    "27": 0.6029187916855274,
    "28": 0.6065682909579998,
    "29": 0.6017511636306182,
    "30": 0.6111053879118452,
    "31": 0.5973462402147182,
    "32": 0.6131095784398339
  },
  "stopping_epochs_per_stage": {
    "0": [
      1,
      1,
      6,
      1
    ],
    "1": [
      1,
      1,
      2,
      1
    ],
    "2": [
      2,
      3,
      4,
      1
    ],
    "3": [
      1,
      3,
      9,
      1
    ],
    "4": [
      1,
      10,
      10,
      10
    ],
    "5": [
      1,
      10,
      10,
      7
    ],
    "6": [
      9,
      9,
      9,
      9
    ],
    "7": [
      1,
      10,
      10,
      6
    ],
    "8": [
      9,
      10,
      10,
      10
    ],
    "9": [
      1,
      9,
      6,
      6
    ],
    "10": [
      10,
      6,
      7,
      5
    ],
    "11": [
      7,
      10,
      8,
      5
    ],
    "12": [
      9,
      10,
      7,
      6
    ],
    "13": [
      10,
      8,
      10,
      6
    ],
    "14": [
      9,
      8,
      10,
      7
    ],
    "15": [
      10,
      10,
      7,
      8
    ],
    "16": [
      8,
      9,
      7,
      3
    ],
    "17": [
      10,
      7,
      9,
      7
    ],
    "18": [
      1,
      9,
      5,
      4
    ],
    "19": [
      10,
      10,
      10,
      4
    ],
    "20": [
      1,
      10,
      8,
      4
    ],
    "21": [
      1,
      10,
      5,
      5
    ],
    "22": [
      1,
      7,
      6,
      9
    ],
    "23": [
      2,
      9,
      6,
      8
    ],
    "24": [
      1,
      7,
      10,
      5
    ],
    "25": [
      6,
      7,
      7,
      2
    ],
    "26": [
      7,
      8,
      8,
      7
    ],
    "27": [
      2,
      6,
      8,
      5
    ],
    "28": [
      1,
      7,
      5,
      5
    ],
    "29": [
      9,
      9,
      6,
      7
    ],
    "30": [
      4,
      9,
      6,
      5
    ],
    "31": [
      9,
      5,
      7,
      5
    ],
    "32": [
      4,
      4,
      7,
      6
    ]
  },
  "test_acc": {
    "0": 0.5013,
    "1": 0.5013,
    "2": 0.5242,
    "3": 0.5524,
    "4": 0.6133,
    "5": 0.6347,
    "6": 0.6462,
    "7": 0.6681,
    "8": 0.6932,
    "9": 0.7013,
    "10": 0.7281,
    "11": 0.7341,
    "12": 0.73,
    "13": 0.7209,
    "14": 0.7378,
    "15": 0.7207,
    "16": 0.7292,
    "17": 0.7249,
    "18": 0.7068,
    "19": 0.7224,
    "20": 0.7172,
    "21": 0.6904,
    "22": 0.7138,
    "23": 0.7127,
    "24": 0.7065,
    "25": 0.6904,
    "26": 0.6768,
    "27": 0.7054,
    "28": 0.7045,
    "29": 0.7009,
    "30": 0.6863,
    "31": 0.698,
    "32": 0.6885
  },
  "test_loss": {
    "0": 0.693250271320343,
    "1": 0.693145657157898,
    "2": 0.6918454590797425,
    "3": 0.6853109018325806,
    "4": 0.6570133736610413,
    "5": 0.6390543246269226,
    "6": 0.6325669507980347,
    "7": 0.6122670189857483,
    "8": 0.5928382032394409,
    "9": 0.5871625747680664,
    "10": 0.5512746052265167,
    "11": 0.5376225874900817,
    "12": 0.5418240080833435,
    "13": 0.5593865044593811,
    "14": 0.538017683172226,
    "15": 0.5616149832725524,
    "16": 0.5565301507949829,
    "17": 0.5474460380554199,
    "18": 0.5806974655151367,
    "19": 0.5560164068222045,
    "20": 0.5624780878543854,
    "21": 0.5953333384513855,
    "22": 0.5668880926609039,
    "23": 0.5653320474624633,
    "24": 0.5712852421760559,
    "25": 0.6006902067184449,
    "26": 0.620627771949768,
    "27": 0.5813112739562988,
    "28": 0.5740422578811646,
    "29": 0.5827296823501587,
    "30": 0.5937741496086121,
    "31": 0.5731813180446624,
    "32": 0.6052928768157959
  },
  "drift_final_total_l2": {
    "0": 3.1703243255615234,
    "1": 2.6720426082611084,
    "2": 8.240045547485352,
    "3": 11.068259239196777,
    "4": 11.089387893676758,
    "5": 19.06591033935547,
    "6": 15.539421081542969,
    "7": 18.33356475830078,
    "8": 18.79686164855957,
    "9": 19.973695755004883,
    "10": 19.6343994140625,
    "11": 19.16781997680664,
    "12": 17.029985427856445,
    "13": 20.898649215698242,
    "14": 19.823509216308594,
    "15": 19.707801818847656,
    "16": 20.2755069732666,
    "17": 13.117377281188965,
    "18": 14.458913803100586,
    "19": 14.04174518585205,
    "20": 16.568239212036133,
    "21": 13.616621017456055,
    "22": 14.828972816467285,
    "23": 12.380120277404785,
    "24": 14.137507438659668,
    "25": 14.548731803894043,
    "26": 12.653790473937988,
    "27": 19.510698318481445,
    "28": 9.84742259979248,
    "29": 15.506460189819336,
    "30": 8.390340805053711,
    "31": 9.638840675354004,
    "32": 11.954338073730469
  },
  "probe_type": "mlp",
  "probe_hidden_size": [
    45
  ],
  "init_strategy": "gamma_second_zero",