{
  "config": {
    "model_short": "llama",
    "task_name": "somo",
    "dataset": {
      "train": "cache/llama/somo_train/",
      "test": "cache/llama/somo_test/"
    },
    "mdl": {
      "batch_size": 64,
      "probe_type": "mlp",
      "probe_hidden_size": [
        512
      ],
      "num_classes": 2,
      "init_strategy": "gamma_second_zero",
      "init_gamma": 1.6,
      "optimizer": "adamw",
      "train_epochs": 10,
      "lr": 0.001,
      "seed": 442,
      "early_stopping_gap": 3,
      "split_num": 5,
      "split_ratio": 2.0
    },
    "out_dir": "init_results/llama/somo/hidden-512/seed-442/strategy-gamma_second_zero/gamma-1.6/opt-adamw/2026-04-25_03-24-48"
  },
  "train_meta": {
    "dataset": "compling/somo",
    "split": "train",
    "text_col": "text",
    "model": "meta-llama/Meta-Llama-3.1-8B",
    "max_len": 64,
    "hidden_size": 4096,
    "num_hidden_layers": 32,
    "num_states": 33,
    "memmap_file": "last_token_hidden_states.memmap",
    "dtype": "float32",
    "shape": [
      15000,
      33,
      4096
    ]
  },
  "test_meta": {
    "dataset": "compling/somo",
    "split": "test",
    "text_col": "text",
    "model": "meta-llama/Meta-Llama-3.1-8B",
    "max_len": 64,
    "hidden_size": 4096,
    "num_hidden_layers": 32,
    "num_states": 33,
    "memmap_file": "last_token_hidden_states.memmap",
    "dtype": "float32",
    "shape": [
      10000,
      33,
      4096
    ]
  },
  "splits": [
    484,
    968,
    1936,
    3872,
    7740
  ],
  "mdl_sum_ce": {
    "0": 10060.824179649353,
    "1": 10059.846913337708,
    "2": 10062.924928665161,
    "3": 10042.242409706116,
    "4": 9740.22969341278,
    "5": 9483.081487178802,
    "6": 9492.725248336792,
    "7": 9409.376488685608,
    "8": 8926.51455783844,
    "9": 8628.210211753845,
    "10": 8140.418323516846,
    "11": 8056.81152009964,
    "12": 8103.067927837372,
    "13": 8154.697205543518,
    "14": 8243.567762374878,
    "15": 8346.908522605896,
    "16": 8360.097137451172,
    "17": 8437.765615463257,
    "18": 8536.971069574356,
    "19": 8559.946160554886,
    "20": 8545.394949913025,
    "21": 8619.465161800385,
    "22": 8693.306978225708,
    "23": 8753.504832267761,
    "24": 8735.51029586792,
    "25": 8739.3437333107,
    "26": 8800.840579032898,
    "27": 8763.301941394806,
    "28": 8777.010767936707,
    "29": 8863.484766483307,
    "30": 8842.56665802002,
    "31": 8741.187900066376,
    "32": 8939.815295219421
  },
  "mdl_nll": {
    "0": 0.6930851597994869,
    "1": 0.693017836410699,
    "2": 0.6932298793514164,
    "3": 0.6918050709359408,
    "4": 0.670999565542352,
    "5": 0.6532847538701296,
    "6": 0.6539491077663814,
    "7": 0.6482072532850377,
    "8": 0.6149431357011876,
    "9": 0.5943930980816923,
    "10": 0.5607893581921222,
    "11": 0.5550297272044392,
    "12": 0.5582163080626462,
    "13": 0.5617730232532046,
    "14": 0.567895271588239,
    "15": 0.5750143650183175,
    "16": 0.5759229221170551,
    "17": 0.5812734648293784,
    "18": 0.5881076790833808,
    "19": 0.5896904216419734,
    "20": 0.5886879959984173,
    "21": 0.5937906559520794,
    "22": 0.5988775818562764,
    "23": 0.6030245819969524,
    "24": 0.6017849473593221,
    "25": 0.6020490309527899,
    "26": 0.6062855179824261,
    "27": 0.6036994999583085,
    "28": 0.6046438941813659,
    "29": 0.6106010448114706,
    "30": 0.6091600067525502,
    "31": 0.6021760746807919,
    "32": 0.6158594168654878
  },
  "stopping_epochs_per_stage": {
    "0": [
      1,
      1,
      9,
      3
    ],
    "1": [
      1,
      4,
      8,
      1
    ],
    "2": [
      1,
      2,
      2,
      1
    ],
    "3": [
      2,
      2,
      5,
      10
    ],
    "4": [
      2,
      10,
      9,
      7
    ],
    "5": [
      3,
      10,
      8,
      10
    ],
    "6": [
      1,
      10,
      8,
      5
    ],
    "7": [
      2,
      3,
      9,
      4
    ],
    "8": [
      1,
      5,
      5,
      5
    ],
    "9": [
      3,
      5,
      6,
      3
    ],
    "10": [
      9,
      7,
      3,
      4
    ],
    "11": [
      7,
      3,
      6,
      5
    ],
    "12": [
      8,
      8,
      6,
      5
    ],
    "13": [
      6,
      4,
      2,
      3
    ],
    "14": [
      4,
      6,
      5,
      4
    ],
    "15": [
      1,
      6,
      7,
      6
    ],
    "16": [
      4,
      7,
      7,
      7
    ],
    "17": [
      6,
      5,
      5,
      4
    ],
    "18": [
      6,
      6,
      5,
      2
    ],
    "19": [
      6,
      6,
      7,
      3
    ],
    "20": [
      5,
      6,
      4,
      6
    ],
    "21": [
      6,
      9,
      8,
      8
    ],
    "22": [
      6,
      4,
      7,
      4
    ],
    "23": [
      4,
      9,
      3,
      6
    ],
    "24": [
      4,
      5,
      4,
      4
    ],
    "25": [
      3,
      7,
      5,
      5
    ],
    "26": [
      6,
      6,
      5,
      6
    ],
    "27": [
      5,
      5,
      7,
      5
    ],
    "28": [
      5,
      6,
      5,
      5
    ],
    "29": [
      3,
      8,
      5,
      5
    ],
    "30": [
      3,
      6,
      4,
      5
    ],
    "31": [
      6,
      3,
      7,
      5
    ],
    "32": [
      4,
      3,
      5,
      7
    ]
  },
  "test_acc": {
    "0": 0.5013,
    "1": 0.5072,
    "2": 0.5244,
    "3": 0.5529,
    "4": 0.6083,
    "5": 0.6326,
    "6": 0.6358,
    "7": 0.669,
    "8": 0.6831,
    "9": 0.6855,
    "10": 0.7305,
    "11": 0.6911,
    "12": 0.7191,
    "13": 0.7218,
    "14": 0.6957,
    "15": 0.7293,
    "16": 0.7095,
    "17": 0.7137,
    "18": 0.71,
    "19": 0.7033,
    "20": 0.7193,
    "21": 0.7165,
    "22": 0.6882,
    "23": 0.7114,
    "24": 0.6939,
    "25": 0.6981,
    "26": 0.7048,
    "27": 0.6959,
    "28": 0.7001,
    "29": 0.6946,
    "30": 0.6951,
    "31": 0.6962,
    "32": 0.6716
  },
  "test_loss": {
    "0": 0.6931542121887208,
    "1": 0.69343538646698,
    "2": 0.6921903453826904,
    "3": 0.6840782136917114,
    "4": 0.6589205631256103,
    "5": 0.6412231865882874,
    "6": 0.6363105152130127,
    "7": 0.6165554399490356,
    "8": 0.5985483878135681,
    "9": 0.60423998670578,
    "10": 0.5544370571136474,
    "11": 0.6282604465484619,
    "12": 0.5777140151023865,
    "13": 0.5645905489444732,
    "14": 0.5870509402275086,
    "15": 0.5630868185997009,
    "16": 0.5864407093524933,
    "17": 0.5708504874229431,
    "18": 0.5703903465270996,
    "19": 0.5772810819625854,
    "20": 0.5581255785942077,
    "21": 0.5652428956508636,
    "22": 0.609451721572876,
    "23": 0.5741229293823242,
    "24": 0.5956944822311402,
    "25": 0.5947544008255005,
    "26": 0.5985858082771301,
    "27": 0.5995781522750855,
    "28": 0.5856691914558411,
    "29": 0.6005186109542847,
    "30": 0.6134861824035645,
    "31": 0.5895365006923675,
    "32": 0.6014401132583618
  },
  "drift_final_total_l2": {
    "0": 5.616400241851807,
    "1": 17.010013580322266,
    "2": 23.55101776123047,
    "3": 17.965620040893555,
    "4": 19.477163314819336,
    "5": 19.395614624023438,
    "6": 23.373703002929688,
    "7": 32.3600959777832,
    "8": 35.096397399902344,
    "9": 32.98569107055664,
    "10": 31.867666244506836,
    "11": 42.588748931884766,
    "12": 42.388671875,
    "13": 39.30849075317383,
    "14": 39.4702033996582,
    "15": 38.50214385986328,
    "16": 34.68212127685547,
    "17": 36.32604217529297,
    "18": 23.68191909790039,
    "19": 25.172863006591797,
    "20": 33.61125946044922,
    "21": 18.44622802734375,
    "22": 28.659019470214844,
    "23": 26.12396240234375,
    "24": 33.46602249145508,
    "25": 24.901960372924805,
    "26": 30.297685623168945,
    "27": 24.633506774902344,
    "28": 18.544445037841797,
    "29": 20.645395278930664,
    "30": 22.453603744506836,
    "31": 21.165193557739258,
    "32": 16.639204025268555
  },
  "probe_type": "mlp",
  "probe_hidden_size": [
    512
  ],
  "init_strategy": "gamma_second_zero",
  "init_gamma": 1.6,