{
  "config": {
    "model_short": "llama",
    "task_name": "somo",
    "dataset": {
      "train": "cache/llama/somo_train/",
      "test": "cache/llama/somo_test/"
    },
    "mdl": {
      "batch_size": 64,
      "probe_type": "mlp",
      "probe_hidden_size": [
        512
      ],
      "num_classes": 2,
      "init_strategy": "gamma",
      "init_gamma": 1.5,
      "optimizer": "adamw",
      "train_epochs": 10,
      "lr": 0.001,
      "seed": 142,
      "early_stopping_gap": 3,
      "split_num": 5,
      "split_ratio": 2.0
    },
    "out_dir": "init_results/llama/somo/hidden-512/seed-142/strategy-gamma/gamma-1.5/opt-adamw/2026-04-22_03-37-27"
  },
  "train_meta": {
    "dataset": "compling/somo",
    "split": "train",
    "text_col": "text",
    "model": "meta-llama/Meta-Llama-3.1-8B",
    "max_len": 64,
    "hidden_size": 4096,
    "num_hidden_layers": 32,
    "num_states": 33,
    "memmap_file": "last_token_hidden_states.memmap",
    "dtype": "float32",
    "shape": [
      15000,
      33,
      4096
    ]
  },
  "test_meta": {
    "dataset": "compling/somo",
    "split": "test",
    "text_col": "text",
    "model": "meta-llama/Meta-Llama-3.1-8B",
    "max_len": 64,
    "hidden_size": 4096,
    "num_hidden_layers": 32,
    "num_states": 33,
    "memmap_file": "last_token_hidden_states.memmap",
    "dtype": "float32",
    "shape": [
      10000,
      33,
      4096
    ]
  },
  "splits": [
    484,
    968,
    1936,
    3872,
    7740
  ],
  "mdl_sum_ce": {
    "0": 10061.045887947083,
    "1": 10061.566084861755,
    "2": 10059.3049325943,
    "3": 10020.002341747284,
    "4": 9717.41763305664,
    "5": 9504.786714553833,
    "6": 9532.78264284134,
    "7": 9196.226335048676,
    "8": 8905.64544725418,
    "9": 8515.690781116486,
    "10": 8093.272445201874,
    "11": 8093.567490100861,
    "12": 8042.281111717224,
    "13": 8108.688229560852,
    "14": 8218.35891866684,
    "15": 8256.974254608154,
    "16": 8383.165312290192,
    "17": 8524.836602210999,
    "18": 8568.81935787201,
    "19": 8553.196788787842,
    "20": 8590.813735961914,
    "21": 8655.634310245514,
    "22": 8678.67849779129,
    "23": 8779.627779960632,
    "24": 8730.981397628784,
    "25": 8760.308235168457,
    "26": 8818.23171043396,
    "27": 8856.828523159027,
    "28": 8823.477538585663,
    "29": 8848.242670059204,
    "30": 8923.842091560364,
    "31": 8799.534908771515,
    "32": 8939.773773670197
  },
  "mdl_nll": {
    "0": 0.6931004331735383,
    "1": 0.6931362692795368,
    "2": 0.692980499627604,
    "3": 0.6902729637467129,
    "4": 0.6694280540821604,
    "5": 0.6547800161582966,
    "6": 0.6567086416947739,
    "7": 0.6335234455117578,
    "8": 0.6135054730817154,
    "9": 0.5866416906252746,
    "10": 0.5575415021494815,
    "11": 0.5575618276454162,
    "12": 0.5540287346181609,
    "13": 0.5586034878451951,
    "14": 0.5661586469183549,
    "15": 0.5688188381515675,
    "16": 0.5775120771762325,
    "17": 0.587271741678906,
    "18": 0.5903016917795543,
    "19": 0.5892254607872583,
    "20": 0.591816873516252,
    "21": 0.5962823305487402,
    "22": 0.5978698331352501,
    "23": 0.6048241788344332,
    "24": 0.6014729538184613,
    "25": 0.6034932650295162,
    "26": 0.6074835843506448,
    "27": 0.6101424995287288,
    "28": 0.6078449668356064,
    "29": 0.609551024390962,
    "30": 0.6147590308322103,
    "31": 0.6061955710093355,
    "32": 0.615856556466671
  },
  "stopping_epochs_per_stage": {
    "0": [
      1,
      6,
      7,
      1
    ],
    "1": [
      4,
      2,
      3,
      3
    ],
    "2": [
      3,
      1,
      4,
      1
    ],
    "3": [
      6,
      1,
      6,
      10
    ],
    "4": [
      9,
      2,
      9,
      10
    ],
    "5": [
      10,
      10,
      5,
      8
    ],
    "6": [
      10,
      3,
      9,
      9
    ],
    "7": [
      8,
      9,
      6,
      10
    ],
    "8": [
      8,
      10,
      6,
      8
    ],
    "9": [
      10,
      8,
      3,
      4
    ],
    "10": [
      10,
      5,
      3,
      3
    ],
    "11": [
      4,
      8,
      6,
      4
    ],
    "12": [
      8,
      6,
      5,
      5
    ],
    "13": [
      6,
      7,
      4,
      3
    ],
    "14": [
      6,
      7,
      2,
      5
    ],
    "15": [
      8,
      6,
      7,
      5
    ],
    "16": [
      4,
      6,
      5,
      3
    ],
    "17": [
      4,
      5,
      4,
      3
    ],
    "18": [
      3,
      5,
      3,
      3
    ],
    "19": [
      7,
      10,
      7,
      5
    ],
    "20": [
      4,
      5,
      8,
      6
    ],
    "21": [
      1,
      8,
      4,
      5
    ],
    "22": [
      9,
      6,
      6,
      5
    ],
    "23": [
      8,
      6,
      6,
      5
    ],
    "24": [
      10,
      7,
      6,
      3
    ],
    "25": [
      9,
      8,
      4,
      6
    ],
    "26": [
      1,
      3,
      7,
      3
    ],
    "27": [
      4,
      5,
      6,
      6
    ],
    "28": [
      3,
      6,
      7,
      7
    ],
    "29": [
      4,
      6,
      5,
      6
    ],
    "30": [
      2,
      5,
      4,
      2
    ],
    "31": [
      3,
      8,
      5,
      4
    ],
    "32": [
      9,
      2,
      3,
      5
    ]
  },
  "test_acc": {
    "0": 0.5013,
    "1": 0.5005,
    "2": 0.5013,
    "3": 0.5516,
    "4": 0.6061,
    "5": 0.6397,
    "6": 0.6265,
    "7": 0.6389,
    "8": 0.6864,
    "9": 0.7089,
    "10": 0.726,
    "11": 0.6977,
    "12": 0.7163,
    "13": 0.7264,
    "14": 0.7228,
    "15": 0.7265,
    "16": 0.7229,
    "17": 0.7149,
    "18": 0.6925,
    "19": 0.7108,
    "20": 0.7076,
    "21": 0.7171,
    "22": 0.706,
    "23": 0.6562,
    "24": 0.7001,
    "25": 0.7079,
    "26": 0.7007,
    "27": 0.6926,
    "28": 0.6679,
    "29": 0.6992,
    "30": 0.6591,
    "31": 0.6934,
    "32": 0.6792
  },
  "test_loss": {
    "0": 0.6931713876724244,
    "1": 0.6932864331245422,
    "2": 0.693275818347931,
    "3": 0.6858538207054138,
    "4": 0.6586330150604248,
    "5": 0.6371585127830506,
    "6": 0.6442489300727844,
    "7": 0.6573525069236755,
    "8": 0.6027111684799195,
    "9": 0.5762248291015625,
    "10": 0.5528130571365356,
    "11": 0.6031152745723725,
    "12": 0.5890287273406982,
    "13": 0.5434779158592224,
    "14": 0.5595808875083923,
    "15": 0.5528279249191285,
    "16": 0.5500464755058289,
    "17": 0.5690414737224578,
    "18": 0.6177710706710815,
    "19": 0.5680793708801269,
    "20": 0.5674257485866546,
    "21": 0.5616398529052734,
    "22": 0.5731423480987549,
    "23": 0.641304881477356,
    "24": 0.5827032322883606,
    "25": 0.5732728345870972,
    "26": 0.5768427024841308,
    "27": 0.5893100265026092,
    "28": 0.654911988067627,
    "29": 0.5874300566673278,
    "30": 0.6433629625320435,
    "31": 0.6019753006458283,
    "32": 0.5973726663589477
  },
  "drift_final_total_l2": {
    "0": 4.639965534210205,
    "1": 11.891697883605957,
    "2": 8.31048583984375,
    "3": 17.051624298095703,
    "4": 21.660167694091797,
    "5": 26.43296241760254,
    "6": 14.697492599487305,
    "7": 27.583032608032227,
    "8": 27.770719528198242,
    "9": 37.041141510009766,
    "10": 23.38924789428711,
    "11": 37.06816101074219,
    "12": 36.91981506347656,
    "13": 36.668701171875,
    "14": 29.371198654174805,
    "15": 28.46023178100586,
    "16": 33.47979736328125,
    "17": 44.08363342285156,
    "18": 34.88426208496094,
    "19": 36.59081268310547,
    "20": 18.37721061706543,
    "21": 21.00974464416504,
    "22": 24.14889907836914,
    "23": 28.377376556396484,
    "24": 24.63209342956543,
    "25": 18.886978149414062,
    "26": 25.416322708129883,
    "27": 14.763091087341309,
    "28": 28.06032943725586,
    "29": 23.787250518798828,
    "30": 15.494239807128906,
    "31": 18.487838745117188,
    "32": 22.876930236816406
  },
  "probe_type": "mlp",
  "probe_hidden_size": [
    512
  ],
  "init_strategy": "gamma",
  "init_gamma": 1.5,
  "effective_lr": 0.001,