{
  "config": {
    "model_short": "llama",
    "task_name": "somo",
    "dataset": {
      "train": "cache/llama/somo_train/",
      "test": "cache/llama/somo_test/"
    },
    "mdl": {
      "batch_size": 64,
      "probe_type": "mlp",
      "probe_hidden_size": [
        1024
      ],
      "num_classes": 2,
      "init_strategy": "mup",
      "init_gamma": null,
      "optimizer": "adamw",
      "train_epochs": 10,
      "lr": 0.001,
      "seed": 142,
      "early_stopping_gap": 3,
      "split_num": 5,
      "split_ratio": 2.0
    },
    "out_dir": "init_results/llama/somo/hidden-1024/seed-142/strategy-mup/gamma-na/2026-04-20_21-56-17"
  },
  "train_meta": {
    "dataset": "compling/somo",
    "split": "train",
    "text_col": "text",
    "model": "meta-llama/Meta-Llama-3.1-8B",
    "max_len": 64,
    "hidden_size": 4096,
    "num_hidden_layers": 32,
    "num_states": 33,
    "memmap_file": "last_token_hidden_states.memmap",
    "dtype": "float32",
    "shape": [
      15000,
      33,
      4096
    ]
  },
  "test_meta": {
    "dataset": "compling/somo",
    "split": "test",
    "text_col": "text",
    "model": "meta-llama/Meta-Llama-3.1-8B",
    "max_len": 64,
    "hidden_size": 4096,
    "num_hidden_layers": 32,
    "num_states": 33,
    "memmap_file": "last_token_hidden_states.memmap",
    "dtype": "float32",
    "shape": [
      10000,
      33,
      4096
    ]
  },
  "splits": [
    484,
    968,
    1936,
    3872,
    7740
  ],
  "mdl_sum_ce": {
    "0": 10060.760465621948,
    "1": 10060.355319023132,
    "2": 10059.801475048065,
    "3": 10028.92629623413,
    "4": 9849.793802261353,
    "5": 9623.819130897522,
    "6": 9595.998463630676,
    "7": 9488.978043079376,
    "8": 9079.208666801453,
    "9": 8629.05942106247,
    "10": 8178.59019613266,
    "11": 8183.640091896057,
    "12": 8207.862505435944,
    "13": 8209.149949073792,
    "14": 8241.248424053192,
    "15": 8335.993184566498,
    "16": 8391.898690223694,
    "17": 8482.372099876404,
    "18": 8535.549517154694,
    "19": 8608.988595485687,
    "20": 8614.812522888184,
    "21": 8638.320291042328,
    "22": 8645.540723323822,
    "23": 8744.211389541626,
    "24": 8784.166391849518,
    "25": 8801.303772449493,
    "26": 8808.43372964859,
    "27": 8805.88473033905,
    "28": 8768.075665473938,
    "29": 8815.974150657654,
    "30": 8792.782448291779,
    "31": 8707.530828475952,
    "32": 8846.035799503326
  },
  "mdl_nll": {
    "0": 0.6930807705719171,
    "1": 0.6930528602247955,
    "2": 0.6930147061895884,
    "3": 0.6908877305204003,
    "4": 0.6785473823547363,
    "5": 0.6629800999516067,
    "6": 0.6610635480594294,
    "7": 0.6536909646651541,
    "8": 0.6254621567099375,
    "9": 0.5944515996874118,
    "10": 0.5634189994580229,
    "11": 0.5637668842584773,
    "12": 0.5654355542460694,
    "13": 0.5655242455961553,
    "14": 0.5677354935280513,
    "15": 0.5742624128249172,
    "16": 0.578113715226212,
    "17": 0.5843463832926704,
    "18": 0.5880097490462037,
    "19": 0.593068930523952,
    "20": 0.593470137977968,
    "21": 0.5950895764013728,
    "22": 0.5955869883799823,
    "23": 0.6023843613627463,
    "24": 0.6051368415437806,
    "25": 0.6063174271458731,
    "26": 0.6068086063411815,
    "27": 0.6066330070500862,
    "28": 0.6040283594291773,
    "29": 0.6073280621836356,
    "30": 0.6057303973747437,
    "31": 0.5998574558057284,
    "32": 0.6093989941790663
  },
  "stopping_epochs_per_stage": {
    "0": [
      1,
      8,
      2,
      1
    ],
    "1": [
      1,
      4,
      3,
      2
    ],
    "2": [
      2,
      1,
      3,
      5
    ],
    "3": [
      8,
      1,
      10,
      10
    ],
    "4": [
      10,
      7,
      10,
      9
    ],
    "5": [
      10,
      10,
      10,
      10
    ],
    "6": [
      10,
      9,
      10,
      10
    ],
    "7": [
      10,
      10,
      10,
      10
    ],
    "8": [
      10,
      10,
      10,
      10
    ],
    "9": [
      10,
      10,
      10,
      9
    ],
    "10": [
      10,
      10,
      9,
      10
    ],
    "11": [
      10,
      10,
      10,
      10
    ],
    "12": [
      10,
      10,
      9,
      10
    ],
    "13": [
      10,
      9,
      9,
      9
    ],
    "14": [
      10,
      10,
      9,
      8
    ],
    "15": [
      10,
      10,
      10,
      9
    ],
    "16": [
      10,
      9,
      10,
      10
    ],
    "17": [
      10,
      10,
      10,
      10
    ],
    "18": [
      10,
      9,
      9,
      10
    ],
    "19": [
      10,
      9,
      10,
      7
    ],
    "20": [
      10,
      10,
      10,
      10
    ],
    "21": [
      10,
      10,
      10,
      8
    ],
    "22": [
      10,
      10,
      10,
      9
    ],
    "23": [
      10,
      10,
      10,
      10
    ],
    "24": [
      10,
      9,
      10,
      10
    ],
    "25": [
      10,
      10,
      9,
      7
    ],
    "26": [
      8,
      8,
      10,
      10
    ],
    "27": [
      10,
      9,
      9,
      7
    ],
    "28": [
      10,
      10,
      7,
      8
    ],
    "29": [
      7,
      9,
      10,
      10
    ],
    "30": [
      10,
      8,
      10,
      6
    ],
    "31": [
      4,
      9,
      10,
      10
    ],
    "32": [
      9,
      10,
      10,
      9
    ]
  },
  "test_acc": {
    "0": 0.4982,
    "1": 0.5013,
    "2": 0.513,
    "3": 0.5297,
    "4": 0.5929,
    "5": 0.6268,
    "6": 0.64,
    "7": 0.6604,
    "8": 0.6908,
    "9": 0.6968,
    "10": 0.7266,
    "11": 0.7251,
    "12": 0.73,
    "13": 0.7353,
    "14": 0.7238,
    "15": 0.7259,
    "16": 0.7273,
    "17": 0.7137,
    "18": 0.724,
    "19": 0.7126,
    "20": 0.7094,
    "21": 0.7142,
    "22": 0.7078,
    "23": 0.7135,
    "24": 0.7031,
    "25": 0.6773,
    "26": 0.7045,
    "27": 0.6962,
    "28": 0.7069,
    "29": 0.7026,
    "30": 0.7076,
    "31": 0.6965,
    "32": 0.691
  },
  "test_loss": {
    "0": 0.6932588014602661,
    "1": 0.6933453133583068,
    "2": 0.6926708769798279,
    "3": 0.6901233775138855,
    "4": 0.6623666459083557,
    "5": 0.643028464794159,
    "6": 0.6362716607093811,
    "7": 0.6195113563537598,
    "8": 0.5929231928825378,
    "9": 0.5801411968231202,
    "10": 0.5401408268451691,
    "11": 0.5468854372024536,
    "12": 0.5406107966423035,
    "13": 0.5323604294776917,
    "14": 0.5450370680332184,
    "15": 0.5451531732559204,
    "16": 0.5443158861160279,
    "17": 0.5611235744953156,
    "18": 0.5503734955310822,
    "19": 0.5662281146049499,
    "20": 0.5658177784919739,
    "21": 0.5612232580661773,
    "22": 0.5697132185935974,
    "23": 0.5626430479049682,
    "24": 0.574056288433075,
    "25": 0.5981000935554505,
    "26": 0.5746122925758362,
    "27": 0.588350464630127,
    "28": 0.572311476612091,
    "29": 0.5745857123374939,
    "30": 0.5696614177703857,
    "31": 0.5781989607810974,
    "32": 0.5819227203369141
  },
  "drift_final_total_l2": {
    "0": 30.740488052368164,
    "1": 30.414112091064453,
    "2": 62.41122817993164,
    "3": 73.31029510498047,
    "4": 165.53448486328125,
    "5": 163.16033935546875,
    "6": 162.99505615234375,
    "7": 178.99452209472656,
    "8": 177.8077850341797,
    "9": 188.78993225097656,
    "10": 189.3467559814453,
    "11": 183.2926025390625,
    "12": 187.67465209960938,
    "13": 183.5391845703125,
    "14": 162.00137329101562,
    "15": 163.6988525390625,
    "16": 155.9426727294922,
    "17": 151.72972106933594,
    "18": 143.72549438476562,
    "19": 132.32693481445312,
    "20": 130.66160583496094,
    "21": 123.72216033935547,
    "22": 127.99610900878906,
    "23": 121.02265167236328,
    "24": 113.59745025634766,
    "25": 107.38711547851562,
    "26": 109.34378051757812,
    "27": 111.30094146728516,
    "28": 107.03687286376953,
    "29": 103.2401123046875,
    "30": 99.5849380493164,
    "31": 81.10760498046875,
    "32": 71.22718811035156
  },
  "probe_type": "mlp",
  "probe_hidden_size": [
    1024
  ],