{
  "config": {
    "model_short": "llama",
    "task_name": "somo",
    "dataset": {
      "train": "cache/llama/somo_train/",
      "test": "cache/llama/somo_test/"
    },
    "mdl": {
      "batch_size": 64,
      "probe_type": "mlp",
      "probe_hidden_size": [
        256
      ],
      "num_classes": 2,
      "init_strategy": "standard",
      "init_gamma": null,
      "optimizer": "adamw",
      "train_epochs": 10,
      "lr": 0.001,
      "seed": 442,
      "early_stopping_gap": 3,
      "split_num": 5,
      "split_ratio": 2.0
    },
    "out_dir": "init_results/llama/somo/hidden-256/seed-442/strategy-standard/gamma-na/2026-04-21_00-51-41"
  },
  "train_meta": {
    "dataset": "compling/somo",
    "split": "train",
    "text_col": "text",
    "model": "meta-llama/Meta-Llama-3.1-8B",
    "max_len": 64,
    "hidden_size": 4096,
    "num_hidden_layers": 32,
    "num_states": 33,
    "memmap_file": "last_token_hidden_states.memmap",
    "dtype": "float32",
    "shape": [
      15000,
      33,
      4096
    ]
  },
  "test_meta": {
    "dataset": "compling/somo",
    "split": "test",
    "text_col": "text",
    "model": "meta-llama/Meta-Llama-3.1-8B",
    "max_len": 64,
    "hidden_size": 4096,
    "num_hidden_layers": 32,
    "num_states": 33,
    "memmap_file": "last_token_hidden_states.memmap",
    "dtype": "float32",
    "shape": [
      10000,
      33,
      4096
    ]
  },
  "splits": [
    484,
    968,
    1936,
    3872,
    7740
  ],
  "mdl_sum_ce": {
    "0": 10062.5230550766,
    "1": 10061.452671527863,
    "2": 10064.414261817932,
    "3": 10027.801908493042,
    "4": 9729.007662296295,
    "5": 9502.596047878265,
    "6": 9472.673210144043,
    "7": 9256.540549755096,
    "8": 8900.056044578552,
    "9": 8627.365736961365,
    "10": 8112.040981769562,
    "11": 8135.972851991653,
    "12": 8101.521082401276,
    "13": 8129.7870144844055,
    "14": 8205.289536237717,
    "15": 8363.841133594513,
    "16": 8339.427269220352,
    "17": 8461.48442196846,
    "18": 8503.63374376297,
    "19": 8567.491899251938,
    "20": 8579.825189113617,
    "21": 8638.25583410263,
    "22": 8648.92166852951,
    "23": 8717.08115196228,
    "24": 8750.79334449768,
    "25": 8844.674854755402,
    "26": 8790.693089962006,
    "27": 8772.125720500946,
    "28": 8821.283321857452,
    "29": 8840.236627578735,
    "30": 8838.296580314636,
    "31": 8741.088173389435,
    "32": 9017.328283786774
  },
  "mdl_nll": {
    "0": 0.6932021944803389,
    "1": 0.6931284562915309,
    "2": 0.693332478769491,
    "3": 0.6908102720097163,
    "4": 0.6702264854158374,
    "5": 0.6546291022236336,
    "6": 0.6525677328564372,
    "7": 0.6376784616805661,
    "8": 0.6131204219191617,
    "9": 0.5943349226344286,
    "10": 0.5588344572726345,
    "11": 0.560483111875975,
    "12": 0.5581097466520581,
    "13": 0.5600569726153489,
    "14": 0.5652583036812977,
    "15": 0.5761808441440144,
    "16": 0.5744989852039372,
    "17": 0.5829074415795302,
    "18": 0.5858110873355586,
    "19": 0.5902102438173008,
    "20": 0.5910598780045203,
    "21": 0.5950851359949456,
    "22": 0.5958199000089219,
    "23": 0.6005153728273822,
    "24": 0.6028377889568531,
    "25": 0.6093052393741666,
    "26": 0.605586462521494,
    "27": 0.6043073656999826,
    "28": 0.6076938083395875,
    "29": 0.6089994921175762,
    "30": 0.6088658432291703,
    "31": 0.6021692045597572,
    "32": 0.6211992479875154
  },
  "stopping_epochs_per_stage": {
    "0": [
      1,
      7,
      6,
      1
    ],
    "1": [
      1,
      2,
      8,
      1
    ],
    "2": [
      2,
      1,
      3,
      1
    ],
    "3": [
      3,
      2,
      10,
      7
    ],
    "4": [
      3,
      6,
      10,
      9
    ],
    "5": [
      3,
      10,
      5,
      5
    ],
    "6": [
      2,
      9,
      4,
      4
    ],
    "7": [
      1,
      10,
      8,
      7
    ],
    "8": [
      2,
      10,
      6,
      8
    ],
    "9": [
      8,
      6,
      7,
      2
    ],
    "10": [
      8,
      6,
      5,
      4
    ],
    "11": [
      7,
      3,
      4,
      4
    ],
    "12": [
      10,
      5,
      6,
      4
    ],
    "13": [
      5,
      6,
      5,
      3
    ],
    "14": [
      7,
      3,
      6,
      5
    ],
    "15": [
      9,
      4,
      6,
      4
    ],
    "16": [
      8,
      5,
      4,
      5
    ],
    "17": [
      9,
      5,
      5,
      6
    ],
    "18": [
      4,
      6,
      5,
      4
    ],
    "19": [
      9,
      7,
      8,
      9
    ],
    "20": [
      3,
      6,
      5,
      3
    ],
    "21": [
      7,
      5,
      6,
      8
    ],
    "22": [
      7,
      5,
      5,
      7
    ],
    "23": [
      6,
      6,
      4,
      5
    ],
    "24": [
      3,
      4,
      5,
      4
    ],
    "25": [
      10,
      7,
      3,
      6
    ],
    "26": [
      5,
      9,
      5,
      7
    ],
    "27": [
      4,
      5,
      4,
      6
    ],
    "28": [
      3,
      2,
      7,
      6
    ],
    "29": [
      5,
      9,
      6,
      7
    ],
    "30": [
      8,
      5,
      6,
      4
    ],
    "31": [
      7,
      3,
      9,
      7
    ],
    "32": [
      3,
      2,
      5,
      4
    ]
  },
  "test_acc": {
    "0": 0.5013,
    "1": 0.5038,
    "2": 0.5256,
    "3": 0.5425,
    "4": 0.6047,
    "5": 0.6371,
    "6": 0.6504,
    "7": 0.6395,
    "8": 0.6568,
    "9": 0.6928,
    "10": 0.7281,
    "11": 0.7258,
    "12": 0.7251,
    "13": 0.7152,
    "14": 0.732,
    "15": 0.7176,
    "16": 0.7295,
    "17": 0.7172,
    "18": 0.7167,
    "19": 0.7181,
    "20": 0.7075,
    "21": 0.7066,
    "22": 0.7126,
    "23": 0.7034,
    "24": 0.6926,
    "25": 0.6983,
    "26": 0.697,
    "27": 0.7016,
    "28": 0.6933,
    "29": 0.701,
    "30": 0.6834,
    "31": 0.6966,
    "32": 0.6828
  },
  "test_loss": {
    "0": 0.693166933631897,
    "1": 0.6930607542991638,
    "2": 0.6957979504585267,
    "3": 0.6909617104530335,
    "4": 0.661612975692749,
    "5": 0.6359485041618347,
    "6": 0.6303478078842163,
    "7": 0.6457438642501832,
    "8": 0.6301141802787781,
    "9": 0.6025673895835877,
    "10": 0.5566236213684082,
    "11": 0.5537916715145111,
    "12": 0.5605998650550842,
    "13": 0.5713426707267761,
    "14": 0.558311730670929,
    "15": 0.606746904182434,
    "16": 0.5505443712234497,
    "17": 0.5698169465065003,
    "18": 0.5623172025680542,
    "19": 0.5616939999580384,
    "20": 0.5757691916942597,
    "21": 0.579282968044281,
    "22": 0.5653034797668457,
    "23": 0.5831989137649536,
    "24": 0.5946617192268372,
    "25": 0.5827346086502075,
    "26": 0.5927022968292236,
    "27": 0.5872854120254517,
    "28": 0.5958782354354858,
    "29": 0.5979239553928375,
    "30": 0.6134781841278076,
    "31": 0.5835856868743896,
    "32": 0.6006883283615112
  },
  "drift_final_total_l2": {
    "0": 4.421877384185791,
    "1": 12.345520973205566,
    "2": 19.56182289123535,
    "3": 17.810590744018555,
    "4": 26.260723114013672,
    "5": 28.81231689453125,
    "6": 31.33226776123047,
    "7": 30.709440231323242,
    "8": 28.610322952270508,
    "9": 36.98103332519531,
    "10": 25.11713218688965,
    "11": 38.45590591430664,
    "12": 33.49716567993164,
    "13": 33.518524169921875,
    "14": 32.56992721557617,
    "15": 34.65043640136719,
    "16": 24.2319393157959,
    "17": 25.95891761779785,
    "18": 18.85640525817871,
    "19": 26.445589065551758,
    "20": 25.286407470703125,
    "21": 15.611839294433594,
    "22": 20.750104904174805,
    "23": 21.391450881958008,
    "24": 14.00186538696289,
    "25": 21.935976028442383,
    "26": 16.286243438720703,
    "27": 20.53095054626465,
    "28": 21.087120056152344,
    "29": 18.738855361938477,
    "30": 15.408407211303711,
    "31": 12.667675018310547,
    "32": 13.623159408569336
  },
  "probe_type": "mlp",
  "probe_hidden_size": [
    256
  ],
  "init_strategy": "standard",
  "init_gamma": null,
  "effective_lr": 0.001,