{
  "config": {
    "model_short": "llama",
    "task_name": "somo",
    "dataset": {
      "train": "cache/llama/somo_train/",
      "test": "cache/llama/somo_test/"
    },
    "mdl": {
      "batch_size": 64,
      "probe_type": "mlp",
      "probe_hidden_size": [
        1024
      ],
      "num_classes": 2,
      "init_strategy": "mup",
      "init_gamma": null,
      "optimizer": "adam",
      "train_epochs": 20,
      "lr": 0.0078125,
      "seed": 442,
      "early_stopping_gap": 3,
      "split_num": 5,
      "split_ratio": 2.0
    },
    "out_dir": "muP_results/llama/somo/hidden-1024/seed-442/strategy-mup/opt-adam/2026-04-28_20-23-05"
  },
  "train_meta": {
    "dataset": "compling/somo",
    "split": "train",
    "text_col": "text",
    "model": "meta-llama/Meta-Llama-3.1-8B",
    "max_len": 64,
    "hidden_size": 4096,
    "num_hidden_layers": 32,
    "num_states": 33,
    "memmap_file": "last_token_hidden_states.memmap",
    "dtype": "float32",
    "shape": [
      15000,
      33,
      4096
    ]
  },
  "test_meta": {
    "dataset": "compling/somo",
    "split": "test",
    "text_col": "text",
    "model": "meta-llama/Meta-Llama-3.1-8B",
    "max_len": 64,
    "hidden_size": 4096,
    "num_hidden_layers": 32,
    "num_states": 33,
    "memmap_file": "last_token_hidden_states.memmap",
    "dtype": "float32",
    "shape": [
      10000,
      33,
      4096
    ]
  },
  "splits": [
    484,
    968,
    1936,
    3872,
    7740
  ],
  "mdl_sum_ce": {
    "0": 10063.618325710297,
    "1": 10062.524158477783,
    "2": 10063.299757003784,
    "3": 10005.574105262756,
    "4": 9715.139633178711,
    "5": 9473.428595542908,
    "6": 9406.942410469055,
    "7": 9249.490504264832,
    "8": 8917.013027191162,
    "9": 8515.751471042633,
    "10": 8062.560104131699,
    "11": 8053.972995758057,
    "12": 8100.522717475891,
    "13": 8118.8037276268005,
    "14": 8154.502668619156,
    "15": 8257.155938148499,
    "16": 8344.509124279022,
    "17": 8384.574119567871,
    "18": 8501.026989459991,
    "19": 8563.793735980988,
    "20": 8529.863834381104,
    "21": 8544.772105693817,
    "22": 8585.699560165405,
    "23": 8704.64553642273,
    "24": 8666.371947288513,
    "25": 8686.224470615387,
    "26": 8746.310465335846,
    "27": 8801.939677238464,
    "28": 8840.213645935059,
    "29": 8750.208966732025,
    "30": 8859.849270820618,
    "31": 8790.612456321716,
    "32": 9020.039194107056
  },
  "mdl_nll": {
    "0": 0.6932776471280171,
    "1": 0.6932022704930961,
    "2": 0.6932557010887148,
    "3": 0.6892790097315208,
    "4": 0.669271123806745,
    "5": 0.652619770979809,
    "6": 0.6480395708507203,
    "7": 0.6371927875630223,
    "8": 0.61428857999388,
    "9": 0.5866458715240171,
    "10": 0.555425744291244,
    "11": 0.5548341826782899,
    "12": 0.5580409697902928,
    "13": 0.5593003394617526,
    "14": 0.5617596217015125,
    "15": 0.5688313542400454,
    "16": 0.574849071664303,
    "17": 0.5776091292069352,
    "18": 0.5856315093317712,
    "19": 0.5899554791940609,
    "20": 0.5876180651957222,
    "21": 0.5886450885708058,
    "22": 0.5914645604963767,
    "23": 0.59965868947525,
    "24": 0.5970220410091288,
    "25": 0.5983896714394727,
    "26": 0.6025289656472751,
    "27": 0.6063612343096214,
    "28": 0.6089979089236056,
    "29": 0.6027975314640414,
    "30": 0.6103505973285077,
    "31": 0.6055809077102312,
    "32": 0.6213860012473861
  },
  "stopping_epochs_per_stage": {
    "0": [
      5,
      7,
      2,
      3
    ],
    "1": [
      2,
      2,
      9,
      1
    ],
    "2": [
      1,
      2,
      4,
      3
    ],
    "3": [
      1,
      5,
      13,
      8
    ],
    "4": [
      1,
      16,
      10,
      12
    ],
    "5": [
      7,
      12,
      9,
      9
    ],
    "6": [
      6,
      11,
      9,
      5
    ],
    "7": [
      6,
      12,
      10,
      4
    ],
    "8": [
      11,
      11,
      8,
      4
    ],
    "9": [
      11,
      6,
      6,
      7
    ],
    "10": [
      15,
      7,
      6,
      5
    ],
    "11": [
      5,
      10,
      7,
      6
    ],
    "12": [
      6,
      7,
      5,
      5
    ],
    "13": [
      9,
      5,
      6,
      3
    ],
    "14": [
      8,
      5,
      8,
      6
    ],
    "15": [
      9,
      7,
      5,
      7
    ],
    "16": [
      9,
      5,
      6,
      4
    ],
    "17": [
      7,
      5,
      7,
      4
    ],
    "18": [
      8,
      7,
      4,
      4
    ],
    "19": [
      7,
      10,
      6,
      5
    ],
    "20": [
      8,
      8,
      12,
      10
    ],
    "21": [
      3,
      12,
      8,
      7
    ],
    "22": [
      13,
      8,
      10,
      6
    ],
    "23": [
      6,
      7,
      7,
      5
    ],
    "24": [
      8,
      7,
      7,
      7
    ],
    "25": [
      7,
      7,
      7,
      4
    ],
    "26": [
      6,
      8,
      4,
      8
    ],
    "27": [
      5,
      8,
      7,
      5
    ],
    "28": [
      5,
      3,
      10,
      4
    ],
    "29": [
      9,
      8,
      9,
      5
    ],
    "30": [
      2,
      2,
      7,
      3
    ],
    "31": [
      10,
      3,
      7,
      3
    ],
    "32": [
      5,
      3,
      4,
      2
    ]
  },
  "test_acc": {
    "0": 0.4987,
    "1": 0.4996,
    "2": 0.5299,
    "3": 0.5538,
    "4": 0.5921,
    "5": 0.6273,
    "6": 0.6357,
    "7": 0.6559,
    "8": 0.6901,
    "9": 0.6887,
    "10": 0.6953,
    "11": 0.7293,
    "12": 0.729,
    "13": 0.7219,
    "14": 0.7181,
    "15": 0.7228,
    "16": 0.7153,
    "17": 0.7212,
    "18": 0.72,
    "19": 0.7178,
    "20": 0.7151,
    "21": 0.709,
    "22": 0.7114,
    "23": 0.6976,
    "24": 0.658,
    "25": 0.6988,
    "26": 0.6939,
    "27": 0.697,
    "28": 0.7,
    "29": 0.6914,
    "30": 0.6906,
    "31": 0.6876,
    "32": 0.6795
  },
  "test_loss": {
    "0": 0.6938370378494263,
    "1": 0.6936835619926452,
    "2": 0.69269808883667,
    "3": 0.6907290183067322,
    "4": 0.7053886782646179,
    "5": 0.6537044904708862,
    "6": 0.6465208629608155,
    "7": 0.6558242782592774,
    "8": 0.6051015469551086,
    "9": 0.6207371894836425,
    "10": 0.6318844233512878,
    "11": 0.5879231921195984,
    "12": 0.5851937917232514,
    "13": 0.6099763878822326,
    "14": 0.6343089800834656,
    "15": 0.6000154760837555,
    "16": 0.5812786129951477,
    "17": 0.5882432147979736,
    "18": 0.5768573712348938,
    "19": 0.6039688380718231,
    "20": 0.593482623720169,
    "21": 0.5983900297164917,
    "22": 0.6212841814041138,
    "23": 0.6230811981201172,
    "24": 0.7162650339126587,
    "25": 0.6187889954090119,
    "26": 0.6335200736045837,
    "27": 0.647694833278656,
    "28": 0.6546934397697449,
    "29": 0.6407212976455688,
    "30": 0.6489665637493134,
    "31": 0.6398875566482544,
    "32": 0.6550211929321289
  },
  "drift_final_total_l2": {
    "0": 65.41624450683594,
    "1": 317.7686767578125,
    "2": 396.6800842285156,
    "3": 649.8989868164062,
    "4": 846.6764526367188,
    "5": 866.1096801757812,
    "6": 738.8090209960938,
    "7": 999.9699096679688,
    "8": 926.2472534179688,
    "9": 936.0873413085938,
    "10": 926.7693481445312,
    "11": 942.6092529296875,
    "12": 848.9757690429688,
    "13": 991.3004760742188,
    "14": 1024.622314453125,
    "15": 748.6007080078125,
    "16": 530.285888671875,
    "17": 510.21099853515625,
    "18": 515.8405151367188,
    "19": 692.6132202148438,
    "20": 616.31640625,
    "21": 651.7857055664062,
    "22": 700.155517578125,
    "23": 642.6737670898438,
    "24": 730.0985107421875,
    "25": 554.106689453125,
    "26": 504.6678161621094,
    "27": 502.55224609375,
    "28": 500.1859436035156,
    "29": 458.7898864746094,
    "30": 456.4773864746094,
    "31": 330.4918212890625,
    "32": 408.40679931640625
  },
  "probe_type": "mlp",
  "probe_hidden_size": [
    1024
  ],
  "init_strategy": "mup",
  "init_gamma": null,
  "effective_lr": {
    "hidden": 0.0078125,