{
  "config": {
    "model_short": "llama",
    "task_name": "somo",
    "dataset": {
      "train": "cache/llama/somo_train/",
      "test": "cache/llama/somo_test/"
    },
    "mdl": {
      "batch_size": 64,
      "probe_type": "mlp",
      "probe_hidden_size": [
        2048
      ],
      "num_classes": 2,
      "init_strategy": "standard",
      "init_gamma": null,
      "optimizer": "adamw",
      "train_epochs": 10,
      "lr": 0.001,
      "seed": 42,
      "early_stopping_gap": 3,
      "split_num": 5,
      "split_ratio": 2.0
    },
    "out_dir": "init_results/llama/somo/hidden-2048/seed-42/strategy-standard/gamma-na/2026-04-21_00-54-39"
  },
  "train_meta": {
    "dataset": "compling/somo",
    "split": "train",
    "text_col": "text",
    "model": "meta-llama/Meta-Llama-3.1-8B",
    "max_len": 64,
    "hidden_size": 4096,
    "num_hidden_layers": 32,
    "num_states": 33,
    "memmap_file": "last_token_hidden_states.memmap",
    "dtype": "float32",
    "shape": [
      15000,
      33,
      4096
    ]
  },
  "test_meta": {
    "dataset": "compling/somo",
    "split": "test",
    "text_col": "text",
    "model": "meta-llama/Meta-Llama-3.1-8B",
    "max_len": 64,
    "hidden_size": 4096,
    "num_hidden_layers": 32,
    "num_states": 33,
    "memmap_file": "last_token_hidden_states.memmap",
    "dtype": "float32",
    "shape": [
      10000,
      33,
      4096
    ]
  },
  "splits": [
    484,
    968,
    1936,
    3872,
    7740
  ],
  "mdl_sum_ce": {
    "0": 10062.85809803009,
    "1": 10063.026098251343,
    "2": 10065.23585319519,
    "3": 10037.97245502472,
    "4": 9784.964879512787,
    "5": 9501.872425079346,
    "6": 9452.358808517456,
    "7": 9261.980999946594,
    "8": 8945.103702068329,
    "9": 8559.049967288971,
    "10": 8158.786034584045,
    "11": 8185.5400314331055,
    "12": 8193.546889305115,
    "13": 8131.601016521454,
    "14": 8273.163623809814,
    "15": 8325.623441696167,
    "16": 8415.509662151337,
    "17": 8521.7351770401,
    "18": 8491.01894569397,
    "19": 8563.295706272125,
    "20": 8695.326138019562,
    "21": 8654.832753181458,
    "22": 8723.726651191711,
    "23": 8719.696208953857,
    "24": 8907.503309249878,
    "25": 8868.791635513306,
    "26": 8772.00379896164,
    "27": 8795.687821388245,
    "28": 8913.883590698242,
    "29": 8979.705100536346,
    "30": 8818.103021144867,
    "31": 8839.473356723785,
    "32": 8999.95723438263
  },
  "mdl_nll": {
    "0": 0.6932252754222988,
    "1": 0.6932368488737491,
    "2": 0.6933890777896935,
    "3": 0.6915109158876219,
    "4": 0.6740813502006604,
    "5": 0.6545792522099301,
    "6": 0.6511682838603924,
    "7": 0.6380532515807794,
    "8": 0.6162237325756633,
    "9": 0.5896286833348698,
    "10": 0.5620547006464622,
    "11": 0.5638977701455707,
    "12": 0.5644493585908732,
    "13": 0.5601819383109296,
    "14": 0.5699341157212603,
    "15": 0.573548046410593,
    "16": 0.5797402633060993,
    "17": 0.5870580860457495,
    "18": 0.5849420601883418,
    "19": 0.5899211701758146,
    "20": 0.5990166807673989,
    "21": 0.5962271116823821,
    "22": 0.6009731779547887,
    "23": 0.6006955227992462,
    "24": 0.6136334602679717,
    "25": 0.6109666323720933,
    "26": 0.6042989665859493,
    "27": 0.6059305470782753,
    "28": 0.6140729946747204,
    "29": 0.6186074056583319,
    "30": 0.6074747190097043,
    "31": 0.6089469107690676,
    "32": 0.6200025650580483
  },
  "stopping_epochs_per_stage": {
    "0": [
      1,
      2,
      1,
      2
    ],
    "1": [
      1,
      6,
      1,
      4
    ],
    "2": [
      2,
      4,
      1,
      1
    ],
    "3": [
      2,
      5,
      2,
      4
    ],
    "4": [
      4,
      7,
      7,
      4
    ],
    "5": [
      1,
      2,
      7,
      9
    ],
    "6": [
      8,
      9,
      6,
      8
    ],
    "7": [
      7,
      6,
      6,
      8
    ],
    "8": [
      3,
      6,
      5,
      6
    ],
    "9": [
      10,
      3,
      6,
      4
    ],
    "10": [
      3,
      4,
      5,
      3
    ],
    "11": [
      5,
      4,
      4,
      6
    ],
    "12": [
      8,
      7,
      4,
      4
    ],
    "13": [
      5,
      4,
      3,
      5
    ],
    "14": [
      8,
      2,
      3,
      3
    ],
    "15": [
      5,
      6,
      5,
      4
    ],
    "16": [
      4,
      4,
      4,
      4
    ],
    "17": [
      8,
      5,
      4,
      4
    ],
    "18": [
      6,
      4,
      5,
      7
    ],
    "19": [
      4,
      7,
      3,
      6
    ],
    "20": [
      4,
      5,
      7,
      3
    ],
    "21": [
      8,
      5,
      5,
      8
    ],
    "22": [
      3,
      5,
      5,
      5
    ],
    "23": [
      4,
      3,
      4,
      5
    ],
    "24": [
      4,
      5,
      2,
      4
    ],
    "25": [
      5,
      6,
      3,
      3
    ],
    "26": [
      3,
      5,
      4,
      4
    ],
    "27": [
      3,
      5,
      3,
      4
    ],
    "28": [
      3,
      5,
      2,
      4
    ],
    "29": [
      5,
      7,
      4,
      5
    ],
    "30": [
      5,
      3,
      5,
      4
    ],
    "31": [
      3,
      8,
      5,
      7
    ],
    "32": [
      5,
      7,
      6,
      8
    ]
  },
  "test_acc": {
    "0": 0.4982,
    "1": 0.5087,
    "2": 0.5151,
    "3": 0.5549,
    "4": 0.601,
    "5": 0.6183,
    "6": 0.6437,
    "7": 0.6632,
    "8": 0.6648,
    "9": 0.6974,
    "10": 0.7171,
    "11": 0.7327,
    "12": 0.7179,
    "13": 0.7242,
    "14": 0.7295,
    "15": 0.7172,
    "16": 0.724,
    "17": 0.7047,
    "18": 0.716,
    "19": 0.7178,
    "20": 0.7027,
    "21": 0.7152,
    "22": 0.694,
    "23": 0.7083,
    "24": 0.7034,
    "25": 0.7114,
    "26": 0.7077,
    "27": 0.7039,
    "28": 0.7018,
    "29": 0.694,
    "30": 0.6953,
    "31": 0.6917,
    "32": 0.6739
  },
  "test_loss": {
    "0": 0.6932880312919617,
    "1": 0.6933349431991577,
    "2": 0.7006319523811341,
    "3": 0.6857988587379455,
    "4": 0.662402803325653,
    "5": 0.6730071661949157,
    "6": 0.6436434363365173,
    "7": 0.6276202161788941,
    "8": 0.6399069884300231,
    "9": 0.6055154985427856,
    "10": 0.5772455080986023,
    "11": 0.5517208300113678,
    "12": 0.5998522060871124,
    "13": 0.5697164162635803,
    "14": 0.5942012962341309,
    "15": 0.5938806565284729,
    "16": 0.5684723912715912,
    "17": 0.6414836045265198,
    "18": 0.5704267650604248,
    "19": 0.5788612658023834,
    "20": 0.5925499816894532,
    "21": 0.5774185551643372,
    "22": 0.5950186867713928,
    "23": 0.5819471734046936,
    "24": 0.584995648097992,
    "25": 0.5683541265964508,
    "26": 0.5793693561553955,
    "27": 0.5845065046310425,
    "28": 0.6005586711883545,
    "29": 0.6078589799880981,
    "30": 0.6149129473686218,
    "31": 0.6157010015487671,
    "32": 0.6552713109970093
  },
  "drift_final_total_l2": {
    "0": 13.173691749572754,
    "1": 27.011343002319336,
    "2": 34.27569580078125,
    "3": 33.0313606262207,
    "4": 46.68872833251953,
    "5": 54.98500061035156,
    "6": 47.10566329956055,
    "7": 54.91167068481445,
    "8": 62.89204788208008,
    "9": 51.032344818115234,
    "10": 58.862220764160156,
    "11": 45.696807861328125,
    "12": 66.74681854248047,
    "13": 72.46064758300781,
    "14": 63.17225646972656,
    "15": 55.69154739379883,
    "16": 50.53832244873047,
    "17": 58.68696594238281,
    "18": 41.66254425048828,
    "19": 42.48397445678711,
    "20": 49.26124572753906,
    "21": 42.0899543762207,
    "22": 46.8416862487793,
    "23": 41.29585266113281,
    "24": 37.67630386352539,
    "25": 31.137052536010742,
    "26": 31.41094398498535,
    "27": 33.547325134277344,
    "28": 38.66495895385742,
    "29": 36.1367301940918,
    "30": 31.75412940979004,
    "31": 30.693349838256836,
    "32": 28.499980926513672
  },
  "probe_type": "mlp",
  "probe_hidden_size": [
    2048
  ],
  "init_strategy": "standard",
  "init_gamma": null,
  "effective_lr": 0.001,