{
  "config": {
    "model_short": "llama",
    "task_name": "somo",
    "dataset": {
      "train": "cache/llama/somo_train/",
      "test": "cache/llama/somo_test/"
    },
    "mdl": {
      "batch_size": 64,
      "probe_type": "mlp",
      "probe_hidden_size": [
        23
      ],
      "num_classes": 2,
      "init_strategy": "gamma_second_zero",
      "init_gamma": 0.3,
      "optimizer": "adamw",
      "train_epochs": 10,
      "lr": 0.001,
      "seed": 442,
      "early_stopping_gap": 3,
      "split_num": 5,
      "split_ratio": 2.0
    },
    "out_dir": "init_results/llama/somo/hidden-23/seed-442/strategy-gamma_second_zero/gamma-0.3/opt-adamw/2026-04-25_02-59-38"
  },
  "train_meta": {
    "dataset": "compling/somo",
    "split": "train",
    "text_col": "text",
    "model": "meta-llama/Meta-Llama-3.1-8B",
    "max_len": 64,
    "hidden_size": 4096,
    "num_hidden_layers": 32,
    "num_states": 33,
    "memmap_file": "last_token_hidden_states.memmap",
    "dtype": "float32",
    "shape": [
      15000,
      33,
      4096
    ]
  },
  "test_meta": {
    "dataset": "compling/somo",
    "split": "test",
    "text_col": "text",
    "model": "meta-llama/Meta-Llama-3.1-8B",
    "max_len": 64,
    "hidden_size": 4096,
    "num_hidden_layers": 32,
    "num_states": 33,
    "memmap_file": "last_token_hidden_states.memmap",
    "dtype": "float32",
    "shape": [
      10000,
      33,
      4096
    ]
  },
  "splits": [
    484,
    968,
    1936,
    3872,
    7740
  ],
  "mdl_sum_ce": {
    "0": 10059.415927410126,
    "1": 10061.444167137146,
    "2": 10060.754822731018,
    "3": 10025.91304731369,
    "4": 9744.896986961365,
    "5": 9505.832275867462,
    "6": 9477.145081043243,
    "7": 9297.579914569855,
    "8": 8951.548599243164,
    "9": 8559.10629081726,
    "10": 8142.697474002838,
    "11": 8074.943961381912,
    "12": 8131.183312416077,
    "13": 8173.545236587524,
    "14": 8193.048596382141,
    "15": 8295.956896066666,
    "16": 8354.527728319168,
    "17": 8421.106452941895,
    "18": 8480.581355571747,
    "19": 8629.056853294373,
    "20": 8610.671916484833,
    "21": 8614.731502532959,
    "22": 8636.815081119537,
    "23": 8804.208611488342,
    "24": 8715.906213760376,
    "25": 8873.176152229309,
    "26": 8813.710947036743,
    "27": 8814.077795028687,
    "28": 8835.705605506897,
    "29": 8917.864149093628,
    "30": 8887.742071151733,
    "31": 8943.051484107971,
    "32": 9077.063158512115
  },
  "mdl_nll": {
    "0": 0.6929881460051065,
    "1": 0.693127870428296,
    "2": 0.6930803818359753,
    "3": 0.6906801493051592,
    "4": 0.6713210930670546,
    "5": 0.6548520443557083,
    "6": 0.6528757978122929,
    "7": 0.6405056430538616,
    "8": 0.6166677183275808,
    "9": 0.5896325634346419,
    "10": 0.5609463677323532,
    "11": 0.5562788620406388,
    "12": 0.5601531628834443,
    "13": 0.5630714547111825,
    "14": 0.5644150314399381,
    "15": 0.5715043328786625,
    "16": 0.5755392482997498,
    "17": 0.5801258234322054,
    "18": 0.5842230198106743,
    "19": 0.5944514227951483,
    "20": 0.59318489366801,
    "21": 0.5934645565261063,
    "22": 0.5949858832405303,
    "23": 0.6065175400584418,
    "24": 0.6004344319206651,
    "25": 0.6112686795418372,
    "26": 0.6071721512149865,
    "27": 0.6071974231901823,
    "28": 0.6086873522669397,
    "29": 0.6143472133572353,
    "30": 0.6122721184315054,
    "31": 0.6160823563039385,
    "32": 0.6253143537139787
  },
  "stopping_epochs_per_stage": {
    "0": [
      1,
      10,
      8,
      3
    ],
    "1": [
      1,
      1,
      2,
      1
    ],
    "2": [
      1,
      3,
      7,
      2
    ],
    "3": [
      1,
      3,
      9,
      5
    ],
    "4": [
      1,
      10,
      9,
      10
    ],
    "5": [
      1,
      10,
      8,
      6
    ],
    "6": [
      1,
      10,
      9,
      7
    ],
    "7": [
      1,
      8,
      8,
      7
    ],
    "8": [
      1,
      10,
      8,
      6
    ],
    "9": [
      10,
      9,
      9,
      5
    ],
    "10": [
      9,
      10,
      9,
      4
    ],
    "11": [
      10,
      7,
      8,
      8
    ],
    "12": [
      9,
      10,
      9,
      7
    ],
    "13": [
      9,
      8,
      7,
      6
    ],
    "14": [
      10,
      9,
      5,
      6
    ],
    "15": [
      9,
      7,
      9,
      5
    ],
    "16": [
      10,
      8,
      7,
      7
    ],
    "17": [
      9,
      8,
      8,
      8
    ],
    "18": [
      10,
      8,
      9,
      6
    ],
    "19": [
      1,
      7,
      9,
      4
    ],
    "20": [
      8,
      10,
      8,
      5
    ],
    "21": [
      10,
      10,
      8,
      5
    ],
    "22": [
      4,
      9,
      10,
      6
    ],
    "23": [
      4,
      7,
      8,
      3
    ],
    "24": [
      7,
      9,
      10,
      6
    ],
    "25": [
      1,
      7,
      7,
      4
    ],
    "26": [
      1,
      8,
      4,
      5
    ],
    "27": [
      1,
      8,
      7,
      5
    ],
    "28": [
      6,
      6,
      4,
      5
    ],
    "29": [
      3,
      8,
      5,
      7
    ],
    "30": [
      5,
      5,
      7,
      3
    ],
    "31": [
      7,
      6,
      6,
      3
    ],
    "32": [
      6,
      7,
      5,
      4
    ]
  },
  "test_acc": {
    "0": 0.5013,
    "1": 0.4971,
    "2": 0.5226,
    "3": 0.5502,
    "4": 0.6074,
    "5": 0.6301,
    "6": 0.6484,
    "7": 0.6594,
    "8": 0.6873,
    "9": 0.7109,
    "10": 0.7274,
    "11": 0.724,
    "12": 0.7278,
    "13": 0.7294,
    "14": 0.7021,
    "15": 0.7275,
    "16": 0.7274,
    "17": 0.7229,
    "18": 0.7205,
    "19": 0.7158,
    "20": 0.7221,
    "21": 0.7183,
    "22": 0.7121,
    "23": 0.703,
    "24": 0.686,
    "25": 0.7011,
    "26": 0.6851,
    "27": 0.7009,
    "28": 0.6859,
    "29": 0.6952,
    "30": 0.702,
    "31": 0.6649,
    "32": 0.69
  },
  "test_loss": {
    "0": 0.6932020788192749,
    "1": 0.6952193656921387,
    "2": 0.6953362035751343,
    "3": 0.6861106108665467,
    "4": 0.6565063493728638,
    "5": 0.6458968727111817,
    "6": 0.6284073063850403,
    "7": 0.6244478459358216,
    "8": 0.5943056066513062,
    "9": 0.5751076511383056,
    "10": 0.5482271883964539,
    "11": 0.55284511013031,
    "12": 0.5475436841011048,
    "13": 0.5409695687294006,
    "14": 0.5797404086112976,
    "15": 0.5530571789741516,
    "16": 0.551897945022583,
    "17": 0.5548804525375366,
    "18": 0.5563339273452759,
    "19": 0.5672909850120544,
    "20": 0.5632090043067932,
    "21": 0.5644078023433685,
    "22": 0.5688948105335235,
    "23": 0.5814246622085572,
    "24": 0.6075115345001221,
    "25": 0.579369671344757,
    "26": 0.6081958937644959,
    "27": 0.5945967041015625,
    "28": 0.6060645023345947,
    "29": 0.5989129158020019,
    "30": 0.5992557415008545,
    "31": 0.6267513458251953,
    "32": 0.5923766549110413
  },
  "drift_final_total_l2": {
    "0": 2.2213103771209717,
    "1": 12.922607421875,
    "2": 17.943737030029297,
    "3": 17.996583938598633,
    "4": 20.703317642211914,
    "5": 21.758441925048828,
    "6": 20.9330997467041,
    "7": 22.222761154174805,
    "8": 23.483064651489258,
    "9": 21.16893196105957,
    "10": 21.90903663635254,
    "11": 24.136184692382812,
    "12": 20.908401489257812,
    "13": 21.645225524902344,
    "14": 21.96889305114746,
    "15": 21.626073837280273,
    "16": 20.860382080078125,
    "17": 20.55240821838379,
    "18": 19.06402015686035,
    "19": 19.319995880126953,
    "20": 19.556821823120117,
    "21": 19.135873794555664,
    "22": 18.98845100402832,
    "23": 17.401500701904297,
    "24": 18.004087448120117,
    "25": 17.299386978149414,
    "26": 18.235698699951172,
    "27": 17.038734436035156,
    "28": 17.04569435119629,
    "29": 16.418014526367188,
    "30": 16.305419921875,
    "31": 14.907182693481445,
    "32": 14.218511581420898
  },
  "probe_type": "mlp",
  "probe_hidden_size": [
    23
  ],
  "init_strategy": "gamma_second_zero",