{
  "config": {
    "model_short": "llama",
    "task_name": "somo",
    "dataset": {
      "train": "cache/llama/somo_train/",
      "test": "cache/llama/somo_test/"
    },
    "mdl": {
      "batch_size": 64,
      "probe_type": "mlp",
      "probe_hidden_size": [
        1024
      ],
      "num_classes": 2,
      "init_strategy": "gamma",
      "init_gamma": 1.5,
      "optimizer": "adamw",
      "train_epochs": 10,
      "lr": 0.001,
      "seed": 442,
      "early_stopping_gap": 3,
      "split_num": 5,
      "split_ratio": 2.0
    },
    "out_dir": "init_results/llama/somo/hidden-1024/seed-442/strategy-gamma/gamma-1.5/opt-adamw/2026-04-22_04-23-58"
  },
  "train_meta": {
    "dataset": "compling/somo",
    "split": "train",
    "text_col": "text",
    "model": "meta-llama/Meta-Llama-3.1-8B",
    "max_len": 64,
    "hidden_size": 4096,
    "num_hidden_layers": 32,
    "num_states": 33,
    "memmap_file": "last_token_hidden_states.memmap",
    "dtype": "float32",
    "shape": [
      15000,
      33,
      4096
    ]
  },
  "test_meta": {
    "dataset": "compling/somo",
    "split": "test",
    "text_col": "text",
    "model": "meta-llama/Meta-Llama-3.1-8B",
    "max_len": 64,
    "hidden_size": 4096,
    "num_hidden_layers": 32,
    "num_states": 33,
    "memmap_file": "last_token_hidden_states.memmap",
    "dtype": "float32",
    "shape": [
      10000,
      33,
      4096
    ]
  },
  "splits": [
    484,
    968,
    1936,
    3872,
    7740
  ],
  "mdl_sum_ce": {
    "0": 10061.389175891876,
    "1": 10061.649606227875,
    "2": 10057.419710159302,
    "3": 10025.444259166718,
    "4": 9757.859894752502,
    "5": 9507.170339107513,
    "6": 9455.962560653687,
    "7": 9275.684775829315,
    "8": 8903.917643547058,
    "9": 8577.667440414429,
    "10": 8123.235653877258,
    "11": 8171.267576932907,
    "12": 8146.386261940002,
    "13": 8104.7722697258,
    "14": 8169.22345995903,
    "15": 8212.330262899399,
    "16": 8390.591537475586,
    "17": 8428.583302974701,
    "18": 8534.30056476593,
    "19": 8550.242671251297,
    "20": 8593.067419052124,
    "21": 8699.020153999329,
    "22": 8714.396447181702,
    "23": 8741.57818365097,
    "24": 8748.227720737457,
    "25": 8779.925914764404,
    "26": 8740.608189582825,
    "27": 8741.386765480042,
    "28": 8808.236383914948,
    "29": 8830.63181591034,
    "30": 8905.566390037537,
    "31": 8808.326853275299,
    "32": 8942.186491012573
  },
  "mdl_nll": {
    "0": 0.6931240821088369,
    "1": 0.6931420230247916,
    "2": 0.6928506275943305,
    "3": 0.690647854723527,
    "4": 0.6722141013194063,
    "5": 0.654944222864943,
    "6": 0.65141654454765,
    "7": 0.638997297866445,
    "8": 0.6133864455460911,
    "9": 0.590911231772832,
    "10": 0.5596056526506792,
    "11": 0.5629145478735814,
    "12": 0.5612004864935246,
    "13": 0.5583337193252824,
    "14": 0.5627737296747748,
    "15": 0.5657433358293882,
    "16": 0.5780236661253504,
    "17": 0.5806408999018119,
    "18": 0.5879237093390693,
    "19": 0.5890219531035614,
    "20": 0.5919721286202896,
    "21": 0.5992711596858177,
    "22": 0.6003304248540715,
    "23": 0.6022029611222768,
    "24": 0.6026610444156418,
    "25": 0.6048447171923673,
    "26": 0.6021361387147165,
    "27": 0.6021897744199532,
    "28": 0.606795011292019,
    "29": 0.6083378214322361,
    "30": 0.6135000268694913,
    "31": 0.6068012436811311,
    "32": 0.6160227673610205
  },
  "stopping_epochs_per_stage": {
    "0": [
      1,
      3,
      1,
      1
    ],
    "1": [
      1,
      1,
      5,
      2
    ],
    "2": [
      1,
      1,
      7,
      1
    ],
    "3": [
      2,
      2,
      7,
      9
    ],
    "4": [
      1,
      9,
      9,
      7
    ],
    "5": [
      1,
      10,
      10,
      6
    ],
    "6": [
      1,
      10,
      7,
      8
    ],
    "7": [
      5,
      8,
      9,
      6
    ],
    "8": [
      7,
      7,
      9,
      5
    ],
    "9": [
      9,
      7,
      7,
      5
    ],
    "10": [
      10,
      4,
      6,
      3
    ],
    "11": [
      8,
      5,
      2,
      5
    ],
    "12": [
      8,
      5,
      5,
      6
    ],
    "13": [
      10,
      5,
      6,
      3
    ],
    "14": [
      9,
      6,
      3,
      6
    ],
    "15": [
      10,
      5,
      4,
      6
    ],
    "16": [
      5,
      6,
      6,
      5
    ],
    "17": [
      9,
      6,
      5,
      8
    ],
    "18": [
      7,
      7,
      5,
      3
    ],
    "19": [
      6,
      4,
      6,
      4
    ],
    "20": [
      6,
      7,
      8,
      5
    ],
    "21": [
      5,
      6,
      8,
      3
    ],
    "22": [
      4,
      4,
      9,
      9
    ],
    "23": [
      6,
      6,
      8,
      6
    ],
    "24": [
      7,
      5,
      7,
      4
    ],
    "25": [
      10,
      8,
      6,
      3
    ],
    "26": [
      7,
      5,
      4,
      4
    ],
    "27": [
      3,
      6,
      4,
      6
    ],
    "28": [
      2,
      7,
      5,
      7
    ],
    "29": [
      7,
      8,
      8,
      5
    ],
    "30": [
      3,
      4,
      3,
      4
    ],
    "31": [
      5,
      4,
      5,
      6
    ],
    "32": [
      5,
      3,
      4,
      6
    ]
  },
  "test_acc": {
    "0": 0.5013,
    "1": 0.5013,
    "2": 0.5203,
    "3": 0.5552,
    "4": 0.605,
    "5": 0.6405,
    "6": 0.6538,
    "7": 0.6593,
    "8": 0.6233,
    "9": 0.665,
    "10": 0.7207,
    "11": 0.7277,
    "12": 0.7082,
    "13": 0.7294,
    "14": 0.7272,
    "15": 0.7251,
    "16": 0.7275,
    "17": 0.7205,
    "18": 0.7216,
    "19": 0.7217,
    "20": 0.7179,
    "21": 0.7125,
    "22": 0.706,
    "23": 0.6991,
    "24": 0.7095,
    "25": 0.6978,
    "26": 0.6771,
    "27": 0.7033,
    "28": 0.6814,
    "29": 0.6886,
    "30": 0.699,
    "31": 0.6918,
    "32": 0.6904
  },
  "test_loss": {
    "0": 0.6931869475364685,
    "1": 0.6932080736160279,
    "2": 0.6944918898582458,
    "3": 0.6842082433700561,
    "4": 0.6586623591423034,
    "5": 0.6394947075843811,
    "6": 0.6273921633720398,
    "7": 0.6246194952964783,
    "8": 0.6831403974533081,
    "9": 0.6426216506004333,
    "10": 0.5709148958206177,
    "11": 0.5522020502567291,
    "12": 0.576754577922821,
    "13": 0.5576490406513214,
    "14": 0.5595093905925751,
    "15": 0.5771226747512818,
    "16": 0.5532859248638153,
    "17": 0.559368074464798,
    "18": 0.5550861766815186,
    "19": 0.5568996929168701,
    "20": 0.5656711084365845,
    "21": 0.5662915660381317,
    "22": 0.5949865056991577,
    "23": 0.5831839323997497,
    "24": 0.5756021100997925,
    "25": 0.5869283629417419,
    "26": 0.63056217212677,
    "27": 0.6047662393569946,
    "28": 0.6241107215881347,
    "29": 0.598863686466217,
    "30": 0.5912247010231018,
    "31": 0.6077059707164765,
    "32": 0.5953479267120362
  },
  "drift_final_total_l2": {
    "0": 5.635739326477051,
    "1": 8.878409385681152,
    "2": 26.32196044921875,
    "3": 16.62575340270996,
    "4": 24.38833236694336,
    "5": 25.81275177001953,
    "6": 25.10288429260254,
    "7": 26.98267364501953,
    "8": 31.68736457824707,
    "9": 45.37168884277344,
    "10": 50.28727340698242,
    "11": 31.870651245117188,
    "12": 49.40472412109375,
    "13": 38.66263961791992,
    "14": 30.95828628540039,
    "15": 48.08554458618164,
    "16": 35.689353942871094,
    "17": 36.23259353637695,
    "18": 21.766958236694336,
    "19": 17.954872131347656,
    "20": 24.014835357666016,
    "21": 22.775930404663086,
    "22": 24.71778678894043,
    "23": 21.491924285888672,
    "24": 18.508819580078125,
    "25": 22.405628204345703,
    "26": 30.10175132751465,
    "27": 32.21512985229492,
    "28": 23.346315383911133,
    "29": 17.21539306640625,
    "30": 24.064516067504883,
    "31": 18.701557159423828,
    "32": 20.634340286254883
  },
  "probe_type": "mlp",
  "probe_hidden_size": [
    1024
  ],
  "init_strategy": "gamma",
  "init_gamma": 1.5,
  "effective_lr": 0.001,