{
  "config": {
    "model_short": "llama",
    "task_name": "somo",
    "dataset": {
      "train": "cache/llama/somo_train/",
      "test": "cache/llama/somo_test/"
    },
    "mdl": {
      "batch_size": 64,
      "probe_type": "mlp",
      "probe_hidden_size": [
        8
      ],
      "num_classes": 2,
      "init_strategy": "mup",
      "init_gamma": null,
      "optimizer": "adam",
      "train_epochs": 20,
      "lr": 0.0078125,
      "seed": 342,
      "early_stopping_gap": 3,
      "split_num": 5,
      "split_ratio": 2.0
    },
    "out_dir": "muP_results/llama/somo/hidden-8/seed-342/strategy-mup/opt-adam/2026-04-29_23-52-31"
  },
  "train_meta": {
    "dataset": "compling/somo",
    "split": "train",
    "text_col": "text",
    "model": "meta-llama/Meta-Llama-3.1-8B",
    "max_len": 64,
    "hidden_size": 4096,
    "num_hidden_layers": 32,
    "num_states": 33,
    "memmap_file": "last_token_hidden_states.memmap",
    "dtype": "float32",
    "shape": [
      15000,
      33,
      4096
    ]
  },
  "test_meta": {
    "dataset": "compling/somo",
    "split": "test",
    "text_col": "text",
    "model": "meta-llama/Meta-Llama-3.1-8B",
    "max_len": 64,
    "hidden_size": 4096,
    "num_hidden_layers": 32,
    "num_states": 33,
    "memmap_file": "last_token_hidden_states.memmap",
    "dtype": "float32",
    "shape": [
      10000,
      33,
      4096
    ]
  },
  "splits": [
    484,
    968,
    1936,
    3872,
    7740
  ],
  "mdl_sum_ce": {
    "0": 10061.203704833984,
    "1": 10062.375197410583,
    "2": 10066.177438735962,
    "3": 10061.260656356812,
    "4": 10060.297602653503,
    "5": 9588.210460662842,
    "6": 9468.431616783142,
    "7": 9270.669306755066,
    "8": 8808.914050102234,
    "9": 8446.285793304443,
    "10": 8073.683228492737,
    "11": 8037.016067266464,
    "12": 9254.856469154358,
    "13": 8144.418888807297,
    "14": 8390.669799804688,
    "15": 8275.783379793167,
    "16": 9367.449177980423,
    "17": 8365.787717103958,
    "18": 8461.009406089783,
    "19": 9188.686189174652,
    "20": 8573.416954994202,
    "21": 8644.793021202087,
    "22": 9142.884334564209,
    "23": 9946.960300445557,
    "24": 10060.588883399963,
    "25": 9928.210731506348,
    "26": 9730.668575763702,
    "27": 9971.911759376526,
    "28": 10047.20988702774,
    "29": 10045.433847904205,
    "30": 10061.468020439148,
    "31": 9217.575664520264,
    "32": 10058.68111038208
  },
  "mdl_nll": {
    "0": 0.6931113051001643,
    "1": 0.6931920086394725,
    "2": 0.693453943147972,
    "3": 0.6931152284621667,
    "4": 0.6930488841728785,
    "5": 0.6605270364193195,
    "6": 0.6522755316053418,
    "7": 0.6386517847034352,
    "8": 0.6068416953776684,
    "9": 0.581860415631334,
    "10": 0.5561920107807066,
    "11": 0.5536660283319416,
    "12": 0.6375624462079331,
    "13": 0.5610649551396595,
    "14": 0.578029057578168,
    "15": 0.570114589404324,
    "16": 0.6453189017622226,
    "17": 0.5763149433111021,
    "18": 0.582874717972567,
    "19": 0.6330040086232194,
    "20": 0.5906184179522046,
    "21": 0.5955354795537399,
    "22": 0.6298487417032385,
    "23": 0.6852411339518846,
    "24": 0.6930689503582229,
    "25": 0.6839494854991973,
    "26": 0.6703409049162099,
    "27": 0.6869600275128497,
    "28": 0.6921472779710486,
    "29": 0.6920249275216455,
    "30": 0.6931295136703739,
    "31": 0.6349941901708641,
    "32": 0.6929375248265418
  },
  "stopping_epochs_per_stage": {
    "0": [
      1,
      9,
      1,
      10
    ],
    "1": [
      2,
      1,
      2,
      1
    ],
    "2": [
      2,
      1,
      4,
      3
    ],
    "3": [
      1,
      1,
      10,
      2
    ],
    "4": [
      1,
      2,
      6,
      3
    ],
    "5": [
      4,
      1,
      5,
      3
    ],
    "6": [
      10,
      14,
      5,
      9
    ],
    "7": [
      1,
      3,
      5,
      12
    ],
    "8": [
      10,
      13,
      6,
      10
    ],
    "9": [
      13,
      11,
      6,
      8
    ],
    "10": [
      14,
      6,
      7,
      4
    ],
    "11": [
      10,
      9,
      5,
      10
    ],
    "12": [
      14,
      10,
      7,
      3
    ],
    "13": [
      11,
      13,
      6,
      3
    ],
    "14": [
      9,
      1,
      4,
      5
    ],
    "15": [
      11,
      9,
      7,
      6
    ],
    "16": [
      8,
      9,
      9,
      4
    ],
    "17": [
      8,
      8,
      5,
      10
    ],
    "18": [
      7,
      11,
      4,
      3
    ],
    "19": [
      3,
      6,
      1,
      5
    ],
    "20": [
      13,
      12,
      8,
      4
    ],
    "21": [
      16,
      7,
      7,
      5
    ],
    "22": [
      7,
      2,
      4,
      5
    ],
    "23": [
      6,
      8,
      2,
      1
    ],
    "24": [
      1,
      1,
      3,
      4
    ],
    "25": [
      5,
      6,
      1,
      4
    ],
    "26": [
      9,
      1,
      7,
      1
    ],
    "27": [
      3,
      3,
      5,
      3
    ],
    "28": [
      5,
      3,
      1,
      3
    ],
    "29": [
      2,
      2,
      7,
      4
    ],
    "30": [
      5,
      3,
      2,
      2
    ],
    "31": [
      4,
      2,
      2,
      8
    ],
    "32": [
      7,
      1,
      2,
      6
    ]
  },
  "test_acc": {
    "0": 0.5013,
    "1": 0.5013,
    "2": 0.5013,
    "3": 0.5013,
    "4": 0.6064,
    "5": 0.6337,
    "6": 0.6508,
    "7": 0.6594,
    "8": 0.694,
    "9": 0.6811,
    "10": 0.7262,
    "11": 0.7281,
    "12": 0.7127,
    "13": 0.7235,
    "14": 0.7161,
    "15": 0.7022,
    "16": 0.7344,
    "17": 0.7263,
    "18": 0.5013,
    "19": 0.5013,
    "20": 0.7219,
    "21": 0.4987,
    "22": 0.6934,
    "23": 0.5013,
    "24": 0.5013,
    "25": 0.5013,
    "26": 0.7045,
    "27": 0.4987,
    "28": 0.5013,
    "29": 0.6611,
    "30": 0.5013,
    "31": 0.691,
    "32": 0.6251
  },
  "test_loss": {
    "0": 0.6938445873260498,
    "1": 0.6939537793159485,
    "2": 0.6933220623016357,
    "3": 0.6936997129440308,
    "4": 0.663482238292694,
    "5": 0.6468043630599976,
    "6": 0.6352492904663086,
    "7": 0.6545956916809083,
    "8": 0.5992655406951904,
    "9": 0.6390905177116394,
    "10": 0.561248805809021,
    "11": 0.5527016525745392,
    "12": 0.6259109295129776,
    "13": 0.5689390995979309,
    "14": 0.572591053724289,
    "15": 0.6112605835914612,
    "16": 0.5862259782791138,
    "17": 0.5997237843036651,
    "18": 0.6938357124328614,
    "19": 0.6963403629302979,
    "20": 0.5649041665077209,
    "21": 0.6931694784164428,
    "22": 0.5959074101448059,
    "23": 0.6931464479446411,
    "24": 0.6931446702957154,
    "25": 0.6932716917991638,
    "26": 0.5860381322860718,
    "27": 0.6936013838768006,
    "28": 0.6931438436508178,
    "29": 0.6250143711566924,
    "30": 0.6931450859069824,
    "31": 0.6233966870307922,
    "32": 0.6904841380119324
  },
  "drift_final_total_l2": {
    "0": 6.60190486907959,
    "1": 7.4452619552612305,
    "2": 8.277691841125488,
    "3": 12.189632415771484,
    "4": 49.34419631958008,
    "5": 58.29587173461914,
    "6": 49.13178253173828,
    "7": 95.21920776367188,
    "8": 52.47274398803711,
    "9": 62.551544189453125,
    "10": 63.06198501586914,
    "11": 53.289188385009766,
    "12": 64.07176971435547,
    "13": 52.44533157348633,
    "14": 48.98210525512695,
    "15": 57.36758041381836,
    "16": 53.06769943237305,
    "17": 59.29731369018555,
    "18": 7.613729000091553,
    "19": 8.646659851074219,
    "20": 39.744686126708984,
    "21": 8.049724578857422,
    "22": 44.07248306274414,
    "23": 7.797083854675293,
    "24": 11.91916275024414,
    "25": 10.180516242980957,
    "26": 44.7322883605957,
    "27": 8.706156730651855,
    "28": 8.41130256652832,
    "29": 32.63023376464844,
    "30": 8.442906379699707,
    "31": 43.599361419677734,
    "32": 38.861122131347656
  },
  "probe_type": "mlp",
  "probe_hidden_size": [
    8
  ],
  "init_strategy": "mup",
  "init_gamma": null,