{
  "config": {
    "model_short": "llama",
    "task_name": "somo",
    "dataset": {
      "train": "cache/llama/somo_train/",
      "test": "cache/llama/somo_test/"
    },
    "mdl": {
      "batch_size": 64,
      "probe_type": "mlp",
      "probe_hidden_size": [
        362
      ],
      "num_classes": 2,
      "init_strategy": "gamma_second_zero",
      "init_gamma": 0.8,
      "optimizer": "adamw",
      "train_epochs": 10,
      "lr": 0.001,
      "seed": 142,
      "early_stopping_gap": 3,
      "split_num": 5,
      "split_ratio": 2.0
    },
    "out_dir": "init_results/llama/somo/hidden-362/seed-142/strategy-gamma_second_zero/gamma-0.8/opt-adamw/2026-04-25_03-01-15"
  },
  "train_meta": {
    "dataset": "compling/somo",
    "split": "train",
    "text_col": "text",
    "model": "meta-llama/Meta-Llama-3.1-8B",
    "max_len": 64,
    "hidden_size": 4096,
    "num_hidden_layers": 32,
    "num_states": 33,
    "memmap_file": "last_token_hidden_states.memmap",
    "dtype": "float32",
    "shape": [
      15000,
      33,
      4096
    ]
  },
  "test_meta": {
    "dataset": "compling/somo",
    "split": "test",
    "text_col": "text",
    "model": "meta-llama/Meta-Llama-3.1-8B",
    "max_len": 64,
    "hidden_size": 4096,
    "num_hidden_layers": 32,
    "num_states": 33,
    "memmap_file": "last_token_hidden_states.memmap",
    "dtype": "float32",
    "shape": [
      10000,
      33,
      4096
    ]
  },
  "splits": [
    484,
    968,
    1936,
    3872,
    7740
  ],
  "mdl_sum_ce": {
    "0": 10061.13766860962,
    "1": 10060.226445674896,
    "2": 10060.336629867554,
    "3": 10032.202862739563,
    "4": 9710.170544624329,
    "5": 9460.501579284668,
    "6": 9437.45654296875,
    "7": 9201.014633655548,
    "8": 8981.288268566132,
    "9": 8521.36464881897,
    "10": 8145.727574825287,
    "11": 8163.955916404724,
    "12": 8125.130365371704,
    "13": 8159.139157772064,
    "14": 8229.955522537231,
    "15": 8280.635799407959,
    "16": 8374.055777549744,
    "17": 8454.507080078125,
    "18": 8492.117151260376,
    "19": 8629.105780124664,
    "20": 8626.89082956314,
    "21": 8664.966423034668,
    "22": 8681.951687812805,
    "23": 8713.271178245544,
    "24": 8781.315378189087,
    "25": 8750.27034664154,
    "26": 8819.515577316284,
    "27": 8989.214705467224,
    "28": 8825.177768230438,
    "29": 8944.792934894562,
    "30": 8882.865187168121,
    "31": 8804.109920024872,
    "32": 8982.42814207077
  },
  "mdl_nll": {
    "0": 0.693106755897604,
    "1": 0.6930439822041125,
    "2": 0.6930515727381892,
    "3": 0.6911134515527393,
    "4": 0.6689288057746162,
    "5": 0.6517292352772573,
    "6": 0.6501416742193958,
    "7": 0.6338533090145735,
    "8": 0.6187164693142829,
    "9": 0.5870325605414005,
    "10": 0.5611551098667186,
    "11": 0.5624108512265585,
    "12": 0.5597361783805253,
    "13": 0.562079027126761,
    "14": 0.5669575311750642,
    "15": 0.5704488701713942,
    "16": 0.5768845258714346,
    "17": 0.582426775976724,
    "18": 0.5850177150220706,
    "19": 0.5944547933400843,
    "20": 0.5943022065006297,
    "21": 0.5969252151443006,
    "22": 0.598095321563296,
    "23": 0.6002529056382987,
    "24": 0.604940436634685,
    "25": 0.6028017598953941,
    "26": 0.6075720292998267,
    "27": 0.6192625175990096,
    "28": 0.6079620948078285,
    "29": 0.6162023239800607,
    "30": 0.6119361523262691,
    "31": 0.6065107412527467,
    "32": 0.6187949946314942
  },
  "stopping_epochs_per_stage": {
    "0": [
      1,
      5,
      10,
      1
    ],
    "1": [
      1,
      4,
      2,
      1
    ],
    "2": [
      4,
      1,
      2,
      2
    ],
    "3": [
      5,
      2,
      10,
      5
    ],
    "4": [
      8,
      3,
      10,
      5
    ],
    "5": [
      9,
      6,
      7,
      7
    ],
    "6": [
      9,
      6,
      8,
      10
    ],
    "7": [
      5,
      7,
      10,
      6
    ],
    "8": [
      7,
      8,
      9,
      4
    ],
    "9": [
      9,
      8,
      7,
      7
    ],
    "10": [
      7,
      6,
      5,
      6
    ],
    "11": [
      7,
      5,
      4,
      3
    ],
    "12": [
      9,
      5,
      5,
      6
    ],
    "13": [
      8,
      6,
      6,
      4
    ],
    "14": [
      8,
      5,
      4,
      5
    ],
    "15": [
      8,
      8,
      5,
      4
    ],
    "16": [
      9,
      4,
      4,
      5
    ],
    "17": [
      4,
      6,
      4,
      6
    ],
    "18": [
      9,
      8,
      3,
      6
    ],
    "19": [
      4,
      7,
      5,
      3
    ],
    "20": [
      9,
      5,
      6,
      4
    ],
    "21": [
      2,
      8,
      5,
      6
    ],
    "22": [
      4,
      5,
      5,
      5
    ],
    "23": [
      6,
      6,
      6,
      4
    ],
    "24": [
      8,
      6,
      8,
      4
    ],
    "25": [
      6,
      9,
      6,
      4
    ],
    "26": [
      1,
      4,
      4,
      4
    ],
    "27": [
      5,
      6,
      2,
      7
    ],
    "28": [
      2,
      5,
      5,
      4
    ],
    "29": [
      4,
      5,
      5,
      5
    ],
    "30": [
      3,
      6,
      4,
      5
    ],
    "31": [
      6,
      5,
      3,
      5
    ],
    "32": [
      3,
      4,
      6,
      7
    ]
  },
  "test_acc": {
    "0": 0.5013,
    "1": 0.502,
    "2": 0.5255,
    "3": 0.5549,
    "4": 0.608,
    "5": 0.6424,
    "6": 0.6494,
    "7": 0.6164,
    "8": 0.6852,
    "9": 0.6744,
    "10": 0.7288,
    "11": 0.7222,
    "12": 0.7234,
    "13": 0.7113,
    "14": 0.6902,
    "15": 0.7063,
    "16": 0.6946,
    "17": 0.6624,
    "18": 0.7208,
    "19": 0.7159,
    "20": 0.7204,
    "21": 0.7133,
    "22": 0.7095,
    "23": 0.7086,
    "24": 0.6904,
    "25": 0.6842,
    "26": 0.7022,
    "27": 0.7065,
    "28": 0.6986,
    "29": 0.6913,
    "30": 0.6847,
    "31": 0.6876,
    "32": 0.6889
  },
  "test_loss": {
    "0": 0.6932065880775452,
    "1": 0.6935670440673828,
    "2": 0.6921670490264893,
    "3": 0.683928872680664,
    "4": 0.6599994565963745,
    "5": 0.6354637882232667,
    "6": 0.6292338787078857,
    "7": 0.6671515996932983,
    "8": 0.6007554668426514,
    "9": 0.617941650390625,
    "10": 0.5462364719867706,
    "11": 0.5583188551902771,
    "12": 0.5584028989315033,
    "13": 0.5907319343566895,
    "14": 0.6149767539978027,
    "15": 0.5931541005134583,
    "16": 0.5908452814102173,
    "17": 0.6990967997074127,
    "18": 0.5498515004634857,
    "19": 0.5581825608253479,
    "20": 0.5564126984119415,
    "21": 0.5652386449813843,
    "22": 0.5761679819107056,
    "23": 0.5750519813537598,
    "24": 0.608533322429657,
    "25": 0.6046101900100708,
    "26": 0.5909434454917908,
    "27": 0.578279276561737,
    "28": 0.5906271817207337,
    "29": 0.5862309957504273,
    "30": 0.6118436667442322,
    "31": 0.6022690530776977,
    "32": 0.5948673888206482
  },
  "drift_final_total_l2": {
    "0": 5.88338041305542,
    "1": 16.528263092041016,
    "2": 20.10599708557129,
    "3": 17.49633026123047,
    "4": 22.05674171447754,
    "5": 20.12755584716797,
    "6": 17.896228790283203,
    "7": 28.023347854614258,
    "8": 28.03360939025879,
    "9": 43.67551040649414,
    "10": 19.374591827392578,
    "11": 24.544157028198242,
    "12": 21.423738479614258,
    "13": 43.4533805847168,
    "14": 25.947824478149414,
    "15": 34.749996185302734,
    "16": 39.942813873291016,
    "17": 24.885013580322266,
    "18": 19.725360870361328,
    "19": 21.860675811767578,
    "20": 16.907337188720703,
    "21": 27.91930389404297,
    "22": 26.765911102294922,
    "23": 28.00604248046875,
    "24": 19.002988815307617,
    "25": 15.87272834777832,
    "26": 17.347604751586914,
    "27": 17.95762062072754,
    "28": 19.95879554748535,
    "29": 19.078113555908203,
    "30": 17.833393096923828,
    "31": 23.64916229248047,
    "32": 20.289186477661133
  },
  "probe_type": "mlp",
  "probe_hidden_size": [
    362
  ],
  "init_strategy": "gamma_second_zero",
  "init_gamma": 0.8,