{
  "config": {
    "model_short": "llama",
    "task_name": "somo",
    "dataset": {
      "train": "cache/llama/somo_train/",
      "test": "cache/llama/somo_test/"
    },
    "mdl": {
      "batch_size": 64,
      "probe_type": "mlp",
      "probe_hidden_size": [
        23
      ],
      "num_classes": 2,
      "init_strategy": "gamma_second_zero",
      "init_gamma": 1.1,
      "optimizer": "adamw",
      "train_epochs": 10,
      "lr": 0.001,
      "seed": 442,
      "early_stopping_gap": 3,
      "split_num": 5,
      "split_ratio": 2.0
    },
    "out_dir": "init_results/llama/somo/hidden-23/seed-442/strategy-gamma_second_zero/gamma-1.1/opt-adamw/2026-04-25_03-33-50"
  },
  "train_meta": {
    "dataset": "compling/somo",
    "split": "train",
    "text_col": "text",
    "model": "meta-llama/Meta-Llama-3.1-8B",
    "max_len": 64,
    "hidden_size": 4096,
    "num_hidden_layers": 32,
    "num_states": 33,
    "memmap_file": "last_token_hidden_states.memmap",
    "dtype": "float32",
    "shape": [
      15000,
      33,
      4096
    ]
  },
  "test_meta": {
    "dataset": "compling/somo",
    "split": "test",
    "text_col": "text",
    "model": "meta-llama/Meta-Llama-3.1-8B",
    "max_len": 64,
    "hidden_size": 4096,
    "num_hidden_layers": 32,
    "num_states": 33,
    "memmap_file": "last_token_hidden_states.memmap",
    "dtype": "float32",
    "shape": [
      10000,
      33,
      4096
    ]
  },
  "splits": [
    484,
    968,
    1936,
    3872,
    7740
  ],
  "mdl_sum_ce": {
    "0": 10060.401598930359,
    "1": 10060.05892086029,
    "2": 10054.961194992065,
    "3": 10029.082372665405,
    "4": 9866.984932422638,
    "5": 9560.819151878357,
    "6": 9575.117733001709,
    "7": 9435.724703788757,
    "8": 9044.126832485199,
    "9": 8657.480642318726,
    "10": 8295.095510959625,
    "11": 8154.760577917099,
    "12": 8225.388932228088,
    "13": 8155.304375171661,
    "14": 8311.209848165512,
    "15": 8363.906056404114,
    "16": 8372.058472633362,
    "17": 8401.512199401855,
    "18": 8540.353194236755,
    "19": 8548.847241401672,
    "20": 8696.277083396912,
    "21": 8570.212048530579,
    "22": 8634.348607063293,
    "23": 8736.215035438538,
    "24": 8714.047889232635,
    "25": 8743.239301204681,
    "26": 8777.260440826416,
    "27": 9006.526224136353,
    "28": 8901.240849018097,
    "29": 8747.546652793884,
    "30": 8795.536501407623,
    "31": 8792.996221542358,
    "32": 8908.716027259827
  },
  "mdl_nll": {
    "0": 0.6930560484245218,
    "1": 0.6930324415031889,
    "2": 0.6926812617106686,
    "3": 0.6908984825479061,
    "4": 0.6797316707372993,
    "5": 0.6586400628188452,
    "6": 0.6596250849408728,
    "7": 0.6500223686820582,
    "8": 0.623045386641306,
    "9": 0.5964095234443872,
    "10": 0.571444992488263,
    "11": 0.561777388944413,
    "12": 0.5666429410462999,
    "13": 0.5618148508660555,
    "14": 0.5725551011411899,
    "15": 0.5761853166439869,
    "16": 0.5767469325319208,
    "17": 0.5787759850786619,
    "18": 0.588340671964505,
    "19": 0.5889258226372053,
    "20": 0.599082190920151,
    "21": 0.5903976335444047,
    "22": 0.5948159690729742,
    "23": 0.601833496516846,
    "24": 0.6003064128708071,
    "25": 0.602317394682053,
    "26": 0.6046610940222111,
    "27": 0.620455099485833,
    "28": 0.6132020425060689,
    "29": 0.6026141259846985,
    "30": 0.6059201227202827,
    "31": 0.6057451241073545,
    "32": 0.6137170038068219
  },
  "stopping_epochs_per_stage": {
    "0": [
      1,
      1,
      6,
      1
    ],
    "1": [
      1,
      2,
      10,
      2
    ],
    "2": [
      1,
      6,
      2,
      10
    ],
    "3": [
      1,
      2,
      9,
      9
    ],
    "4": [
      1,
      10,
      1,
      8
    ],
    "5": [
      1,
      10,
      9,
      10
    ],
    "6": [
      1,
      10,
      10,
      10
    ],
    "7": [
      2,
      10,
      10,
      9
    ],
    "8": [
      9,
      10,
      10,
      4
    ],
    "9": [
      9,
      10,
      9,
      4
    ],
    "10": [
      10,
      9,
      9,
      9
    ],
    "11": [
      10,
      10,
      6,
      2
    ],
    "12": [
      9,
      10,
      10,
      9
    ],
    "13": [
      10,
      9,
      7,
      7
    ],
    "14": [
      8,
      10,
      8,
      7
    ],
    "15": [
      8,
      7,
      6,
      8
    ],
    "16": [
      10,
      10,
      8,
      6
    ],
    "17": [
      10,
      9,
      8,
      10
    ],
    "18": [
      1,
      10,
      8,
      10
    ],
    "19": [
      2,
      9,
      9,
      10
    ],
    "20": [
      1,
      1,
      10,
      7
    ],
    "21": [
      1,
      10,
      8,
      7
    ],
    "22": [
      1,
      10,
      6,
      9
    ],
    "23": [
      6,
      10,
      9,
      8
    ],
    "24": [
      1,
      10,
      9,
      6
    ],
    "25": [
      5,
      10,
      10,
      9
    ],
    "26": [
      2,
      8,
      9,
      6
    ],
    "27": [
      2,
      10,
      8,
      6
    ],
    "28": [
      1,
      9,
      10,
      10
    ],
    "29": [
      6,
      9,
      7,
      5
    ],
    "30": [
      1,
      5,
      9,
      7
    ],
    "31": [
      2,
      5,
      7,
      4
    ],
    "32": [
      5,
      6,
      10,
      7
    ]
  },
  "test_acc": {
    "0": 0.5013,
    "1": 0.5013,
    "2": 0.5013,
    "3": 0.5469,
    "4": 0.6081,
    "5": 0.6245,
    "6": 0.6379,
    "7": 0.6657,
    "8": 0.6859,
    "9": 0.7035,
    "10": 0.7336,
    "11": 0.7271,
    "12": 0.7292,
    "13": 0.7339,
    "14": 0.7323,
    "15": 0.73,
    "16": 0.7286,
    "17": 0.6463,
    "18": 0.7237,
    "19": 0.7222,
    "20": 0.6988,
    "21": 0.712,
    "22": 0.7146,
    "23": 0.7136,
    "24": 0.7094,
    "25": 0.6965,
    "26": 0.7067,
    "27": 0.5013,
    "28": 0.6898,
    "29": 0.6964,
    "30": 0.6936,
    "31": 0.679,
    "32": 0.6943
  },
  "test_loss": {
    "0": 0.6931951786041259,
    "1": 0.6931872423171997,
    "2": 0.6931779974937439,
    "3": 0.6872632776260376,
    "4": 0.6584527334213257,
    "5": 0.6438505877494812,
    "6": 0.6379878757476807,
    "7": 0.6176878269195557,
    "8": 0.5965808898925781,
    "9": 0.5786589071273803,
    "10": 0.5379275814533233,
    "11": 0.5474853277683258,
    "12": 0.5387378764152527,
    "13": 0.5346709396362305,
    "14": 0.5442461178779602,
    "15": 0.5434542932510376,
    "16": 0.5486584865093231,
    "17": 0.6710349046707154,
    "18": 0.5527226616859436,
    "19": 0.5541142160892487,
    "20": 0.5879305494308472,
    "21": 0.5660331937789918,
    "22": 0.5617276375770569,
    "23": 0.563059643793106,
    "24": 0.5733171725273132,
    "25": 0.5844434386730194,
    "26": 0.5722873383522034,
    "27": 0.693186208152771,
    "28": 0.6040556456565856,
    "29": 0.5961983388423919,
    "30": 0.591963037109375,
    "31": 0.6144874419212342,
    "32": 0.5796640639305115
  },
  "drift_final_total_l2": {
    "0": 2.0711450576782227,
    "1": 1.9470254182815552,
    "2": 1.9641276597976685,
    "3": 10.264694213867188,
    "4": 10.25128173828125,
    "5": 11.093507766723633,
    "6": 14.246651649475098,
    "7": 11.770885467529297,
    "8": 17.045377731323242,
    "9": 8.056697845458984,
    "10": 13.757122993469238,
    "11": 16.361404418945312,
    "12": 14.84257984161377,
    "13": 14.833816528320312,
    "14": 9.88155746459961,
    "15": 17.743921279907227,
    "16": 10.974221229553223,
    "17": 12.059226036071777,
    "18": 8.858490943908691,
    "19": 9.556770324707031,
    "20": 12.096395492553711,
    "21": 12.742287635803223,
    "22": 13.932215690612793,
    "23": 12.189208030700684,
    "24": 10.56216049194336,
    "25": 7.5773186683654785,
    "26": 13.85969066619873,
    "27": 1.85757315158844,
    "28": 13.263251304626465,
    "29": 10.766286849975586,
    "30": 8.475454330444336,
    "31": 6.644536018371582,
    "32": 10.709529876708984
  },
  "probe_type": "mlp",
  "probe_hidden_size": [
    23
  ],