{
  "config": {
    "model_short": "llama",
    "task_name": "somo",
    "dataset": {
      "train": "cache/llama/somo_train/",
      "test": "cache/llama/somo_test/"
    },
    "mdl": {
      "batch_size": 64,
      "probe_type": "mlp",
      "probe_hidden_size": [
        128
      ],
      "num_classes": 2,
      "init_strategy": "gamma_second_zero",
      "init_gamma": 1.7,
      "optimizer": "adamw",
      "train_epochs": 10,
      "lr": 0.001,
      "seed": 242,
      "early_stopping_gap": 3,
      "split_num": 5,
      "split_ratio": 2.0
    },
    "out_dir": "init_results/llama/somo/hidden-128/seed-242/strategy-gamma_second_zero/gamma-1.7/opt-adamw/2026-04-25_03-12-41"
  },
  "train_meta": {
    "dataset": "compling/somo",
    "split": "train",
    "text_col": "text",
    "model": "meta-llama/Meta-Llama-3.1-8B",
    "max_len": 64,
    "hidden_size": 4096,
    "num_hidden_layers": 32,
    "num_states": 33,
    "memmap_file": "last_token_hidden_states.memmap",
    "dtype": "float32",
    "shape": [
      15000,
      33,
      4096
    ]
  },
  "test_meta": {
    "dataset": "compling/somo",
    "split": "test",
    "text_col": "text",
    "model": "meta-llama/Meta-Llama-3.1-8B",
    "max_len": 64,
    "hidden_size": 4096,
    "num_hidden_layers": 32,
    "num_states": 33,
    "memmap_file": "last_token_hidden_states.memmap",
    "dtype": "float32",
    "shape": [
      10000,
      33,
      4096
    ]
  },
  "splits": [
    484,
    968,
    1936,
    3872,
    7740
  ],
  "mdl_sum_ce": {
    "0": 10060.602322101593,
    "1": 10060.856454372406,
    "2": 10061.38979101181,
    "3": 10021.215339660645,
    "4": 9738.900594711304,
    "5": 9518.178698539734,
    "6": 9423.167209625244,
    "7": 9242.73763179779,
    "8": 8913.78937959671,
    "9": 8525.091611862183,
    "10": 8108.587330579758,
    "11": 8106.10232257843,
    "12": 8079.513808727264,
    "13": 8126.508117437363,
    "14": 8264.162967205048,
    "15": 8287.508093595505,
    "16": 8392.790348529816,
    "17": 8528.383624076843,
    "18": 8521.498328208923,
    "19": 8558.877542495728,
    "20": 8594.390773773193,
    "21": 8834.344120979309,
    "22": 8590.41066789627,
    "23": 8739.996411323547,
    "24": 8767.592936515808,
    "25": 8762.362412929535,
    "26": 8787.408398628235,
    "27": 8749.34519481659,
    "28": 8812.020988464355,
    "29": 8845.076937675476,
    "30": 8867.24104976654,
    "31": 8866.086338043213,
    "32": 8933.238939762115
  },
  "mdl_nll": {
    "0": 0.6930698761436754,
    "1": 0.6930873831890607,
    "2": 0.6931241244841424,
    "3": 0.6903565265679694,
    "4": 0.6709080045957084,
    "5": 0.6557025832556995,
    "6": 0.6491572891723094,
    "7": 0.6367275855468304,
    "8": 0.6140665045189246,
    "9": 0.5872893091665874,
    "10": 0.5585965369647119,
    "11": 0.558425346002923,
    "12": 0.556593676545003,
    "13": 0.5598310910331609,
    "14": 0.5693140649769253,
    "15": 0.5709222990903489,
    "16": 0.5781751411221973,
    "17": 0.5875160942461314,
    "18": 0.5870417696479004,
    "19": 0.5896168050768619,
    "20": 0.5920632938669876,
    "21": 0.6085935602768882,
    "22": 0.5917891063582441,
    "23": 0.6020939936155654,
    "24": 0.6039951044720177,
    "25": 0.6036347763109352,
    "26": 0.605360181773783,
    "27": 0.6027380266476019,
    "28": 0.6070557308118184,
    "29": 0.6093329386659876,
    "30": 0.6108598132933687,
    "31": 0.6107802657786727,
    "32": 0.615406375018057
  },
  "stopping_epochs_per_stage": {
    "0": [
      10,
      4,
      2,
      7
    ],
    "1": [
      8,
      1,
      1,
      2
    ],
    "2": [
      2,
      1,
      1,
      2
    ],
    "3": [
      7,
      5,
      1,
      9
    ],
    "4": [
      8,
      8,
      9,
      7
    ],
    "5": [
      10,
      10,
      7,
      9
    ],
    "6": [
      8,
      9,
      10,
      8
    ],
    "7": [
      10,
      5,
      10,
      10
    ],
    "8": [
      10,
      10,
      9,
      6
    ],
    "9": [
      10,
      8,
      4,
      5
    ],
    "10": [
      10,
      7,
      6,
      4
    ],
    "11": [
      10,
      3,
      7,
      8
    ],
    "12": [
      10,
      8,
      6,
      6
    ],
    "13": [
      7,
      4,
      6,
      5
    ],
    "14": [
      10,
      3,
      4,
      5
    ],
    "15": [
      5,
      6,
      6,
      3
    ],
    "16": [
      6,
      6,
      7,
      5
    ],
    "17": [
      7,
      3,
      6,
      3
    ],
    "18": [
      6,
      7,
      6,
      4
    ],
    "19": [
      8,
      5,
      8,
      6
    ],
    "20": [
      6,
      5,
      5,
      5
    ],
    "21": [
      7,
      2,
      6,
      2
    ],
    "22": [
      8,
      6,
      6,
      4
    ],
    "23": [
      7,
      5,
      6,
      3
    ],
    "24": [
      4,
      6,
      9,
      8
    ],
    "25": [
      6,
      5,
      6,
      5
    ],
    "26": [
      9,
      7,
      8,
      5
    ],
    "27": [
      7,
      5,
      6,
      6
    ],
    "28": [
      4,
      5,
      5,
      3
    ],
    "29": [
      6,
      5,
      5,
      5
    ],
    "30": [
      4,
      5,
      3,
      5
    ],
    "31": [
      3,
      4,
      7,
      6
    ],
    "32": [
      3,
      4,
      6,
      5
    ]
  },
  "test_acc": {
    "0": 0.5013,
    "1": 0.5081,
    "2": 0.5082,
    "3": 0.5453,
    "4": 0.6099,
    "5": 0.6419,
    "6": 0.6255,
    "7": 0.6664,
    "8": 0.6689,
    "9": 0.6982,
    "10": 0.7313,
    "11": 0.7314,
    "12": 0.7257,
    "13": 0.729,
    "14": 0.7204,
    "15": 0.7283,
    "16": 0.7228,
    "17": 0.7212,
    "18": 0.7206,
    "19": 0.7148,
    "20": 0.7057,
    "21": 0.6922,
    "22": 0.6529,
    "23": 0.7127,
    "24": 0.7039,
    "25": 0.7088,
    "26": 0.7063,
    "27": 0.6731,
    "28": 0.6965,
    "29": 0.6851,
    "30": 0.7007,
    "31": 0.697,
    "32": 0.6916
  },
  "test_loss": {
    "0": 0.6932075588226319,
    "1": 0.6930806905746459,
    "2": 0.6931146354675293,
    "3": 0.6864228805541992,
    "4": 0.6599541833877564,
    "5": 0.6346855742454529,
    "6": 0.6433553607940674,
    "7": 0.6155331661224365,
    "8": 0.6104076839447021,
    "9": 0.5836897792816163,
    "10": 0.5411919673442841,
    "11": 0.543944160747528,
    "12": 0.5555580986022949,
    "13": 0.5331337226867676,
    "14": 0.5650774943351745,
    "15": 0.5540856225967408,
    "16": 0.5686989535331726,
    "17": 0.5584787670135498,
    "18": 0.5620137038707733,
    "19": 0.5613453203678131,
    "20": 0.5719856163978577,
    "21": 0.5898681317329407,
    "22": 0.6521741296768189,
    "23": 0.5646925808906555,
    "24": 0.5733997766494751,
    "25": 0.5737275044441223,
    "26": 0.5808279274940491,
    "27": 0.6037109532356262,
    "28": 0.5859044706344605,
    "29": 0.6047460625648499,
    "30": 0.5898519347667694,
    "31": 0.5803400917053223,
    "32": 0.5907684757232666
  },
  "drift_final_total_l2": {
    "0": 6.3328962326049805,
    "1": 12.118680953979492,
    "2": 9.202165603637695,
    "3": 13.646916389465332,
    "4": 27.555767059326172,
    "5": 14.38394832611084,
    "6": 17.21997833251953,
    "7": 27.496238708496094,
    "8": 24.196325302124023,
    "9": 28.480850219726562,
    "10": 19.582157135009766,
    "11": 25.2420711517334,
    "12": 28.395156860351562,
    "13": 22.35722541809082,
    "14": 24.169160842895508,
    "15": 24.599411010742188,
    "16": 25.461402893066406,
    "17": 21.900754928588867,
    "18": 26.417755126953125,
    "19": 11.934889793395996,
    "20": 14.548075675964355,
    "21": 10.430395126342773,
    "22": 15.577788352966309,
    "23": 12.60816764831543,
    "24": 13.598426818847656,
    "25": 15.30618667602539,
    "26": 14.976579666137695,
    "27": 15.63516902923584,
    "28": 10.513845443725586,
    "29": 14.466136932373047,
    "30": 17.84895133972168,
    "31": 8.391454696655273,
    "32": 17.57632064819336
  },
  "probe_type": "mlp",
  "probe_hidden_size": [
    128
  ],
  "init_strategy": "gamma_second_zero",