{
  "config": {
    "model_short": "llama",
    "task_name": "somo",
    "dataset": {
      "train": "cache/llama/somo_train/",
      "test": "cache/llama/somo_test/"
    },
    "mdl": {
      "batch_size": 64,
      "probe_type": "mlp",
      "probe_hidden_size": [
        23
      ],
      "num_classes": 2,
      "init_strategy": "gamma_second_zero",
      "init_gamma": 1.5,
      "optimizer": "adamw",
      "train_epochs": 10,
      "lr": 0.001,
      "seed": 42,
      "early_stopping_gap": 3,
      "split_num": 5,
      "split_ratio": 2.0
    },
    "out_dir": "init_results/llama/somo/hidden-23/seed-42/strategy-gamma_second_zero/gamma-1.5/opt-adamw/2026-04-25_02-44-04"
  },
  "train_meta": {
    "dataset": "compling/somo",
    "split": "train",
    "text_col": "text",
    "model": "meta-llama/Meta-Llama-3.1-8B",
    "max_len": 64,
    "hidden_size": 4096,
    "num_hidden_layers": 32,
    "num_states": 33,
    "memmap_file": "last_token_hidden_states.memmap",
    "dtype": "float32",
    "shape": [
      15000,
      33,
      4096
    ]
  },
  "test_meta": {
    "dataset": "compling/somo",
    "split": "test",
    "text_col": "text",
    "model": "meta-llama/Meta-Llama-3.1-8B",
    "max_len": 64,
    "hidden_size": 4096,
    "num_hidden_layers": 32,
    "num_states": 33,
    "memmap_file": "last_token_hidden_states.memmap",
    "dtype": "float32",
    "shape": [
      10000,
      33,
      4096
    ]
  },
  "splits": [
    484,
    968,
    1936,
    3872,
    7740
  ],
  "mdl_sum_ce": {
    "0": 10061.837697029114,
    "1": 10060.11232995987,
    "2": 10061.162075042725,
    "3": 10061.237815856934,
    "4": 9834.711092472076,
    "5": 9494.546876907349,
    "6": 9578.329020023346,
    "7": 9529.245776176453,
    "8": 9051.414975643158,
    "9": 8491.45720243454,
    "10": 8148.623420715332,
    "11": 8199.674855232239,
    "12": 8083.327116966248,
    "13": 8108.575689315796,
    "14": 8291.807261943817,
    "15": 8271.228375911713,
    "16": 8377.198936462402,
    "17": 8515.394535064697,
    "18": 8442.572834014893,
    "19": 8749.038512706757,
    "20": 8621.537695884705,
    "21": 8603.199109077454,
    "22": 9512.772914886475,
    "23": 8705.908699035645,
    "24": 8799.729752540588,
    "25": 8824.46837234497,
    "26": 8872.505819320679,
    "27": 8753.395686149597,
    "28": 8775.247574806213,
    "29": 8789.09628200531,
    "30": 8876.86831665039,
    "31": 8747.81524848938,
    "32": 9115.05893087387
  },
  "mdl_nll": {
    "0": 0.6931549805062768,
    "1": 0.6930361208294206,
    "2": 0.6931084372446077,
    "3": 0.693113654991522,
    "4": 0.6775083420000053,
    "5": 0.6540745988500516,
    "6": 0.6598463089021318,
    "7": 0.6564649887142775,
    "8": 0.6235474631884237,
    "9": 0.5849722514766148,
    "10": 0.5613546032457517,
    "11": 0.5648715111072085,
    "12": 0.556856373447661,
    "13": 0.5585957350038437,
    "14": 0.571218466653611,
    "15": 0.5698007974587843,
    "16": 0.5771010565212457,
    "17": 0.5866212823825225,
    "18": 0.5816046317177523,
    "19": 0.6027168994700163,
    "20": 0.5939334317914511,
    "21": 0.592670095692853,
    "22": 0.6553301815160151,
    "23": 0.5997457081176388,
    "24": 0.6062089936994067,
    "25": 0.6079132248790969,
    "26": 0.6112225006420969,
    "27": 0.6030170629753098,
    "28": 0.6045224286860164,
    "29": 0.605476459217781,
    "30": 0.6115230309073016,
    "31": 0.6026326294081965,
    "32": 0.6279318635212091
  },
  "stopping_epochs_per_stage": {
    "0": [
      3,
      1,
      2,
      3
    ],
    "1": [
      2,
      1,
      2,
      1
    ],
    "2": [
      9,
      1,
      2,
      1
    ],
    "3": [
      5,
      1,
      3,
      1
    ],
    "4": [
      10,
      10,
      5,
      10
    ],
    "5": [
      9,
      10,
      9,
      9
    ],
    "6": [
      10,
      10,
      8,
      10
    ],
    "7": [
      1,
      10,
      2,
      10
    ],
    "8": [
      10,
      1,
      10,
      4
    ],
    "9": [
      10,
      8,
      8,
      9
    ],
    "10": [
      10,
      10,
      10,
      10
    ],
    "11": [
      10,
      10,
      10,
      8
    ],
    "12": [
      10,
      9,
      8,
      7
    ],
    "13": [
      10,
      8,
      8,
      4
    ],
    "14": [
      10,
      9,
      5,
      9
    ],
    "15": [
      10,
      9,
      5,
      5
    ],
    "16": [
      10,
      9,
      10,
      5
    ],
    "17": [
      10,
      6,
      10,
      10
    ],
    "18": [
      10,
      8,
      9,
      9
    ],
    "19": [
      10,
      1,
      10,
      8
    ],
    "20": [
      10,
      8,
      6,
      7
    ],
    "21": [
      10,
      9,
      5,
      7
    ],
    "22": [
      9,
      7,
      7,
      1
    ],
    "23": [
      6,
      10,
      9,
      9
    ],
    "24": [
      6,
      9,
      6,
      9
    ],
    "25": [
      7,
      9,
      6,
      10
    ],
    "26": [
      10,
      8,
      9,
      9
    ],
    "27": [
      5,
      10,
      10,
      6
    ],
    "28": [
      2,
      10,
      8,
      9
    ],
    "29": [
      3,
      9,
      8,
      5
    ],
    "30": [
      3,
      10,
      10,
      7
    ],
    "31": [
      7,
      8,
      10,
      8
    ],
    "32": [
      3,
      1,
      9,
      5
    ]
  },
  "test_acc": {
    "0": 0.5013,
    "1": 0.4924,
    "2": 0.5013,
    "3": 0.5009,
    "4": 0.598,
    "5": 0.6376,
    "6": 0.6473,
    "7": 0.6568,
    "8": 0.6825,
    "9": 0.7082,
    "10": 0.731,
    "11": 0.7253,
    "12": 0.7342,
    "13": 0.7263,
    "14": 0.7355,
    "15": 0.7291,
    "16": 0.7243,
    "17": 0.7161,
    "18": 0.7167,
    "19": 0.7262,
    "20": 0.7178,
    "21": 0.7085,
    "22": 0.6986,
    "23": 0.6898,
    "24": 0.676,
    "25": 0.7116,
    "26": 0.7065,
    "27": 0.7064,
    "28": 0.6994,
    "29": 0.6979,
    "30": 0.6999,
    "31": 0.6774,
    "32": 0.6857
  },
  "test_loss": {
    "0": 0.6932063217163086,
    "1": 0.6934220575332641,
    "2": 0.6931447339057922,
    "3": 0.6933831378936768,
    "4": 0.6607532139778137,
    "5": 0.6349432691574096,
    "6": 0.6300098567008973,
    "7": 0.6199117544174194,
    "8": 0.6015793643951416,
    "9": 0.5720632730484009,
    "10": 0.5385059587478638,
    "11": 0.5530683566093445,
    "12": 0.5390064703941345,
    "13": 0.5446379489898682,
    "14": 0.5340186880111695,
    "15": 0.5447753732204437,
    "16": 0.5574637609481812,
    "17": 0.5726921056747436,
    "18": 0.5627708977222443,
    "19": 0.5503513188838959,
    "20": 0.5566949074745178,
    "21": 0.5687264060974121,
    "22": 0.5849828007698059,
    "23": 0.5897624032020569,
    "24": 0.6041860731124878,
    "25": 0.5665689326286316,
    "26": 0.5754369318962097,
    "27": 0.5724561923980713,
    "28": 0.5758467753887176,
    "29": 0.5846763711929321,
    "30": 0.5847205823898315,
    "31": 0.6295723497390747,
    "32": 0.5822563124656677
  },
  "drift_final_total_l2": {
    "0": 2.6406679153442383,
    "1": 6.934164524078369,
    "2": 2.304065465927124,
    "3": 6.977809429168701,
    "4": 13.433711051940918,
    "5": 15.366534233093262,
    "6": 9.753580093383789,
    "7": 13.551703453063965,
    "8": 15.420530319213867,
    "9": 16.976076126098633,
    "10": 10.94035530090332,
    "11": 18.138385772705078,
    "12": 15.841784477233887,
    "13": 7.620257377624512,
    "14": 16.82252311706543,
    "15": 15.686701774597168,
    "16": 14.003233909606934,
    "17": 16.071603775024414,
    "18": 13.217460632324219,
    "19": 10.88378620147705,
    "20": 9.248867988586426,
    "21": 12.711908340454102,
    "22": 11.487512588500977,
    "23": 14.243711471557617,
    "24": 12.437143325805664,
    "25": 8.487382888793945,
    "26": 6.613463878631592,
    "27": 5.745095729827881,
    "28": 12.655074119567871,
    "29": 11.684173583984375,
    "30": 10.579527854919434,
    "31": 6.501370906829834,
    "32": 11.378788948059082
  },
  "probe_type": "mlp",
  "probe_hidden_size": [
    23
  ],