{
  "config": {
    "model_short": "llama",
    "task_name": "somo",
    "dataset": {
      "train": "cache/llama/somo_train/",
      "test": "cache/llama/somo_test/"
    },
    "mdl": {
      "batch_size": 64,
      "probe_type": "mlp",
      "probe_hidden_size": [
        45
      ],
      "num_classes": 2,
      "init_strategy": "gamma_second_zero",
      "init_gamma": 1.3,
      "optimizer": "adamw",
      "train_epochs": 10,
      "lr": 0.001,
      "seed": 142,
      "early_stopping_gap": 3,
      "split_num": 5,
      "split_ratio": 2.0
    },
    "out_dir": "init_results/llama/somo/hidden-45/seed-142/strategy-gamma_second_zero/gamma-1.3/opt-adamw/2026-04-25_03-22-40"
  },
  "train_meta": {
    "dataset": "compling/somo",
    "split": "train",
    "text_col": "text",
    "model": "meta-llama/Meta-Llama-3.1-8B",
    "max_len": 64,
    "hidden_size": 4096,
    "num_hidden_layers": 32,
    "num_states": 33,
    "memmap_file": "last_token_hidden_states.memmap",
    "dtype": "float32",
    "shape": [
      15000,
      33,
      4096
    ]
  },
  "test_meta": {
    "dataset": "compling/somo",
    "split": "test",
    "text_col": "text",
    "model": "meta-llama/Meta-Llama-3.1-8B",
    "max_len": 64,
    "hidden_size": 4096,
    "num_hidden_layers": 32,
    "num_states": 33,
    "memmap_file": "last_token_hidden_states.memmap",
    "dtype": "float32",
    "shape": [
      10000,
      33,
      4096
    ]
  },
  "splits": [
    484,
    968,
    1936,
    3872,
    7740
  ],
  "mdl_sum_ce": {
    "0": 10061.192720890045,
    "1": 10060.55386543274,
    "2": 10058.697205543518,
    "3": 10056.437326908112,
    "4": 9723.209763526917,
    "5": 9674.701238632202,
    "6": 9574.158688545227,
    "7": 9269.30728673935,
    "8": 8917.912414073944,
    "9": 8570.947697639465,
    "10": 8059.155327796936,
    "11": 8029.442885875702,
    "12": 8085.552830696106,
    "13": 8079.81517124176,
    "14": 8170.250772476196,
    "15": 8246.573423862457,
    "16": 8306.32069015503,
    "17": 8476.569397449493,
    "18": 8552.640986442566,
    "19": 8620.860290527344,
    "20": 8563.834936141968,
    "21": 8583.687348365784,
    "22": 8733.034910202026,
    "23": 8665.696805477142,
    "24": 8725.634335517883,
    "25": 8796.207631111145,
    "26": 8768.222839355469,
    "27": 8860.406982421875,
    "28": 8835.531569480896,
    "29": 8819.283207416534,
    "30": 8871.575493812561,
    "31": 8896.273881912231,
    "32": 8875.0822224617
  },
  "mdl_nll": {
    "0": 0.6931105484217447,
    "1": 0.6930665379879264,
    "2": 0.6929386336141856,
    "3": 0.6927829517021294,
    "4": 0.6698270710613748,
    "5": 0.6664853429754892,
    "6": 0.6595590168465987,
    "7": 0.6385579558238736,
    "8": 0.6143505383076566,
    "9": 0.5904483120446036,
    "10": 0.5551911909477084,
    "11": 0.5531443156431318,
    "12": 0.5570097017564141,
    "13": 0.5566144372583192,
    "14": 0.5628445007216999,
    "15": 0.5681023301090147,
    "16": 0.5722182894843642,
    "17": 0.5839466380166364,
    "18": 0.5891871718409042,
    "19": 0.5938867656742453,
    "20": 0.5899583174526019,
    "21": 0.5913259402291116,
    "22": 0.601614419275422,
    "23": 0.5969755308264771,
    "24": 0.601104597376542,
    "25": 0.6059663565108256,
    "26": 0.6040384981644715,
    "27": 0.6103890178025541,
    "28": 0.6086753630119107,
    "29": 0.6075560214533298,
    "30": 0.6111584109818519,
    "31": 0.6128598706194703,
    "32": 0.6113999877694751
  },
  "stopping_epochs_per_stage": {
    "0": [
      1,
      8,
      2,
      1
    ],
    "1": [
      1,
      3,
      4,
      2
    ],
    "2": [
      2,
      1,
      10,
      4
    ],
    "3": [
      1,
      3,
      5,
      1
    ],
    "4": [
      10,
      5,
      10,
      6
    ],
    "5": [
      10,
      8,
      4,
      9
    ],
    "6": [
      10,
      10,
      9,
      10
    ],
    "7": [
      8,
      10,
      7,
      9
    ],
    "8": [
      10,
      10,
      10,
      10
    ],
    "9": [
      10,
      10,
      9,
      8
    ],
    "10": [
      10,
      8,
      9,
      9
    ],
    "11": [
      10,
      10,
      9,
      8
    ],
    "12": [
      9,
      8,
      5,
      5
    ],
    "13": [
      8,
      8,
      7,
      4
    ],
    "14": [
      10,
      10,
      6,
      6
    ],
    "15": [
      10,
      8,
      8,
      4
    ],
    "16": [
      10,
      10,
      7,
      7
    ],
    "17": [
      10,
      5,
      6,
      6
    ],
    "18": [
      8,
      8,
      10,
      3
    ],
    "19": [
      10,
      7,
      5,
      5
    ],
    "20": [
      10,
      10,
      5,
      10
    ],
    "21": [
      10,
      9,
      8,
      10
    ],
    "22": [
      10,
      6,
      7,
      10
    ],
    "23": [
      10,
      10,
      6,
      5
    ],
    "24": [
      7,
      7,
      7,
      8
    ],
    "25": [
      7,
      3,
      5,
      8
    ],
    "26": [
      9,
      9,
      4,
      8
    ],
    "27": [
      9,
      7,
      7,
      6
    ],
    "28": [
      8,
      6,
      9,
      5
    ],
    "29": [
      10,
      8,
      4,
      7
    ],
    "30": [
      4,
      5,
      9,
      3
    ],
    "31": [
      8,
      6,
      5,
      6
    ],
    "32": [
      4,
      8,
      7,
      9
    ]
  },
  "test_acc": {
    "0": 0.5013,
    "1": 0.4932,
    "2": 0.5013,
    "3": 0.5425,
    "4": 0.5974,
    "5": 0.6404,
    "6": 0.65,
    "7": 0.6601,
    "8": 0.6825,
    "9": 0.7017,
    "10": 0.7288,
    "11": 0.7314,
    "12": 0.7296,
    "13": 0.7333,
    "14": 0.7205,
    "15": 0.7191,
    "16": 0.7248,
    "17": 0.7046,
    "18": 0.7211,
    "19": 0.7121,
    "20": 0.7095,
    "21": 0.7126,
    "22": 0.7033,
    "23": 0.7138,
    "24": 0.7023,
    "25": 0.7096,
    "26": 0.6927,
    "27": 0.6929,
    "28": 0.7089,
    "29": 0.7001,
    "30": 0.701,
    "31": 0.6874,
    "32": 0.6917
  },
  "test_loss": {
    "0": 0.6932175747871399,
    "1": 0.6935577392578125,
    "2": 0.6932101202011108,
    "3": 0.6880585958480835,
    "4": 0.6611698907852173,
    "5": 0.635379542350769,
    "6": 0.6278879270553589,
    "7": 0.6177500295639038,
    "8": 0.5947189032554626,
    "9": 0.5766847974777222,
    "10": 0.5437203812122345,
    "11": 0.5388904029846191,
    "12": 0.5464895644187927,
    "13": 0.5376342918872833,
    "14": 0.581403423500061,
    "15": 0.568116480255127,
    "16": 0.550576269865036,
    "17": 0.5704556476593018,
    "18": 0.5569882989406586,
    "19": 0.5598422150135041,
    "20": 0.5677605501651763,
    "21": 0.5639454301834106,
    "22": 0.5785865856170654,
    "23": 0.5619084017753601,
    "24": 0.5784247291564941,
    "25": 0.5682079242706299,
    "26": 0.5975420304298401,
    "27": 0.5844281033039093,
    "28": 0.5785293145179748,
    "29": 0.5944736174106597,
    "30": 0.5855384308815003,
    "31": 0.5978647532463074,
    "32": 0.58702645778656
  },
  "drift_final_total_l2": {
    "0": 1.4847979545593262,
    "1": 8.796041488647461,
    "2": 2.3006489276885986,
    "3": 15.678653717041016,
    "4": 9.443166732788086,
    "5": 16.615787506103516,
    "6": 15.313465118408203,
    "7": 16.2071533203125,
    "8": 19.843713760375977,
    "9": 20.39405059814453,
    "10": 12.319645881652832,
    "11": 15.82137393951416,
    "12": 21.938112258911133,
    "13": 19.210996627807617,
    "14": 16.059144973754883,
    "15": 19.202409744262695,
    "16": 14.766209602355957,
    "17": 18.71698570251465,
    "18": 18.062286376953125,
    "19": 12.493001937866211,
    "20": 10.192720413208008,
    "21": 17.260181427001953,
    "22": 17.23592185974121,
    "23": 10.856892585754395,
    "24": 14.770210266113281,
    "25": 10.00500202178955,
    "26": 12.046318054199219,
    "27": 9.918622016906738,
    "28": 7.79917049407959,
    "29": 7.538605690002441,
    "30": 12.636799812316895,
    "31": 6.7662882804870605,
    "32": 11.563210487365723
  },
  "probe_type": "mlp",
  "probe_hidden_size": [
    45
  ],