{
  "config": {
    "model_short": "llama",
    "task_name": "somo",
    "dataset": {
      "train": "cache/llama/somo_train/",
      "test": "cache/llama/somo_test/"
    },
    "mdl": {
      "batch_size": 64,
      "probe_type": "mlp",
      "probe_hidden_size": [
        23
      ],
      "num_classes": 2,
      "init_strategy": "gamma_second_zero",
      "init_gamma": 0.5,
      "optimizer": "adamw",
      "train_epochs": 10,
      "lr": 0.001,
      "seed": 342,
      "early_stopping_gap": 3,
      "split_num": 5,
      "split_ratio": 2.0
    },
    "out_dir": "init_results/llama/somo/hidden-23/seed-342/strategy-gamma_second_zero/gamma-0.5/opt-adamw/2026-04-25_02-56-06"
  },
  "train_meta": {
    "dataset": "compling/somo",
    "split": "train",
    "text_col": "text",
    "model": "meta-llama/Meta-Llama-3.1-8B",
    "max_len": 64,
    "hidden_size": 4096,
    "num_hidden_layers": 32,
    "num_states": 33,
    "memmap_file": "last_token_hidden_states.memmap",
    "dtype": "float32",
    "shape": [
      15000,
      33,
      4096
    ]
  },
  "test_meta": {
    "dataset": "compling/somo",
    "split": "test",
    "text_col": "text",
    "model": "meta-llama/Meta-Llama-3.1-8B",
    "max_len": 64,
    "hidden_size": 4096,
    "num_hidden_layers": 32,
    "num_states": 33,
    "memmap_file": "last_token_hidden_states.memmap",
    "dtype": "float32",
    "shape": [
      10000,
      33,
      4096
    ]
  },
  "splits": [
    484,
    968,
    1936,
    3872,
    7740
  ],
  "mdl_sum_ce": {
    "0": 10060.880168914795,
    "1": 10060.668441772461,
    "2": 10060.855177879333,
    "3": 10053.794283390045,
    "4": 9847.187899589539,
    "5": 9534.391624450684,
    "6": 9506.982807159424,
    "7": 9257.685774326324,
    "8": 8830.811217308044,
    "9": 8498.52959060669,
    "10": 8147.686629295349,
    "11": 8028.205037117004,
    "12": 8056.253727912903,
    "13": 8079.332370519638,
    "14": 8145.441834688187,
    "15": 8210.783190727234,
    "16": 8314.103267669678,
    "17": 8364.75018119812,
    "18": 8477.457062721252,
    "19": 8540.86668586731,
    "20": 8580.172082424164,
    "21": 8602.578083515167,
    "22": 8681.93093252182,
    "23": 8658.91972064972,
    "24": 8675.864991664886,
    "25": 8758.93265581131,
    "26": 8774.618628501892,
    "27": 8752.207683563232,
    "28": 8754.450484752655,
    "29": 9044.430830478668,
    "30": 8835.521946907043,
    "31": 8736.039820671082,
    "32": 8953.034962415695
  },
  "mdl_nll": {
    "0": 0.693089016872058,
    "1": 0.6930744310948237,
    "2": 0.6930872952520897,
    "3": 0.6926008737524142,
    "4": 0.678367863019395,
    "5": 0.656819483635346,
    "6": 0.6549313038825726,
    "7": 0.6377573556300857,
    "8": 0.6083501803050457,
    "9": 0.5854594647703699,
    "10": 0.5612900681520632,
    "11": 0.5530590408595346,
    "12": 0.5549913011788994,
    "13": 0.5565811773573738,
    "14": 0.5611354253711895,
    "15": 0.5656367587990654,
    "16": 0.57275442736771,
    "17": 0.5762434679800303,
    "18": 0.5840077888344759,
    "19": 0.5883760461468248,
    "20": 0.5910837753116673,
    "21": 0.5926273135516098,
    "22": 0.598093891741652,
    "23": 0.5965086608328547,
    "24": 0.5976760121014664,
    "25": 0.6033985020536863,
    "26": 0.604479100888805,
    "27": 0.6029352220696633,
    "28": 0.6030897275249831,
    "29": 0.6230663289114541,
    "30": 0.6086747001175974,
    "31": 0.6018214260589061,
    "32": 0.616770113145198
  },
  "stopping_epochs_per_stage": {
    "0": [
      4,
      1,
      1,
      2
    ],
    "1": [
      5,
      1,
      1,
      6
    ],
    "2": [
      5,
      1,
      1,
      2
    ],
    "3": [
      3,
      1,
      10,
      2
    ],
    "4": [
      7,
      2,
      10,
      5
    ],
    "5": [
      7,
      10,
      9,
      10
    ],
    "6": [
      9,
      10,
      10,
      6
    ],
    "7": [
      10,
      1,
      8,
      7
    ],
    "8": [
      10,
      8,
      9,
      9
    ],
    "9": [
      10,
      10,
      9,
      10
    ],
    "10": [
      10,
      7,
      10,
      7
    ],
    "11": [
      9,
      10,
      9,
      7
    ],
    "12": [
      10,
      9,
      8,
      9
    ],
    "13": [
      10,
      8,
      8,
      5
    ],
    "14": [
      10,
      10,
      8,
      6
    ],
    "15": [
      10,
      8,
      5,
      6
    ],
    "16": [
      10,
      9,
      6,
      8
    ],
    "17": [
      9,
      8,
      9,
      9
    ],
    "18": [
      9,
      8,
      5,
      4
    ],
    "19": [
      10,
      10,
      5,
      10
    ],
    "20": [
      8,
      5,
      7,
      7
    ],
    "21": [
      9,
      8,
      5,
      9
    ],
    "22": [
      6,
      8,
      7,
      10
    ],
    "23": [
      7,
      9,
      8,
      6
    ],
    "24": [
      5,
      10,
      10,
      7
    ],
    "25": [
      8,
      9,
      10,
      10
    ],
    "26": [
      6,
      10,
      10,
      10
    ],
    "27": [
      8,
      8,
      4,
      9
    ],
    "28": [
      8,
      9,
      3,
      6
    ],
    "29": [
      5,
      9,
      1,
      5
    ],
    "30": [
      4,
      5,
      5,
      6
    ],
    "31": [
      9,
      9,
      6,
      8
    ],
    "32": [
      3,
      4,
      6,
      6
    ]
  },
  "test_acc": {
    "0": 0.5013,
    "1": 0.5013,
    "2": 0.5239,
    "3": 0.5469,
    "4": 0.5997,
    "5": 0.6269,
    "6": 0.6494,
    "7": 0.6508,
    "8": 0.6761,
    "9": 0.7038,
    "10": 0.7259,
    "11": 0.7273,
    "12": 0.7306,
    "13": 0.7361,
    "14": 0.7311,
    "15": 0.728,
    "16": 0.7287,
    "17": 0.677,
    "18": 0.7255,
    "19": 0.7177,
    "20": 0.7181,
    "21": 0.6966,
    "22": 0.717,
    "23": 0.7079,
    "24": 0.7097,
    "25": 0.6818,
    "26": 0.7031,
    "27": 0.6971,
    "28": 0.7009,
    "29": 0.6837,
    "30": 0.6989,
    "31": 0.7045,
    "32": 0.6902
  },
  "test_loss": {
    "0": 0.6931713645935058,
    "1": 0.6931877025604248,
    "2": 0.6926791650772095,
    "3": 0.6859732434272766,
    "4": 0.6616801616668702,
    "5": 0.6460331448554992,
    "6": 0.6263877029418945,
    "7": 0.6256589057922364,
    "8": 0.6016687559127808,
    "9": 0.5877958082199096,
    "10": 0.5466041492462158,
    "11": 0.5447676753044128,
    "12": 0.5421282292366028,
    "13": 0.531858752822876,
    "14": 0.5397892161846161,
    "15": 0.5403312039375305,
    "16": 0.5474583943367004,
    "17": 0.5960688259124756,
    "18": 0.5519422029018403,
    "19": 0.566623906993866,
    "20": 0.5586241378307343,
    "21": 0.5866691832065583,
    "22": 0.5577667972564697,
    "23": 0.5695086123466492,
    "24": 0.5722701562881469,
    "25": 0.6009108302116394,
    "26": 0.5843915216445923,
    "27": 0.587524378490448,
    "28": 0.5774630284309388,
    "29": 0.6057219348907471,
    "30": 0.5806248571395874,
    "31": 0.572877822971344,
    "32": 0.5900621446609498
  },
  "drift_final_total_l2": {
    "0": 1.948830008506775,
    "1": 1.950486183166504,
    "2": 8.808976173400879,
    "3": 8.417890548706055,
    "4": 15.315332412719727,
    "5": 11.348217010498047,
    "6": 12.348006248474121,
    "7": 15.478919982910156,
    "8": 18.102294921875,
    "9": 22.462478637695312,
    "10": 17.908538818359375,
    "11": 12.792591094970703,
    "12": 16.79790687561035,
    "13": 16.165197372436523,
    "14": 16.944549560546875,
    "15": 15.0501070022583,
    "16": 16.64198875427246,
    "17": 13.629823684692383,
    "18": 11.069960594177246,
    "19": 12.825786590576172,
    "20": 13.043535232543945,
    "21": 11.10196590423584,
    "22": 14.350804328918457,
    "23": 11.936663627624512,
    "24": 10.318239212036133,
    "25": 12.631195068359375,
    "26": 12.30572509765625,
    "27": 12.081623077392578,
    "28": 8.269660949707031,
    "29": 8.30257797241211,
    "30": 10.000114440917969,
    "31": 11.044154167175293,
    "32": 10.392051696777344
  },
  "probe_type": "mlp",
  "probe_hidden_size": [
    23
  ],
  "init_strategy": "gamma_second_zero",