{
  "config": {
    "model_short": "llama",
    "task_name": "somo",
    "dataset": {
      "train": "cache/llama/somo_train/",
      "test": "cache/llama/somo_test/"
    },
    "mdl": {
      "batch_size": 64,
      "probe_type": "mlp",
      "probe_hidden_size": [
        23
      ],
      "num_classes": 2,
      "init_strategy": "gamma_second_zero",
      "init_gamma": 0.7,
      "optimizer": "adamw",
      "train_epochs": 10,
      "lr": 0.001,
      "seed": 442,
      "early_stopping_gap": 3,
      "split_num": 5,
      "split_ratio": 2.0
    },
    "out_dir": "init_results/llama/somo/hidden-23/seed-442/strategy-gamma_second_zero/gamma-0.7/opt-adamw/2026-04-25_03-01-53"
  },
  "train_meta": {
    "dataset": "compling/somo",
    "split": "train",
    "text_col": "text",
    "model": "meta-llama/Meta-Llama-3.1-8B",
    "max_len": 64,
    "hidden_size": 4096,
    "num_hidden_layers": 32,
    "num_states": 33,
    "memmap_file": "last_token_hidden_states.memmap",
    "dtype": "float32",
    "shape": [
      15000,
      33,
      4096
    ]
  },
  "test_meta": {
    "dataset": "compling/somo",
    "split": "test",
    "text_col": "text",
    "model": "meta-llama/Meta-Llama-3.1-8B",
    "max_len": 64,
    "hidden_size": 4096,
    "num_hidden_layers": 32,
    "num_states": 33,
    "memmap_file": "last_token_hidden_states.memmap",
    "dtype": "float32",
    "shape": [
      10000,
      33,
      4096
    ]
  },
  "splits": [
    484,
    968,
    1936,
    3872,
    7740
  ],
  "mdl_sum_ce": {
    "0": 10059.99748468399,
    "1": 10060.076033115387,
    "2": 10056.213011741638,
    "3": 10043.694037437439,
    "4": 9749.3437666893,
    "5": 9687.63178062439,
    "6": 9573.977046012878,
    "7": 9797.499868392944,
    "8": 8925.797640800476,
    "9": 8540.344393253326,
    "10": 8211.022188186646,
    "11": 8115.230725288391,
    "12": 8116.622873306274,
    "13": 8120.307999610901,
    "14": 8160.702800750732,
    "15": 8374.899925231934,
    "16": 8320.226556777954,
    "17": 8495.125943660736,
    "18": 8623.407276153564,
    "19": 8651.956834316254,
    "20": 8737.934586048126,
    "21": 8609.967792510986,
    "22": 8700.76622581482,
    "23": 8699.495021343231,
    "24": 8851.678890228271,
    "25": 8856.041851997375,
    "26": 8796.878077507019,
    "27": 9029.63057231903,
    "28": 8794.339619159698,
    "29": 8748.179051399231,
    "30": 8792.326007843018,
    "31": 8716.986854553223,
    "32": 8969.485002040863
  },
  "mdl_nll": {
    "0": 0.6930282091956456,
    "1": 0.6930336203579076,
    "2": 0.6927674987421906,
    "3": 0.6919050728463377,
    "4": 0.6716274295046363,
    "5": 0.6673761215640941,
    "6": 0.6595465035831413,
    "7": 0.6749448793326636,
    "8": 0.6148937476440118,
    "9": 0.5883400656691462,
    "10": 0.5656532232148419,
    "11": 0.5590541971127302,
    "12": 0.5591501014953344,
    "13": 0.5594039680084666,
    "14": 0.562186745711679,
    "15": 0.5769426787842336,
    "16": 0.5731762577003275,
    "17": 0.5852249892298661,
    "18": 0.5940622262437011,
    "19": 0.5960289910661514,
    "20": 0.6019519555006976,
    "21": 0.5931363869186406,
    "22": 0.5993914457023161,
    "23": 0.5993038730602942,
    "24": 0.6097877438845599,
    "25": 0.6100883061447627,
    "26": 0.6060125432286456,
    "27": 0.6220467465086134,
    "28": 0.6058376700991801,
    "29": 0.6026576916092058,
    "30": 0.6056989534198827,
    "31": 0.600508876725904,
    "32": 0.6179033481703543
  },
  "stopping_epochs_per_stage": {
    "0": [
      1,
      1,
      10,
      5
    ],
    "1": [
      1,
      2,
      6,
      2
    ],
    "2": [
      1,
      7,
      4,
      10
    ],
    "3": [
      2,
      2,
      10,
      9
    ],
    "4": [
      1,
      10,
      9,
      10
    ],
    "5": [
      1,
      10,
      1,
      10
    ],
    "6": [
      1,
      10,
      9,
      10
    ],
    "7": [
      1,
      10,
      10,
      2
    ],
    "8": [
      1,
      10,
      9,
      10
    ],
    "9": [
      1,
      10,
      10,
      10
    ],
    "10": [
      10,
      10,
      10,
      7
    ],
    "11": [
      1,
      10,
      10,
      10
    ],
    "12": [
      10,
      10,
      10,
      9
    ],
    "13": [
      9,
      9,
      8,
      6
    ],
    "14": [
      10,
      10,
      8,
      8
    ],
    "15": [
      9,
      8,
      9,
      8
    ],
    "16": [
      10,
      10,
      10,
      6
    ],
    "17": [
      1,
      9,
      9,
      7
    ],
    "18": [
      9,
      10,
      10,
      10
    ],
    "19": [
      10,
      9,
      10,
      10
    ],
    "20": [
      9,
      10,
      7,
      7
    ],
    "21": [
      1,
      10,
      6,
      4
    ],
    "22": [
      8,
      9,
      9,
      10
    ],
    "23": [
      3,
      10,
      8,
      8
    ],
    "24": [
      5,
      9,
      9,
      9
    ],
    "25": [
      8,
      9,
      10,
      9
    ],
    "26": [
      8,
      10,
      7,
      5
    ],
    "27": [
      5,
      9,
      9,
      9
    ],
    "28": [
      3,
      8,
      9,
      6
    ],
    "29": [
      4,
      6,
      8,
      5
    ],
    "30": [
      8,
      7,
      6,
      4
    ],
    "31": [
      6,
      5,
      8,
      7
    ],
    "32": [
      7,
      9,
      3,
      5
    ]
  },
  "test_acc": {
    "0": 0.5013,
    "1": 0.4996,
    "2": 0.5004,
    "3": 0.5457,
    "4": 0.6105,
    "5": 0.5013,
    "6": 0.5013,
    "7": 0.6678,
    "8": 0.6953,
    "9": 0.693,
    "10": 0.7309,
    "11": 0.708,
    "12": 0.7255,
    "13": 0.7341,
    "14": 0.7339,
    "15": 0.7211,
    "16": 0.728,
    "17": 0.6949,
    "18": 0.715,
    "19": 0.716,
    "20": 0.7197,
    "21": 0.7155,
    "22": 0.7138,
    "23": 0.7121,
    "24": 0.5013,
    "25": 0.657,
    "26": 0.7074,
    "27": 0.7031,
    "28": 0.7047,
    "29": 0.6989,
    "30": 0.6942,
    "31": 0.6954,
    "32": 0.691
  },
  "test_loss": {
    "0": 0.6931716770172119,
    "1": 0.6932651941299438,
    "2": 0.6936676944732666,
    "3": 0.6898607545852661,
    "4": 0.6562996147155762,
    "5": 0.6932030696868896,
    "6": 0.6931463483810425,
    "7": 0.6135002151489258,
    "8": 0.587024432182312,
    "9": 0.5834728079795838,
    "10": 0.5391950822353363,
    "11": 0.5998103989601136,
    "12": 0.5436093290328979,
    "13": 0.5371207494735718,
    "14": 0.5365099348068237,
    "15": 0.5509446713447571,
    "16": 0.5530035157203674,
    "17": 0.5864451745033264,
    "18": 0.5599556827545166,
    "19": 0.5649563898086548,
    "20": 0.559406421327591,
    "21": 0.5607341901779175,
    "22": 0.5632839363098144,
    "23": 0.5698016876220703,
    "24": 0.6931611242294311,
    "25": 0.6277271241188049,
    "26": 0.5748518562316894,
    "27": 0.575728957080841,
    "28": 0.5769951551437378,
    "29": 0.5758490028381348,
    "30": 0.5865663211822509,
    "31": 0.5866538742065429,
    "32": 0.5918069668769836
  },
  "drift_final_total_l2": {
    "0": 1.9528917074203491,
    "1": 4.390583515167236,
    "2": 10.960533142089844,
    "3": 10.72203540802002,
    "4": 12.365225791931152,
    "5": 1.6912117004394531,
    "6": 1.5970373153686523,
    "7": 15.553909301757812,
    "8": 14.624713897705078,
    "9": 10.53779125213623,
    "10": 9.658735275268555,
    "11": 17.289478302001953,
    "12": 17.030336380004883,
    "13": 14.294509887695312,
    "14": 13.684351921081543,
    "15": 14.614412307739258,
    "16": 13.928791046142578,
    "17": 8.825106620788574,
    "18": 15.47844409942627,
    "19": 15.500102043151855,
    "20": 11.218375205993652,
    "21": 8.217889785766602,
    "22": 11.611906051635742,
    "23": 6.586484432220459,
    "24": 1.803659200668335,
    "25": 12.46917724609375,
    "26": 12.831206321716309,
    "27": 12.491342544555664,
    "28": 9.5824556350708,
    "29": 6.842601299285889,
    "30": 9.031624794006348,
    "31": 9.109092712402344,
    "32": 5.109931468963623
  },
  "probe_type": "mlp",
  "probe_hidden_size": [
    23
  ],