{
  "config": {
    "model_short": "llama",
    "task_name": "somo",
    "dataset": {
      "train": "cache/llama/somo_train/",
      "test": "cache/llama/somo_test/"
    },
    "mdl": {
      "batch_size": 64,
      "probe_type": "mlp",
      "probe_hidden_size": [
        2048
      ],
      "num_classes": 2,
      "init_strategy": "gamma",
      "init_gamma": 0.6,
      "optimizer": "adamw",
      "train_epochs": 10,
      "lr": 0.001,
      "seed": 42,
      "early_stopping_gap": 3,
      "split_num": 5,
      "split_ratio": 2.0
    },
    "out_dir": "init_results/llama/somo/hidden-2048/seed-42/strategy-gamma/gamma-0.6/opt-adamw/2026-04-22_02-31-10"
  },
  "train_meta": {
    "dataset": "compling/somo",
    "split": "train",
    "text_col": "text",
    "model": "meta-llama/Meta-Llama-3.1-8B",
    "max_len": 64,
    "hidden_size": 4096,
    "num_hidden_layers": 32,
    "num_states": 33,
    "memmap_file": "last_token_hidden_states.memmap",
    "dtype": "float32",
    "shape": [
      15000,
      33,
      4096
    ]
  },
  "test_meta": {
    "dataset": "compling/somo",
    "split": "test",
    "text_col": "text",
    "model": "meta-llama/Meta-Llama-3.1-8B",
    "max_len": 64,
    "hidden_size": 4096,
    "num_hidden_layers": 32,
    "num_states": 33,
    "memmap_file": "last_token_hidden_states.memmap",
    "dtype": "float32",
    "shape": [
      10000,
      33,
      4096
    ]
  },
  "splits": [
    484,
    968,
    1936,
    3872,
    7740
  ],
  "mdl_sum_ce": {
    "0": 10063.45440864563,
    "1": 10063.509352684021,
    "2": 10059.076805591583,
    "3": 10046.684298038483,
    "4": 9761.672242641449,
    "5": 9524.906342506409,
    "6": 9484.461943149567,
    "7": 9330.26270866394,
    "8": 8910.523722171783,
    "9": 8568.931287765503,
    "10": 8216.492193222046,
    "11": 8133.308764457703,
    "12": 8113.60374546051,
    "13": 8209.897478103638,
    "14": 8307.972864151001,
    "15": 8347.042675971985,
    "16": 8398.325662612915,
    "17": 8406.598819255829,
    "18": 8578.18984413147,
    "19": 8607.160649776459,
    "20": 8632.49187707901,
    "21": 8591.059688091278,
    "22": 8661.76120519638,
    "23": 8790.561734199524,
    "24": 8733.303052902222,
    "25": 8797.65875673294,
    "26": 8840.53997516632,
    "27": 8753.557174682617,
    "28": 8933.711776733398,
    "29": 8834.616075515747,
    "30": 8862.917265415192,
    "31": 8681.716808319092,
    "32": 8983.444182395935
  },
  "mdl_nll": {
    "0": 0.6932663549631876,
    "1": 0.6932701400305884,
    "2": 0.6929647840721674,
    "3": 0.6921110704077214,
    "4": 0.6724767320640292,
    "5": 0.6561660472930841,
    "6": 0.6533798527934395,
    "7": 0.6427571444381331,
    "8": 0.6138415350077007,
    "9": 0.5903094025740908,
    "10": 0.5660300491335111,
    "11": 0.5602995842145014,
    "12": 0.5589421152838598,
    "13": 0.5655757424981839,
    "14": 0.5723321069269083,
    "15": 0.575023606776797,
    "16": 0.5785564661485888,
    "17": 0.5791263997833996,
    "18": 0.5909472199043448,
    "19": 0.5929430042557494,
    "20": 0.5946880598704195,
    "21": 0.5918338170357728,
    "22": 0.5967044092860554,
    "23": 0.6055774134885316,
    "24": 0.6016328914922996,
    "25": 0.6060663238311478,
    "26": 0.6090203895815872,
    "27": 0.6030281878398055,
    "28": 0.6154389485211765,
    "29": 0.6086122950892634,
    "30": 0.6105619499459349,
    "31": 0.5980791408321227,
    "32": 0.6188649891427346
  },
  "stopping_epochs_per_stage": {
    "0": [
      3,
      1,
      1,
      2
    ],
    "1": [
      2,
      3,
      2,
      1
    ],
    "2": [
      4,
      4,
      1,
      4
    ],
    "3": [
      1,
      5,
      5,
      1
    ],
    "4": [
      6,
      6,
      6,
      6
    ],
    "5": [
      6,
      8,
      6,
      4
    ],
    "6": [
      1,
      2,
      5,
      7
    ],
    "7": [
      10,
      7,
      8,
      3
    ],
    "8": [
      4,
      5,
      3,
      6
    ],
    "9": [
      7,
      4,
      5,
      4
    ],
    "10": [
      1,
      6,
      3,
      5
    ],
    "11": [
      9,
      4,
      3,
      5
    ],
    "12": [
      6,
      3,
      4,
      4
    ],
    "13": [
      6,
      3,
      5,
      4
    ],
    "14": [
      6,
      4,
      5,
      5
    ],
    "15": [
      9,
      3,
      7,
      5
    ],
    "16": [
      5,
      5,
      5,
      5
    ],
    "17": [
      6,
      4,
      5,
      5
    ],
    "18": [
      7,
      4,
      4,
      6
    ],
    "19": [
      5,
      7,
      6,
      8
    ],
    "20": [
      3,
      4,
      8,
      7
    ],
    "21": [
      4,
      7,
      4,
      5
    ],
    "22": [
      7,
      6,
      4,
      5
    ],
    "23": [
      4,
      6,
      3,
      5
    ],
    "24": [
      3,
      6,
      6,
      6
    ],
    "25": [
      2,
      5,
      7,
      3
    ],
    "26": [
      3,
      3,
      4,
      5
    ],
    "27": [
      3,
      8,
      5,
      6
    ],
    "28": [
      2,
      4,
      4,
      3
    ],
    "29": [
      2,
      5,
      4,
      6
    ],
    "30": [
      3,
      6,
      5,
      7
    ],
    "31": [
      6,
      4,
      4,
      5
    ],
    "32": [
      4,
      1,
      6,
      8
    ]
  },
  "test_acc": {
    "0": 0.4982,
    "1": 0.4928,
    "2": 0.527,
    "3": 0.5462,
    "4": 0.5909,
    "5": 0.6408,
    "6": 0.6494,
    "7": 0.6559,
    "8": 0.6877,
    "9": 0.6975,
    "10": 0.7187,
    "11": 0.723,
    "12": 0.7283,
    "13": 0.733,
    "14": 0.7269,
    "15": 0.7278,
    "16": 0.7139,
    "17": 0.7216,
    "18": 0.7217,
    "19": 0.7172,
    "20": 0.6963,
    "21": 0.7063,
    "22": 0.695,
    "23": 0.7033,
    "24": 0.6979,
    "25": 0.7046,
    "26": 0.6843,
    "27": 0.6843,
    "28": 0.6986,
    "29": 0.6926,
    "30": 0.6924,
    "31": 0.6734,
    "32": 0.6871
  },
  "test_loss": {
    "0": 0.6932414258003234,
    "1": 0.6954512681007385,
    "2": 0.6961210225105285,
    "3": 0.6881088844299317,
    "4": 0.6736727405548095,
    "5": 0.637890731716156,
    "6": 0.634388867855072,
    "7": 0.6279197825431824,
    "8": 0.604961471748352,
    "9": 0.6018318181037903,
    "10": 0.5722398383617401,
    "11": 0.5689882627487183,
    "12": 0.556041965341568,
    "13": 0.5650785196304321,
    "14": 0.5756924153327941,
    "15": 0.5576963487625122,
    "16": 0.5804058144569397,
    "17": 0.564597335100174,
    "18": 0.5505606330871582,
    "19": 0.5670751408576965,
    "20": 0.5893676904678344,
    "21": 0.5913660541534423,
    "22": 0.5957939137458801,
    "23": 0.5850549833774566,
    "24": 0.5947509075164795,
    "25": 0.5929247948646545,
    "26": 0.6494538392066955,
    "27": 0.6093965233802795,
    "28": 0.6058437465667724,
    "29": 0.5975615977764129,
    "30": 0.6004695751190186,
    "31": 0.6238254796981811,
    "32": 0.5940599985122681
  },
  "drift_final_total_l2": {
    "0": 16.116958618164062,
    "1": 25.021038055419922,
    "2": 30.589128494262695,
    "3": 28.413734436035156,
    "4": 44.470611572265625,
    "5": 39.221595764160156,
    "6": 45.503257751464844,
    "7": 36.459144592285156,
    "8": 53.62659454345703,
    "9": 49.43369674682617,
    "10": 60.63337326049805,
    "11": 45.40643310546875,
    "12": 39.3608283996582,
    "13": 64.56884765625,
    "14": 54.37443161010742,
    "15": 38.09415054321289,
    "16": 48.915924072265625,
    "17": 36.90473937988281,
    "18": 29.867401123046875,
    "19": 34.14585876464844,
    "20": 31.159374237060547,
    "21": 42.72854232788086,
    "22": 39.59883499145508,
    "23": 27.14491844177246,
    "24": 32.72443389892578,
    "25": 39.09626007080078,
    "26": 35.83308410644531,
    "27": 39.40853500366211,
    "28": 38.912086486816406,
    "29": 34.00020217895508,
    "30": 30.892333984375,
    "31": 29.607250213623047,
    "32": 25.64753532409668
  },
  "probe_type": "mlp",
  "probe_hidden_size": [
    2048
  ],
  "init_strategy": "gamma",
  "init_gamma": 0.6,
  "effective_lr": 0.001,