{
  "config": {
    "model_short": "llama",
    "task_name": "somo",
    "dataset": {
      "train": "cache/llama/somo_train/",
      "test": "cache/llama/somo_test/"
    },
    "mdl": {
      "batch_size": 64,
      "probe_type": "mlp",
      "probe_hidden_size": [
        1024
      ],
      "num_classes": 2,
      "init_strategy": "mup",
      "init_gamma": null,
      "optimizer": "adam",
      "train_epochs": 20,
      "lr": 0.00048828125,
      "seed": 142,
      "early_stopping_gap": 3,
      "split_num": 5,
      "split_ratio": 2.0
    },
    "out_dir": "muP_results/llama/somo/hidden-1024/seed-142/strategy-mup/opt-adam/2026-04-28_20-04-32"
  },
  "train_meta": {
    "dataset": "compling/somo",
    "split": "train",
    "text_col": "text",
    "model": "meta-llama/Meta-Llama-3.1-8B",
    "max_len": 64,
    "hidden_size": 4096,
    "num_hidden_layers": 32,
    "num_states": 33,
    "memmap_file": "last_token_hidden_states.memmap",
    "dtype": "float32",
    "shape": [
      15000,
      33,
      4096
    ]
  },
  "test_meta": {
    "dataset": "compling/somo",
    "split": "test",
    "text_col": "text",
    "model": "meta-llama/Meta-Llama-3.1-8B",
    "max_len": 64,
    "hidden_size": 4096,
    "num_hidden_layers": 32,
    "num_states": 33,
    "memmap_file": "last_token_hidden_states.memmap",
    "dtype": "float32",
    "shape": [
      10000,
      33,
      4096
    ]
  },
  "splits": [
    484,
    968,
    1936,
    3872,
    7740
  ],
  "mdl_sum_ce": {
    "0": 10060.10250377655,
    "1": 10061.234777450562,
    "2": 10055.977388381958,
    "3": 10044.800909042358,
    "4": 9823.541069030762,
    "5": 9567.72451543808,
    "6": 9529.401449680328,
    "7": 9320.798104763031,
    "8": 8935.59437417984,
    "9": 8521.991012573242,
    "10": 8114.756660938263,
    "11": 8215.927777290344,
    "12": 8125.858939170837,
    "13": 8098.036847114563,
    "14": 8176.8122215271,
    "15": 8244.303485870361,
    "16": 8295.323570728302,
    "17": 8376.916379451752,
    "18": 8438.24513721466,
    "19": 8679.515049934387,
    "20": 8524.471470832825,
    "21": 8591.898483276367,
    "22": 8589.400403022766,
    "23": 8626.892511367798,
    "24": 8668.3054189682,
    "25": 8714.258348464966,
    "26": 8700.227345466614,
    "27": 8708.774991035461,
    "28": 8734.355373382568,
    "29": 8743.376974105835,
    "30": 8756.75463294983,
    "31": 8681.98529291153,
    "32": 8840.732562065125
  },
  "mdl_nll": {
    "0": 0.6930354439085527,
    "1": 0.6931134456772224,
    "2": 0.6927512667664617,
    "3": 0.6919813246791374,
    "4": 0.6767388446562939,
    "5": 0.6591157698703555,
    "6": 0.6564757129843158,
    "7": 0.6421051325959652,
    "8": 0.6155686397202976,
    "9": 0.5870757104280272,
    "10": 0.5590215390560942,
    "11": 0.5659911668014842,
    "12": 0.559786369466164,
    "13": 0.5578697194209536,
    "14": 0.5632965156742284,
    "15": 0.5679459552128935,
    "16": 0.5714607034119801,
    "17": 0.57708159130971,
    "18": 0.5813064988436664,
    "19": 0.5979274627951493,
    "20": 0.5872465879603764,
    "21": 0.5918916012177161,
    "22": 0.591719509714988,
    "23": 0.5943023223593137,
    "24": 0.5971552369088041,
    "25": 0.6003209113023537,
    "26": 0.5993543225039001,
    "27": 0.5999431655439144,
    "28": 0.6017053853253354,
    "29": 0.6023268788995477,
    "30": 0.6032484591450695,
    "31": 0.5980976366017863,
    "32": 0.6090336567969912
  },
  "stopping_epochs_per_stage": {
    "0": [
      1,
      15,
      3,
      1
    ],
    "1": [
      1,
      4,
      4,
      1
    ],
    "2": [
      4,
      3,
      11,
      12
    ],
    "3": [
      13,
      2,
      3,
      11
    ],
    "4": [
      20,
      12,
      20,
      20
    ],
    "5": [
      20,
      20,
      20,
      19
    ],
    "6": [
      20,
      6,
      20,
      20
    ],
    "7": [
      20,
      20,
      18,
      19
    ],
    "8": [
      20,
      20,
      19,
      19
    ],
    "9": [
      19,
      20,
      20,
      20
    ],
    "10": [
      20,
      20,
      19,
      20
    ],
    "11": [
      20,
      20,
      20,
      9
    ],
    "12": [
      20,
      20,
      20,
      20
    ],
    "13": [
      20,
      20,
      20,
      19
    ],
    "14": [
      20,
      20,
      19,
      19
    ],
    "15": [
      20,
      20,
      18,
      16
    ],
    "16": [
      20,
      20,
      20,
      20
    ],
    "17": [
      20,
      19,
      19,
      18
    ],
    "18": [
      20,
      20,
      20,
      19
    ],
    "19": [
      20,
      19,
      16,
      6
    ],
    "20": [
      20,
      19,
      19,
      16
    ],
    "21": [
      19,
      20,
      19,
      11
    ],
    "22": [
      20,
      15,
      18,
      16
    ],
    "23": [
      20,
      20,
      17,
      16
    ],
    "24": [
      20,
      19,
      14,
      16
    ],
    "25": [
      19,
      16,
      18,
      17
    ],
    "26": [
      18,
      19,
      19,
      17
    ],
    "27": [
      20,
      18,
      15,
      16
    ],
    "28": [
      20,
      19,
      13,
      11
    ],
    "29": [
      18,
      19,
      10,
      14
    ],
    "30": [
      2,
      17,
      11,
      11
    ],
    "31": [
      16,
      15,
      12,
      13
    ],
    "32": [
      7,
      13,
      7,
      11
    ]
  },
  "test_acc": {
    "0": 0.4982,
    "1": 0.4975,
    "2": 0.5265,
    "3": 0.5493,
    "4": 0.6033,
    "5": 0.6416,
    "6": 0.6455,
    "7": 0.6643,
    "8": 0.6939,
    "9": 0.7086,
    "10": 0.7317,
    "11": 0.7354,
    "12": 0.7209,
    "13": 0.7308,
    "14": 0.7327,
    "15": 0.7303,
    "16": 0.7286,
    "17": 0.7265,
    "18": 0.721,
    "19": 0.7134,
    "20": 0.7229,
    "21": 0.7223,
    "22": 0.7128,
    "23": 0.7154,
    "24": 0.7069,
    "25": 0.7116,
    "26": 0.7076,
    "27": 0.6966,
    "28": 0.696,
    "29": 0.7009,
    "30": 0.707,
    "31": 0.6973,
    "32": 0.6957
  },
  "test_loss": {
    "0": 0.6933399534225464,
    "1": 0.6934562233924866,
    "2": 0.691755293750763,
    "3": 0.6861600793838502,
    "4": 0.6575895868301391,
    "5": 0.6343131379127502,
    "6": 0.6296973991394043,
    "7": 0.6139076377868652,
    "8": 0.5875311544418335,
    "9": 0.571946577835083,
    "10": 0.5367427440643311,
    "11": 0.5352016600608825,
    "12": 0.5545430849075318,
    "13": 0.5348954129219056,
    "14": 0.5352095807552337,
    "15": 0.5364050252914428,
    "16": 0.5436664119720459,
    "17": 0.5453402073383331,
    "18": 0.5480529556274414,
    "19": 0.5560587994098664,
    "20": 0.5530120316505432,
    "21": 0.5529973968505859,
    "22": 0.5630879955768585,
    "23": 0.5622043990135193,
    "24": 0.5716586930274964,
    "25": 0.564018055820465,
    "26": 0.5692253153800965,
    "27": 0.5832845621109009,
    "28": 0.5839875144958496,
    "29": 0.5825626865386963,
    "30": 0.573076110458374,
    "31": 0.5847076204299927,
    "32": 0.588133629989624
  },
  "drift_final_total_l2": {
    "0": 14.384854316711426,
    "1": 59.12348937988281,
    "2": 105.25389099121094,
    "3": 114.91622161865234,
    "4": 173.53688049316406,
    "5": 175.767333984375,
    "6": 167.78274536132812,
    "7": 178.3428497314453,
    "8": 178.43319702148438,
    "9": 179.74252319335938,
    "10": 188.0808868408203,
    "11": 178.79429626464844,
    "12": 177.29490661621094,
    "13": 172.42774963378906,
    "14": 164.78750610351562,
    "15": 159.85006713867188,
    "16": 154.77027893066406,
    "17": 147.13182067871094,
    "18": 140.7776336669922,
    "19": 134.08265686035156,
    "20": 129.09161376953125,
    "21": 127.22520446777344,
    "22": 124.53327178955078,
    "23": 118.61487579345703,
    "24": 114.59471893310547,
    "25": 113.17475891113281,
    "26": 110.30181121826172,
    "27": 112.83702087402344,
    "28": 104.89746856689453,
    "29": 104.43073272705078,
    "30": 104.12948608398438,
    "31": 85.614013671875,
    "32": 77.66866302490234
  },
  "probe_type": "mlp",