{
  "config": {
    "model_short": "llama",
    "task_name": "somo",
    "dataset": {
      "train": "cache/llama/somo_train/",
      "test": "cache/llama/somo_test/"
    },
    "mdl": {
      "batch_size": 64,
      "probe_type": "mlp",
      "probe_hidden_size": [
        4
      ],
      "num_classes": 2,
      "init_strategy": "gamma_second_zero",
      "init_gamma": 0.4,
      "optimizer": "adamw",
      "train_epochs": 10,
      "lr": 0.001,
      "seed": 342,
      "early_stopping_gap": 3,
      "split_num": 5,
      "split_ratio": 2.0
    },
    "out_dir": "init_results/llama/somo/hidden-4/seed-342/strategy-gamma_second_zero/gamma-0.4/2026-04-21_02-27-44"
  },
  "train_meta": {
    "dataset": "compling/somo",
    "split": "train",
    "text_col": "text",
    "model": "meta-llama/Meta-Llama-3.1-8B",
    "max_len": 64,
    "hidden_size": 4096,
    "num_hidden_layers": 32,
    "num_states": 33,
    "memmap_file": "last_token_hidden_states.memmap",
    "dtype": "float32",
    "shape": [
      15000,
      33,
      4096
    ]
  },
  "test_meta": {
    "dataset": "compling/somo",
    "split": "test",
    "text_col": "text",
    "model": "meta-llama/Meta-Llama-3.1-8B",
    "max_len": 64,
    "hidden_size": 4096,
    "num_hidden_layers": 32,
    "num_states": 33,
    "memmap_file": "last_token_hidden_states.memmap",
    "dtype": "float32",
    "shape": [
      10000,
      33,
      4096
    ]
  },
  "splits": [
    484,
    968,
    1936,
    3872,
    7740
  ],
  "mdl_sum_ce": {
    "0": 10060.797474384308,
    "1": 10060.82180404663,
    "2": 10061.008013248444,
    "3": 10014.282221794128,
    "4": 9990.520192146301,
    "5": 9798.004812717438,
    "6": 9483.586017131805,
    "7": 9427.605800628662,
    "8": 9158.856168270111,
    "9": 8718.993010044098,
    "10": 8302.397094249725,
    "11": 8302.876549720764,
    "12": 8302.09076833725,
    "13": 8289.151466369629,
    "14": 8341.419826984406,
    "15": 8271.496745109558,
    "16": 8407.338788032532,
    "17": 8549.740293502808,
    "18": 8868.497883319855,
    "19": 9544.538991451263,
    "20": 8701.495492458344,
    "21": 8747.450207710266,
    "22": 8628.380663871765,
    "23": 9073.376101970673,
    "24": 8939.670453071594,
    "25": 8741.156234741211,
    "26": 9143.222568511963,
    "27": 8860.088002204895,
    "28": 8927.451227664948,
    "29": 8827.886909484863,
    "30": 8882.119181156158,
    "31": 8837.240731716156,
    "32": 8979.543879270554
  },
  "mdl_nll": {
    "0": 0.6930833200870975,
    "1": 0.6930849961454003,
    "2": 0.6930978240044395,
    "3": 0.6898789075361069,
    "4": 0.6882419531652177,
    "5": 0.6749796646953319,
    "6": 0.6533195106869527,
    "7": 0.6494630614927434,
    "8": 0.6309490333611264,
    "9": 0.6006470797770803,
    "10": 0.5719479949193803,
    "11": 0.571981024367647,
    "12": 0.571926892280053,
    "13": 0.5710355102211098,
    "14": 0.5746362515144947,
    "15": 0.5698192852789721,
    "16": 0.5791773758633598,
    "17": 0.5889873445510339,
    "18": 0.6109463959299982,
    "19": 0.6575185306869153,
    "20": 0.5994416845176593,
    "21": 0.602607481930991,
    "22": 0.5944048404430811,
    "23": 0.625060354227795,
    "24": 0.6158494387621655,
    "25": 0.6021738932723347,
    "26": 0.6298720424712017,
    "27": 0.6103670434145009,
    "28": 0.6150076624183624,
    "29": 0.6081487261976346,
    "30": 0.6118847603441828,
    "31": 0.608793106345836,
    "32": 0.6185962992057422
  },
  "stopping_epochs_per_stage": {
    "0": [
      8,
      1,
      1,
      7
    ],
    "1": [
      7,
      1,
      1,
      4
    ],
    "2": [
      3,
      1,
      1,
      3
    ],
    "3": [
      6,
      1,
      9,
      9
    ],
    "4": [
      6,
      1,
      10,
      8
    ],
    "5": [
      9,
      10,
      1,
      10
    ],
    "6": [
      10,
      9,
      10,
      10
    ],
    "7": [
      9,
      10,
      10,
      10
    ],
    "8": [
      10,
      2,
      10,
      9
    ],
    "9": [
      10,
      10,
      9,
      8
    ],
    "10": [
      10,
      10,
      10,
      10
    ],
    "11": [
      10,
      10,
      10,
      10
    ],
    "12": [
      10,
      9,
      10,
      9
    ],
    "13": [
      10,
      10,
      10,
      10
    ],
    "14": [
      10,
      8,
      7,
      10
    ],
    "15": [
      10,
      10,
      9,
      9
    ],
    "16": [
      10,
      10,
      9,
      10
    ],
    "17": [
      9,
      10,
      10,
      10
    ],
    "18": [
      10,
      9,
      1,
      9
    ],
    "19": [
      10,
      10,
      8,
      3
    ],
    "20": [
      10,
      10,
      9,
      10
    ],
    "21": [
      10,
      1,
      10,
      10
    ],
    "22": [
      9,
      10,
      10,
      7
    ],
    "23": [
      10,
      9,
      1,
      10
    ],
    "24": [
      9,
      10,
      9,
      10
    ],
    "25": [
      10,
      9,
      10,
      7
    ],
    "26": [
      7,
      10,
      10,
      6
    ],
    "27": [
      9,
      1,
      9,
      10
    ],
    "28": [
      9,
      10,
      9,
      7
    ],
    "29": [
      10,
      10,
      6,
      5
    ],
    "30": [
      9,
      7,
      9,
      9
    ],
    "31": [
      9,
      10,
      9,
      10
    ],
    "32": [
      6,
      5,
      7,
      8
    ]
  },
  "test_acc": {
    "0": 0.5013,
    "1": 0.5013,
    "2": 0.5199,
    "3": 0.5443,
    "4": 0.6037,
    "5": 0.5013,
    "6": 0.6488,
    "7": 0.6679,
    "8": 0.6807,
    "9": 0.6897,
    "10": 0.7241,
    "11": 0.7284,
    "12": 0.7199,
    "13": 0.7322,
    "14": 0.7104,
    "15": 0.7263,
    "16": 0.7148,
    "17": 0.7271,
    "18": 0.7145,
    "19": 0.7134,
    "20": 0.7204,
    "21": 0.7131,
    "22": 0.7155,
    "23": 0.7099,
    "24": 0.6922,
    "25": 0.7091,
    "26": 0.7045,
    "27": 0.685,
    "28": 0.6972,
    "29": 0.6954,
    "30": 0.7065,
    "31": 0.6974,
    "32": 0.6839
  },
  "test_loss": {
    "0": 0.6933002532958984,
    "1": 0.6931684057235717,
    "2": 0.6924822851181031,
    "3": 0.6874623905181885,
    "4": 0.658838925743103,
    "5": 0.6932423157691956,
    "6": 0.6288453984260559,
    "7": 0.6130825142860412,
    "8": 0.596602142906189,
    "9": 0.5884211140632629,
    "10": 0.552563041973114,
    "11": 0.5462200523853302,
    "12": 0.559306084728241,
    "13": 0.5429406824111939,
    "14": 0.5758641916751862,
    "15": 0.5420563230514527,
    "16": 0.5589982270240784,
    "17": 0.55141527094841,
    "18": 0.5596614399909973,
    "19": 0.5700381555557251,
    "20": 0.5586347366333008,
    "21": 0.5593933770179749,
    "22": 0.5622403888225556,
    "23": 0.5729341690063476,
    "24": 0.5794593565940857,
    "25": 0.5750772481918335,
    "26": 0.5738048974037171,
    "27": 0.6117832242965698,
    "28": 0.586170509147644,
    "29": 0.5805276329994201,
    "30": 0.5776429822921753,
    "31": 0.5881496625900269,
    "32": 0.5900376849174499
  },
  "drift_final_total_l2": {
    "0": 0.515145480632782,
    "1": 3.8154335021972656,
    "2": 8.747745513916016,
    "3": 11.014362335205078,
    "4": 8.740104675292969,
    "5": 1.3758865594863892,
    "6": 10.929903030395508,
    "7": 13.265704154968262,
    "8": 11.297125816345215,
    "9": 8.560358047485352,
    "10": 11.878436088562012,
    "11": 11.062406539916992,
    "12": 10.442562103271484,
    "13": 9.701509475708008,
    "14": 11.621577262878418,
    "15": 10.639822959899902,
    "16": 10.161629676818848,
    "17": 6.849332809448242,
    "18": 9.847548484802246,
    "19": 9.745840072631836,
    "20": 8.465808868408203,
    "21": 7.679001808166504,
    "22": 9.95650577545166,
    "23": 7.256265163421631,
    "24": 6.950960636138916,
    "25": 7.099822521209717,
    "26": 6.903631210327148,
    "27": 7.874307632446289,
    "28": 7.125010967254639,
    "29": 7.822046756744385,
    "30": 5.514183521270752,
    "31": 6.457330703735352,
    "32": 7.769404888153076
  },
  "probe_type": "mlp",
  "probe_hidden_size": [
    4
  ],