{
  "config": {
    "model_short": "llama",
    "task_name": "somo",
    "dataset": {
      "train": "cache/llama/somo_train/",
      "test": "cache/llama/somo_test/"
    },
    "mdl": {
      "batch_size": 64,
      "probe_type": "mlp",
      "probe_hidden_size": [
        724
      ],
      "num_classes": 2,
      "init_strategy": "gamma_second_zero",
      "init_gamma": 1.2,
      "optimizer": "adamw",
      "train_epochs": 10,
      "lr": 0.001,
      "seed": 142,
      "early_stopping_gap": 3,
      "split_num": 5,
      "split_ratio": 2.0
    },
    "out_dir": "init_results/llama/somo/hidden-724/seed-142/strategy-gamma_second_zero/gamma-1.2/opt-adamw/2026-04-25_03-28-52"
  },
  "train_meta": {
    "dataset": "compling/somo",
    "split": "train",
    "text_col": "text",
    "model": "meta-llama/Meta-Llama-3.1-8B",
    "max_len": 64,
    "hidden_size": 4096,
    "num_hidden_layers": 32,
    "num_states": 33,
    "memmap_file": "last_token_hidden_states.memmap",
    "dtype": "float32",
    "shape": [
      15000,
      33,
      4096
    ]
  },
  "test_meta": {
    "dataset": "compling/somo",
    "split": "test",
    "text_col": "text",
    "model": "meta-llama/Meta-Llama-3.1-8B",
    "max_len": 64,
    "hidden_size": 4096,
    "num_hidden_layers": 32,
    "num_states": 33,
    "memmap_file": "last_token_hidden_states.memmap",
    "dtype": "float32",
    "shape": [
      10000,
      33,
      4096
    ]
  },
  "splits": [
    484,
    968,
    1936,
    3872,
    7740
  ],
  "mdl_sum_ce": {
    "0": 10059.94987154007,
    "1": 10060.084197998047,
    "2": 10060.504083633423,
    "3": 10004.580027580261,
    "4": 9697.857032775879,
    "5": 9483.112742424011,
    "6": 9453.05429649353,
    "7": 9289.571359157562,
    "8": 8879.911957263947,
    "9": 8551.769500732422,
    "10": 8172.107047557831,
    "11": 8106.505570888519,
    "12": 8103.512812614441,
    "13": 8183.996835708618,
    "14": 8218.281875133514,
    "15": 8395.074798107147,
    "16": 8351.004011154175,
    "17": 8485.223507404327,
    "18": 8483.700136184692,
    "19": 8624.479887008667,
    "20": 8640.947431564331,
    "21": 8704.200915336609,
    "22": 8667.976808071136,
    "23": 8742.54074382782,
    "24": 8802.73694896698,
    "25": 8734.800592422485,
    "26": 8852.320572376251,
    "27": 8830.200561523438,
    "28": 8823.56457233429,
    "29": 8866.754920005798,
    "30": 8931.527769088745,
    "31": 8809.11498260498,
    "32": 8925.55927848816
  },
  "mdl_nll": {
    "0": 0.6930249291499083,
    "1": 0.6930341828326018,
    "2": 0.6930631085446006,
    "3": 0.6892105282157799,
    "4": 0.6680805340848636,
    "5": 0.6532869070283832,
    "6": 0.6512161956801826,
    "7": 0.6399539376658557,
    "8": 0.6117327057911234,
    "9": 0.5891271356249946,
    "10": 0.562972378586238,
    "11": 0.558453125577881,
    "12": 0.5582469559530477,
    "13": 0.5637914601617952,
    "14": 0.5661533394277704,
    "15": 0.5783325157141876,
    "16": 0.5752965011817426,
    "17": 0.5845428153351011,
    "18": 0.5844378710515771,
    "19": 0.5941361178705337,
    "20": 0.595270558801621,
    "21": 0.5996280597503864,
    "22": 0.5971325990680033,
    "23": 0.6022692714127735,
    "24": 0.6064161579613516,
    "25": 0.6017360562429378,
    "26": 0.6098319490476889,
    "27": 0.6083081125326149,
    "28": 0.6078509625471403,
    "29": 0.6108263240566133,
    "30": 0.615288493323832,
    "31": 0.6068555375175655,
    "32": 0.614877326983202
  },
  "stopping_epochs_per_stage": {
    "0": [
      1,
      4,
      2,
      3
    ],
    "1": [
      3,
      3,
      1,
      5
    ],
    "2": [
      3,
      2,
      1,
      2
    ],
    "3": [
      4,
      2,
      9,
      8
    ],
    "4": [
      9,
      3,
      10,
      8
    ],
    "5": [
      9,
      5,
      10,
      7
    ],
    "6": [
      8,
      7,
      9,
      7
    ],
    "7": [
      8,
      4,
      6,
      7
    ],
    "8": [
      4,
      9,
      5,
      7
    ],
    "9": [
      7,
      6,
      5,
      3
    ],
    "10": [
      6,
      5,
      5,
      4
    ],
    "11": [
      8,
      4,
      6,
      3
    ],
    "12": [
      4,
      5,
      6,
      7
    ],
    "13": [
      7,
      5,
      2,
      5
    ],
    "14": [
      5,
      5,
      2,
      3
    ],
    "15": [
      4,
      5,
      6,
      5
    ],
    "16": [
      4,
      3,
      7,
      4
    ],
    "17": [
      5,
      9,
      2,
      3
    ],
    "18": [
      4,
      5,
      4,
      5
    ],
    "19": [
      4,
      7,
      4,
      4
    ],
    "20": [
      5,
      7,
      5,
      8
    ],
    "21": [
      3,
      6,
      3,
      6
    ],
    "22": [
      6,
      4,
      4,
      6
    ],
    "23": [
      8,
      6,
      4,
      4
    ],
    "24": [
      3,
      5,
      4,
      5
    ],
    "25": [
      6,
      6,
      5,
      5
    ],
    "26": [
      6,
      5,
      5,
      5
    ],
    "27": [
      7,
      3,
      5,
      5
    ],
    "28": [
      3,
      3,
      5,
      3
    ],
    "29": [
      5,
      4,
      5,
      3
    ],
    "30": [
      4,
      4,
      3,
      4
    ],
    "31": [
      6,
      5,
      3,
      4
    ],
    "32": [
      6,
      3,
      3,
      6
    ]
  },
  "test_acc": {
    "0": 0.5013,
    "1": 0.5013,
    "2": 0.5253,
    "3": 0.5535,
    "4": 0.6068,
    "5": 0.632,
    "6": 0.6484,
    "7": 0.6418,
    "8": 0.6839,
    "9": 0.6933,
    "10": 0.7188,
    "11": 0.7317,
    "12": 0.7168,
    "13": 0.729,
    "14": 0.7181,
    "15": 0.7215,
    "16": 0.7254,
    "17": 0.7221,
    "18": 0.6829,
    "19": 0.6926,
    "20": 0.6675,
    "21": 0.6987,
    "22": 0.7161,
    "23": 0.6837,
    "24": 0.701,
    "25": 0.7047,
    "26": 0.7072,
    "27": 0.6896,
    "28": 0.7034,
    "29": 0.696,
    "30": 0.682,
    "31": 0.6969,
    "32": 0.682
  },
  "test_loss": {
    "0": 0.6931819561004638,
    "1": 0.6932012053489685,
    "2": 0.6914297912597657,
    "3": 0.6860889091491699,
    "4": 0.658406326675415,
    "5": 0.6424498281478882,
    "6": 0.6404153785705566,
    "7": 0.6383957054138184,
    "8": 0.6148512016296387,
    "9": 0.5954192461013794,
    "10": 0.5622501529693603,
    "11": 0.5594565611839294,
    "12": 0.5711991744995117,
    "13": 0.5479464132785797,
    "14": 0.5900457301139832,
    "15": 0.5610766171455384,
    "16": 0.557753530216217,
    "17": 0.5597152842998505,
    "18": 0.620476334476471,
    "19": 0.5976237009048462,
    "20": 0.681776250910759,
    "21": 0.5903551728248596,
    "22": 0.5758556800842285,
    "23": 0.5949254955291748,
    "24": 0.5896481273651123,
    "25": 0.580581033706665,
    "26": 0.576065020275116,
    "27": 0.5926471113204956,
    "28": 0.6038155017852783,
    "29": 0.5800342135429383,
    "30": 0.6291995048522949,
    "31": 0.5925689689636231,
    "32": 0.6042830738067627
  },
  "drift_final_total_l2": {
    "0": 9.74574089050293,
    "1": 10.557058334350586,
    "2": 16.469335556030273,
    "3": 22.1424617767334,
    "4": 23.878087997436523,
    "5": 28.132741928100586,
    "6": 33.91172409057617,
    "7": 23.75853157043457,
    "8": 41.14857482910156,
    "9": 27.421857833862305,
    "10": 31.257478713989258,
    "11": 50.31435012817383,
    "12": 51.80548095703125,
    "13": 26.532440185546875,
    "14": 58.000404357910156,
    "15": 45.16373062133789,
    "16": 42.88818359375,
    "17": 25.3663387298584,
    "18": 38.369529724121094,
    "19": 45.53157043457031,
    "20": 40.133182525634766,
    "21": 24.37694549560547,
    "22": 35.299476623535156,
    "23": 18.885385513305664,
    "24": 28.826309204101562,
    "25": 20.81883430480957,
    "26": 27.661508560180664,
    "27": 24.265911102294922,
    "28": 25.839893341064453,
    "29": 14.975316047668457,
    "30": 23.76974868774414,
    "31": 17.793628692626953,
    "32": 15.671642303466797
  },
  "probe_type": "mlp",
  "probe_hidden_size": [
    724
  ],
  "init_strategy": "gamma_second_zero",
  "init_gamma": 1.2,