{
  "config": {
    "model_short": "llama",
    "task_name": "somo",
    "dataset": {
      "train": "cache/llama/somo_train/",
      "test": "cache/llama/somo_test/"
    },
    "mdl": {
      "batch_size": 64,
      "probe_type": "mlp",
      "probe_hidden_size": [
        8
      ],
      "num_classes": 2,
      "init_strategy": "mup",
      "init_gamma": null,
      "optimizer": "adam",
      "train_epochs": 20,
      "lr": 0.000244140625,
      "seed": 342,
      "early_stopping_gap": 3,
      "split_num": 5,
      "split_ratio": 2.0
    },
    "out_dir": "muP_results/llama/somo/hidden-8/seed-342/strategy-mup/opt-adam/2026-04-30_00-06-34"
  },
  "train_meta": {
    "dataset": "compling/somo",
    "split": "train",
    "text_col": "text",
    "model": "meta-llama/Meta-Llama-3.1-8B",
    "max_len": 64,
    "hidden_size": 4096,
    "num_hidden_layers": 32,
    "num_states": 33,
    "memmap_file": "last_token_hidden_states.memmap",
    "dtype": "float32",
    "shape": [
      15000,
      33,
      4096
    ]
  },
  "test_meta": {
    "dataset": "compling/somo",
    "split": "test",
    "text_col": "text",
    "model": "meta-llama/Meta-Llama-3.1-8B",
    "max_len": 64,
    "hidden_size": 4096,
    "num_hidden_layers": 32,
    "num_states": 33,
    "memmap_file": "last_token_hidden_states.memmap",
    "dtype": "float32",
    "shape": [
      10000,
      33,
      4096
    ]
  },
  "splits": [
    484,
    968,
    1936,
    3872,
    7740
  ],
  "mdl_sum_ce": {
    "0": 10061.174870491028,
    "1": 10060.725501537323,
    "2": 10061.174273014069,
    "3": 10026.081188201904,
    "4": 9857.060907363892,
    "5": 9709.79638671875,
    "6": 9618.669257640839,
    "7": 9565.985728263855,
    "8": 9331.417774677277,
    "9": 8801.822825431824,
    "10": 8363.296612739563,
    "11": 8369.410921573639,
    "12": 8319.830393314362,
    "13": 8246.302987098694,
    "14": 8352.69527053833,
    "15": 8470.366435050964,
    "16": 8472.540669441223,
    "17": 8505.09846496582,
    "18": 8578.063105583191,
    "19": 8609.458877563477,
    "20": 8618.343935012817,
    "21": 8765.049582004547,
    "22": 8662.969779968262,
    "23": 8845.327291488647,
    "24": 8760.167529582977,
    "25": 8739.005621910095,
    "26": 8744.33698272705,
    "27": 8754.982252120972,
    "28": 8698.194646835327,
    "29": 8719.563185691833,
    "30": 8715.295913219452,
    "31": 8740.07878780365,
    "32": 8937.971243143082
  },
  "mdl_nll": {
    "0": 0.6931093187166594,
    "1": 0.693078361913566,
    "2": 0.6931092775567697,
    "3": 0.6906917324470863,
    "4": 0.679048009600709,
    "5": 0.6689030302231159,
    "6": 0.6626253277515044,
    "7": 0.6589959856891606,
    "8": 0.6428367163596912,
    "9": 0.606353184446943,
    "10": 0.5761433323739021,
    "11": 0.576564544059909,
    "12": 0.5731489661969111,
    "13": 0.5680836998552421,
    "14": 0.5754130111971845,
    "15": 0.5835193190307911,
    "16": 0.583669100953515,
    "17": 0.5859119912486788,
    "18": 0.5909384889489661,
    "19": 0.593101328021733,
    "20": 0.593713415197907,
    "21": 0.6038198940482603,
    "22": 0.5967876673993016,
    "23": 0.6093501854153105,
    "24": 0.6034835718919108,
    "25": 0.6020257386270388,
    "26": 0.6023930134146495,
    "27": 0.6031263607137621,
    "28": 0.5992142909090195,
    "29": 0.600686358893072,
    "30": 0.6003923886207945,
    "31": 0.6020996684901936,
    "32": 0.6157323810376882
  },
  "stopping_epochs_per_stage": {
    "0": [
      16,
      2,
      1,
      2
    ],
    "1": [
      19,
      1,
      2,
      7
    ],
    "2": [
      6,
      1,
      1,
      1
    ],
    "3": [
      3,
      1,
      20,
      19
    ],
    "4": [
      19,
      1,
      20,
      19
    ],
    "5": [
      20,
      20,
      19,
      19
    ],
    "6": [
      11,
      19,
      20,
      20
    ],
    "7": [
      20,
      19,
      19,
      20
    ],
    "8": [
      20,
      20,
      20,
      20
    ],
    "9": [
      20,
      19,
      20,
      20
    ],
    "10": [
      20,
      20,
      20,
      20
    ],
    "11": [
      20,
      20,
      20,
      20
    ],
    "12": [
      20,
      20,
      20,
      20
    ],
    "13": [
      20,
      19,
      20,
      20
    ],
    "14": [
      20,
      20,
      20,
      19
    ],
    "15": [
      20,
      20,
      20,
      20
    ],
    "16": [
      20,
      18,
      20,
      20
    ],
    "17": [
      20,
      20,
      20,
      20
    ],
    "18": [
      20,
      20,
      20,
      20
    ],
    "19": [
      20,
      19,
      20,
      20
    ],
    "20": [
      20,
      20,
      20,
      20
    ],
    "21": [
      20,
      20,
      20,
      20
    ],
    "22": [
      20,
      20,
      20,
      19
    ],
    "23": [
      19,
      20,
      20,
      20
    ],
    "24": [
      20,
      20,
      20,
      20
    ],
    "25": [
      20,
      19,
      19,
      19
    ],
    "26": [
      20,
      19,
      12,
      19
    ],
    "27": [
      18,
      20,
      19,
      19
    ],
    "28": [
      20,
      20,
      19,
      19
    ],
    "29": [
      12,
      18,
      17,
      20
    ],
    "30": [
      12,
      20,
      20,
      20
    ],
    "31": [
      20,
      17,
      19,
      19
    ],
    "32": [
      18,
      4,
      15,
      17
    ]
  },
  "test_acc": {
    "0": 0.5013,
    "1": 0.4978,
    "2": 0.5203,
    "3": 0.5489,
    "4": 0.6014,
    "5": 0.6323,
    "6": 0.6386,
    "7": 0.6559,
    "8": 0.6846,
    "9": 0.7088,
    "10": 0.7256,
    "11": 0.7271,
    "12": 0.7249,
    "13": 0.7342,
    "14": 0.7306,
    "15": 0.7256,
    "16": 0.7267,
    "17": 0.7202,
    "18": 0.717,
    "19": 0.7171,
    "20": 0.7151,
    "21": 0.7146,
    "22": 0.7127,
    "23": 0.7093,
    "24": 0.7135,
    "25": 0.7065,
    "26": 0.6943,
    "27": 0.7049,
    "28": 0.7044,
    "29": 0.7043,
    "30": 0.7049,
    "31": 0.6999,
    "32": 0.6761
  },
  "test_loss": {
    "0": 0.6932264832496643,
    "1": 0.6934442660331727,
    "2": 0.6919921686172485,
    "3": 0.6877480080604553,
    "4": 0.6616395852088929,
    "5": 0.6411644740104675,
    "6": 0.6353463726043701,
    "7": 0.6230889037132263,
    "8": 0.594322207069397,
    "9": 0.5738852942466736,
    "10": 0.5454528384208679,
    "11": 0.542747154378891,
    "12": 0.5456694726467133,
    "13": 0.5345693731784821,
    "14": 0.5367620056152343,
    "15": 0.540448359298706,
    "16": 0.548280901002884,
    "17": 0.5517728270530701,
    "18": 0.5551429296970367,
    "19": 0.5617241802215576,
    "20": 0.5570542900562286,
    "21": 0.5591855092048645,
    "22": 0.5644939125061035,
    "23": 0.5666665882110595,
    "24": 0.5666159671783447,
    "25": 0.5695373252868652,
    "26": 0.583343599319458,
    "27": 0.5707296867370606,
    "28": 0.5738373542785644,
    "29": 0.5752429586410522,
    "30": 0.5768277441978454,
    "31": 0.5762244616508484,
    "32": 0.6094689632415772
  },
  "drift_final_total_l2": {
    "0": 0.7938565611839294,
    "1": 1.9607189893722534,
    "2": 6.744783878326416,
    "3": 6.774323463439941,
    "4": 10.288196563720703,
    "5": 11.51103687286377,
    "6": 10.68464183807373,
    "7": 13.084670066833496,
    "8": 11.470479965209961,
    "9": 10.137024879455566,
    "10": 12.900753021240234,
    "11": 11.15088939666748,
    "12": 12.618291854858398,
    "13": 11.261853218078613,
    "14": 10.546823501586914,
    "15": 10.857285499572754,
    "16": 10.085610389709473,
    "17": 10.09943962097168,
    "18": 9.328832626342773,
    "19": 7.832963943481445,
    "20": 9.06667709350586,
    "21": 8.391190528869629,
    "22": 6.870325565338135,
    "23": 7.680075645446777,
    "24": 7.233560085296631,
    "25": 7.862014293670654,
    "26": 6.417900562286377,
    "27": 7.082414150238037,
    "28": 6.006391525268555,
    "29": 7.41505241394043,
    "30": 6.147404193878174,
    "31": 4.815615177154541,
    "32": 4.1406989097595215
  },
  "probe_type": "mlp",