{
  "config": {
    "model_short": "llama",
    "task_name": "somo",
    "dataset": {
      "train": "cache/llama/somo_train/",
      "test": "cache/llama/somo_test/"
    },
    "mdl": {
      "batch_size": 64,
      "probe_type": "mlp",
      "probe_hidden_size": [
        8
      ],
      "num_classes": 2,
      "init_strategy": "gamma_second_zero",
      "init_gamma": 1.2,
      "optimizer": "adamw",
      "train_epochs": 10,
      "lr": 0.001,
      "seed": 142,
      "early_stopping_gap": 3,
      "split_num": 5,
      "split_ratio": 2.0
    },
    "out_dir": "init_results/llama/somo/hidden-8/seed-142/strategy-gamma_second_zero/gamma-1.2/opt-adamw/2026-04-25_03-16-35"
  },
  "train_meta": {
    "dataset": "compling/somo",
    "split": "train",
    "text_col": "text",
    "model": "meta-llama/Meta-Llama-3.1-8B",
    "max_len": 64,
    "hidden_size": 4096,
    "num_hidden_layers": 32,
    "num_states": 33,
    "memmap_file": "last_token_hidden_states.memmap",
    "dtype": "float32",
    "shape": [
      15000,
      33,
      4096
    ]
  },
  "test_meta": {
    "dataset": "compling/somo",
    "split": "test",
    "text_col": "text",
    "model": "meta-llama/Meta-Llama-3.1-8B",
    "max_len": 64,
    "hidden_size": 4096,
    "num_hidden_layers": 32,
    "num_states": 33,
    "memmap_file": "last_token_hidden_states.memmap",
    "dtype": "float32",
    "shape": [
      10000,
      33,
      4096
    ]
  },
  "splits": [
    484,
    968,
    1936,
    3872,
    7740
  ],
  "mdl_sum_ce": {
    "0": 10061.634310722351,
    "1": 10061.159483909607,
    "2": 10056.376431941986,
    "3": 10050.718955516815,
    "4": 9821.374765396118,
    "5": 9647.523158073425,
    "6": 9685.319590568542,
    "7": 9402.528500080109,
    "8": 9862.251530647278,
    "9": 8704.712418079376,
    "10": 8261.254846572876,
    "11": 8143.102062225342,
    "12": 8349.927904129028,
    "13": 8211.837566375732,
    "14": 8296.65730047226,
    "15": 8308.658203125,
    "16": 8500.52842617035,
    "17": 8434.855394363403,
    "18": 9486.01240348816,
    "19": 8705.061360836029,
    "20": 8989.125609874725,
    "21": 9136.38622379303,
    "22": 8841.183329105377,
    "23": 8814.926923751831,
    "24": 8746.642803192139,
    "25": 8844.021929740906,
    "26": 8936.631011009216,
    "27": 8836.838994026184,
    "28": 9331.669054031372,
    "29": 8878.387454986572,
    "30": 8932.629748344421,
    "31": 8811.465069293976,
    "32": 8961.759553432465
  },
  "mdl_nll": {
    "0": 0.6931409693250449,
    "1": 0.6931082587427395,
    "2": 0.692778756678285,
    "3": 0.692389015949078,
    "4": 0.6765896090793688,
    "5": 0.6646130585611343,
    "6": 0.6672168359443746,
    "7": 0.6477354987655076,
    "8": 0.6794055890498263,
    "9": 0.5996632969192185,
    "10": 0.5691137259970293,
    "11": 0.560974239613209,
    "12": 0.5752223687054994,
    "13": 0.5657093942116102,
    "14": 0.5715525833888302,
    "15": 0.5723793195870074,
    "16": 0.5855971635554112,
    "17": 0.5810729811493114,
    "18": 0.6534866632328575,
    "19": 0.5996873354116856,
    "20": 0.6192563798480797,
    "21": 0.6294010900932095,
    "22": 0.6090647099135696,
    "23": 0.6072559192444084,
    "24": 0.6025518602364384,
    "25": 0.6092602596955708,
    "26": 0.6156400531144404,
    "27": 0.6087654308367446,
    "28": 0.6428540268690667,
    "29": 0.6116276835895957,
    "30": 0.6153644081251324,
    "31": 0.6070174338174411,
    "32": 0.6173711458688664
  },
  "stopping_epochs_per_stage": {
    "0": [
      7,
      10,
      8,
      1
    ],
    "1": [
      3,
      7,
      2,
      1
    ],
    "2": [
      10,
      1,
      10,
      6
    ],
    "3": [
      3,
      4,
      10,
      2
    ],
    "4": [
      9,
      2,
      9,
      10
    ],
    "5": [
      10,
      8,
      8,
      10
    ],
    "6": [
      10,
      10,
      9,
      10
    ],
    "7": [
      10,
      6,
      8,
      10
    ],
    "8": [
      10,
      10,
      10,
      1
    ],
    "9": [
      9,
      10,
      10,
      10
    ],
    "10": [
      10,
      10,
      9,
      9
    ],
    "11": [
      10,
      9,
      9,
      10
    ],
    "12": [
      10,
      4,
      9,
      10
    ],
    "13": [
      10,
      10,
      9,
      10
    ],
    "14": [
      9,
      10,
      9,
      8
    ],
    "15": [
      10,
      10,
      10,
      10
    ],
    "16": [
      10,
      10,
      10,
      10
    ],
    "17": [
      10,
      10,
      5,
      10
    ],
    "18": [
      8,
      10,
      7,
      1
    ],
    "19": [
      10,
      10,
      9,
      5
    ],
    "20": [
      10,
      10,
      7,
      9
    ],
    "21": [
      10,
      7,
      10,
      6
    ],
    "22": [
      9,
      10,
      9,
      9
    ],
    "23": [
      9,
      10,
      9,
      9
    ],
    "24": [
      10,
      9,
      9,
      9
    ],
    "25": [
      10,
      9,
      7,
      9
    ],
    "26": [
      9,
      3,
      10,
      9
    ],
    "27": [
      10,
      9,
      9,
      4
    ],
    "28": [
      7,
      5,
      7,
      10
    ],
    "29": [
      2,
      10,
      10,
      7
    ],
    "30": [
      10,
      9,
      9,
      6
    ],
    "31": [
      8,
      10,
      8,
      6
    ],
    "32": [
      5,
      4,
      6,
      8
    ]
  },
  "test_acc": {
    "0": 0.5013,
    "1": 0.5013,
    "2": 0.5013,
    "3": 0.5013,
    "4": 0.6049,
    "5": 0.633,
    "6": 0.6403,
    "7": 0.6636,
    "8": 0.6899,
    "9": 0.7102,
    "10": 0.7321,
    "11": 0.7304,
    "12": 0.7304,
    "13": 0.7311,
    "14": 0.7298,
    "15": 0.7175,
    "16": 0.7307,
    "17": 0.7244,
    "18": 0.7184,
    "19": 0.7162,
    "20": 0.7168,
    "21": 0.6813,
    "22": 0.7019,
    "23": 0.7088,
    "24": 0.678,
    "25": 0.7069,
    "26": 0.7066,
    "27": 0.6867,
    "28": 0.706,
    "29": 0.6965,
    "30": 0.7019,
    "31": 0.5013,
    "32": 0.6902
  },
  "test_loss": {
    "0": 0.693145725440979,
    "1": 0.6931507406234741,
    "2": 0.6931448616027832,
    "3": 0.6931446962356568,
    "4": 0.6579072870254516,
    "5": 0.6388582655906677,
    "6": 0.6324861569404602,
    "7": 0.6197939552307129,
    "8": 0.5910361672401429,
    "9": 0.5690010032653808,
    "10": 0.53642967004776,
    "11": 0.5383399678707123,
    "12": 0.5416735201835632,
    "13": 0.5342755603313446,
    "14": 0.5416217242240906,
    "15": 0.5593551301479339,
    "16": 0.5386994262695313,
    "17": 0.5565917567253112,
    "18": 0.5561335800647735,
    "19": 0.5557588567733764,
    "20": 0.5653411152362824,
    "21": 0.5999055959701538,
    "22": 0.5820474362373352,
    "23": 0.5665360999107361,
    "24": 0.6028176732063294,
    "25": 0.5723974027633667,
    "26": 0.5715418920516968,
    "27": 0.6045345918655396,
    "28": 0.5745247966766357,
    "29": 0.5829150307655334,
    "30": 0.582804909324646,
    "31": 0.6932062067985535,
    "32": 0.5818616765975952
  },
  "drift_final_total_l2": {
    "0": 0.5749445557594299,
    "1": 0.9618932008743286,
    "2": 1.2315102815628052,
    "3": 1.2652472257614136,
    "4": 11.409635543823242,
    "5": 11.158178329467773,
    "6": 12.632312774658203,
    "7": 10.372565269470215,
    "8": 11.49703311920166,
    "9": 12.540902137756348,
    "10": 13.891472816467285,
    "11": 11.407976150512695,
    "12": 13.106414794921875,
    "13": 10.799396514892578,
    "14": 8.816377639770508,
    "15": 9.178584098815918,
    "16": 10.612180709838867,
    "17": 7.914348602294922,
    "18": 6.683371543884277,
    "19": 6.610170364379883,
    "20": 6.365521430969238,
    "21": 9.07168197631836,
    "22": 8.658146858215332,
    "23": 7.715429306030273,
    "24": 6.848865509033203,
    "25": 7.044127941131592,
    "26": 8.35452938079834,
    "27": 7.735596656799316,
    "28": 6.419792175292969,
    "29": 7.359245777130127,
    "30": 7.495988368988037,
    "31": 0.9967257380485535,
    "32": 6.032361030578613
  },
  "probe_type": "mlp",
  "probe_hidden_size": [
    8
  ],