{
  "config": {
    "model_short": "llama",
    "task_name": "somo",
    "dataset": {
      "train": "cache/llama/somo_train/",
      "test": "cache/llama/somo_test/"
    },
    "mdl": {
      "batch_size": 64,
      "probe_type": "mlp",
      "probe_hidden_size": [
        11
      ],
      "num_classes": 2,
      "init_strategy": "gamma_second_zero",
      "init_gamma": 1.0,
      "optimizer": "adamw",
      "train_epochs": 10,
      "lr": 0.001,
      "seed": 142,
      "early_stopping_gap": 3,
      "split_num": 5,
      "split_ratio": 2.0
    },
    "out_dir": "init_results/llama/somo/hidden-11/seed-142/strategy-gamma_second_zero/gamma-1.0/opt-adamw/2026-04-25_02-45-51"
  },
  "train_meta": {
    "dataset": "compling/somo",
    "split": "train",
    "text_col": "text",
    "model": "meta-llama/Meta-Llama-3.1-8B",
    "max_len": 64,
    "hidden_size": 4096,
    "num_hidden_layers": 32,
    "num_states": 33,
    "memmap_file": "last_token_hidden_states.memmap",
    "dtype": "float32",
    "shape": [
      15000,
      33,
      4096
    ]
  },
  "test_meta": {
    "dataset": "compling/somo",
    "split": "test",
    "text_col": "text",
    "model": "meta-llama/Meta-Llama-3.1-8B",
    "max_len": 64,
    "hidden_size": 4096,
    "num_hidden_layers": 32,
    "num_states": 33,
    "memmap_file": "last_token_hidden_states.memmap",
    "dtype": "float32",
    "shape": [
      10000,
      33,
      4096
    ]
  },
  "splits": [
    484,
    968,
    1936,
    3872,
    7740
  ],
  "mdl_sum_ce": {
    "0": 10060.287048339844,
    "1": 10060.14046382904,
    "2": 10060.897320747375,
    "3": 10013.894374847412,
    "4": 9756.845237255096,
    "5": 9561.646819114685,
    "6": 9537.047879219055,
    "7": 9509.206189155579,
    "8": 8943.128623008728,
    "9": 8636.083686351776,
    "10": 8175.586093425751,
    "11": 8142.972631454468,
    "12": 8187.610059738159,
    "13": 8414.098003387451,
    "14": 8294.283474445343,
    "15": 8286.325221538544,
    "16": 8454.382237911224,
    "17": 8596.957560539246,
    "18": 8679.81126499176,
    "19": 8615.323729515076,
    "20": 8541.463139533997,
    "21": 8683.443804264069,
    "22": 8816.347347736359,
    "23": 9962.407715797424,
    "24": 8812.491736888885,
    "25": 8791.506558418274,
    "26": 9168.362808704376,
    "27": 8985.756204605103,
    "28": 8866.575381755829,
    "29": 8939.883613586426,
    "30": 8921.770750045776,
    "31": 8850.21360874176,
    "32": 9712.485730171204
  },
  "mdl_nll": {
    "0": 0.6930481570914745,
    "1": 0.6930380589576357,
    "2": 0.6930901984532499,
    "3": 0.6898521889533902,
    "4": 0.6721442020704806,
    "5": 0.6586970804019485,
    "6": 0.6570024717015056,
    "7": 0.6550844715593537,
    "8": 0.6160876703643379,
    "9": 0.5949354978197696,
    "10": 0.5632120483208701,
    "11": 0.5609653231919584,
    "12": 0.5640403733630587,
    "13": 0.5796430148379341,
    "14": 0.5713890516978054,
    "15": 0.5708408116243141,
    "16": 0.5824181756621124,
    "17": 0.5922401185270905,
    "18": 0.5979478689027115,
    "19": 0.5935053547475252,
    "20": 0.5884171355424357,
    "21": 0.5981981127214155,
    "22": 0.6073537715442517,
    "23": 0.686305298690922,
    "24": 0.6070881604359938,
    "25": 0.6056425019577207,
    "26": 0.6316039410791111,
    "27": 0.6190242631995799,
    "28": 0.6108139557561194,
    "29": 0.6158641232837163,
    "30": 0.6146163371483726,
    "31": 0.609686801373778,
    "32": 0.6690882977522185
  },
  "stopping_epochs_per_stage": {
    "0": [
      1,
      7,
      8,
      1
    ],
    "1": [
      4,
      9,
      3,
      1
    ],
    "2": [
      1,
      5,
      8,
      1
    ],
    "3": [
      10,
      5,
      9,
      10
    ],
    "4": [
      10,
      8,
      10,
      10
    ],
    "5": [
      9,
      10,
      10,
      8
    ],
    "6": [
      8,
      9,
      10,
      9
    ],
    "7": [
      10,
      10,
      7,
      10
    ],
    "8": [
      9,
      10,
      8,
      7
    ],
    "9": [
      10,
      6,
      8,
      10
    ],
    "10": [
      10,
      10,
      9,
      6
    ],
    "11": [
      10,
      10,
      10,
      9
    ],
    "12": [
      10,
      10,
      9,
      10
    ],
    "13": [
      10,
      6,
      10,
      10
    ],
    "14": [
      10,
      8,
      9,
      6
    ],
    "15": [
      10,
      9,
      7,
      6
    ],
    "16": [
      10,
      10,
      7,
      6
    ],
    "17": [
      3,
      8,
      9,
      10
    ],
    "18": [
      8,
      9,
      10,
      9
    ],
    "19": [
      9,
      10,
      7,
      9
    ],
    "20": [
      10,
      10,
      7,
      5
    ],
    "21": [
      10,
      10,
      9,
      8
    ],
    "22": [
      10,
      10,
      10,
      8
    ],
    "23": [
      9,
      10,
      8,
      1
    ],
    "24": [
      10,
      5,
      8,
      5
    ],
    "25": [
      3,
      10,
      10,
      9
    ],
    "26": [
      10,
      1,
      8,
      10
    ],
    "27": [
      10,
      9,
      10,
      4
    ],
    "28": [
      10,
      9,
      6,
      5
    ],
    "29": [
      10,
      10,
      8,
      10
    ],
    "30": [
      8,
      9,
      5,
      5
    ],
    "31": [
      10,
      10,
      10,
      9
    ],
    "32": [
      8,
      2,
      7,
      1
    ]
  },
  "test_acc": {
    "0": 0.5013,
    "1": 0.5013,
    "2": 0.5013,
    "3": 0.5502,
    "4": 0.6062,
    "5": 0.5013,
    "6": 0.6502,
    "7": 0.6667,
    "8": 0.6959,
    "9": 0.7087,
    "10": 0.7319,
    "11": 0.7336,
    "12": 0.7276,
    "13": 0.7358,
    "14": 0.7311,
    "15": 0.731,
    "16": 0.7158,
    "17": 0.7235,
    "18": 0.7165,
    "19": 0.7101,
    "20": 0.7213,
    "21": 0.7003,
    "22": 0.7171,
    "23": 0.5013,
    "24": 0.7115,
    "25": 0.7078,
    "26": 0.7042,
    "27": 0.6984,
    "28": 0.6982,
    "29": 0.7013,
    "30": 0.5013,
    "31": 0.6965,
    "32": 0.689
  },
  "test_loss": {
    "0": 0.6931567571640015,
    "1": 0.6931655915260315,
    "2": 0.6932471578598023,
    "3": 0.6852286598205567,
    "4": 0.6579691509246827,
    "5": 0.6932271286010743,
    "6": 0.6301281869888306,
    "7": 0.6118209346771241,
    "8": 0.5869409484863282,
    "9": 0.570973698425293,
    "10": 0.5362744116783142,
    "11": 0.537287352180481,
    "12": 0.544311948299408,
    "13": 0.5364517687320709,
    "14": 0.5431184843063355,
    "15": 0.5410404607772827,
    "16": 0.5631356031417847,
    "17": 0.5482737961292267,
    "18": 0.5589397614479065,
    "19": 0.561754248046875,
    "20": 0.5565865214347839,
    "21": 0.5964377428531646,
    "22": 0.5612430500984192,
    "23": 0.6931645580291748,
    "24": 0.5671105773925781,
    "25": 0.569406276512146,
    "26": 0.5699588111877442,
    "27": 0.585325914478302,
    "28": 0.591560862827301,
    "29": 0.5787578279495239,
    "30": 0.6931564350128174,
    "31": 0.5782723021507263,
    "32": 0.5920142431259156
  },
  "drift_final_total_l2": {
    "0": 0.8968268632888794,
    "1": 1.1252590417861938,
    "2": 1.2208691835403442,
    "3": 11.055659294128418,
    "4": 14.667044639587402,
    "5": 1.116188645362854,
    "6": 10.196978569030762,
    "7": 15.437524795532227,
    "8": 11.764883041381836,
    "9": 10.74046516418457,
    "10": 13.985773086547852,
    "11": 11.695780754089355,
    "12": 14.04357624053955,
    "13": 10.565766334533691,
    "14": 9.421857833862305,
    "15": 10.639464378356934,
    "16": 9.307186126708984,
    "17": 9.027678489685059,
    "18": 10.280858993530273,
    "19": 9.223795890808105,
    "20": 6.250202178955078,
    "21": 7.165548801422119,
    "22": 7.94686222076416,
    "23": 1.1291980743408203,
    "24": 10.51442813873291,
    "25": 11.068022727966309,
    "26": 9.554118156433105,
    "27": 8.94558334350586,
    "28": 7.174027442932129,
    "29": 5.312964916229248,
    "30": 1.1436264514923096,
    "31": 7.940310001373291,
    "32": 5.945870876312256
  },
  "probe_type": "mlp",
  "probe_hidden_size": [
    11
  ],