{
  "config": {
    "model_short": "llama",
    "task_name": "somo",
    "dataset": {
      "train": "cache/llama/somo_train/",
      "test": "cache/llama/somo_test/"
    },
    "mdl": {
      "batch_size": 64,
      "probe_type": "mlp",
      "probe_hidden_size": [
        4
      ],
      "num_classes": 2,
      "init_strategy": "gamma_second_zero",
      "init_gamma": 0.7,
      "optimizer": "adamw",
      "train_epochs": 10,
      "lr": 0.001,
      "seed": 442,
      "early_stopping_gap": 3,
      "split_num": 5,
      "split_ratio": 2.0
    },
    "out_dir": "init_results/llama/somo/hidden-4/seed-442/strategy-gamma_second_zero/gamma-0.7/2026-04-21_02-09-48"
  },
  "train_meta": {
    "dataset": "compling/somo",
    "split": "train",
    "text_col": "text",
    "model": "meta-llama/Meta-Llama-3.1-8B",
    "max_len": 64,
    "hidden_size": 4096,
    "num_hidden_layers": 32,
    "num_states": 33,
    "memmap_file": "last_token_hidden_states.memmap",
    "dtype": "float32",
    "shape": [
      15000,
      33,
      4096
    ]
  },
  "test_meta": {
    "dataset": "compling/somo",
    "split": "test",
    "text_col": "text",
    "model": "meta-llama/Meta-Llama-3.1-8B",
    "max_len": 64,
    "hidden_size": 4096,
    "num_hidden_layers": 32,
    "num_states": 33,
    "memmap_file": "last_token_hidden_states.memmap",
    "dtype": "float32",
    "shape": [
      10000,
      33,
      4096
    ]
  },
  "splits": [
    484,
    968,
    1936,
    3872,
    7740
  ],
  "mdl_sum_ce": {
    "0": 10060.44962644577,
    "1": 10060.893288612366,
    "2": 10055.96474981308,
    "3": 10060.891008853912,
    "4": 10060.877404212952,
    "5": 9729.57601070404,
    "6": 9920.079291343689,
    "7": 9445.138914585114,
    "8": 9326.142423152924,
    "9": 9693.124551773071,
    "10": 8471.914301872253,
    "11": 8355.835415363312,
    "12": 8462.610033035278,
    "13": 8442.545388698578,
    "14": 9541.247049331665,
    "15": 8522.706785678864,
    "16": 8613.184156417847,
    "17": 9022.801004886627,
    "18": 8779.417037963867,
    "19": 8835.09251499176,
    "20": 9620.030925273895,
    "21": 8770.606110572815,
    "22": 9670.496059417725,
    "23": 8873.492681503296,
    "24": 9054.399975299835,
    "25": 9030.349370479584,
    "26": 9623.510043144226,
    "27": 9278.767820835114,
    "28": 9095.837114810944,
    "29": 9162.104048728943,
    "30": 9064.213408470154,
    "31": 9088.18584728241,
    "32": 9101.147414207458
  },
  "mdl_nll": {
    "0": 0.6930593570161043,
    "1": 0.6930899206814801,
    "2": 0.6927503961017553,
    "3": 0.6930897636300574,
    "4": 0.693088826413127,
    "5": 0.6702656386541775,
    "6": 0.6833893146420287,
    "7": 0.6506709089683875,
    "8": 0.6424733000243127,
    "9": 0.6677545158289523,
    "10": 0.5836259508040957,
    "11": 0.5756293342079989,
    "12": 0.5829849843645135,
    "13": 0.5816027410236,
    "14": 0.6572917504361853,
    "15": 0.5871250196802744,
    "16": 0.5933579606239905,
    "17": 0.62157626101451,
    "18": 0.6048096609233857,
    "19": 0.608645116767137,
    "20": 0.6627191323556004,
    "21": 0.6042026805299542,
    "22": 0.6661956502767791,
    "23": 0.61129048508565,
    "24": 0.6237530983259738,
    "25": 0.622096264155386,
    "26": 0.6629588070504427,
    "27": 0.6392096872991949,
    "28": 0.6266076821997068,
    "29": 0.6311727782260225,
    "30": 0.6244291408425292,
    "31": 0.6260805901958122,
    "32": 0.6269735060765679
  },
  "stopping_epochs_per_stage": {
    "0": [
      1,
      1,
      9,
      5
    ],
    "1": [
      1,
      3,
      3,
      5
    ],
    "2": [
      1,
      5,
      9,
      10
    ],
    "3": [
      1,
      5,
      1,
      4
    ],
    "4": [
      1,
      3,
      6,
      2
    ],
    "5": [
      1,
      10,
      4,
      10
    ],
    "6": [
      1,
      5,
      10,
      1
    ],
    "7": [
      1,
      10,
      10,
      9
    ],
    "8": [
      1,
      10,
      1,
      9
    ],
    "9": [
      1,
      10,
      10,
      2
    ],
    "10": [
      9,
      10,
      10,
      10
    ],
    "11": [
      1,
      10,
      10,
      10
    ],
    "12": [
      1,
      10,
      10,
      10
    ],
    "13": [
      1,
      10,
      10,
      10
    ],
    "14": [
      1,
      10,
      10,
      5
    ],
    "15": [
      1,
      10,
      9,
      10
    ],
    "16": [
      1,
      10,
      8,
      10
    ],
    "17": [
      1,
      10,
      3,
      9
    ],
    "18": [
      1,
      10,
      10,
      8
    ],
    "19": [
      1,
      1,
      10,
      9
    ],
    "20": [
      1,
      10,
      10,
      4
    ],
    "21": [
      1,
      10,
      10,
      8
    ],
    "22": [
      1,
      5,
      10,
      5
    ],
    "23": [
      1,
      7,
      10,
      10
    ],
    "24": [
      1,
      1,
      10,
      8
    ],
    "25": [
      1,
      10,
      10,
      9
    ],
    "26": [
      1,
      10,
      9,
      6
    ],
    "27": [
      4,
      2,
      1,
      4
    ],
    "28": [
      1,
      6,
      8,
      10
    ],
    "29": [
      1,
      10,
      1,
      8
    ],
    "30": [
      10,
      10,
      9,
      10
    ],
    "31": [
      2,
      4,
      4,
      5
    ],
    "32": [
      1,
      7,
      4,
      8
    ]
  },
  "test_acc": {
    "0": 0.5013,
    "1": 0.5013,
    "2": 0.5013,
    "3": 0.5013,
    "4": 0.5013,
    "5": 0.6325,
    "6": 0.5013,
    "7": 0.6448,
    "8": 0.6925,
    "9": 0.5013,
    "10": 0.7287,
    "11": 0.732,
    "12": 0.7324,
    "13": 0.7349,
    "14": 0.5013,
    "15": 0.7225,
    "16": 0.728,
    "17": 0.7248,
    "18": 0.717,
    "19": 0.7219,
    "20": 0.6998,
    "21": 0.5013,
    "22": 0.7025,
    "23": 0.718,
    "24": 0.7089,
    "25": 0.7081,
    "26": 0.705,
    "27": 0.5013,
    "28": 0.5013,
    "29": 0.5013,
    "30": 0.5013,
    "31": 0.7039,
    "32": 0.6947
  },
  "test_loss": {
    "0": 0.6931717136383057,
    "1": 0.6931620547294617,
    "2": 0.693170168876648,
    "3": 0.6931591478347778,
    "4": 0.6931922312736511,
    "5": 0.6422144600868225,
    "6": 0.6932545129776001,
    "7": 0.6283045877456666,
    "8": 0.5891332168579102,
    "9": 0.6931563147544861,
    "10": 0.5420572288513184,
    "11": 0.5395565068244934,
    "12": 0.5390570498466492,
    "13": 0.5345062109470368,
    "14": 0.6931438510894775,
    "15": 0.546542618894577,
    "16": 0.5467893253326416,
    "17": 0.5513343297958374,
    "18": 0.5616777739048004,
    "19": 0.5540243556499481,
    "20": 0.5747360906600952,
    "21": 0.6932347456932068,
    "22": 0.5760848991394043,
    "23": 0.5643371444702149,
    "24": 0.5681918685913085,
    "25": 0.5709644804000854,
    "26": 0.5791264052391052,
    "27": 0.6932163637161255,
    "28": 0.69324446144104,
    "29": 0.6932803112983703,
    "30": 0.6931933714866638,
    "31": 0.573265797328949,
    "32": 0.5878054584503174
  },
  "drift_final_total_l2": {
    "0": 0.7865281105041504,
    "1": 0.6982753276824951,
    "2": 1.2394230365753174,
    "3": 0.732120931148529,
    "4": 0.7082722783088684,
    "5": 8.787232398986816,
    "6": 0.7099085450172424,
    "7": 9.5600004196167,
    "8": 10.349309921264648,
    "9": 0.711091160774231,
    "10": 10.151721954345703,
    "11": 11.182215690612793,
    "12": 11.039365768432617,
    "13": 10.076204299926758,
    "14": 0.679695725440979,
    "15": 9.84368896484375,
    "16": 8.049871444702148,
    "17": 6.608697891235352,
    "18": 6.538152694702148,
    "19": 9.912696838378906,
    "20": 6.1458659172058105,
    "21": 0.6719560623168945,
    "22": 8.004783630371094,
    "23": 5.922458171844482,
    "24": 6.869142532348633,
    "25": 5.746513843536377,
    "26": 7.91449499130249,
    "27": 0.7670786380767822,
    "28": 0.6844686269760132,
    "29": 0.6897509694099426,
    "30": 1.3279531002044678,
    "31": 6.327063083648682,
    "32": 4.609710693359375
  },
  "probe_type": "mlp",
  "probe_hidden_size": [
    4
  ],
  "init_strategy": "gamma_second_zero",