{
  "config": {
    "model_short": "llama",
    "task_name": "somo",
    "dataset": {
      "train": "cache/llama/somo_train/",
      "test": "cache/llama/somo_test/"
    },
    "mdl": {
      "batch_size": 64,
      "probe_type": "mlp",
      "probe_hidden_size": [
        1024
      ],
      "num_classes": 2,
      "init_strategy": "gamma",
      "init_gamma": 1.5,
      "optimizer": "adamw",
      "train_epochs": 10,
      "lr": 0.001,
      "seed": 42,
      "early_stopping_gap": 3,
      "split_num": 5,
      "split_ratio": 2.0
    },
    "out_dir": "init_results/llama/somo/hidden-1024/seed-42/strategy-gamma/gamma-1.5/opt-adamw/2026-04-22_03-24-31"
  },
  "train_meta": {
    "dataset": "compling/somo",
    "split": "train",
    "text_col": "text",
    "model": "meta-llama/Meta-Llama-3.1-8B",
    "max_len": 64,
    "hidden_size": 4096,
    "num_hidden_layers": 32,
    "num_states": 33,
    "memmap_file": "last_token_hidden_states.memmap",
    "dtype": "float32",
    "shape": [
      15000,
      33,
      4096
    ]
  },
  "test_meta": {
    "dataset": "compling/somo",
    "split": "test",
    "text_col": "text",
    "model": "meta-llama/Meta-Llama-3.1-8B",
    "max_len": 64,
    "hidden_size": 4096,
    "num_hidden_layers": 32,
    "num_states": 33,
    "memmap_file": "last_token_hidden_states.memmap",
    "dtype": "float32",
    "shape": [
      10000,
      33,
      4096
    ]
  },
  "splits": [
    484,
    968,
    1936,
    3872,
    7740
  ],
  "mdl_sum_ce": {
    "0": 10062.923488616943,
    "1": 10059.08384847641,
    "2": 10060.564249038696,
    "3": 10047.053800106049,
    "4": 9728.20984172821,
    "5": 9504.250158786774,
    "6": 9450.173884868622,
    "7": 9216.9476480484,
    "8": 8914.862254619598,
    "9": 8503.627477169037,
    "10": 8108.151961326599,
    "11": 8143.340975761414,
    "12": 8313.101192474365,
    "13": 8163.819909572601,
    "14": 8190.39751625061,
    "15": 8253.252656936646,
    "16": 8355.45989227295,
    "17": 8427.636470794678,
    "18": 8472.145378112793,
    "19": 8521.209037780762,
    "20": 8622.217145442963,
    "21": 8686.592931747437,
    "22": 8624.633149147034,
    "23": 8680.273904323578,
    "24": 8738.884595394135,
    "25": 8731.80212688446,
    "26": 8798.09986782074,
    "27": 8718.404885292053,
    "28": 8910.657138824463,
    "29": 8773.425570011139,
    "30": 8802.003831863403,
    "31": 8768.54885482788,
    "32": 8849.583604335785
  },
  "mdl_nll": {
    "0": 0.6932297801472129,
    "1": 0.6929652692529905,
    "2": 0.6930672533093618,
    "3": 0.6921365252208631,
    "4": 0.6701715239548229,
    "5": 0.6547430530991164,
    "6": 0.6510177655599767,
    "7": 0.634950926429347,
    "8": 0.6141404143441442,
    "9": 0.5858106556330281,
    "10": 0.5585665445940066,
    "11": 0.5609906982475484,
    "12": 0.5726853949072999,
    "13": 0.5624014817837284,
    "14": 0.5642323998519296,
    "15": 0.5685624591441613,
    "16": 0.5756034646095997,
    "17": 0.5805756731051721,
    "18": 0.5836418695310549,
    "19": 0.587021840574591,
    "20": 0.5939802387326373,
    "21": 0.598415054543086,
    "22": 0.5941466760228048,
    "23": 0.5979797398955344,
    "24": 0.6020174011707174,
    "25": 0.6015294934475379,
    "26": 0.6060967117539776,
    "27": 0.600606564156245,
    "28": 0.6138507260143609,
    "29": 0.6043969116844268,
    "30": 0.6063656538897357,
    "31": 0.6040609572077625,
    "32": 0.6096434006844713
  },
  "stopping_epochs_per_stage": {
    "0": [
      3,
      1,
      2,
      3
    ],
    "1": [
      2,
      1,
      2,
      1
    ],
    "2": [
      3,
      1,
      2,
      2
    ],
    "3": [
      3,
      10,
      1,
      4
    ],
    "4": [
      8,
      8,
      8,
      10
    ],
    "5": [
      8,
      10,
      9,
      7
    ],
    "6": [
      9,
      10,
      6,
      8
    ],
    "7": [
      8,
      9,
      10,
      7
    ],
    "8": [
      10,
      7,
      5,
      7
    ],
    "9": [
      10,
      5,
      5,
      3
    ],
    "10": [
      8,
      9,
      3,
      5
    ],
    "11": [
      7,
      4,
      6,
      6
    ],
    "12": [
      3,
      4,
      6,
      2
    ],
    "13": [
      4,
      5,
      3,
      6
    ],
    "14": [
      8,
      6,
      4,
      3
    ],
    "15": [
      5,
      4,
      5,
      4
    ],
    "16": [
      9,
      2,
      5,
      6
    ],
    "17": [
      8,
      5,
      4,
      6
    ],
    "18": [
      7,
      6,
      3,
      8
    ],
    "19": [
      8,
      6,
      5,
      7
    ],
    "20": [
      2,
      9,
      6,
      4
    ],
    "21": [
      3,
      6,
      5,
      4
    ],
    "22": [
      5,
      8,
      6,
      4
    ],
    "23": [
      4,
      10,
      6,
      8
    ],
    "24": [
      2,
      7,
      6,
      5
    ],
    "25": [
      2,
      4,
      6,
      5
    ],
    "26": [
      2,
      4,
      5,
      4
    ],
    "27": [
      1,
      6,
      5,
      7
    ],
    "28": [
      3,
      5,
      2,
      6
    ],
    "29": [
      2,
      7,
      3,
      5
    ],
    "30": [
      3,
      4,
      5,
      6
    ],
    "31": [
      5,
      5,
      6,
      7
    ],
    "32": [
      3,
      7,
      7,
      9
    ]
  },
  "test_acc": {
    "0": 0.5013,
    "1": 0.4965,
    "2": 0.5259,
    "3": 0.5518,
    "4": 0.6018,
    "5": 0.6441,
    "6": 0.6265,
    "7": 0.661,
    "8": 0.6921,
    "9": 0.7025,
    "10": 0.7277,
    "11": 0.7232,
    "12": 0.6982,
    "13": 0.7323,
    "14": 0.7294,
    "15": 0.725,
    "16": 0.7194,
    "17": 0.7153,
    "18": 0.7255,
    "19": 0.7205,
    "20": 0.7198,
    "21": 0.7058,
    "22": 0.6837,
    "23": 0.6566,
    "24": 0.702,
    "25": 0.7075,
    "26": 0.6796,
    "27": 0.7051,
    "28": 0.6929,
    "29": 0.6868,
    "30": 0.7023,
    "31": 0.6883,
    "32": 0.6719
  },
  "test_loss": {
    "0": 0.693220230293274,
    "1": 0.693701443862915,
    "2": 0.6956703608512879,
    "3": 0.6847376351356507,
    "4": 0.6651607743263245,
    "5": 0.6338273884773254,
    "6": 0.6559460473060608,
    "7": 0.6240559168815613,
    "8": 0.5930617266654968,
    "9": 0.5840728003501892,
    "10": 0.5588148941040039,
    "11": 0.5826281538009643,
    "12": 0.5888758085250855,
    "13": 0.5520248445510865,
    "14": 0.5768384876728058,
    "15": 0.5700869901180268,
    "16": 0.5632030985355377,
    "17": 0.5687872890949249,
    "18": 0.5557210752010345,
    "19": 0.5662915483474732,
    "20": 0.5646680913448334,
    "21": 0.5810374855041504,
    "22": 0.6068923321723938,
    "23": 0.6586442876338958,
    "24": 0.5841142064094543,
    "25": 0.5744108991622925,
    "26": 0.6255590141296387,
    "27": 0.5746131741523742,
    "28": 0.6168527354240417,
    "29": 0.6158778413772583,
    "30": 0.5897773456573486,
    "31": 0.6229450868606567,
    "32": 0.6243938448905945
  },
  "drift_final_total_l2": {
    "0": 8.546873092651367,
    "1": 15.269097328186035,
    "2": 20.153345108032227,
    "3": 21.66348648071289,
    "4": 20.064950942993164,
    "5": 26.717998504638672,
    "6": 27.75086212158203,
    "7": 43.47626495361328,
    "8": 36.76179885864258,
    "9": 32.82383728027344,
    "10": 44.89311981201172,
    "11": 49.390846252441406,
    "12": 56.801185607910156,
    "13": 41.5289192199707,
    "14": 51.96360397338867,
    "15": 42.74214553833008,
    "16": 47.04140090942383,
    "17": 26.583036422729492,
    "18": 23.505260467529297,
    "19": 37.14776611328125,
    "20": 41.2765998840332,
    "21": 22.78403663635254,
    "22": 35.12751770019531,
    "23": 27.099159240722656,
    "24": 23.7303409576416,
    "25": 22.099777221679688,
    "26": 26.994333267211914,
    "27": 14.582011222839355,
    "28": 31.35834312438965,
    "29": 25.5285587310791,
    "30": 16.736412048339844,
    "31": 23.46624755859375,
    "32": 20.475732803344727
  },
  "probe_type": "mlp",
  "probe_hidden_size": [
    1024
  ],
  "init_strategy": "gamma",
  "init_gamma": 1.5,
  "effective_lr": 0.001,