{
  "config": {
    "model_short": "llama",
    "task_name": "somo",
    "dataset": {
      "train": "cache/llama/somo_train/",
      "test": "cache/llama/somo_test/"
    },
    "mdl": {
      "batch_size": 64,
      "probe_type": "mlp",
      "probe_hidden_size": [
        181
      ],
      "num_classes": 2,
      "init_strategy": "gamma_second_zero",
      "init_gamma": 1.1,
      "optimizer": "adamw",
      "train_epochs": 10,
      "lr": 0.001,
      "seed": 442,
      "early_stopping_gap": 3,
      "split_num": 5,
      "split_ratio": 2.0
    },
    "out_dir": "init_results/llama/somo/hidden-181/seed-442/strategy-gamma_second_zero/gamma-1.1/opt-adamw/2026-04-25_03-39-31"
  },
  "train_meta": {
    "dataset": "compling/somo",
    "split": "train",
    "text_col": "text",
    "model": "meta-llama/Meta-Llama-3.1-8B",
    "max_len": 64,
    "hidden_size": 4096,
    "num_hidden_layers": 32,
    "num_states": 33,
    "memmap_file": "last_token_hidden_states.memmap",
    "dtype": "float32",
    "shape": [
      15000,
      33,
      4096
    ]
  },
  "test_meta": {
    "dataset": "compling/somo",
    "split": "test",
    "text_col": "text",
    "model": "meta-llama/Meta-Llama-3.1-8B",
    "max_len": 64,
    "hidden_size": 4096,
    "num_hidden_layers": 32,
    "num_states": 33,
    "memmap_file": "last_token_hidden_states.memmap",
    "dtype": "float32",
    "shape": [
      10000,
      33,
      4096
    ]
  },
  "splits": [
    484,
    968,
    1936,
    3872,
    7740
  ],
  "mdl_sum_ce": {
    "0": 10060.535110473633,
    "1": 10059.816376686096,
    "2": 10061.48882484436,
    "3": 10039.638731002808,
    "4": 9752.862222671509,
    "5": 9466.094098567963,
    "6": 9502.704258918762,
    "7": 9237.44196176529,
    "8": 8937.891090393066,
    "9": 8572.354389190674,
    "10": 8118.60156750679,
    "11": 8118.054201602936,
    "12": 8051.579469680786,
    "13": 8086.899799346924,
    "14": 8185.132533073425,
    "15": 8298.842881917953,
    "16": 8350.779734134674,
    "17": 8474.95176410675,
    "18": 8470.571231365204,
    "19": 8645.911285877228,
    "20": 8534.650176048279,
    "21": 8554.709515571594,
    "22": 8659.49755191803,
    "23": 8705.64100408554,
    "24": 8703.5589594841,
    "25": 8774.32639169693,
    "26": 8763.794384479523,
    "27": 8774.9575548172,
    "28": 8759.907292366028,
    "29": 8861.52538394928,
    "30": 8855.41839838028,
    "31": 8713.142820358276,
    "32": 8933.770106315613
  },
  "mdl_nll": {
    "0": 0.6930652459681478,
    "1": 0.693015732756,
    "2": 0.6931309468754726,
    "3": 0.6916257048086806,
    "4": 0.6718698141823856,
    "5": 0.6521145011413587,
    "6": 0.6546365568282421,
    "7": 0.6363627694795597,
    "8": 0.6157268593547166,
    "9": 0.5905452183239649,
    "10": 0.5592864127519145,
    "11": 0.5592487049878021,
    "12": 0.5546692938606218,
    "13": 0.5571024937549548,
    "14": 0.5638696977868163,
    "15": 0.5717031470045435,
    "16": 0.5752810508497296,
    "17": 0.5838352000624656,
    "18": 0.5835334273467349,
    "19": 0.5956125162494645,
    "20": 0.5879477938859382,
    "21": 0.5893296717809035,
    "22": 0.5965484673407295,
    "23": 0.5997272667460417,
    "24": 0.599583835731889,
    "25": 0.6044589688410671,
    "26": 0.6037334241168038,
    "27": 0.6045024493536235,
    "28": 0.6034656442798311,
    "29": 0.610466063925963,
    "30": 0.6100453567360347,
    "31": 0.6002440631274646,
    "32": 0.6154429668170028
  },
  "stopping_epochs_per_stage": {
    "0": [
      1,
      1,
      6,
      1
    ],
    "1": [
      1,
      1,
      9,
      2
    ],
    "2": [
      1,
      4,
      1,
      1
    ],
    "3": [
      1,
      8,
      8,
      5
    ],
    "4": [
      1,
      10,
      10,
      6
    ],
    "5": [
      2,
      10,
      10,
      10
    ],
    "6": [
      1,
      10,
      9,
      6
    ],
    "7": [
      7,
      9,
      8,
      10
    ],
    "8": [
      7,
      8,
      10,
      5
    ],
    "9": [
      9,
      7,
      3,
      5
    ],
    "10": [
      10,
      6,
      3,
      3
    ],
    "11": [
      8,
      7,
      4,
      7
    ],
    "12": [
      9,
      8,
      9,
      7
    ],
    "13": [
      9,
      7,
      7,
      4
    ],
    "14": [
      9,
      5,
      4,
      5
    ],
    "15": [
      7,
      7,
      7,
      2
    ],
    "16": [
      9,
      8,
      6,
      8
    ],
    "17": [
      4,
      7,
      4,
      5
    ],
    "18": [
      6,
      8,
      7,
      7
    ],
    "19": [
      1,
      4,
      9,
      2
    ],
    "20": [
      6,
      10,
      8,
      5
    ],
    "21": [
      9,
      5,
      8,
      6
    ],
    "22": [
      1,
      8,
      4,
      7
    ],
    "23": [
      4,
      9,
      5,
      7
    ],
    "24": [
      1,
      5,
      10,
      6
    ],
    "25": [
      1,
      10,
      6,
      7
    ],
    "26": [
      6,
      8,
      9,
      7
    ],
    "27": [
      4,
      7,
      4,
      4
    ],
    "28": [
      4,
      9,
      10,
      4
    ],
    "29": [
      5,
      3,
      6,
      9
    ],
    "30": [
      3,
      6,
      8,
      3
    ],
    "31": [
      3,
      5,
      3,
      6
    ],
    "32": [
      8,
      2,
      6,
      4
    ]
  },
  "test_acc": {
    "0": 0.5013,
    "1": 0.5051,
    "2": 0.5273,
    "3": 0.5471,
    "4": 0.6063,
    "5": 0.6319,
    "6": 0.6407,
    "7": 0.6673,
    "8": 0.6707,
    "9": 0.6945,
    "10": 0.7305,
    "11": 0.7301,
    "12": 0.7265,
    "13": 0.7292,
    "14": 0.7355,
    "15": 0.7273,
    "16": 0.7218,
    "17": 0.709,
    "18": 0.7215,
    "19": 0.6869,
    "20": 0.7183,
    "21": 0.7238,
    "22": 0.6984,
    "23": 0.6958,
    "24": 0.6991,
    "25": 0.7084,
    "26": 0.7019,
    "27": 0.7027,
    "28": 0.6275,
    "29": 0.6577,
    "30": 0.7003,
    "31": 0.6988,
    "32": 0.683
  },
  "test_loss": {
    "0": 0.6932180501937866,
    "1": 0.6931384683609009,
    "2": 0.6956856409072876,
    "3": 0.6859130096435547,
    "4": 0.6568654651641845,
    "5": 0.6376447595596314,
    "6": 0.631667243385315,
    "7": 0.6110299119949341,
    "8": 0.6135322729110718,
    "9": 0.5894863163948059,
    "10": 0.5394454556941987,
    "11": 0.5492288145065307,
    "12": 0.5534992785453796,
    "13": 0.5521556936264038,
    "14": 0.5414514513492584,
    "15": 0.5441673065185547,
    "16": 0.5573125400543213,
    "17": 0.5768872707366943,
    "18": 0.5489317896366119,
    "19": 0.6070845531463623,
    "20": 0.563546303987503,
    "21": 0.55273388838768,
    "22": 0.5849193756103516,
    "23": 0.5833478619575501,
    "24": 0.5973914934635163,
    "25": 0.5726692358016968,
    "26": 0.5904179417610168,
    "27": 0.5870651811599732,
    "28": 0.7105915030479432,
    "29": 0.6291976631164551,
    "30": 0.5883110228538513,
    "31": 0.5864036991119385,
    "32": 0.5958400157928467
  },
  "drift_final_total_l2": {
    "0": 4.639163970947266,
    "1": 8.900943756103516,
    "2": 15.678534507751465,
    "3": 14.953023910522461,
    "4": 14.405131340026855,
    "5": 21.611295700073242,
    "6": 12.908367156982422,
    "7": 15.816746711730957,
    "8": 20.44963836669922,
    "9": 26.646785736083984,
    "10": 18.38836669921875,
    "11": 35.20460891723633,
    "12": 29.393075942993164,
    "13": 32.96405792236328,
    "14": 25.396577835083008,
    "15": 18.085615158081055,
    "16": 21.97472381591797,
    "17": 26.810117721557617,
    "18": 16.0322208404541,
    "19": 24.40378189086914,
    "20": 25.173015594482422,
    "21": 28.09081268310547,
    "22": 20.776594161987305,
    "23": 18.570049285888672,
    "24": 23.67188835144043,
    "25": 19.8437557220459,
    "26": 20.583534240722656,
    "27": 12.102516174316406,
    "28": 19.09198570251465,
    "29": 11.444779396057129,
    "30": 18.700077056884766,
    "31": 7.374698162078857,
    "32": 14.74506664276123
  },
  "probe_type": "mlp",
  "probe_hidden_size": [
    181
  ],
  "init_strategy": "gamma_second_zero",
  "init_gamma": 1.1,