{
  "config": {
    "model_short": "llama",
    "task_name": "somo",
    "dataset": {
      "train": "cache/llama/somo_train/",
      "test": "cache/llama/somo_test/"
    },
    "mdl": {
      "batch_size": 64,
      "probe_type": "mlp",
      "probe_hidden_size": [
        32
      ],
      "num_classes": 2,
      "init_strategy": "mf",
      "init_gamma": null,
      "optimizer": "sgd",
      "train_epochs": 10,
      "lr": 0.001,
      "seed": 442,
      "early_stopping_gap": 3,
      "split_num": 5,
      "split_ratio": 2.0
    },
    "out_dir": "init_results/llama/somo/hidden-32/seed-442/strategy-mf/gamma-na/opt-sgd/2026-04-21_06-49-19"
  },
  "train_meta": {
    "dataset": "compling/somo",
    "split": "train",
    "text_col": "text",
    "model": "meta-llama/Meta-Llama-3.1-8B",
    "max_len": 64,
    "hidden_size": 4096,
    "num_hidden_layers": 32,
    "num_states": 33,
    "memmap_file": "last_token_hidden_states.memmap",
    "dtype": "float32",
    "shape": [
      15000,
      33,
      4096
    ]
  },
  "test_meta": {
    "dataset": "compling/somo",
    "split": "test",
    "text_col": "text",
    "model": "meta-llama/Meta-Llama-3.1-8B",
    "max_len": 64,
    "hidden_size": 4096,
    "num_hidden_layers": 32,
    "num_states": 33,
    "memmap_file": "last_token_hidden_states.memmap",
    "dtype": "float32",
    "shape": [
      10000,
      33,
      4096
    ]
  },
  "splits": [
    484,
    968,
    1936,
    3872,
    7740
  ],
  "mdl_sum_ce": {
    "0": 10061.412192344666,
    "1": 10061.221519947052,
    "2": 10061.382119178772,
    "3": 10061.104856491089,
    "4": 10060.615621566772,
    "5": 10059.045590877533,
    "6": 10053.329575061798,
    "7": 10047.69802904129,
    "8": 10038.809148311615,
    "9": 10024.619475364685,
    "10": 9998.469430923462,
    "11": 9953.399437904358,
    "12": 9927.625965118408,
    "13": 9880.75430059433,
    "14": 9906.486331939697,
    "15": 9882.80033493042,
    "16": 9944.620394706726,
    "17": 9926.928554534912,
    "18": 9896.105052947998,
    "19": 9869.825757980347,
    "20": 9843.775310993195,
    "21": 9753.76627779007,
    "22": 9776.419753551483,
    "23": 9684.433953285217,
    "24": 9770.998204231262,
    "25": 9766.330300807953,
    "26": 9696.58324956894,
    "27": 9655.80315732956,
    "28": 9611.529255867004,
    "29": 9501.714670181274,
    "30": 9699.306758880615,
    "31": 9359.512779712677,
    "32": 9193.415178775787
  },
  "mdl_nll": {
    "0": 0.6931256677007899,
    "1": 0.6931125323744181,
    "2": 0.6931235959753907,
    "3": 0.6931044954871238,
    "4": 0.6930707923371985,
    "5": 0.6929626337060852,
    "6": 0.6925688602274592,
    "7": 0.6921809058308963,
    "8": 0.691568555270847,
    "9": 0.6905910357787741,
    "10": 0.6887895722598141,
    "11": 0.6856847229198373,
    "12": 0.6839092012343903,
    "13": 0.6806802356430374,
    "14": 0.682452902448312,
    "15": 0.6808211859279705,
    "16": 0.6850799390125879,
    "17": 0.6838611569671337,
    "18": 0.6817377413163405,
    "19": 0.6799273737930798,
    "20": 0.6781327714930556,
    "21": 0.6719320940885967,
    "22": 0.6734926807351531,
    "23": 0.6671558248336468,
    "24": 0.673119192906535,
    "25": 0.6727976233678666,
    "26": 0.6679927837950496,
    "27": 0.665183463580157,
    "28": 0.6621334565904522,
    "29": 0.6545683845536838,
    "30": 0.6681804049931535,
    "31": 0.6447721672439155,
    "32": 0.6333297863582108
  },
  "stopping_epochs_per_stage": {
    "0": [
      1,
      1,
      10,
      10
    ],
    "1": [
      1,
      1,
      10,
      10
    ],
    "2": [
      1,
      10,
      10,
      10
    ],
    "3": [
      1,
      7,
      2,
      10
    ],
    "4": [
      1,
      10,
      10,
      10
    ],
    "5": [
      2,
      10,
      10,
      10
    ],
    "6": [
      1,
      10,
      10,
      10
    ],
    "7": [
      1,
      10,
      10,
      10
    ],
    "8": [
      1,
      10,
      10,
      10
    ],
    "9": [
      1,
      10,
      10,
      10
    ],
    "10": [
      10,
      10,
      10,
      10
    ],
    "11": [
      3,
      10,
      10,
      10
    ],
    "12": [
      10,
      10,
      10,
      10
    ],
    "13": [
      10,
      10,
      10,
      10
    ],
    "14": [
      1,
      10,
      10,
      10
    ],
    "15": [
      1,
      10,
      10,
      10
    ],
    "16": [
      4,
      10,
      10,
      10
    ],
    "17": [
      2,
      10,
      10,
      10
    ],
    "18": [
      1,
      10,
      10,
      10
    ],
    "19": [
      1,
      10,
      10,
      10
    ],
    "20": [
      10,
      10,
      10,
      10
    ],
    "21": [
      6,
      10,
      10,
      10
    ],
    "22": [
      1,
      10,
      10,
      10
    ],
    "23": [
      1,
      10,
      10,
      9
    ],
    "24": [
      8,
      10,
      10,
      10
    ],
    "25": [
      4,
      10,
      10,
      10
    ],
    "26": [
      9,
      10,
      10,
      10
    ],
    "27": [
      4,
      10,
      10,
      10
    ],
    "28": [
      2,
      10,
      10,
      10
    ],
    "29": [
      6,
      10,
      9,
      10
    ],
    "30": [
      3,
      10,
      10,
      10
    ],
    "31": [
      1,
      10,
      10,
      10
    ],
    "32": [
      2,
      10,
      10,
      9
    ]
  },
  "test_acc": {
    "0": 0.5013,
    "1": 0.5013,
    "2": 0.5013,
    "3": 0.5011,
    "4": 0.5073,
    "5": 0.5277,
    "6": 0.5289,
    "7": 0.544,
    "8": 0.6115,
    "9": 0.6319,
    "10": 0.664,
    "11": 0.6631,
    "12": 0.6549,
    "13": 0.6734,
    "14": 0.6729,
    "15": 0.6694,
    "16": 0.6673,
    "17": 0.6567,
    "18": 0.656,
    "19": 0.6555,
    "20": 0.6465,
    "21": 0.6607,
    "22": 0.6429,
    "23": 0.6433,
    "24": 0.6472,
    "25": 0.6186,
    "26": 0.6661,
    "27": 0.6556,
    "28": 0.6451,
    "29": 0.6225,
    "30": 0.6455,
    "31": 0.6678,
    "32": 0.6791
  },
  "test_loss": {
    "0": 0.6931535099029541,
    "1": 0.6931459317207337,
    "2": 0.6931606374740601,
    "3": 0.6931223119735718,
    "4": 0.6928121183395386,
    "5": 0.6919379388809204,
    "6": 0.691825855922699,
    "7": 0.6897665729522705,
    "8": 0.6857114171981812,
    "9": 0.6843416404724121,
    "10": 0.6770472694396973,
    "11": 0.6683449942588806,
    "12": 0.6763216472625733,
    "13": 0.6601389974594116,
    "14": 0.6586191275596619,
    "15": 0.6560325640678406,
    "16": 0.6539524379730225,
    "17": 0.6634505541801453,
    "18": 0.6558165563583374,
    "19": 0.6592903710365295,
    "20": 0.6492321243286133,
    "21": 0.6408780802726746,
    "22": 0.6543283926010132,
    "23": 0.6530252123832703,
    "24": 0.6513691559791565,
    "25": 0.6484524736404419,
    "26": 0.6278143659591675,
    "27": 0.6455210870742798,
    "28": 0.6266151465415954,
    "29": 0.642278169631958,
    "30": 0.6244452420234681,
    "31": 0.6112889798164368,
    "32": 0.5985292238235473
  },
  "drift_final_total_l2": {
    "0": 0.056517865508794785,
    "1": 0.050591520965099335,
    "2": 0.07116644084453583,
    "3": 0.10310517251491547,
    "4": 0.1914416402578354,
    "5": 0.31607380509376526,
    "6": 0.3347499966621399,
    "7": 0.5312271118164062,
    "8": 0.7295593023300171,
    "9": 0.824224591255188,
    "10": 1.0965337753295898,
    "11": 1.3024637699127197,
    "12": 1.0988808870315552,
    "13": 1.546501636505127,
    "14": 1.6148972511291504,
    "15": 1.6423234939575195,
    "16": 1.7156378030776978,
    "17": 1.4385675191879272,
    "18": 1.6605297327041626,
    "19": 1.558154582977295,
    "20": 1.805394172668457,
    "21": 1.9629687070846558,
    "22": 1.7204033136367798,
    "23": 1.7521889209747314,
    "24": 1.7900571823120117,
    "25": 1.9538161754608154,
    "26": 2.196570873260498,
    "27": 1.86593759059906,
    "28": 2.369910717010498,
    "29": 2.1497085094451904,
    "30": 2.486466884613037,
    "31": 2.43977952003479,
    "32": 2.3530750274658203
  },
  "probe_type": "mlp",