{
  "config": {
    "model_short": "llama",
    "task_name": "somo",
    "dataset": {
      "train": "cache/llama/somo_train/",
      "test": "cache/llama/somo_test/"
    },
    "mdl": {
      "batch_size": 64,
      "probe_type": "mlp",
      "probe_hidden_size": [
        1024
      ],
      "num_classes": 2,
      "init_strategy": "gamma_second_zero",
      "init_gamma": 0.7,
      "optimizer": "adamw",
      "train_epochs": 10,
      "lr": 0.001,
      "seed": 342,
      "early_stopping_gap": 3,
      "split_num": 5,
      "split_ratio": 2.0
    },
    "out_dir": "init_results/llama/somo/hidden-1024/seed-342/strategy-gamma_second_zero/gamma-0.7/2026-04-21_02-05-20"
  },
  "train_meta": {
    "dataset": "compling/somo",
    "split": "train",
    "text_col": "text",
    "model": "meta-llama/Meta-Llama-3.1-8B",
    "max_len": 64,
    "hidden_size": 4096,
    "num_hidden_layers": 32,
    "num_states": 33,
    "memmap_file": "last_token_hidden_states.memmap",
    "dtype": "float32",
    "shape": [
      15000,
      33,
      4096
    ]
  },
  "test_meta": {
    "dataset": "compling/somo",
    "split": "test",
    "text_col": "text",
    "model": "meta-llama/Meta-Llama-3.1-8B",
    "max_len": 64,
    "hidden_size": 4096,
    "num_hidden_layers": 32,
    "num_states": 33,
    "memmap_file": "last_token_hidden_states.memmap",
    "dtype": "float32",
    "shape": [
      10000,
      33,
      4096
    ]
  },
  "splits": [
    484,
    968,
    1936,
    3872,
    7740
  ],
  "mdl_sum_ce": {
    "0": 10060.89738035202,
    "1": 10063.10272359848,
    "2": 10056.46939945221,
    "3": 10003.463688850403,
    "4": 9749.411466121674,
    "5": 9504.842862129211,
    "6": 9435.8920712471,
    "7": 9203.660665512085,
    "8": 8878.24427986145,
    "9": 8499.773354530334,
    "10": 8064.160953044891,
    "11": 8062.095477104187,
    "12": 8109.903579711914,
    "13": 8159.34943985939,
    "14": 8235.70438528061,
    "15": 8407.867768526077,
    "16": 8398.452960968018,
    "17": 8496.234451770782,
    "18": 8562.041615009308,
    "19": 8694.068115234375,
    "20": 8594.680664539337,
    "21": 8634.234994888306,
    "22": 8662.519251823425,
    "23": 8711.200462818146,
    "24": 8758.452802658081,
    "25": 8785.657766342163,
    "26": 8803.286757946014,
    "27": 8833.06044960022,
    "28": 8813.622714042664,
    "29": 8826.935309886932,
    "30": 8833.746804237366,
    "31": 8793.422978878021,
    "32": 8879.400134563446
  },
  "mdl_nll": {
    "0": 0.6930902025593841,
    "1": 0.6932421275556958,
    "2": 0.6927851611636959,
    "3": 0.689133624197465,
    "4": 0.6716320932847667,
    "5": 0.6547838841367603,
    "6": 0.6500338985427874,
    "7": 0.6340355928294354,
    "8": 0.6116178203266361,
    "9": 0.5855451470467301,
    "10": 0.5555360259744345,
    "11": 0.5553937363670561,
    "12": 0.5586872127109337,
    "13": 0.5620935133548767,
    "14": 0.5673535674621527,
    "15": 0.5792138170657259,
    "16": 0.5785652356687805,
    "17": 0.5853013538006877,
    "18": 0.5898347764542097,
    "19": 0.5989300162051787,
    "20": 0.5920832642972814,
    "21": 0.5948081423869045,
    "22": 0.5967566307401092,
    "23": 0.6001102550852953,
    "24": 0.6033654452092919,
    "25": 0.6052395815887409,
    "26": 0.6064540340276946,
    "27": 0.6085051287958266,
    "28": 0.6071660728880314,
    "29": 0.6080831709759529,
    "30": 0.6085524114244534,
    "31": 0.6057745232073589,
    "32": 0.6116974465805626
  },
  "stopping_epochs_per_stage": {
    "0": [
      3,
      1,
      2,
      3
    ],
    "1": [
      6,
      2,
      3,
      10
    ],
    "2": [
      1,
      1,
      3,
      4
    ],
    "3": [
      1,
      2,
      8,
      7
    ],
    "4": [
      2,
      5,
      5,
      6
    ],
    "5": [
      1,
      1,
      7,
      9
    ],
    "6": [
      4,
      7,
      10,
      10
    ],
    "7": [
      3,
      10,
      6,
      8
    ],
    "8": [
      6,
      8,
      7,
      6
    ],
    "9": [
      6,
      6,
      3,
      4
    ],
    "10": [
      8,
      5,
      5,
      5
    ],
    "11": [
      8,
      6,
      5,
      5
    ],
    "12": [
      6,
      5,
      3,
      5
    ],
    "13": [
      5,
      4,
      2,
      4
    ],
    "14": [
      5,
      5,
      2,
      4
    ],
    "15": [
      4,
      6,
      3,
      2
    ],
    "16": [
      6,
      3,
      3,
      4
    ],
    "17": [
      7,
      4,
      4,
      3
    ],
    "18": [
      5,
      7,
      4,
      3
    ],
    "19": [
      4,
      6,
      6,
      2
    ],
    "20": [
      2,
      5,
      6,
      7
    ],
    "21": [
      6,
      5,
      4,
      5
    ],
    "22": [
      2,
      4,
      4,
      5
    ],
    "23": [
      3,
      6,
      4,
      4
    ],
    "24": [
      3,
      5,
      5,
      4
    ],
    "25": [
      5,
      5,
      3,
      5
    ],
    "26": [
      3,
      5,
      5,
      4
    ],
    "27": [
      3,
      4,
      5,
      7
    ],
    "28": [
      1,
      3,
      6,
      5
    ],
    "29": [
      2,
      5,
      3,
      3
    ],
    "30": [
      4,
      4,
      3,
      4
    ],
    "31": [
      5,
      4,
      4,
      5
    ],
    "32": [
      3,
      7,
      5,
      5
    ]
  },
  "test_acc": {
    "0": 0.5013,
    "1": 0.5044,
    "2": 0.5182,
    "3": 0.5446,
    "4": 0.6067,
    "5": 0.636,
    "6": 0.6483,
    "7": 0.6563,
    "8": 0.6901,
    "9": 0.7043,
    "10": 0.7285,
    "11": 0.7357,
    "12": 0.6751,
    "13": 0.7292,
    "14": 0.6836,
    "15": 0.7224,
    "16": 0.72,
    "17": 0.7173,
    "18": 0.7208,
    "19": 0.7045,
    "20": 0.7183,
    "21": 0.714,
    "22": 0.7007,
    "23": 0.7057,
    "24": 0.7027,
    "25": 0.6922,
    "26": 0.7027,
    "27": 0.6961,
    "28": 0.6892,
    "29": 0.6935,
    "30": 0.6884,
    "31": 0.6901,
    "32": 0.6914
  },
  "test_loss": {
    "0": 0.6931551959991455,
    "1": 0.6930675039291382,
    "2": 0.6956172139167786,
    "3": 0.6917380599021912,
    "4": 0.6635701864242554,
    "5": 0.6388924406051636,
    "6": 0.6293149809837342,
    "7": 0.6374392713546753,
    "8": 0.5978877449035644,
    "9": 0.5931614658355713,
    "10": 0.5510157619476318,
    "11": 0.5611432799816132,
    "12": 0.638029691696167,
    "13": 0.5484379053115844,
    "14": 0.6291037389755249,
    "15": 0.5617561881065368,
    "16": 0.5866027671575547,
    "17": 0.5611239251136779,
    "18": 0.5568655367851257,
    "19": 0.5852706921100617,
    "20": 0.5633213817596435,
    "21": 0.5671053042888642,
    "22": 0.5791954733848572,
    "23": 0.5861229626655579,
    "24": 0.586517785167694,
    "25": 0.5940503586769104,
    "26": 0.5832950834274292,
    "27": 0.5948318714141846,
    "28": 0.6151551547050476,
    "29": 0.5905327210426331,
    "30": 0.6090784191131592,
    "31": 0.6176986685752869,
    "32": 0.5909180629730224
  },
  "drift_final_total_l2": {
    "0": 10.710332870483398,
    "1": 16.033964157104492,
    "2": 19.607358932495117,
    "3": 22.809213638305664,
    "4": 33.25370407104492,
    "5": 27.583858489990234,
    "6": 32.92036819458008,
    "7": 49.524173736572266,
    "8": 37.700130462646484,
    "9": 46.14762878417969,
    "10": 33.781761169433594,
    "11": 59.2839469909668,
    "12": 61.28194808959961,
    "13": 43.26395034790039,
    "14": 42.41796112060547,
    "15": 44.70399475097656,
    "16": 51.12636947631836,
    "17": 27.721818923950195,
    "18": 42.508636474609375,
    "19": 32.20262908935547,
    "20": 31.212804794311523,
    "21": 37.7109489440918,
    "22": 28.898738861083984,
    "23": 33.54964828491211,
    "24": 40.784969329833984,
    "25": 24.570833206176758,
    "26": 21.54766273498535,
    "27": 31.2944278717041,
    "28": 27.89230728149414,
    "29": 29.26002311706543,
    "30": 21.850860595703125,
    "31": 24.087120056152344,
    "32": 21.81035804748535
  },
  "probe_type": "mlp",
  "probe_hidden_size": [
    1024
  ],
  "init_strategy": "gamma_second_zero",
  "init_gamma": 0.7,