{
  "config": {
    "model_short": "llama",
    "task_name": "somo",
    "dataset": {
      "train": "cache/llama/somo_train/",
      "test": "cache/llama/somo_test/"
    },
    "mdl": {
      "batch_size": 64,
      "probe_type": "mlp",
      "probe_hidden_size": [
        2048
      ],
      "num_classes": 2,
      "init_strategy": "gamma",
      "init_gamma": 0.3,
      "optimizer": "adamw",
      "train_epochs": 10,
      "lr": 0.001,
      "seed": 242,
      "early_stopping_gap": 3,
      "split_num": 5,
      "split_ratio": 2.0
    },
    "out_dir": "init_results/llama/somo/hidden-2048/seed-242/strategy-gamma/gamma-0.3/opt-adamw/2026-04-22_01-17-37"
  },
  "train_meta": {
    "dataset": "compling/somo",
    "split": "train",
    "text_col": "text",
    "model": "meta-llama/Meta-Llama-3.1-8B",
    "max_len": 64,
    "hidden_size": 4096,
    "num_hidden_layers": 32,
    "num_states": 33,
    "memmap_file": "last_token_hidden_states.memmap",
    "dtype": "float32",
    "shape": [
      15000,
      33,
      4096
    ]
  },
  "test_meta": {
    "dataset": "compling/somo",
    "split": "test",
    "text_col": "text",
    "model": "meta-llama/Meta-Llama-3.1-8B",
    "max_len": 64,
    "hidden_size": 4096,
    "num_hidden_layers": 32,
    "num_states": 33,
    "memmap_file": "last_token_hidden_states.memmap",
    "dtype": "float32",
    "shape": [
      10000,
      33,
      4096
    ]
  },
  "splits": [
    484,
    968,
    1936,
    3872,
    7740
  ],
  "mdl_sum_ce": {
    "0": 10173.391347885132,
    "1": 10143.29638671875,
    "2": 10219.705352306366,
    "3": 10261.114305496216,
    "4": 9892.374849319458,
    "5": 9827.623188972473,
    "6": 9953.463954210281,
    "7": 10042.201732635498,
    "8": 9514.966232776642,
    "9": 9145.017179965973,
    "10": 8744.024919986725,
    "11": 8899.623413562775,
    "12": 8697.903964400291,
    "13": 9149.30634522438,
    "14": 8963.146613359451,
    "15": 9968.794174671173,
    "16": 9912.058835744858,
    "17": 10402.778752326965,
    "18": 10274.56294631958,
    "19": 10480.196095585823,
    "20": 11359.596800804138,
    "21": 11310.21713924408,
    "22": 11797.589750051498,
    "23": 12222.97627067566,
    "24": 12695.015842497349,
    "25": 13630.349621772766,
    "26": 14636.55600643158,
    "27": 14874.090302467346,
    "28": 16441.340797424316,
    "29": 18047.511536359787,
    "30": 17161.288612902164,
    "31": 18221.289232611656,
    "32": 35963.02339839935
  },
  "mdl_nll": {
    "0": 0.7008398558752502,
    "1": 0.6987666290106607,
    "2": 0.7040304045402567,
    "3": 0.7068830466723764,
    "4": 0.6814807694488466,
    "5": 0.6770200598630802,
    "6": 0.6856891674159742,
    "7": 0.691802268712834,
    "8": 0.6554812780915295,
    "9": 0.629995672359188,
    "10": 0.6023715155681127,
    "11": 0.6130906181842639,
    "12": 0.5991942659410506,
    "13": 0.6302911508145757,
    "14": 0.6174666997354266,
    "15": 0.6867452586574244,
    "16": 0.6828367894561076,
    "17": 0.7166422397579888,
    "18": 0.707809516831054,
    "19": 0.7219754819224182,
    "20": 0.7825569578950219,
    "21": 0.779155217638749,
    "22": 0.812730073715314,
    "23": 0.8420347389553361,
    "24": 0.8745533096236807,
    "25": 0.9389879871708987,
    "26": 1.008305043154559,
    "27": 1.02466866233586,
    "28": 1.1326357672516063,
    "29": 1.2432840683631707,
    "30": 1.1822326131787106,
    "31": 1.2552555271846002,
    "32": 2.4774747449985774
  },
  "stopping_epochs_per_stage": {
    "0": [
      1,
      3,
      1,
      7
    ],
    "1": [
      4,
      1,
      3,
      8
    ],
    "2": [
      2,
      2,
      2,
      1
    ],
    "3": [
      4,
      2,
      2,
      3
    ],
    "4": [
      5,
      4,
      1,
      4
    ],
    "5": [
      4,
      4,
      3,
      3
    ],
    "6": [
      6,
      6,
      5,
      1
    ],
    "7": [
      2,
      2,
      1,
      1
    ],
    "8": [
      5,
      3,
      5,
      5
    ],
    "9": [
      8,
      6,
      3,
      3
    ],
    "10": [
      6,
      1,
      4,
      2
    ],
    "11": [
      5,
      4,
      2,
      5
    ],
    "12": [
      9,
      4,
      3,
      3
    ],
    "13": [
      2,
      3,
      1,
      2
    ],
    "14": [
      8,
      3,
      5,
      2
    ],
    "15": [
      5,
      2,
      3,
      5
    ],
    "16": [
      6,
      5,
      5,
      2
    ],
    "17": [
      1,
      5,
      3,
      4
    ],
    "18": [
      5,
      6,
      5,
      1
    ],
    "19": [
      10,
      6,
      2,
      2
    ],
    "20": [
      10,
      5,
      4,
      5
    ],
    "21": [
      10,
      4,
      3,
      5
    ],
    "22": [
      10,
      3,
      5,
      5
    ],
    "23": [
      7,
      5,
      3,
      2
    ],
    "24": [
      9,
      3,
      3,
      6
    ],
    "25": [
      10,
      4,
      6,
      4
    ],
    "26": [
      8,
      8,
      2,
      3
    ],
    "27": [
      9,
      4,
      3,
      6
    ],
    "28": [
      8,
      4,
      7,
      5
    ],
    "29": [
      10,
      4,
      3,
      5
    ],
    "30": [
      9,
      6,
      9,
      7
    ],
    "31": [
      7,
      6,
      10,
      5
    ],
    "32": [
      8,
      6,
      2,
      9
    ]
  },
  "test_acc": {
    "0": 0.4982,
    "1": 0.5102,
    "2": 0.5264,
    "3": 0.5432,
    "4": 0.5829,
    "5": 0.5794,
    "6": 0.6119,
    "7": 0.6506,
    "8": 0.6668,
    "9": 0.6776,
    "10": 0.7039,
    "11": 0.719,
    "12": 0.7229,
    "13": 0.7053,
    "14": 0.7043,
    "15": 0.6626,
    "16": 0.6989,
    "17": 0.6728,
    "18": 0.6989,
    "19": 0.6974,
    "20": 0.6955,
    "21": 0.6885,
    "22": 0.6893,
    "23": 0.6627,
    "24": 0.6624,
    "25": 0.5817,
    "26": 0.6739,
    "27": 0.6759,
    "28": 0.6613,
    "29": 0.6492,
    "30": 0.6758,
    "31": 0.6667,
    "32": 0.6556
  },
  "test_loss": {
    "0": 0.6932462289810181,
    "1": 0.6947595478057861,
    "2": 0.7034119373321533,
    "3": 0.7081366475105285,
    "4": 0.7003025408744812,
    "5": 0.7542670345306397,
    "6": 0.6870736240386963,
    "7": 0.6686861307144165,
    "8": 0.655066788482666,
    "9": 0.6915206358909607,
    "10": 0.6732030913829804,
    "11": 0.6245762923240662,
    "12": 0.6112224130153656,
    "13": 0.6656907942056656,
    "14": 0.6769786352157593,
    "15": 0.9116335462570191,
    "16": 0.7318151672363281,
    "17": 0.7256856747627258,
    "18": 0.6661518754959106,
    "19": 0.6426971899032593,
    "20": 0.6641493729114533,
    "21": 0.6810312749385834,
    "22": 0.6939178767681122,
    "23": 0.7566064597129821,
    "24": 0.8014264441490173,
    "25": 1.0529150524139403,
    "26": 0.736170509147644,
    "27": 0.8038424946784973,
    "28": 0.8215983583450317,
    "29": 0.8269936282157898,
    "30": 0.8401858250617981,
    "31": 0.8025082332611084,
    "32": 0.9796833906173706
  },
  "drift_final_total_l2": {
    "0": 14.72406005859375,
    "1": 41.51938247680664,
    "2": 65.55826568603516,
    "3": 59.94796371459961,
    "4": 70.8105239868164,
    "5": 70.68917083740234,
    "6": 63.259708404541016,
    "7": 64.76380157470703,
    "8": 63.19021224975586,
    "9": 62.16123962402344,
    "10": 68.34009552001953,
    "11": 69.54715728759766,
    "12": 66.07115936279297,
    "13": 69.867431640625,
    "14": 68.43950653076172,
    "15": 65.44917297363281,
    "16": 61.299015045166016,
    "17": 58.793643951416016,
    "18": 55.758460998535156,
    "19": 54.67144775390625,
    "20": 53.23983383178711,
    "21": 51.48365020751953,
    "22": 52.53123092651367,
    "23": 48.399757385253906,
    "24": 47.80290603637695,
    "25": 46.73464584350586,
    "26": 46.8526611328125,
    "27": 46.31773376464844,
    "28": 46.065128326416016,
    "29": 45.37651824951172,
    "30": 42.69662094116211,
    "31": 39.424800872802734,
    "32": 34.514739990234375
  },
  "probe_type": "mlp",
  "probe_hidden_size": [
    2048
  ],
  "init_strategy": "gamma",
  "init_gamma": 0.3,
  "effective_lr": 0.001,