{
  "config": {
    "model_short": "llama",
    "task_name": "somo",
    "dataset": {
      "train": "cache/llama/somo_train/",
      "test": "cache/llama/somo_test/"
    },
    "mdl": {
      "batch_size": 64,
      "probe_type": "mlp",
      "probe_hidden_size": [
        512
      ],
      "num_classes": 2,
      "init_strategy": "ntk",
      "init_gamma": null,
      "optimizer": "adamw",
      "train_epochs": 10,
      "lr": 0.001,
      "seed": 142,
      "early_stopping_gap": 3,
      "split_num": 5,
      "split_ratio": 2.0
    },
    "out_dir": "init_results/llama/somo/hidden-512/seed-142/strategy-ntk/gamma-na/2026-04-20_22-20-17"
  },
  "train_meta": {
    "dataset": "compling/somo",
    "split": "train",
    "text_col": "text",
    "model": "meta-llama/Meta-Llama-3.1-8B",
    "max_len": 64,
    "hidden_size": 4096,
    "num_hidden_layers": 32,
    "num_states": 33,
    "memmap_file": "last_token_hidden_states.memmap",
    "dtype": "float32",
    "shape": [
      15000,
      33,
      4096
    ]
  },
  "test_meta": {
    "dataset": "compling/somo",
    "split": "test",
    "text_col": "text",
    "model": "meta-llama/Meta-Llama-3.1-8B",
    "max_len": 64,
    "hidden_size": 4096,
    "num_hidden_layers": 32,
    "num_states": 33,
    "memmap_file": "last_token_hidden_states.memmap",
    "dtype": "float32",
    "shape": [
      10000,
      33,
      4096
    ]
  },
  "splits": [
    484,
    968,
    1936,
    3872,
    7740
  ],
  "mdl_sum_ce": {
    "0": 10062.346913337708,
    "1": 10060.830943107605,
    "2": 10054.35942363739,
    "3": 10062.786685943604,
    "4": 9714.172013282776,
    "5": 9468.872018814087,
    "6": 9426.832314491272,
    "7": 9258.167215824127,
    "8": 8878.470338821411,
    "9": 8542.645942687988,
    "10": 8071.48230266571,
    "11": 8050.916424751282,
    "12": 8069.046409606934,
    "13": 8153.444790840149,
    "14": 8218.975439548492,
    "15": 8250.79426908493,
    "16": 8425.460799217224,
    "17": 8453.39613199234,
    "18": 8470.583389282227,
    "19": 8619.620879650116,
    "20": 8620.77877998352,
    "21": 8749.150264263153,
    "22": 8633.254304885864,
    "23": 8715.230620384216,
    "24": 8809.606562614441,
    "25": 8835.115918636322,
    "26": 8840.51504611969,
    "27": 8845.58864402771,
    "28": 8829.011929988861,
    "29": 9006.77428483963,
    "30": 8875.080224990845,
    "31": 8866.14739894867,
    "32": 9190.991399288177
  },
  "mdl_nll": {
    "0": 0.6931900601637991,
    "1": 0.6930856257307526,
    "2": 0.6926398059821844,
    "3": 0.6932203558792783,
    "4": 0.6692044649547242,
    "5": 0.6523058706815987,
    "6": 0.6494097764185225,
    "7": 0.6377905218947456,
    "8": 0.6116333934156387,
    "9": 0.5884986182617793,
    "10": 0.5560403900982165,
    "11": 0.5546236170261285,
    "12": 0.5558725826403234,
    "13": 0.5616867450289439,
    "14": 0.566201118734396,
    "15": 0.5683931020312022,
    "16": 0.5804257921753392,
    "17": 0.5823502433171907,
    "18": 0.5835342648995747,
    "19": 0.5938013832770815,
    "20": 0.5938811504535354,
    "21": 0.6027245979789992,
    "22": 0.5947405831417653,
    "23": 0.6003878906299405,
    "24": 0.6068894022192368,
    "25": 0.608646729032538,
    "26": 0.6090186722319985,
    "27": 0.6093681898613743,
    "28": 0.6082262282990397,
    "29": 0.6204721882639591,
    "30": 0.6113998501647041,
    "31": 0.6107844722339949,
    "32": 0.6331628133981936
  },
  "stopping_epochs_per_stage": {
    "0": [
      1,
      3,
      1,
      7
    ],
    "1": [
      1,
      4,
      1,
      2
    ],
    "2": [
      2,
      2,
      5,
      8
    ],
    "3": [
      8,
      2,
      1,
      1
    ],
    "4": [
      9,
      1,
      8,
      10
    ],
    "5": [
      3,
      4,
      9,
      7
    ],
    "6": [
      9,
      3,
      10,
      5
    ],
    "7": [
      3,
      10,
      4,
      9
    ],
    "8": [
      7,
      8,
      10,
      7
    ],
    "9": [
      8,
      3,
      6,
      5
    ],
    "10": [
      7,
      5,
      7,
      5
    ],
    "11": [
      9,
      7,
      7,
      6
    ],
    "12": [
      10,
      9,
      5,
      3
    ],
    "13": [
      9,
      5,
      4,
      2
    ],
    "14": [
      7,
      7,
      5,
      4
    ],
    "15": [
      7,
      9,
      6,
      5
    ],
    "16": [
      9,
      3,
      3,
      10
    ],
    "17": [
      4,
      7,
      2,
      7
    ],
    "18": [
      3,
      7,
      5,
      3
    ],
    "19": [
      10,
      8,
      3,
      5
    ],
    "20": [
      10,
      8,
      5,
      3
    ],
    "21": [
      8,
      8,
      2,
      4
    ],
    "22": [
      9,
      7,
      5,
      5
    ],
    "23": [
      9,
      4,
      6,
      9
    ],
    "24": [
      5,
      8,
      6,
      8
    ],
    "25": [
      5,
      10,
      6,
      10
    ],
    "26": [
      10,
      10,
      8,
      3
    ],
    "27": [
      6,
      8,
      7,
      4
    ],
    "28": [
      3,
      4,
      6,
      7
    ],
    "29": [
      6,
      2,
      5,
      7
    ],
    "30": [
      7,
      10,
      4,
      8
    ],
    "31": [
      10,
      9,
      1,
      3
    ],
    "32": [
      6,
      4,
      4,
      5
    ]
  },
  "test_acc": {
    "0": 0.4982,
    "1": 0.4999,
    "2": 0.5177,
    "3": 0.5484,
    "4": 0.5605,
    "5": 0.624,
    "6": 0.6142,
    "7": 0.6542,
    "8": 0.6754,
    "9": 0.7096,
    "10": 0.7303,
    "11": 0.7277,
    "12": 0.7073,
    "13": 0.7312,
    "14": 0.7282,
    "15": 0.7209,
    "16": 0.7283,
    "17": 0.6979,
    "18": 0.7102,
    "19": 0.7147,
    "20": 0.7131,
    "21": 0.707,
    "22": 0.7074,
    "23": 0.7118,
    "24": 0.6964,
    "25": 0.7041,
    "26": 0.6943,
    "27": 0.7022,
    "28": 0.7008,
    "29": 0.7003,
    "30": 0.6959,
    "31": 0.7056,
    "32": 0.6698
  },
  "test_loss": {
    "0": 0.693274801158905,
    "1": 0.6933176683425903,
    "2": 0.6921968072891236,
    "3": 0.6855989117622375,
    "4": 0.7083166158676147,
    "5": 0.6439626249313355,
    "6": 0.6728155941963195,
    "7": 0.6272123394966126,
    "8": 0.6066025012016296,
    "9": 0.5788281739234924,
    "10": 0.5458286048412323,
    "11": 0.5594578450202942,
    "12": 0.5808653594970703,
    "13": 0.5485095306873321,
    "14": 0.5487487966537475,
    "15": 0.56087298746109,
    "16": 0.5457163932800293,
    "17": 0.5940747393608093,
    "18": 0.5703059977531433,
    "19": 0.5625509122848511,
    "20": 0.5672644578933715,
    "21": 0.5814014914035797,
    "22": 0.5722250824451447,
    "23": 0.5667216720581054,
    "24": 0.5850967792510986,
    "25": 0.5853582102775574,
    "26": 0.589729859495163,
    "27": 0.5867562802314759,
    "28": 0.5852271201133729,
    "29": 0.5801907403469085,
    "30": 0.5903310979843139,
    "31": 0.5790186316490173,
    "32": 0.6378536290168763
  },
  "drift_final_total_l2": {
    "0": 7.736843109130859,
    "1": 19.128864288330078,
    "2": 28.164749145507812,
    "3": 19.383827209472656,
    "4": 44.77695083618164,
    "5": 37.000762939453125,
    "6": 39.85829544067383,
    "7": 49.15415573120117,
    "8": 47.71152877807617,
    "9": 51.552635192871094,
    "10": 55.95466613769531,
    "11": 49.36018753051758,
    "12": 48.693153381347656,
    "13": 51.142311096191406,
    "14": 50.464839935302734,
    "15": 46.18912887573242,
    "16": 38.444217681884766,
    "17": 40.60504913330078,
    "18": 36.00240707397461,
    "19": 36.61195755004883,
    "20": 36.76524353027344,
    "21": 32.63142776489258,
    "22": 32.695533752441406,
    "23": 31.628023147583008,
    "24": 34.05381774902344,
    "25": 31.54467010498047,
    "26": 28.442758560180664,
    "27": 26.840486526489258,
    "28": 23.372915267944336,
    "29": 24.10468292236328,
    "30": 23.177133560180664,
    "31": 18.751319885253906,
    "32": 13.33846664428711
  },
  "probe_type": "mlp",
  "probe_hidden_size": [
    512
  ],
  "init_strategy": "ntk",
  "init_gamma": null,
  "effective_lr": 0.001,