{
  "config": {
    "model_short": "llama",
    "task_name": "somo",
    "dataset": {
      "train": "cache/llama/somo_train/",
      "test": "cache/llama/somo_test/"
    },
    "mdl": {
      "batch_size": 64,
      "probe_type": "mlp",
      "probe_hidden_size": [
        4096
      ],
      "num_classes": 2,
      "init_strategy": "mup",
      "init_gamma": null,
      "optimizer": "adam",
      "train_epochs": 20,
      "lr": 3.0517578125e-05,
      "seed": 42,
      "early_stopping_gap": 3,
      "split_num": 5,
      "split_ratio": 2.0
    },
    "out_dir": "muP_results/llama/somo/hidden-4096/seed-42/strategy-mup/opt-adam/2026-04-30_00-01-11"
  },
  "train_meta": {
    "dataset": "compling/somo",
    "split": "train",
    "text_col": "text",
    "model": "meta-llama/Meta-Llama-3.1-8B",
    "max_len": 64,
    "hidden_size": 4096,
    "num_hidden_layers": 32,
    "num_states": 33,
    "memmap_file": "last_token_hidden_states.memmap",
    "dtype": "float32",
    "shape": [
      15000,
      33,
      4096
    ]
  },
  "test_meta": {
    "dataset": "compling/somo",
    "split": "test",
    "text_col": "text",
    "model": "meta-llama/Meta-Llama-3.1-8B",
    "max_len": 64,
    "hidden_size": 4096,
    "num_hidden_layers": 32,
    "num_states": 33,
    "memmap_file": "last_token_hidden_states.memmap",
    "dtype": "float32",
    "shape": [
      10000,
      33,
      4096
    ]
  },
  "splits": [
    484,
    968,
    1936,
    3872,
    7740
  ],
  "mdl_sum_ce": {
    "0": 10061.5697889328,
    "1": 10061.677087783813,
    "2": 10061.729409217834,
    "3": 10060.485761642456,
    "4": 10024.441928863525,
    "5": 9978.435997962952,
    "6": 9961.889467716217,
    "7": 9935.252017974854,
    "8": 9834.752945423126,
    "9": 9670.425554275513,
    "10": 9420.890989303589,
    "11": 9362.793423652649,
    "12": 9371.764777183533,
    "13": 9280.525273799896,
    "14": 9312.660368919373,
    "15": 9310.751906394958,
    "16": 9395.645827770233,
    "17": 9423.151455879211,
    "18": 9455.120229244232,
    "19": 9472.112097740173,
    "20": 9482.462200641632,
    "21": 9478.594960212708,
    "22": 9444.558574676514,
    "23": 9480.385878562927,
    "24": 9455.286057949066,
    "25": 9453.939548969269,
    "26": 9432.026628494263,
    "27": 9409.062657356262,
    "28": 9370.42645740509,
    "29": 9336.373683929443,
    "30": 9294.263189315796,
    "31": 9169.252467155457,
    "32": 8994.98936367035
  },
  "mdl_nll": {
    "0": 0.6931365244511436,
    "1": 0.6931439162154736,
    "2": 0.6931475206129674,
    "3": 0.6930618463517813,
    "4": 0.6905788046888623,
    "5": 0.6874094790550394,
    "6": 0.6862695968390891,
    "7": 0.6844345562121007,
    "8": 0.6775112252289285,
    "9": 0.6661907932126973,
    "10": 0.6490004814896383,
    "11": 0.6449981691686862,
    "12": 0.6456162012388766,
    "13": 0.6393307573573915,
    "14": 0.6415445280324726,
    "15": 0.6414130550010305,
    "16": 0.6472613549028818,
    "17": 0.6491562039046026,
    "18": 0.6513585167569739,
    "19": 0.652529078102795,
    "20": 0.6532420915294593,
    "21": 0.6529756792651356,
    "22": 0.6506309296415345,
    "23": 0.6530990547370438,
    "24": 0.6513699406137411,
    "25": 0.6512771802817077,
    "26": 0.6497676101194725,
    "27": 0.6481856336012857,
    "28": 0.64552400505684,
    "29": 0.6431781264762637,
    "30": 0.6402771555053594,
    "31": 0.6316652292060799,
    "32": 0.6196603309224544
  },
  "stopping_epochs_per_stage": {
    "0": [
      6,
      1,
      6,
      1
    ],
    "1": [
      2,
      1,
      3,
      1
    ],
    "2": [
      4,
      4,
      1,
      1
    ],
    "3": [
      12,
      20,
      4,
      1
    ],
    "4": [
      20,
      20,
      20,
      20
    ],
    "5": [
      20,
      20,
      19,
      19
    ],
    "6": [
      20,
      19,
      20,
      20
    ],
    "7": [
      20,
      20,
      20,
      20
    ],
    "8": [
      20,
      20,
      20,
      20
    ],
    "9": [
      20,
      20,
      20,
      20
    ],
    "10": [
      20,
      20,
      20,
      20
    ],
    "11": [
      20,
      20,
      20,
      20
    ],
    "12": [
      20,
      20,
      20,
      20
    ],
    "13": [
      20,
      20,
      20,
      20
    ],
    "14": [
      20,
      20,
      20,
      20
    ],
    "15": [
      20,
      20,
      20,
      20
    ],
    "16": [
      20,
      20,
      20,
      20
    ],
    "17": [
      20,
      20,
      20,
      20
    ],
    "18": [
      20,
      20,
      20,
      20
    ],
    "19": [
      20,
      20,
      20,
      20
    ],
    "20": [
      20,
      20,
      20,
      20
    ],
    "21": [
      20,
      20,
      20,
      20
    ],
    "22": [
      20,
      20,
      20,
      20
    ],
    "23": [
      20,
      20,
      20,
      20
    ],
    "24": [
      20,
      20,
      20,
      20
    ],
    "25": [
      19,
      20,
      20,
      20
    ],
    "26": [
      20,
      20,
      20,
      20
    ],
    "27": [
      20,
      20,
      20,
      20
    ],
    "28": [
      20,
      20,
      20,
      20
    ],
    "29": [
      20,
      20,
      20,
      20
    ],
    "30": [
      20,
      20,
      20,
      19
    ],
    "31": [
      20,
      20,
      19,
      20
    ],
    "32": [
      20,
      20,
      20,
      20
    ]
  },
  "test_acc": {
    "0": 0.4982,
    "1": 0.4979,
    "2": 0.505,
    "3": 0.5246,
    "4": 0.5708,
    "5": 0.5974,
    "6": 0.6008,
    "7": 0.6208,
    "8": 0.6495,
    "9": 0.6765,
    "10": 0.7016,
    "11": 0.6986,
    "12": 0.7008,
    "13": 0.7056,
    "14": 0.7029,
    "15": 0.6996,
    "16": 0.6962,
    "17": 0.6944,
    "18": 0.6914,
    "19": 0.6886,
    "20": 0.6862,
    "21": 0.6867,
    "22": 0.6883,
    "23": 0.6809,
    "24": 0.6818,
    "25": 0.6779,
    "26": 0.6803,
    "27": 0.6807,
    "28": 0.6812,
    "29": 0.6809,
    "30": 0.6773,
    "31": 0.6828,
    "32": 0.6867
  },
  "test_loss": {
    "0": 0.6932761823654174,
    "1": 0.6932328187942505,
    "2": 0.6929216087341309,
    "3": 0.6916357224464417,
    "4": 0.6843608598709107,
    "5": 0.6756268468856812,
    "6": 0.6733809936523437,
    "7": 0.6679898952484131,
    "8": 0.6511847040176392,
    "9": 0.6298369800567627,
    "10": 0.5983191534042358,
    "11": 0.595221841430664,
    "12": 0.5970212715148926,
    "13": 0.5891533716201782,
    "14": 0.5930505040168762,
    "15": 0.5929264967918396,
    "16": 0.5986355792045593,
    "17": 0.6008928906440735,
    "18": 0.6045312998771667,
    "19": 0.6076337965011597,
    "20": 0.6079206211090088,
    "21": 0.6076602544784546,
    "22": 0.606347954750061,
    "23": 0.6119427068710327,
    "24": 0.6083489040374755,
    "25": 0.6100644973754883,
    "26": 0.6087660034179687,
    "27": 0.6065666307449341,
    "28": 0.6045027633666992,
    "29": 0.6028413246154786,
    "30": 0.6029175144195557,
    "31": 0.5963295070648194,
    "32": 0.5893062305450439
  },
  "drift_final_total_l2": {
    "0": 7.640566349029541,
    "1": 16.049779891967773,
    "2": 22.767724990844727,
    "3": 29.488521575927734,
    "4": 48.30000305175781,
    "5": 57.12875747680664,
    "6": 54.76782989501953,
    "7": 60.421546936035156,
    "8": 70.83499145507812,
    "9": 86.81422424316406,
    "10": 99.7894058227539,
    "11": 97.48629760742188,
    "12": 93.45096588134766,
    "13": 93.27820587158203,
    "14": 88.66746520996094,
    "15": 84.322021484375,
    "16": 80.18929290771484,
    "17": 73.61425018310547,
    "18": 70.3615951538086,
    "19": 65.07012176513672,
    "20": 62.012413024902344,
    "21": 59.33881378173828,
    "22": 57.41034698486328,
    "23": 54.26153564453125,
    "24": 52.88180923461914,
    "25": 51.43183898925781,
    "26": 50.05588150024414,
    "27": 48.83054733276367,
    "28": 47.32698440551758,
    "29": 45.55495071411133,
    "30": 43.296749114990234,
    "31": 39.41804122924805,
    "32": 25.107851028442383
  },
  "probe_type": "mlp",