{
  "config": {
    "model_short": "llama",
    "task_name": "somo",
    "dataset": {
      "train": "cache/llama/somo_train/",
      "test": "cache/llama/somo_test/"
    },
    "mdl": {
      "batch_size": 64,
      "probe_type": "mlp",
      "probe_hidden_size": [
        1024
      ],
      "num_classes": 2,
      "init_strategy": "mf",
      "init_gamma": null,
      "optimizer": "sgd",
      "train_epochs": 10,
      "lr": 0.005,
      "seed": 142,
      "early_stopping_gap": 3,
      "split_num": 5,
      "split_ratio": 2.0
    },
    "out_dir": "init_results/llama/somo/hidden-1024/seed-142/strategy-mf/gamma-na/opt-sgd/2026-04-21_06-23-37"
  },
  "train_meta": {
    "dataset": "compling/somo",
    "split": "train",
    "text_col": "text",
    "model": "meta-llama/Meta-Llama-3.1-8B",
    "max_len": 64,
    "hidden_size": 4096,
    "num_hidden_layers": 32,
    "num_states": 33,
    "memmap_file": "last_token_hidden_states.memmap",
    "dtype": "float32",
    "shape": [
      15000,
      33,
      4096
    ]
  },
  "test_meta": {
    "dataset": "compling/somo",
    "split": "test",
    "text_col": "text",
    "model": "meta-llama/Meta-Llama-3.1-8B",
    "max_len": 64,
    "hidden_size": 4096,
    "num_hidden_layers": 32,
    "num_states": 33,
    "memmap_file": "last_token_hidden_states.memmap",
    "dtype": "float32",
    "shape": [
      10000,
      33,
      4096
    ]
  },
  "splits": [
    484,
    968,
    1936,
    3872,
    7740
  ],
  "mdl_sum_ce": {
    "0": 10060.997816562653,
    "1": 10060.734766960144,
    "2": 10060.547585964203,
    "3": 10060.220860481262,
    "4": 10052.915313720703,
    "5": 10036.24226808548,
    "6": 10025.319948196411,
    "7": 9999.231661319733,
    "8": 9936.632328510284,
    "9": 9824.280809879303,
    "10": 9611.407765865326,
    "11": 9488.7688331604,
    "12": 9509.958154678345,
    "13": 9376.921531677246,
    "14": 9350.628596305847,
    "15": 9336.616988182068,
    "16": 9397.710279464722,
    "17": 9366.004123687744,
    "18": 9344.043186187744,
    "19": 9407.28540802002,
    "20": 9307.841293811798,
    "21": 9301.567702770233,
    "22": 9239.564948558807,
    "23": 9251.870820999146,
    "24": 9336.006178855896,
    "25": 9395.950935840607,
    "26": 9481.686140537262,
    "27": 9333.924145698547,
    "28": 9229.910727500916,
    "29": 9276.329027175903,
    "30": 9213.536391735077,
    "31": 9054.84527683258,
    "32": 9351.101140022278
  },
  "mdl_nll": {
    "0": 0.693097121559841,
    "1": 0.6930790002039229,
    "2": 0.6930661053984708,
    "3": 0.6930435974429087,
    "4": 0.6925403219702881,
    "5": 0.6913917241723256,
    "6": 0.6906392910027839,
    "7": 0.6888420819316432,
    "8": 0.6845296451164429,
    "9": 0.6767898050343968,
    "10": 0.662125087204831,
    "11": 0.6536765522981813,
    "12": 0.6551362740891667,
    "13": 0.6459714474839657,
    "14": 0.6441601402800942,
    "15": 0.6431948875848765,
    "16": 0.6474035739504492,
    "17": 0.6452193526927352,
    "18": 0.6437064746615971,
    "19": 0.6480631997809327,
    "20": 0.6412125443518737,
    "21": 0.6407803597940365,
    "22": 0.6365090209809043,
    "23": 0.6373567663956424,
    "24": 0.6431528092350438,
    "25": 0.6472823736456742,
    "26": 0.653188629135937,
    "27": 0.6430093790092689,
    "28": 0.6358439465073653,
    "29": 0.6390416800203846,
    "30": 0.6347159266833202,
    "31": 0.623783774926466,
    "32": 0.6441926935810331
  },
  "stopping_epochs_per_stage": {
    "0": [
      5,
      10,
      10,
      1
    ],
    "1": [
      8,
      10,
      10,
      1
    ],
    "2": [
      8,
      10,
      10,
      1
    ],
    "3": [
      10,
      10,
      10,
      1
    ],
    "4": [
      9,
      10,
      10,
      10
    ],
    "5": [
      10,
      10,
      10,
      10
    ],
    "6": [
      10,
      10,
      10,
      9
    ],
    "7": [
      10,
      10,
      10,
      10
    ],
    "8": [
      9,
      10,
      10,
      10
    ],
    "9": [
      10,
      10,
      10,
      10
    ],
    "10": [
      10,
      10,
      10,
      10
    ],
    "11": [
      10,
      10,
      10,
      10
    ],
    "12": [
      10,
      10,
      10,
      10
    ],
    "13": [
      10,
      10,
      10,
      10
    ],
    "14": [
      10,
      10,
      10,
      10
    ],
    "15": [
      10,
      10,
      10,
      10
    ],
    "16": [
      10,
      10,
      10,
      10
    ],
    "17": [
      10,
      10,
      10,
      10
    ],
    "18": [
      10,
      10,
      10,
      10
    ],
    "19": [
      10,
      10,
      10,
      8
    ],
    "20": [
      10,
      10,
      10,
      10
    ],
    "21": [
      9,
      10,
      10,
      10
    ],
    "22": [
      8,
      9,
      10,
      10
    ],
    "23": [
      9,
      10,
      9,
      10
    ],
    "24": [
      9,
      9,
      10,
      10
    ],
    "25": [
      9,
      10,
      10,
      8
    ],
    "26": [
      4,
      10,
      9,
      6
    ],
    "27": [
      3,
      8,
      10,
      8
    ],
    "28": [
      7,
      10,
      8,
      10
    ],
    "29": [
      8,
      2,
      10,
      9
    ],
    "30": [
      1,
      10,
      9,
      8
    ],
    "31": [
      4,
      8,
      8,
      10
    ],
    "32": [
      10,
      5,
      9,
      4
    ]
  },
  "test_acc": {
    "0": 0.5013,
    "1": 0.5013,
    "2": 0.5013,
    "3": 0.5098,
    "4": 0.5588,
    "5": 0.5841,
    "6": 0.5874,
    "7": 0.5936,
    "8": 0.6372,
    "9": 0.6658,
    "10": 0.6971,
    "11": 0.6896,
    "12": 0.6962,
    "13": 0.6978,
    "14": 0.7042,
    "15": 0.6998,
    "16": 0.6868,
    "17": 0.6917,
    "18": 0.6984,
    "19": 0.6958,
    "20": 0.6962,
    "21": 0.6873,
    "22": 0.698,
    "23": 0.6672,
    "24": 0.6521,
    "25": 0.6884,
    "26": 0.675,
    "27": 0.5422,
    "28": 0.6674,
    "29": 0.6586,
    "30": 0.6457,
    "31": 0.6447,
    "32": 0.6712
  },
  "test_loss": {
    "0": 0.6931752771377564,
    "1": 0.693212017250061,
    "2": 0.6932179832458496,
    "3": 0.692923588848114,
    "4": 0.6906184253692627,
    "5": 0.6856383200645447,
    "6": 0.6827414640426636,
    "7": 0.6797013327598572,
    "8": 0.6642410334587097,
    "9": 0.6421203117370605,
    "10": 0.608106867313385,
    "11": 0.5992865920066833,
    "12": 0.6006692703247071,
    "13": 0.5901457632064819,
    "14": 0.5847159003257751,
    "15": 0.585002366065979,
    "16": 0.5920757006645203,
    "17": 0.5933108161926269,
    "18": 0.5870894700050354,
    "19": 0.5890717921257019,
    "20": 0.5848731206893921,
    "21": 0.5894567906856537,
    "22": 0.5846419359207153,
    "23": 0.6057375756740571,
    "24": 0.6165563475608826,
    "25": 0.5904658737182618,
    "26": 0.6013504459381104,
    "27": 0.7328373732566833,
    "28": 0.6076646945953369,
    "29": 0.6127726227760315,
    "30": 0.6321525361537933,
    "31": 0.625676414012909,
    "32": 0.6041075181007385
  },
  "drift_final_total_l2": {
    "0": 0.8145312666893005,
    "1": 0.8466829657554626,
    "2": 1.2579225301742554,
    "3": 2.1921966075897217,
    "4": 5.648767471313477,
    "5": 9.538923263549805,
    "6": 11.11310863494873,
    "7": 12.74016284942627,
    "8": 18.433866500854492,
    "9": 24.681900024414062,
    "10": 31.491220474243164,
    "11": 33.00847625732422,
    "12": 32.557830810546875,
    "13": 34.324485778808594,
    "14": 34.899959564208984,
    "15": 34.417449951171875,
    "16": 34.08499526977539,
    "17": 34.33735275268555,
    "18": 34.61149215698242,
    "19": 34.062042236328125,
    "20": 34.15409469604492,
    "21": 34.10002136230469,
    "22": 34.06589889526367,
    "23": 33.59084701538086,
    "24": 33.52370834350586,
    "25": 33.098594665527344,
    "26": 33.50701141357422,
    "27": 33.472900390625,
    "28": 33.91226577758789,
    "29": 33.92218780517578,
    "30": 33.787105560302734,
    "31": 33.73588180541992,
    "32": 30.584623336791992
  },
  "probe_type": "mlp",
  "probe_hidden_size": [
    1024
  ],