{
  "config": {
    "model_short": "llama",
    "task_name": "somo",
    "dataset": {
      "train": "cache/llama/somo_train/",
      "test": "cache/llama/somo_test/"
    },
    "mdl": {
      "batch_size": 64,
      "probe_type": "mlp",
      "probe_hidden_size": [
        1448
      ],
      "num_classes": 2,
      "init_strategy": "gamma_second_zero",
      "init_gamma": 0.7,
      "optimizer": "adamw",
      "train_epochs": 10,
      "lr": 0.001,
      "seed": 42,
      "early_stopping_gap": 3,
      "split_num": 5,
      "split_ratio": 2.0
    },
    "out_dir": "init_results/llama/somo/hidden-1448/seed-42/strategy-gamma_second_zero/gamma-0.7/opt-adamw/2026-04-25_02-59-59"
  },
  "train_meta": {
    "dataset": "compling/somo",
    "split": "train",
    "text_col": "text",
    "model": "meta-llama/Meta-Llama-3.1-8B",
    "max_len": 64,
    "hidden_size": 4096,
    "num_hidden_layers": 32,
    "num_states": 33,
    "memmap_file": "last_token_hidden_states.memmap",
    "dtype": "float32",
    "shape": [
      15000,
      33,
      4096
    ]
  },
  "test_meta": {
    "dataset": "compling/somo",
    "split": "test",
    "text_col": "text",
    "model": "meta-llama/Meta-Llama-3.1-8B",
    "max_len": 64,
    "hidden_size": 4096,
    "num_hidden_layers": 32,
    "num_states": 33,
    "memmap_file": "last_token_hidden_states.memmap",
    "dtype": "float32",
    "shape": [
      10000,
      33,
      4096
    ]
  },
  "splits": [
    484,
    968,
    1936,
    3872,
    7740
  ],
  "mdl_sum_ce": {
    "0": 10061.699129104614,
    "1": 10061.245392799377,
    "2": 10056.48977470398,
    "3": 10028.520952701569,
    "4": 9739.110733032227,
    "5": 9482.05802822113,
    "6": 9445.732946872711,
    "7": 9353.641008377075,
    "8": 8953.26037311554,
    "9": 8531.092934131622,
    "10": 8247.47437286377,
    "11": 8123.889781951904,
    "12": 8137.001357078552,
    "13": 8188.637408733368,
    "14": 8200.754318714142,
    "15": 8330.49052810669,
    "16": 8364.950576782227,
    "17": 8449.40036725998,
    "18": 8519.37982749939,
    "19": 8597.070634365082,
    "20": 8656.27381324768,
    "21": 8657.103408813477,
    "22": 8651.884105682373,
    "23": 8696.791025161743,
    "24": 8767.102303504944,
    "25": 8856.151622772217,
    "26": 8847.55085849762,
    "27": 8763.91598367691,
    "28": 8763.9326877594,
    "29": 8907.29867553711,
    "30": 8818.768213748932,
    "31": 8793.270387649536,
    "32": 8942.80082988739
  },
  "mdl_nll": {
    "0": 0.6931454346310701,
    "1": 0.6931141769633079,
    "2": 0.692786564804628,
    "3": 0.6908598066066113,
    "4": 0.6709224809198282,
    "5": 0.653214248292996,
    "6": 0.6507118315564006,
    "7": 0.6443676638452105,
    "8": 0.6167856415758846,
    "9": 0.5877027372645096,
    "10": 0.5681643960363578,
    "11": 0.5596507152074885,
    "12": 0.5605539650784342,
    "13": 0.564111146922938,
    "14": 0.5649458748080837,
    "15": 0.5738833375659058,
    "16": 0.5762572731318701,
    "17": 0.582074977077706,
    "18": 0.586895827190644,
    "19": 0.5922479081265557,
    "20": 0.596326385591601,
    "21": 0.5963835360163596,
    "22": 0.5960239808268375,
    "23": 0.5991175961119967,
    "24": 0.6039613050086073,
    "25": 0.6100958681986922,
    "26": 0.6095033658375324,
    "27": 0.603741801024863,
    "28": 0.6037429517607743,
    "29": 0.6136193631535622,
    "30": 0.6075205437964268,
    "31": 0.6057640112737349,
    "32": 0.616065088859699
  },
  "stopping_epochs_per_stage": {
    "0": [
      3,
      1,
      1,
      1
    ],
    "1": [
      1,
      1,
      2,
      1
    ],
    "2": [
      1,
      6,
      1,
      1
    ],
    "3": [
      1,
      5,
      6,
      5
    ],
    "4": [
      2,
      5,
      8,
      8
    ],
    "5": [
      3,
      8,
      5,
      9
    ],
    "6": [
      3,
      9,
      6,
      6
    ],
    "7": [
      10,
      7,
      6,
      4
    ],
    "8": [
      8,
      4,
      7,
      4
    ],
    "9": [
      6,
      5,
      5,
      6
    ],
    "10": [
      6,
      4,
      2,
      4
    ],
    "11": [
      4,
      4,
      4,
      5
    ],
    "12": [
      5,
      8,
      4,
      3
    ],
    "13": [
      6,
      3,
      4,
      4
    ],
    "14": [
      1,
      2,
      5,
      5
    ],
    "15": [
      1,
      4,
      6,
      5
    ],
    "16": [
      2,
      5,
      6,
      4
    ],
    "17": [
      5,
      5,
      7,
      2
    ],
    "18": [
      6,
      7,
      4,
      3
    ],
    "19": [
      3,
      7,
      5,
      7
    ],
    "20": [
      4,
      9,
      4,
      5
    ],
    "21": [
      1,
      5,
      5,
      7
    ],
    "22": [
      1,
      5,
      5,
      6
    ],
    "23": [
      1,
      7,
      5,
      6
    ],
    "24": [
      1,
      5,
      7,
      7
    ],
    "25": [
      5,
      4,
      7,
      6
    ],
    "26": [
      3,
      5,
      4,
      3
    ],
    "27": [
      1,
      4,
      6,
      4
    ],
    "28": [
      1,
      6,
      6,
      7
    ],
    "29": [
      2,
      6,
      3,
      3
    ],
    "30": [
      2,
      5,
      3,
      4
    ],
    "31": [
      2,
      7,
      5,
      4
    ],
    "32": [
      4,
      6,
      6,
      4
    ]
  },
  "test_acc": {
    "0": 0.5013,
    "1": 0.5014,
    "2": 0.5277,
    "3": 0.5468,
    "4": 0.5983,
    "5": 0.6314,
    "6": 0.6366,
    "7": 0.6579,
    "8": 0.6784,
    "9": 0.6998,
    "10": 0.7032,
    "11": 0.7245,
    "12": 0.7183,
    "13": 0.7317,
    "14": 0.7054,
    "15": 0.7034,
    "16": 0.6474,
    "17": 0.7086,
    "18": 0.7092,
    "19": 0.7159,
    "20": 0.7108,
    "21": 0.7149,
    "22": 0.7018,
    "23": 0.7076,
    "24": 0.7011,
    "25": 0.6585,
    "26": 0.697,
    "27": 0.6993,
    "28": 0.6918,
    "29": 0.6907,
    "30": 0.6939,
    "31": 0.6991,
    "32": 0.6848
  },
  "test_loss": {
    "0": 0.6931437547683715,
    "1": 0.6938992366790772,
    "2": 0.6948657642364502,
    "3": 0.6873986948013305,
    "4": 0.6693770081520081,
    "5": 0.6443283102035523,
    "6": 0.6445072712898254,
    "7": 0.6251589815139771,
    "8": 0.6094168561935425,
    "9": 0.5980307314872741,
    "10": 0.5883178977966309,
    "11": 0.5786852501869202,
    "12": 0.5817900753498078,
    "13": 0.5709762085914611,
    "14": 0.6056095792770386,
    "15": 0.6172166141986847,
    "16": 0.6965935033798217,
    "17": 0.5780373493671417,
    "18": 0.578309945344925,
    "19": 0.575176165676117,
    "20": 0.5743230469703674,
    "21": 0.5683082577228546,
    "22": 0.595665685749054,
    "23": 0.5767826776504517,
    "24": 0.595636363697052,
    "25": 0.6698558983802796,
    "26": 0.5965411828994751,
    "27": 0.5993371230125427,
    "28": 0.6082813962936401,
    "29": 0.6149285373687744,
    "30": 0.6022940587997436,
    "31": 0.6040232992172241,
    "32": 0.5927558208942413
  },
  "drift_final_total_l2": {
    "0": 11.655427932739258,
    "1": 19.547422409057617,
    "2": 25.758440017700195,
    "3": 28.445589065551758,
    "4": 23.08873176574707,
    "5": 34.29676055908203,
    "6": 40.597232818603516,
    "7": 31.105939865112305,
    "8": 51.20802688598633,
    "9": 46.41534423828125,
    "10": 45.4383430480957,
    "11": 57.460933685302734,
    "12": 60.167598724365234,
    "13": 65.50916290283203,
    "14": 64.4258804321289,
    "15": 57.494598388671875,
    "16": 57.66233825683594,
    "17": 39.824642181396484,
    "18": 27.090293884277344,
    "19": 34.46278762817383,
    "20": 46.0626220703125,
    "21": 41.101478576660156,
    "22": 33.11736297607422,
    "23": 33.046443939208984,
    "24": 28.297208786010742,
    "25": 28.90586280822754,
    "26": 24.277292251586914,
    "27": 34.58045196533203,
    "28": 37.291812896728516,
    "29": 32.95940017700195,
    "30": 31.043659210205078,
    "31": 27.402786254882812,
    "32": 28.15829849243164
  },
  "probe_type": "mlp",
  "probe_hidden_size": [
    1448
  ],
  "init_strategy": "gamma_second_zero",
  "init_gamma": 0.7,