{
  "config": {
    "model_short": "llama",
    "task_name": "somo",
    "dataset": {
      "train": "cache/llama/somo_train/",
      "test": "cache/llama/somo_test/"
    },
    "mdl": {
      "batch_size": 64,
      "probe_type": "mlp",
      "probe_hidden_size": [
        256
      ],
      "num_classes": 2,
      "init_strategy": "gamma",
      "init_gamma": 1.0,
      "optimizer": "adamw",
      "train_epochs": 10,
      "lr": 0.001,
      "seed": 242,
      "early_stopping_gap": 3,
      "split_num": 5,
      "split_ratio": 2.0
    },
    "out_dir": "init_results/llama/somo/hidden-256/seed-242/strategy-gamma/gamma-1.0/opt-adamw/2026-04-22_05-08-48"
  },
  "train_meta": {
    "dataset": "compling/somo",
    "split": "train",
    "text_col": "text",
    "model": "meta-llama/Meta-Llama-3.1-8B",
    "max_len": 64,
    "hidden_size": 4096,
    "num_hidden_layers": 32,
    "num_states": 33,
    "memmap_file": "last_token_hidden_states.memmap",
    "dtype": "float32",
    "shape": [
      15000,
      33,
      4096
    ]
  },
  "test_meta": {
    "dataset": "compling/somo",
    "split": "test",
    "text_col": "text",
    "model": "meta-llama/Meta-Llama-3.1-8B",
    "max_len": 64,
    "hidden_size": 4096,
    "num_hidden_layers": 32,
    "num_states": 33,
    "memmap_file": "last_token_hidden_states.memmap",
    "dtype": "float32",
    "shape": [
      10000,
      33,
      4096
    ]
  },
  "splits": [
    484,
    968,
    1936,
    3872,
    7740
  ],
  "mdl_sum_ce": {
    "0": 10061.520404338837,
    "1": 10062.510654449463,
    "2": 10060.546369075775,
    "3": 10026.120127677917,
    "4": 9750.072838306427,
    "5": 9578.878373622894,
    "6": 9479.618799209595,
    "7": 9267.688103675842,
    "8": 8937.293766260147,
    "9": 8542.179347038269,
    "10": 8107.454240560532,
    "11": 8159.482644557953,
    "12": 8120.3519649505615,
    "13": 8174.77739238739,
    "14": 8228.14919090271,
    "15": 8315.793449878693,
    "16": 8411.901996135712,
    "17": 8527.745504379272,
    "18": 8511.710990428925,
    "19": 8589.809844493866,
    "20": 8588.630738258362,
    "21": 8655.940212726593,
    "22": 8767.3979139328,
    "23": 8745.301401615143,
    "24": 8730.741645336151,
    "25": 8809.186401367188,
    "26": 8811.410815238953,
    "27": 8820.593475341797,
    "28": 8747.941274642944,
    "29": 8835.071072101593,
    "30": 8840.679683208466,
    "31": 8830.253444194794,
    "32": 8905.164959907532
  },
  "mdl_nll": {
    "0": 0.6931331223710965,
    "1": 0.6932013402073204,
    "2": 0.693066021567634,
    "3": 0.6906944149681674,
    "4": 0.6716776548847084,
    "5": 0.6598841535976091,
    "6": 0.6530462110229812,
    "7": 0.6384464111102124,
    "8": 0.6156857099931212,
    "9": 0.5884664747201894,
    "10": 0.5585184789584273,
    "11": 0.5621026897601236,
    "12": 0.5594069967587877,
    "13": 0.5631563373096852,
    "14": 0.566833093889688,
    "15": 0.5728708631770937,
    "16": 0.5794917329936423,
    "17": 0.5874721344984343,
    "18": 0.5863675248297688,
    "19": 0.5917477159337191,
    "20": 0.5916664878932462,
    "21": 0.5963034040180899,
    "22": 0.6039816694635437,
    "23": 0.6024594517508365,
    "24": 0.6014564374026007,
    "25": 0.6068604575204731,
    "26": 0.6070136962826503,
    "27": 0.6076462851571919,
    "28": 0.6026413112870587,
    "29": 0.6086436395771282,
    "30": 0.6090300139989299,
    "31": 0.6083117555934688,
    "32": 0.6134723725480526
  },
  "stopping_epochs_per_stage": {
    "0": [
      6,
      3,
      1,
      2
    ],
    "1": [
      9,
      2,
      1,
      2
    ],
    "2": [
      5,
      5,
      1,
      1
    ],
    "3": [
      3,
      1,
      1,
      10
    ],
    "4": [
      6,
      2,
      9,
      7
    ],
    "5": [
      9,
      1,
      6,
      9
    ],
    "6": [
      9,
      10,
      8,
      7
    ],
    "7": [
      7,
      5,
      7,
      8
    ],
    "8": [
      9,
      7,
      8,
      3
    ],
    "9": [
      10,
      3,
      3,
      4
    ],
    "10": [
      9,
      5,
      3,
      4
    ],
    "11": [
      7,
      4,
      2,
      4
    ],
    "12": [
      8,
      4,
      7,
      6
    ],
    "13": [
      5,
      4,
      6,
      5
    ],
    "14": [
      4,
      4,
      3,
      5
    ],
    "15": [
      4,
      2,
      6,
      7
    ],
    "16": [
      5,
      6,
      5,
      6
    ],
    "17": [
      4,
      3,
      4,
      4
    ],
    "18": [
      4,
      5,
      4,
      4
    ],
    "19": [
      5,
      5,
      5,
      6
    ],
    "20": [
      5,
      6,
      3,
      6
    ],
    "21": [
      3,
      5,
      6,
      5
    ],
    "22": [
      4,
      6,
      7,
      2
    ],
    "23": [
      5,
      7,
      7,
      5
    ],
    "24": [
      5,
      6,
      8,
      6
    ],
    "25": [
      3,
      5,
      4,
      3
    ],
    "26": [
      9,
      6,
      6,
      5
    ],
    "27": [
      5,
      4,
      6,
      3
    ],
    "28": [
      4,
      5,
      4,
      4
    ],
    "29": [
      4,
      6,
      5,
      4
    ],
    "30": [
      3,
      5,
      6,
      4
    ],
    "31": [
      3,
      5,
      3,
      5
    ],
    "32": [
      3,
      5,
      5,
      6
    ]
  },
  "test_acc": {
    "0": 0.5013,
    "1": 0.5067,
    "2": 0.5183,
    "3": 0.5401,
    "4": 0.5879,
    "5": 0.6338,
    "6": 0.6306,
    "7": 0.6624,
    "8": 0.6746,
    "9": 0.6831,
    "10": 0.7301,
    "11": 0.7256,
    "12": 0.7293,
    "13": 0.7291,
    "14": 0.7207,
    "15": 0.7093,
    "16": 0.6639,
    "17": 0.7262,
    "18": 0.7044,
    "19": 0.7136,
    "20": 0.7054,
    "21": 0.6765,
    "22": 0.7103,
    "23": 0.6962,
    "24": 0.71,
    "25": 0.6831,
    "26": 0.7027,
    "27": 0.6964,
    "28": 0.693,
    "29": 0.6987,
    "30": 0.6897,
    "31": 0.672,
    "32": 0.6834
  },
  "test_loss": {
    "0": 0.6931760675430297,
    "1": 0.6932289459228516,
    "2": 0.6937013168334961,
    "3": 0.6906255152702332,
    "4": 0.6811065277099609,
    "5": 0.6424465788841247,
    "6": 0.6437083689689637,
    "7": 0.6259440406799316,
    "8": 0.6091489446640015,
    "9": 0.602382169342041,
    "10": 0.5463299259185791,
    "11": 0.5558920171737671,
    "12": 0.5470643047332764,
    "13": 0.5562935965538025,
    "14": 0.5901858155727386,
    "15": 0.5848533094882965,
    "16": 0.6167494176864624,
    "17": 0.553995237827301,
    "18": 0.5920823680877686,
    "19": 0.5706324702262878,
    "20": 0.5775330079078674,
    "21": 0.6746389232635498,
    "22": 0.5694055412769318,
    "23": 0.5870158973693848,
    "24": 0.5786816716194153,
    "25": 0.612344813489914,
    "26": 0.5907748043060302,
    "27": 0.5927039313316346,
    "28": 0.5990643238067627,
    "29": 0.5892013686656952,
    "30": 0.6003258165359497,
    "31": 0.6146055519104003,
    "32": 0.6004862482070923
  },
  "drift_final_total_l2": {
    "0": 5.578183650970459,
    "1": 15.271858215332031,
    "2": 20.056957244873047,
    "3": 20.525470733642578,
    "4": 24.664405822753906,
    "5": 23.296979904174805,
    "6": 27.58473777770996,
    "7": 25.864336013793945,
    "8": 27.929180145263672,
    "9": 38.90673828125,
    "10": 30.60260009765625,
    "11": 36.818180084228516,
    "12": 35.69450378417969,
    "13": 39.21828079223633,
    "14": 36.3374137878418,
    "15": 32.74298095703125,
    "16": 25.582557678222656,
    "17": 26.653215408325195,
    "18": 33.131195068359375,
    "19": 25.039457321166992,
    "20": 27.55440902709961,
    "21": 29.4951229095459,
    "22": 30.661012649536133,
    "23": 25.76169204711914,
    "24": 21.90542984008789,
    "25": 24.968196868896484,
    "26": 26.104093551635742,
    "27": 17.597383499145508,
    "28": 21.508390426635742,
    "29": 21.282052993774414,
    "30": 19.041929244995117,
    "31": 16.9153995513916,
    "32": 15.921680450439453
  },
  "probe_type": "mlp",
  "probe_hidden_size": [
    256
  ],
  "init_strategy": "gamma",
  "init_gamma": 1.0,
  "effective_lr": 0.001,