{
  "config": {
    "model_short": "llama",
    "task_name": "somo",
    "dataset": {
      "train": "cache/llama/somo_train/",
      "test": "cache/llama/somo_test/"
    },
    "mdl": {
      "batch_size": 64,
      "probe_type": "mlp",
      "probe_hidden_size": [
        64
      ],
      "num_classes": 2,
      "init_strategy": "gamma_second_zero",
      "init_gamma": 0.7,
      "optimizer": "adamw",
      "train_epochs": 10,
      "lr": 0.001,
      "seed": 242,
      "early_stopping_gap": 3,
      "split_num": 5,
      "split_ratio": 2.0
    },
    "out_dir": "init_results/llama/somo/hidden-64/seed-242/strategy-gamma_second_zero/gamma-0.7/opt-adamw/2026-04-25_02-56-47"
  },
  "train_meta": {
    "dataset": "compling/somo",
    "split": "train",
    "text_col": "text",
    "model": "meta-llama/Meta-Llama-3.1-8B",
    "max_len": 64,
    "hidden_size": 4096,
    "num_hidden_layers": 32,
    "num_states": 33,
    "memmap_file": "last_token_hidden_states.memmap",
    "dtype": "float32",
    "shape": [
      15000,
      33,
      4096
    ]
  },
  "test_meta": {
    "dataset": "compling/somo",
    "split": "test",
    "text_col": "text",
    "model": "meta-llama/Meta-Llama-3.1-8B",
    "max_len": 64,
    "hidden_size": 4096,
    "num_hidden_layers": 32,
    "num_states": 33,
    "memmap_file": "last_token_hidden_states.memmap",
    "dtype": "float32",
    "shape": [
      10000,
      33,
      4096
    ]
  },
  "splits": [
    484,
    968,
    1936,
    3872,
    7740
  ],
  "mdl_sum_ce": {
    "0": 10060.956072807312,
    "1": 10060.87588596344,
    "2": 10061.043199062347,
    "3": 10028.270035743713,
    "4": 9757.687840938568,
    "5": 9513.140636444092,
    "6": 9554.895143508911,
    "7": 9233.472737789154,
    "8": 9028.006728172302,
    "9": 8628.54083442688,
    "10": 8266.463701486588,
    "11": 8106.441705703735,
    "12": 8093.258957624435,
    "13": 8195.081067562103,
    "14": 8211.175204277039,
    "15": 8304.87855386734,
    "16": 8350.03823876381,
    "17": 8480.94130897522,
    "18": 8631.352776527405,
    "19": 8530.99775648117,
    "20": 8620.020441055298,
    "21": 8754.144293785095,
    "22": 8662.54882144928,
    "23": 8677.977239131927,
    "24": 8771.794900894165,
    "25": 8810.831720352173,
    "26": 8831.701815605164,
    "27": 8776.757967948914,
    "28": 8842.71831035614,
    "29": 8909.16118144989,
    "30": 8808.912104129791,
    "31": 8953.360838413239,
    "32": 8853.181369781494
  },
  "mdl_nll": {
    "0": 0.6930942458533558,
    "1": 0.6930887218216754,
    "2": 0.69310024793761,
    "3": 0.690842521062532,
    "4": 0.672202248617978,
    "5": 0.6553555136707145,
    "6": 0.6582319608369325,
    "7": 0.6360893316195338,
    "8": 0.6219348806952537,
    "9": 0.5944158745127363,
    "10": 0.5694725614140663,
    "11": 0.5584487259371546,
    "12": 0.5575405729969989,
    "13": 0.5645550473658104,
    "14": 0.5656637644169908,
    "15": 0.572118941434785,
    "16": 0.5752299696034588,
    "17": 0.5842478168211092,
    "18": 0.5946095878015573,
    "19": 0.5876961805236408,
    "20": 0.5938289088629993,
    "21": 0.6030686341819438,
    "22": 0.5967586677768861,
    "23": 0.5978215237759663,
    "24": 0.6042845757022709,
    "25": 0.6069738027247294,
    "26": 0.6084115331775395,
    "27": 0.6046264789162933,
    "28": 0.6091704540063475,
    "29": 0.6137476702569503,
    "30": 0.6068415613205974,
    "31": 0.6167925625801349,
    "32": 0.6098912489516047
  },
  "stopping_epochs_per_stage": {
    "0": [
      10,
      1,
      1,
      6
    ],
    "1": [
      10,
      1,
      2,
      10
    ],
    "2": [
      6,
      2,
      1,
      1
    ],
    "3": [
      8,
      2,
      4,
      10
    ],
    "4": [
      10,
      8,
      8,
      9
    ],
    "5": [
      10,
      10,
      9,
      8
    ],
    "6": [
      10,
      10,
      10,
      10
    ],
    "7": [
      9,
      7,
      7,
      10
    ],
    "8": [
      10,
      10,
      10,
      8
    ],
    "9": [
      10,
      9,
      3,
      7
    ],
    "10": [
      10,
      7,
      2,
      2
    ],
    "11": [
      9,
      9,
      3,
      5
    ],
    "12": [
      8,
      8,
      7,
      9
    ],
    "13": [
      8,
      8,
      7,
      3
    ],
    "14": [
      8,
      5,
      5,
      6
    ],
    "15": [
      8,
      4,
      6,
      7
    ],
    "16": [
      8,
      4,
      9,
      8
    ],
    "17": [
      6,
      6,
      3,
      6
    ],
    "18": [
      10,
      5,
      9,
      4
    ],
    "19": [
      10,
      7,
      7,
      3
    ],
    "20": [
      5,
      7,
      5,
      6
    ],
    "21": [
      5,
      5,
      6,
      6
    ],
    "22": [
      8,
      7,
      9,
      5
    ],
    "23": [
      9,
      8,
      6,
      6
    ],
    "24": [
      5,
      7,
      4,
      6
    ],
    "25": [
      5,
      7,
      5,
      6
    ],
    "26": [
      7,
      6,
      4,
      3
    ],
    "27": [
      7,
      9,
      10,
      4
    ],
    "28": [
      5,
      4,
      4,
      4
    ],
    "29": [
      6,
      6,
      10,
      6
    ],
    "30": [
      8,
      5,
      7,
      4
    ],
    "31": [
      6,
      7,
      9,
      4
    ],
    "32": [
      4,
      5,
      7,
      7
    ]
  },
  "test_acc": {
    "0": 0.5013,
    "1": 0.4984,
    "2": 0.5207,
    "3": 0.5464,
    "4": 0.6009,
    "5": 0.6386,
    "6": 0.6482,
    "7": 0.6424,
    "8": 0.6909,
    "9": 0.7077,
    "10": 0.6727,
    "11": 0.7211,
    "12": 0.729,
    "13": 0.7291,
    "14": 0.7275,
    "15": 0.7242,
    "16": 0.7149,
    "17": 0.7206,
    "18": 0.7203,
    "19": 0.7158,
    "20": 0.7161,
    "21": 0.7121,
    "22": 0.7078,
    "23": 0.7116,
    "24": 0.7065,
    "25": 0.6998,
    "26": 0.701,
    "27": 0.6946,
    "28": 0.6645,
    "29": 0.7025,
    "30": 0.6776,
    "31": 0.6915,
    "32": 0.6323
  },
  "test_loss": {
    "0": 0.6932413982391358,
    "1": 0.6932321199417114,
    "2": 0.6915492593765259,
    "3": 0.6911006402969361,
    "4": 0.6578926133155822,
    "5": 0.6348744944572449,
    "6": 0.6278813282012939,
    "7": 0.6308653099060059,
    "8": 0.5906867748260498,
    "9": 0.5743514373779297,
    "10": 0.626731156539917,
    "11": 0.5590908727169037,
    "12": 0.5387172962188721,
    "13": 0.5520466675281525,
    "14": 0.5472374753475189,
    "15": 0.5563791341781616,
    "16": 0.5708027256965638,
    "17": 0.559237593126297,
    "18": 0.5567238828659058,
    "19": 0.5610846933364868,
    "20": 0.5625584746360779,
    "21": 0.5625299696445465,
    "22": 0.5687352665901184,
    "23": 0.5693709827423096,
    "24": 0.5717585498809814,
    "25": 0.5802899258136749,
    "26": 0.5819175533294678,
    "27": 0.5874115058898925,
    "28": 0.6205093922615051,
    "29": 0.582661727809906,
    "30": 0.6360185887813569,
    "31": 0.5892442594528198,
    "32": 0.6495201751708984
  },
  "drift_final_total_l2": {
    "0": 3.0935771465301514,
    "1": 5.833922863006592,
    "2": 14.480422973632812,
    "3": 14.746499061584473,
    "4": 14.881731033325195,
    "5": 14.438631057739258,
    "6": 15.5913667678833,
    "7": 14.092121124267578,
    "8": 21.014432907104492,
    "9": 14.684281349182129,
    "10": 26.349679946899414,
    "11": 22.081449508666992,
    "12": 18.436851501464844,
    "13": 18.837800979614258,
    "14": 17.798595428466797,
    "15": 21.6595401763916,
    "16": 17.99089241027832,
    "17": 20.556209564208984,
    "18": 15.652534484863281,
    "19": 12.718241691589355,
    "20": 15.435805320739746,
    "21": 17.809938430786133,
    "22": 12.250452995300293,
    "23": 15.174585342407227,
    "24": 10.392280578613281,
    "25": 11.193450927734375,
    "26": 11.43492603302002,
    "27": 12.820823669433594,
    "28": 8.093648910522461,
    "29": 15.294770240783691,
    "30": 10.862711906433105,
    "31": 14.765251159667969,
    "32": 6.0518479347229
  },
  "probe_type": "mlp",
  "probe_hidden_size": [
    64
  ],
  "init_strategy": "gamma_second_zero",