{
  "config": {
    "model_short": "llama",
    "task_name": "somo",
    "dataset": {
      "train": "cache/llama/somo_train/",
      "test": "cache/llama/somo_test/"
    },
    "mdl": {
      "batch_size": 64,
      "probe_type": "mlp",
      "probe_hidden_size": [
        1448
      ],
      "num_classes": 2,
      "init_strategy": "gamma_second_zero",
      "init_gamma": 0.9,
      "optimizer": "adamw",
      "train_epochs": 10,
      "lr": 0.001,
      "seed": 442,
      "early_stopping_gap": 3,
      "split_num": 5,
      "split_ratio": 2.0
    },
    "out_dir": "init_results/llama/somo/hidden-1448/seed-442/strategy-gamma_second_zero/gamma-0.9/opt-adamw/2026-04-25_03-43-02"
  },
  "train_meta": {
    "dataset": "compling/somo",
    "split": "train",
    "text_col": "text",
    "model": "meta-llama/Meta-Llama-3.1-8B",
    "max_len": 64,
    "hidden_size": 4096,
    "num_hidden_layers": 32,
    "num_states": 33,
    "memmap_file": "last_token_hidden_states.memmap",
    "dtype": "float32",
    "shape": [
      15000,
      33,
      4096
    ]
  },
  "test_meta": {
    "dataset": "compling/somo",
    "split": "test",
    "text_col": "text",
    "model": "meta-llama/Meta-Llama-3.1-8B",
    "max_len": 64,
    "hidden_size": 4096,
    "num_hidden_layers": 32,
    "num_states": 33,
    "memmap_file": "last_token_hidden_states.memmap",
    "dtype": "float32",
    "shape": [
      10000,
      33,
      4096
    ]
  },
  "splits": [
    484,
    968,
    1936,
    3872,
    7740
  ],
  "mdl_sum_ce": {
    "0": 10060.758719444275,
    "1": 10059.878613471985,
    "2": 10062.924765586853,
    "3": 10049.65281534195,
    "4": 9741.932318687439,
    "5": 9501.122397899628,
    "6": 9457.618666648865,
    "7": 9283.817119598389,
    "8": 8949.32422208786,
    "9": 8634.954794883728,
    "10": 8117.257287502289,
    "11": 8162.34855723381,
    "12": 8085.253870487213,
    "13": 8249.23431110382,
    "14": 8278.012179374695,
    "15": 8276.733005285263,
    "16": 8423.831827640533,
    "17": 8555.417427301407,
    "18": 8546.434624671936,
    "19": 8546.534940719604,
    "20": 8637.173711776733,
    "21": 8674.778321743011,
    "22": 8739.23498749733,
    "23": 8853.76693058014,
    "24": 8805.944153308868,
    "25": 8805.80213356018,
    "26": 8824.398153305054,
    "27": 8800.24411725998,
    "28": 8807.320357322693,
    "29": 8831.249051094055,
    "30": 8895.699892044067,
    "31": 8809.525019168854,
    "32": 8979.589392662048
  },
  "mdl_nll": {
    "0": 0.6930806502786081,
    "1": 0.6930200202171387,
    "2": 0.6932298681170331,
    "3": 0.6923155700841795,
    "4": 0.6711168585483218,
    "5": 0.6545275832116029,
    "6": 0.6515306328636583,
    "7": 0.6395575309726087,
    "8": 0.6165144820947823,
    "9": 0.5948577290495817,
    "10": 0.5591938059728774,
    "11": 0.5623001210549607,
    "12": 0.5569891065367328,
    "13": 0.5682856373039281,
    "14": 0.5702681302958594,
    "15": 0.5701800086308393,
    "16": 0.5803135731358868,
    "17": 0.5893784394668922,
    "18": 0.5887596186740105,
    "19": 0.5887665293965008,
    "20": 0.5950105891276338,
    "21": 0.5976011519525359,
    "22": 0.602041539507945,
    "23": 0.6099315879429691,
    "24": 0.6066371006688391,
    "25": 0.6066273169991858,
    "26": 0.6079083875244595,
    "27": 0.6062444280283811,
    "28": 0.606731906676956,
    "29": 0.6083803424561901,
    "30": 0.6128203287437357,
    "31": 0.6068837847319408,
    "32": 0.618599434600582
  },
  "stopping_epochs_per_stage": {
    "0": [
      1,
      1,
      6,
      1
    ],
    "1": [
      3,
      1,
      5,
      1
    ],
    "2": [
      1,
      1,
      2,
      1
    ],
    "3": [
      1,
      2,
      9,
      1
    ],
    "4": [
      2,
      9,
      7,
      5
    ],
    "5": [
      1,
      7,
      5,
      6
    ],
    "6": [
      6,
      6,
      10,
      6
    ],
    "7": [
      3,
      6,
      5,
      8
    ],
    "8": [
      4,
      7,
      6,
      8
    ],
    "9": [
      8,
      6,
      7,
      3
    ],
    "10": [
      5,
      3,
      6,
      4
    ],
    "11": [
      8,
      5,
      4,
      5
    ],
    "12": [
      7,
      3,
      5,
      4
    ],
    "13": [
      3,
      4,
      3,
      5
    ],
    "14": [
      3,
      4,
      5,
      6
    ],
    "15": [
      5,
      5,
      3,
      3
    ],
    "16": [
      3,
      4,
      5,
      6
    ],
    "17": [
      6,
      3,
      8,
      3
    ],
    "18": [
      4,
      6,
      8,
      5
    ],
    "19": [
      3,
      9,
      7,
      3
    ],
    "20": [
      3,
      8,
      7,
      4
    ],
    "21": [
      4,
      6,
      7,
      3
    ],
    "22": [
      8,
      5,
      5,
      5
    ],
    "23": [
      1,
      4,
      4,
      2
    ],
    "24": [
      2,
      3,
      5,
      3
    ],
    "25": [
      4,
      4,
      7,
      4
    ],
    "26": [
      3,
      5,
      3,
      4
    ],
    "27": [
      3,
      3,
      5,
      6
    ],
    "28": [
      4,
      6,
      7,
      4
    ],
    "29": [
      4,
      4,
      5,
      5
    ],
    "30": [
      4,
      4,
      5,
      3
    ],
    "31": [
      2,
      4,
      8,
      3
    ],
    "32": [
      6,
      5,
      7,
      3
    ]
  },
  "test_acc": {
    "0": 0.5013,
    "1": 0.4932,
    "2": 0.5301,
    "3": 0.5495,
    "4": 0.5985,
    "5": 0.6396,
    "6": 0.6486,
    "7": 0.6571,
    "8": 0.6892,
    "9": 0.6965,
    "10": 0.7037,
    "11": 0.7255,
    "12": 0.7003,
    "13": 0.7152,
    "14": 0.7087,
    "15": 0.7288,
    "16": 0.7191,
    "17": 0.722,
    "18": 0.7212,
    "19": 0.7229,
    "20": 0.7169,
    "21": 0.6966,
    "22": 0.7082,
    "23": 0.6846,
    "24": 0.7047,
    "25": 0.6785,
    "26": 0.6845,
    "27": 0.6849,
    "28": 0.6792,
    "29": 0.6883,
    "30": 0.6893,
    "31": 0.6871,
    "32": 0.6922
  },
  "test_loss": {
    "0": 0.6931949708938598,
    "1": 0.693215636730194,
    "2": 0.6930893002510071,
    "3": 0.6852740879058838,
    "4": 0.6620005031585693,
    "5": 0.63870804271698,
    "6": 0.634683854675293,
    "7": 0.633749703502655,
    "8": 0.6037123846054078,
    "9": 0.5929996758460998,
    "10": 0.5972578190803528,
    "11": 0.560905556344986,
    "12": 0.5985782845973968,
    "13": 0.609593526172638,
    "14": 0.5801121702671052,
    "15": 0.5766189036369324,
    "16": 0.5729506786346436,
    "17": 0.5741580493450165,
    "18": 0.5752613914489746,
    "19": 0.5666012008666992,
    "20": 0.5691289192676544,
    "21": 0.5934850347518921,
    "22": 0.5792077724933624,
    "23": 0.6045506465911865,
    "24": 0.5928001437187195,
    "25": 0.6609801783561706,
    "26": 0.609832396697998,
    "27": 0.6123951707839966,
    "28": 0.6557427772521973,
    "29": 0.6108393074035644,
    "30": 0.6253284251213074,
    "31": 0.6035039394378662,
    "32": 0.6001855878829956
  },
  "drift_final_total_l2": {
    "0": 11.44641399383545,
    "1": 17.762393951416016,
    "2": 25.677305221557617,
    "3": 22.538928985595703,
    "4": 28.349523544311523,
    "5": 23.801170349121094,
    "6": 38.24696350097656,
    "7": 46.708465576171875,
    "8": 49.05004119873047,
    "9": 54.31995391845703,
    "10": 56.99299621582031,
    "11": 58.75938415527344,
    "12": 64.91768646240234,
    "13": 56.726741790771484,
    "14": 46.27796173095703,
    "15": 60.319278717041016,
    "16": 27.158353805541992,
    "17": 57.41554260253906,
    "18": 52.530147552490234,
    "19": 43.7461051940918,
    "20": 34.033294677734375,
    "21": 43.81881332397461,
    "22": 40.35276794433594,
    "23": 24.05771255493164,
    "24": 33.82278060913086,
    "25": 30.63047981262207,
    "26": 31.431259155273438,
    "27": 40.2612419128418,
    "28": 34.56150817871094,
    "29": 30.264474868774414,
    "30": 39.056583404541016,
    "31": 25.625627517700195,
    "32": 26.449678421020508
  },
  "probe_type": "mlp",
  "probe_hidden_size": [
    1448
  ],
  "init_strategy": "gamma_second_zero",
  "init_gamma": 0.9,