{
  "config": {
    "model_short": "llama",
    "task_name": "somo",
    "dataset": {
      "train": "cache/llama/somo_train/",
      "test": "cache/llama/somo_test/"
    },
    "mdl": {
      "batch_size": 64,
      "probe_type": "mlp",
      "probe_hidden_size": [
        4096
      ],
      "num_classes": 2,
      "init_strategy": "mup",
      "init_gamma": null,
      "optimizer": "adam",
      "train_epochs": 20,
      "lr": 6.103515625e-05,
      "seed": 442,
      "early_stopping_gap": 3,
      "split_num": 5,
      "split_ratio": 2.0
    },
    "out_dir": "muP_results/llama/somo/hidden-4096/seed-442/strategy-mup/opt-adam/2026-04-30_00-54-48"
  },
  "train_meta": {
    "dataset": "compling/somo",
    "split": "train",
    "text_col": "text",
    "model": "meta-llama/Meta-Llama-3.1-8B",
    "max_len": 64,
    "hidden_size": 4096,
    "num_hidden_layers": 32,
    "num_states": 33,
    "memmap_file": "last_token_hidden_states.memmap",
    "dtype": "float32",
    "shape": [
      15000,
      33,
      4096
    ]
  },
  "test_meta": {
    "dataset": "compling/somo",
    "split": "test",
    "text_col": "text",
    "model": "meta-llama/Meta-Llama-3.1-8B",
    "max_len": 64,
    "hidden_size": 4096,
    "num_hidden_layers": 32,
    "num_states": 33,
    "memmap_file": "last_token_hidden_states.memmap",
    "dtype": "float32",
    "shape": [
      10000,
      33,
      4096
    ]
  },
  "splits": [
    484,
    968,
    1936,
    3872,
    7740
  ],
  "mdl_sum_ce": {
    "0": 10061.054467201233,
    "1": 10061.052390098572,
    "2": 10060.256211280823,
    "3": 10050.13775920868,
    "4": 9981.826072692871,
    "5": 9894.94470834732,
    "6": 9864.975943088531,
    "7": 9807.282217025757,
    "8": 9637.125716209412,
    "9": 9378.826746940613,
    "10": 9015.769452095032,
    "11": 8958.261633396149,
    "12": 8994.308336257935,
    "13": 8895.089262485504,
    "14": 8919.723292827606,
    "15": 8936.021921157837,
    "16": 9032.694068431854,
    "17": 9068.143239021301,
    "18": 9093.950658798218,
    "19": 9144.64490890503,
    "20": 9143.8158121109,
    "21": 9142.79287147522,
    "22": 9117.42297077179,
    "23": 9169.655376911163,
    "24": 9156.431715965271,
    "25": 9151.709936141968,
    "26": 9144.686298847198,
    "27": 9100.564503669739,
    "28": 9070.743715763092,
    "29": 9060.720842838287,
    "30": 9000.63908958435,
    "31": 8906.374796390533,
    "32": 8976.606080055237
  },
  "mdl_nll": {
    "0": 0.6931010241940778,
    "1": 0.6931008811035114,
    "2": 0.6930460327418588,
    "3": 0.6923489776252879,
    "4": 0.6876430196123499,
    "5": 0.6816578057555333,
    "6": 0.6795932724640763,
    "7": 0.6756187804509339,
    "8": 0.6638967839769504,
    "9": 0.6461026968132139,
    "10": 0.6210918608497542,
    "11": 0.6171301759021871,
    "12": 0.6196134152836824,
    "13": 0.6127782627780038,
    "14": 0.6144752888418026,
    "15": 0.6155980932183684,
    "16": 0.6222577892278764,
    "17": 0.6246998649091555,
    "18": 0.6264777251858789,
    "19": 0.6299700267914735,
    "20": 0.6299129107268463,
    "21": 0.6298424408566561,
    "22": 0.6280947210506882,
    "23": 0.6316929854581953,
    "24": 0.6307820140510658,
    "25": 0.6304567329940732,
    "26": 0.6299728781239459,
    "27": 0.6269333496603567,
    "28": 0.6248790104548837,
    "29": 0.624188539738102,
    "30": 0.6200495377228128,
    "31": 0.6135557175799485,
    "32": 0.6183939156830557
  },
  "stopping_epochs_per_stage": {
    "0": [
      1,
      7,
      18,
      3
    ],
    "1": [
      1,
      1,
      9,
      2
    ],
    "2": [
      1,
      15,
      7,
      20
    ],
    "3": [
      1,
      13,
      11,
      20
    ],
    "4": [
      1,
      20,
      20,
      20
    ],
    "5": [
      1,
      20,
      20,
      19
    ],
    "6": [
      1,
      20,
      20,
      20
    ],
    "7": [
      1,
      20,
      20,
      20
    ],
    "8": [
      1,
      20,
      20,
      20
    ],
    "9": [
      1,
      20,
      20,
      20
    ],
    "10": [
      20,
      20,
      20,
      20
    ],
    "11": [
      20,
      20,
      20,
      20
    ],
    "12": [
      20,
      20,
      20,
      20
    ],
    "13": [
      20,
      20,
      20,
      20
    ],
    "14": [
      20,
      20,
      20,
      20
    ],
    "15": [
      20,
      20,
      20,
      20
    ],
    "16": [
      20,
      20,
      20,
      20
    ],
    "17": [
      20,
      20,
      20,
      20
    ],
    "18": [
      20,
      20,
      20,
      20
    ],
    "19": [
      1,
      20,
      20,
      20
    ],
    "20": [
      19,
      20,
      20,
      20
    ],
    "21": [
      1,
      20,
      20,
      20
    ],
    "22": [
      20,
      20,
      20,
      20
    ],
    "23": [
      1,
      20,
      20,
      20
    ],
    "24": [
      6,
      20,
      20,
      20
    ],
    "25": [
      19,
      20,
      20,
      20
    ],
    "26": [
      19,
      20,
      20,
      20
    ],
    "27": [
      1,
      20,
      20,
      20
    ],
    "28": [
      1,
      20,
      20,
      20
    ],
    "29": [
      18,
      20,
      20,
      19
    ],
    "30": [
      19,
      20,
      20,
      20
    ],
    "31": [
      19,
      20,
      20,
      19
    ],
    "32": [
      17,
      13,
      20,
      8
    ]
  },
  "test_acc": {
    "0": 0.4982,
    "1": 0.5001,
    "2": 0.5099,
    "3": 0.5375,
    "4": 0.5906,
    "5": 0.6129,
    "6": 0.6199,
    "7": 0.634,
    "8": 0.6651,
    "9": 0.6872,
    "10": 0.7142,
    "11": 0.7118,
    "12": 0.712,
    "13": 0.7139,
    "14": 0.7093,
    "15": 0.7078,
    "16": 0.7082,
    "17": 0.7036,
    "18": 0.7026,
    "19": 0.7012,
    "20": 0.7037,
    "21": 0.6995,
    "22": 0.6981,
    "23": 0.6993,
    "24": 0.6948,
    "25": 0.6941,
    "26": 0.6928,
    "27": 0.6939,
    "28": 0.6903,
    "29": 0.6931,
    "30": 0.6977,
    "31": 0.6917,
    "32": 0.6952
  },
  "test_loss": {
    "0": 0.693307715511322,
    "1": 0.6931896538734436,
    "2": 0.6927397891998291,
    "3": 0.6901859276771546,
    "4": 0.6778774919509888,
    "5": 0.6634220824241638,
    "6": 0.6603669496536255,
    "7": 0.6515600496292114,
    "8": 0.6286909218788147,
    "9": 0.6030186586380005,
    "10": 0.5701381150245667,
    "11": 0.5693886244773865,
    "12": 0.572036773777008,
    "13": 0.5660785621643066,
    "14": 0.5673195606231689,
    "15": 0.5697780834197999,
    "16": 0.5752104301452636,
    "17": 0.5789457105636596,
    "18": 0.5804946580886841,
    "19": 0.5829425676345825,
    "20": 0.5839156248092652,
    "21": 0.5837391609191894,
    "22": 0.5850893104553223,
    "23": 0.5870896589279175,
    "24": 0.5875988342285157,
    "25": 0.5898851428031922,
    "26": 0.5886472454071044,
    "27": 0.5886526366233825,
    "28": 0.5881185831069946,
    "29": 0.5856087559700012,
    "30": 0.5835762429237366,
    "31": 0.583348731803894,
    "32": 0.5812298901557922
  },
  "drift_final_total_l2": {
    "0": 10.765710830688477,
    "1": 28.987085342407227,
    "2": 43.68544387817383,
    "3": 55.43547058105469,
    "4": 87.67889404296875,
    "5": 102.1436767578125,
    "6": 97.86109924316406,
    "7": 106.330810546875,
    "8": 122.50751495361328,
    "9": 140.12416076660156,
    "10": 152.8158416748047,
    "11": 145.18136596679688,
    "12": 140.3252716064453,
    "13": 135.8942413330078,
    "14": 129.51341247558594,
    "15": 123.90145874023438,
    "16": 119.10249328613281,
    "17": 110.88311004638672,
    "18": 105.2488784790039,
    "19": 97.7537841796875,
    "20": 94.32452392578125,
    "21": 89.29620361328125,
    "22": 87.60186004638672,
    "23": 83.1307373046875,
    "24": 81.11638641357422,
    "25": 77.919921875,
    "26": 76.17501068115234,
    "27": 73.74767303466797,
    "28": 71.34786224365234,
    "29": 67.38774108886719,
    "30": 64.62420654296875,
    "31": 57.565547943115234,
    "32": 39.022037506103516
  },
  "probe_type": "mlp",
  "probe_hidden_size": [
    4096
  ],