{
  "config": {
    "model_short": "llama",
    "task_name": "somo",
    "dataset": {
      "train": "cache/llama/somo_train/",
      "test": "cache/llama/somo_test/"
    },
    "mdl": {
      "batch_size": 64,
      "probe_type": "mlp",
      "probe_hidden_size": [
        256
      ],
      "num_classes": 2,
      "init_strategy": "mf",
      "init_gamma": null,
      "optimizer": "sgd",
      "train_epochs": 10,
      "lr": 0.001,
      "seed": 442,
      "early_stopping_gap": 3,
      "split_num": 5,
      "split_ratio": 2.0
    },
    "out_dir": "init_results/llama/somo/hidden-256/seed-442/strategy-mf/gamma-na/opt-sgd/2026-04-21_06-52-53"
  },
  "train_meta": {
    "dataset": "compling/somo",
    "split": "train",
    "text_col": "text",
    "model": "meta-llama/Meta-Llama-3.1-8B",
    "max_len": 64,
    "hidden_size": 4096,
    "num_hidden_layers": 32,
    "num_states": 33,
    "memmap_file": "last_token_hidden_states.memmap",
    "dtype": "float32",
    "shape": [
      15000,
      33,
      4096
    ]
  },
  "test_meta": {
    "dataset": "compling/somo",
    "split": "test",
    "text_col": "text",
    "model": "meta-llama/Meta-Llama-3.1-8B",
    "max_len": 64,
    "hidden_size": 4096,
    "num_hidden_layers": 32,
    "num_states": 33,
    "memmap_file": "last_token_hidden_states.memmap",
    "dtype": "float32",
    "shape": [
      10000,
      33,
      4096
    ]
  },
  "splits": [
    484,
    968,
    1936,
    3872,
    7740
  ],
  "mdl_sum_ce": {
    "0": 10061.515791893005,
    "1": 10061.454097747803,
    "2": 10061.381665229797,
    "3": 10061.012915611267,
    "4": 10059.42046546936,
    "5": 10054.921907901764,
    "6": 10052.623500823975,
    "7": 10048.96340417862,
    "8": 10040.331010818481,
    "9": 10019.522399902344,
    "10": 9972.781121730804,
    "11": 9938.531674861908,
    "12": 9947.703110694885,
    "13": 9885.91285276413,
    "14": 9913.567568778992,
    "15": 9911.039064407349,
    "16": 9900.99584531784,
    "17": 9881.045768260956,
    "18": 9860.731763362885,
    "19": 9856.42752981186,
    "20": 9827.597077846527,
    "21": 9828.047367095947,
    "22": 9767.257915019989,
    "23": 9756.444437026978,
    "24": 9742.457294464111,
    "25": 9747.051094055176,
    "26": 9687.172764778137,
    "27": 9652.503699302673,
    "28": 9676.141972541809,
    "29": 9536.154815196991,
    "30": 9704.5043759346,
    "31": 9287.640850067139,
    "32": 9182.576715946198
  },
  "mdl_nll": {
    "0": 0.6931328046220037,
    "1": 0.6931285545431113,
    "2": 0.6931235647030722,
    "3": 0.6930981617257693,
    "4": 0.6929884586297438,
    "5": 0.6926785552426126,
    "6": 0.6925202191253771,
    "7": 0.6922680768929884,
    "8": 0.6916733956199009,
    "9": 0.6902399007923907,
    "10": 0.6870199174518328,
    "11": 0.6846604901392882,
    "12": 0.6852923057794768,
    "13": 0.6810356057291355,
    "14": 0.6829407253223334,
    "15": 0.6827665379172877,
    "16": 0.6820746655633674,
    "17": 0.6807003147052187,
    "18": 0.6793008930396035,
    "19": 0.6790043765370528,
    "20": 0.677018261080637,
    "21": 0.6770492812824433,
    "22": 0.672861526248277,
    "23": 0.6721165911426686,
    "24": 0.6711530238677398,
    "25": 0.6714694884303648,
    "26": 0.6673445001913845,
    "27": 0.6649561655623225,
    "28": 0.6665845944159416,
    "29": 0.6569409489664502,
    "30": 0.6685384662396391,
    "31": 0.6398209458574772,
    "32": 0.6325831300596719
  },
  "stopping_epochs_per_stage": {
    "0": [
      1,
      2,
      10,
      10
    ],
    "1": [
      1,
      1,
      10,
      10
    ],
    "2": [
      1,
      1,
      10,
      10
    ],
    "3": [
      1,
      10,
      10,
      10
    ],
    "4": [
      1,
      10,
      10,
      10
    ],
    "5": [
      1,
      10,
      10,
      10
    ],
    "6": [
      1,
      10,
      10,
      10
    ],
    "7": [
      1,
      10,
      10,
      10
    ],
    "8": [
      1,
      10,
      10,
      10
    ],
    "9": [
      1,
      10,
      10,
      10
    ],
    "10": [
      1,
      10,
      10,
      10
    ],
    "11": [
      1,
      10,
      10,
      10
    ],
    "12": [
      9,
      10,
      10,
      10
    ],
    "13": [
      10,
      10,
      10,
      10
    ],
    "14": [
      10,
      10,
      10,
      10
    ],
    "15": [
      7,
      10,
      10,
      10
    ],
    "16": [
      1,
      10,
      10,
      10
    ],
    "17": [
      1,
      10,
      10,
      10
    ],
    "18": [
      3,
      10,
      10,
      10
    ],
    "19": [
      1,
      10,
      10,
      10
    ],
    "20": [
      1,
      10,
      10,
      10
    ],
    "21": [
      1,
      10,
      10,
      10
    ],
    "22": [
      2,
      10,
      10,
      10
    ],
    "23": [
      5,
      10,
      10,
      10
    ],
    "24": [
      1,
      10,
      10,
      10
    ],
    "25": [
      7,
      10,
      9,
      10
    ],
    "26": [
      4,
      10,
      10,
      10
    ],
    "27": [
      5,
      10,
      8,
      10
    ],
    "28": [
      10,
      10,
      9,
      10
    ],
    "29": [
      1,
      10,
      10,
      10
    ],
    "30": [
      4,
      10,
      10,
      4
    ],
    "31": [
      6,
      9,
      10,
      10
    ],
    "32": [
      5,
      10,
      9,
      8
    ]
  },
  "test_acc": {
    "0": 0.5013,
    "1": 0.5013,
    "2": 0.5013,
    "3": 0.5013,
    "4": 0.514,
    "5": 0.527,
    "6": 0.5285,
    "7": 0.5472,
    "8": 0.6004,
    "9": 0.6331,
    "10": 0.6647,
    "11": 0.6647,
    "12": 0.6639,
    "13": 0.6747,
    "14": 0.6679,
    "15": 0.6685,
    "16": 0.6561,
    "17": 0.6551,
    "18": 0.6593,
    "19": 0.6526,
    "20": 0.6631,
    "21": 0.658,
    "22": 0.641,
    "23": 0.649,
    "24": 0.665,
    "25": 0.6579,
    "26": 0.6561,
    "27": 0.6496,
    "28": 0.6656,
    "29": 0.6607,
    "30": 0.6561,
    "31": 0.6795,
    "32": 0.6197
  },
  "test_loss": {
    "0": 0.6931529001235962,
    "1": 0.6931548047065735,
    "2": 0.6931639903068543,
    "3": 0.6931261073112488,
    "4": 0.6927034406661987,
    "5": 0.6921280799865722,
    "6": 0.6909996335029602,
    "7": 0.6904650254249572,
    "8": 0.6868913319587707,
    "9": 0.6822123260498046,
    "10": 0.6753585277557373,
    "11": 0.6676919589042664,
    "12": 0.6676078959465027,
    "13": 0.656984967327118,
    "14": 0.6665636427879333,
    "15": 0.6591953074455261,
    "16": 0.6588856559753418,
    "17": 0.6559257662773132,
    "18": 0.6574506772041321,
    "19": 0.6563469804763794,
    "20": 0.6484844728469848,
    "21": 0.6470404459953308,
    "22": 0.6474225416183471,
    "23": 0.6436981065750123,
    "24": 0.6381084492683411,
    "25": 0.640563367652893,
    "26": 0.6390131629943848,
    "27": 0.6333131911277771,
    "28": 0.6274784505844117,
    "29": 0.6241358253479004,
    "30": 0.6238724981307984,
    "31": 0.6023542618751526,
    "32": 0.6569960254669189
  },
  "drift_final_total_l2": {
    "0": 0.1505233496427536,
    "1": 0.16003824770450592,
    "2": 0.20288512110710144,
    "3": 0.2870406210422516,
    "4": 0.5788995623588562,
    "5": 0.8283957839012146,
    "6": 1.1705305576324463,
    "7": 1.2665122747421265,
    "8": 1.9309794902801514,
    "9": 2.5567071437835693,
    "10": 3.2742440700531006,
    "11": 3.8718466758728027,
    "12": 3.8581814765930176,
    "13": 4.598491668701172,
    "14": 3.9401702880859375,
    "15": 4.4385833740234375,
    "16": 4.4970479011535645,
    "17": 4.730412483215332,
    "18": 4.62039041519165,
    "19": 4.674993515014648,
    "20": 5.171778202056885,
    "21": 5.178626537322998,
    "22": 5.38789701461792,
    "23": 5.553030490875244,
    "24": 5.707038879394531,
    "25": 5.622228145599365,
    "26": 5.684468746185303,
    "27": 6.15458869934082,
    "28": 6.235672473907471,
    "29": 6.445827007293701,
    "30": 6.544766902923584,
    "31": 7.070459365844727,
    "32": 6.619009971618652
  },
  "probe_type": "mlp",
  "probe_hidden_size": [
    256
  ],