{
  "config": {
    "model_short": "llama",
    "task_name": "somo",
    "dataset": {
      "train": "cache/llama/somo_train/",
      "test": "cache/llama/somo_test/"
    },
    "mdl": {
      "batch_size": 64,
      "probe_type": "mlp",
      "probe_hidden_size": [
        2048
      ],
      "num_classes": 2,
      "init_strategy": "mup",
      "init_gamma": null,
      "optimizer": "adam",
      "train_epochs": 20,
      "lr": 0.00390625,
      "seed": 442,
      "early_stopping_gap": 3,
      "split_num": 5,
      "split_ratio": 2.0
    },
    "out_dir": "muP_results/llama/somo/hidden-2048/seed-442/strategy-mup/opt-adam/2026-04-28_20-27-07"
  },
  "train_meta": {
    "dataset": "compling/somo",
    "split": "train",
    "text_col": "text",
    "model": "meta-llama/Meta-Llama-3.1-8B",
    "max_len": 64,
    "hidden_size": 4096,
    "num_hidden_layers": 32,
    "num_states": 33,
    "memmap_file": "last_token_hidden_states.memmap",
    "dtype": "float32",
    "shape": [
      15000,
      33,
      4096
    ]
  },
  "test_meta": {
    "dataset": "compling/somo",
    "split": "test",
    "text_col": "text",
    "model": "meta-llama/Meta-Llama-3.1-8B",
    "max_len": 64,
    "hidden_size": 4096,
    "num_hidden_layers": 32,
    "num_states": 33,
    "memmap_file": "last_token_hidden_states.memmap",
    "dtype": "float32",
    "shape": [
      10000,
      33,
      4096
    ]
  },
  "splits": [
    484,
    968,
    1936,
    3872,
    7740
  ],
  "mdl_sum_ce": {
    "0": 10060.152663230896,
    "1": 10061.524373531342,
    "2": 10065.670826911926,
    "3": 10027.591111183167,
    "4": 9696.292699813843,
    "5": 9460.503582000732,
    "6": 9418.195655345917,
    "7": 9185.155207157135,
    "8": 8916.758880615234,
    "9": 8481.60726928711,
    "10": 8028.19069480896,
    "11": 8060.667455911636,
    "12": 8075.5401520729065,
    "13": 8054.393635034561,
    "14": 8106.614337444305,
    "15": 8192.514847755432,
    "16": 8270.11627960205,
    "17": 8351.30723285675,
    "18": 8497.041274547577,
    "19": 8458.22023153305,
    "20": 8588.811478614807,
    "21": 8545.450637817383,
    "22": 8574.52723121643,
    "23": 8604.390811920166,
    "24": 8661.599353790283,
    "25": 8740.415516853333,
    "26": 8744.596531867981,
    "27": 8729.14224767685,
    "28": 8728.87737941742,
    "29": 8779.474666595459,
    "30": 8766.027643203735,
    "31": 8692.059830188751,
    "32": 9050.427415370941
  },
  "mdl_nll": {
    "0": 0.693038899368345,
    "1": 0.6931333958067885,
    "2": 0.6934190429120919,
    "3": 0.6907957502881763,
    "4": 0.6679727679673355,
    "5": 0.6517293732433682,
    "6": 0.6488148012776189,
    "7": 0.6327607610331452,
    "8": 0.6142710719630224,
    "9": 0.5842936944948408,
    "10": 0.5530580528250868,
    "11": 0.5552953606993412,
    "12": 0.5563199333199853,
    "13": 0.5548631603082503,
    "14": 0.5584606184516606,
    "15": 0.5643782617632566,
    "16": 0.5697241856986808,
    "17": 0.5753173899735982,
    "18": 0.5853569354193702,
    "19": 0.5826825731284824,
    "20": 0.5916789390062557,
    "21": 0.5886918323103736,
    "22": 0.5906949043273926,
    "23": 0.5927521915073137,
    "24": 0.5966932594234143,
    "25": 0.6021228655864792,
    "26": 0.6024108936255154,
    "27": 0.6013462556955669,
    "28": 0.6013280090532804,
    "29": 0.6048136309310732,
    "30": 0.6038872721964547,
    "31": 0.598791666450038,
    "32": 0.6234794306538262
  },
  "stopping_epochs_per_stage": {
    "0": [
      1,
      14,
      8,
      1
    ],
    "1": [
      1,
      2,
      6,
      1
    ],
    "2": [
      1,
      2,
      2,
      2
    ],
    "3": [
      2,
      1,
      2,
      9
    ],
    "4": [
      5,
      13,
      14,
      12
    ],
    "5": [
      7,
      12,
      15,
      14
    ],
    "6": [
      14,
      15,
      9,
      9
    ],
    "7": [
      14,
      11,
      10,
      8
    ],
    "8": [
      12,
      13,
      13,
      5
    ],
    "9": [
      19,
      7,
      14,
      8
    ],
    "10": [
      18,
      14,
      9,
      9
    ],
    "11": [
      12,
      11,
      8,
      6
    ],
    "12": [
      19,
      9,
      9,
      5
    ],
    "13": [
      13,
      11,
      7,
      8
    ],
    "14": [
      9,
      6,
      5,
      9
    ],
    "15": [
      11,
      8,
      9,
      7
    ],
    "16": [
      13,
      9,
      8,
      7
    ],
    "17": [
      13,
      13,
      6,
      8
    ],
    "18": [
      9,
      7,
      5,
      7
    ],
    "19": [
      6,
      14,
      7,
      10
    ],
    "20": [
      8,
      8,
      4,
      6
    ],
    "21": [
      3,
      11,
      7,
      7
    ],
    "22": [
      8,
      11,
      9,
      9
    ],
    "23": [
      11,
      18,
      15,
      7
    ],
    "24": [
      10,
      20,
      6,
      6
    ],
    "25": [
      1,
      12,
      8,
      9
    ],
    "26": [
      9,
      9,
      9,
      4
    ],
    "27": [
      7,
      9,
      6,
      9
    ],
    "28": [
      9,
      4,
      11,
      7
    ],
    "29": [
      2,
      11,
      9,
      6
    ],
    "30": [
      14,
      7,
      12,
      6
    ],
    "31": [
      8,
      8,
      9,
      7
    ],
    "32": [
      10,
      1,
      4,
      2
    ]
  },
  "test_acc": {
    "0": 0.4997,
    "1": 0.5036,
    "2": 0.5263,
    "3": 0.5465,
    "4": 0.6072,
    "5": 0.6295,
    "6": 0.5942,
    "7": 0.65,
    "8": 0.6926,
    "9": 0.7019,
    "10": 0.7085,
    "11": 0.7339,
    "12": 0.7305,
    "13": 0.7289,
    "14": 0.7328,
    "15": 0.7206,
    "16": 0.722,
    "17": 0.7232,
    "18": 0.718,
    "19": 0.6934,
    "20": 0.7234,
    "21": 0.7089,
    "22": 0.7107,
    "23": 0.713,
    "24": 0.6985,
    "25": 0.7025,
    "26": 0.6829,
    "27": 0.703,
    "28": 0.6955,
    "29": 0.6941,
    "30": 0.6957,
    "31": 0.6864,
    "32": 0.6738
  },
  "test_loss": {
    "0": 0.6934331331253052,
    "1": 0.6934157123565674,
    "2": 0.6917876489639282,
    "3": 0.6894023313522338,
    "4": 0.6667240714073182,
    "5": 0.649190763092041,
    "6": 0.7004728195190429,
    "7": 0.635937188911438,
    "8": 0.5960277318954468,
    "9": 0.5913930124282837,
    "10": 0.5985937815189362,
    "11": 0.5555165747642518,
    "12": 0.5630944721698761,
    "13": 0.5598662009716034,
    "14": 0.5608194240093232,
    "15": 0.5763359266281128,
    "16": 0.5721379540920257,
    "17": 0.5581506801605225,
    "18": 0.5682774235725403,
    "19": 0.599148042678833,
    "20": 0.5605805514335632,
    "21": 0.5911559195518493,
    "22": 0.5829494359016418,
    "23": 0.5729699070453644,
    "24": 0.591929277420044,
    "25": 0.5912565741539001,
    "26": 0.6541303767204285,
    "27": 0.6143059938430786,
    "28": 0.6136864789009094,
    "29": 0.5990844557762146,
    "30": 0.6269766923904418,
    "31": 0.6026475738525391,
    "32": 0.6622379400253295
  },
  "drift_final_total_l2": {
    "0": 70.08222198486328,
    "1": 296.37664794921875,
    "2": 357.50018310546875,
    "3": 513.4451904296875,
    "4": 660.8658447265625,
    "5": 609.1190795898438,
    "6": 775.8132934570312,
    "7": 647.4539184570312,
    "8": 748.03076171875,
    "9": 777.6611328125,
    "10": 777.1364135742188,
    "11": 752.4313354492188,
    "12": 745.9913940429688,
    "13": 728.33544921875,
    "14": 703.6931762695312,
    "15": 697.4835815429688,
    "16": 690.1122436523438,
    "17": 558.8914184570312,
    "18": 590.4765014648438,
    "19": 600.2538452148438,
    "20": 449.15283203125,
    "21": 631.709228515625,
    "22": 647.9866333007812,
    "23": 435.2565612792969,
    "24": 512.7870483398438,
    "25": 521.7662963867188,
    "26": 523.4386596679688,
    "27": 568.6748657226562,
    "28": 380.22589111328125,
    "29": 321.247802734375,
    "30": 472.78033447265625,
    "31": 299.0400085449219,
    "32": 376.0368957519531
  },
  "probe_type": "mlp",
  "probe_hidden_size": [
    2048
  ],
  "init_strategy": "mup",
  "init_gamma": null,