{
  "config": {
    "model_short": "llama",
    "task_name": "somo",
    "dataset": {
      "train": "cache/llama/somo_train/",
      "test": "cache/llama/somo_test/"
    },
    "mdl": {
      "batch_size": 64,
      "probe_type": "mlp",
      "probe_hidden_size": [
        512
      ],
      "num_classes": 2,
      "init_strategy": "gamma_second_zero",
      "init_gamma": 1.5,
      "optimizer": "adamw",
      "train_epochs": 10,
      "lr": 0.001,
      "seed": 442,
      "early_stopping_gap": 3,
      "split_num": 5,
      "split_ratio": 2.0
    },
    "out_dir": "init_results/llama/somo/hidden-512/seed-442/strategy-gamma_second_zero/gamma-1.5/2026-04-21_04-22-15"
  },
  "train_meta": {
    "dataset": "compling/somo",
    "split": "train",
    "text_col": "text",
    "model": "meta-llama/Meta-Llama-3.1-8B",
    "max_len": 64,
    "hidden_size": 4096,
    "num_hidden_layers": 32,
    "num_states": 33,
    "memmap_file": "last_token_hidden_states.memmap",
    "dtype": "float32",
    "shape": [
      15000,
      33,
      4096
    ]
  },
  "test_meta": {
    "dataset": "compling/somo",
    "split": "test",
    "text_col": "text",
    "model": "meta-llama/Meta-Llama-3.1-8B",
    "max_len": 64,
    "hidden_size": 4096,
    "num_hidden_layers": 32,
    "num_states": 33,
    "memmap_file": "last_token_hidden_states.memmap",
    "dtype": "float32",
    "shape": [
      10000,
      33,
      4096
    ]
  },
  "splits": [
    484,
    968,
    1936,
    3872,
    7740
  ],
  "mdl_sum_ce": {
    "0": 10061.155398368835,
    "1": 10060.699523925781,
    "2": 10061.141531467438,
    "3": 10034.37335062027,
    "4": 9751.46633720398,
    "5": 9473.71916103363,
    "6": 9480.399161815643,
    "7": 9280.65560913086,
    "8": 8981.07061958313,
    "9": 8571.618378639221,
    "10": 8148.831632614136,
    "11": 8161.896171569824,
    "12": 8126.674296617508,
    "13": 8240.416429042816,
    "14": 8290.095006465912,
    "15": 8337.60923910141,
    "16": 8388.26902794838,
    "17": 8403.695556163788,
    "18": 8518.569461345673,
    "19": 8597.751967430115,
    "20": 8569.444682121277,
    "21": 8609.531375408173,
    "22": 8667.029622077942,
    "23": 8718.604826450348,
    "24": 8739.154391765594,
    "25": 8924.967285633087,
    "26": 8803.040717124939,
    "27": 8764.68288898468,
    "28": 8760.583754062653,
    "29": 8936.263527870178,
    "30": 8791.470412254333,
    "31": 8762.479969501495,
    "32": 8922.922982215881
  },
  "mdl_nll": {
    "0": 0.6931079772918735,
    "1": 0.6930765723288634,
    "2": 0.6931070220079525,
    "3": 0.6912629753802886,
    "4": 0.6717736523287393,
    "5": 0.6526397878915424,
    "6": 0.6530999698136982,
    "7": 0.6393397360933356,
    "8": 0.6187014755843986,
    "9": 0.5904945149241679,
    "10": 0.5613689468596126,
    "11": 0.5622689564322007,
    "12": 0.5598425390339975,
    "13": 0.5676781778067523,
    "14": 0.5711005102277427,
    "15": 0.5743737420158039,
    "16": 0.577863669602396,
    "17": 0.5789263954370204,
    "18": 0.5868400014704928,
    "19": 0.5922948448215841,
    "20": 0.5903447700551996,
    "21": 0.5931063223620952,
    "22": 0.5970673478973506,
    "23": 0.6006203380029174,
    "24": 0.6020359873081836,
    "25": 0.6148365448906784,
    "26": 0.606437084398246,
    "27": 0.6037946327490135,
    "28": 0.6035122453887195,
    "29": 0.615614737384278,
    "30": 0.6056400118665152,
    "31": 0.603642874724545,
    "32": 0.6146957138478838
  },
  "stopping_epochs_per_stage": {
    "0": [
      1,
      1,
      6,
      1
    ],
    "1": [
      3,
      1,
      5,
      1
    ],
    "2": [
      1,
      1,
      6,
      2
    ],
    "3": [
      2,
      2,
      3,
      10
    ],
    "4": [
      1,
      6,
      8,
      9
    ],
    "5": [
      6,
      8,
      10,
      6
    ],
    "6": [
      1,
      9,
      7,
      6
    ],
    "7": [
      2,
      8,
      8,
      6
    ],
    "8": [
      4,
      9,
      5,
      3
    ],
    "9": [
      8,
      10,
      4,
      6
    ],
    "10": [
      10,
      6,
      4,
      7
    ],
    "11": [
      5,
      3,
      6,
      3
    ],
    "12": [
      9,
      6,
      5,
      4
    ],
    "13": [
      1,
      5,
      6,
      2
    ],
    "14": [
      6,
      5,
      5,
      4
    ],
    "15": [
      4,
      5,
      2,
      4
    ],
    "16": [
      7,
      4,
      6,
      5
    ],
    "17": [
      9,
      5,
      6,
      6
    ],
    "18": [
      1,
      8,
      4,
      4
    ],
    "19": [
      5,
      6,
      7,
      2
    ],
    "20": [
      6,
      6,
      7,
      5
    ],
    "21": [
      5,
      7,
      7,
      8
    ],
    "22": [
      4,
      7,
      5,
      5
    ],
    "23": [
      4,
      6,
      5,
      8
    ],
    "24": [
      2,
      5,
      6,
      4
    ],
    "25": [
      6,
      5,
      5,
      3
    ],
    "26": [
      4,
      6,
      7,
      7
    ],
    "27": [
      2,
      9,
      7,
      4
    ],
    "28": [
      5,
      4,
      6,
      4
    ],
    "29": [
      3,
      6,
      3,
      2
    ],
    "30": [
      6,
      6,
      6,
      4
    ],
    "31": [
      2,
      5,
      4,
      5
    ],
    "32": [
      6,
      6,
      5,
      4
    ]
  },
  "test_acc": {
    "0": 0.5013,
    "1": 0.5058,
    "2": 0.5203,
    "3": 0.5482,
    "4": 0.6098,
    "5": 0.6336,
    "6": 0.6536,
    "7": 0.6637,
    "8": 0.6862,
    "9": 0.701,
    "10": 0.7279,
    "11": 0.7293,
    "12": 0.7196,
    "13": 0.7231,
    "14": 0.7191,
    "15": 0.7237,
    "16": 0.725,
    "17": 0.7086,
    "18": 0.7207,
    "19": 0.7209,
    "20": 0.7039,
    "21": 0.6785,
    "22": 0.7081,
    "23": 0.6841,
    "24": 0.7085,
    "25": 0.6982,
    "26": 0.6745,
    "27": 0.6636,
    "28": 0.7046,
    "29": 0.6946,
    "30": 0.6828,
    "31": 0.6946,
    "32": 0.686
  },
  "test_loss": {
    "0": 0.6931957627296448,
    "1": 0.6932843991279602,
    "2": 0.6926617499351502,
    "3": 0.6869028538703918,
    "4": 0.6552744771003723,
    "5": 0.6409385347366333,
    "6": 0.6298195966720581,
    "7": 0.619716023349762,
    "8": 0.5971126052856446,
    "9": 0.5820036005973815,
    "10": 0.5541062140464783,
    "11": 0.5502426788330078,
    "12": 0.5569894058704377,
    "13": 0.5725794069290161,
    "14": 0.5990732898235321,
    "15": 0.5666021466732025,
    "16": 0.5568760755062103,
    "17": 0.5673317788124085,
    "18": 0.5649364237785339,
    "19": 0.5612760097980499,
    "20": 0.5828474323272705,
    "21": 0.6140598923683166,
    "22": 0.5825071162223816,
    "23": 0.6151601720809936,
    "24": 0.580787395477295,
    "25": 0.5912886992454529,
    "26": 0.6271606977462768,
    "27": 0.6220175681114197,
    "28": 0.6007223438739777,
    "29": 0.6083985783576965,
    "30": 0.6276476633071899,
    "31": 0.5988617118835449,
    "32": 0.5947856680393219
  },
  "drift_final_total_l2": {
    "0": 7.222834587097168,
    "1": 17.026836395263672,
    "2": 15.368894577026367,
    "3": 17.8641414642334,
    "4": 19.16352081298828,
    "5": 20.20050811767578,
    "6": 27.43239402770996,
    "7": 26.456777572631836,
    "8": 25.17854881286621,
    "9": 30.82320213317871,
    "10": 42.07099914550781,
    "11": 42.374046325683594,
    "12": 49.83530044555664,
    "13": 57.3661003112793,
    "14": 37.21965026855469,
    "15": 47.206417083740234,
    "16": 26.528526306152344,
    "17": 32.8327751159668,
    "18": 28.132320404052734,
    "19": 23.26700782775879,
    "20": 19.76873016357422,
    "21": 28.160310745239258,
    "22": 25.57367706298828,
    "23": 25.50295639038086,
    "24": 19.2396297454834,
    "25": 22.537986755371094,
    "26": 18.109716415405273,
    "27": 23.172042846679688,
    "28": 25.3053035736084,
    "29": 21.118343353271484,
    "30": 22.867990493774414,
    "31": 14.768375396728516,
    "32": 19.674705505371094
  },
  "probe_type": "mlp",
  "probe_hidden_size": [
    512
  ],
  "init_strategy": "gamma_second_zero",
  "init_gamma": 1.5,