{
  "config": {
    "model_short": "llama",
    "task_name": "somo",
    "dataset": {
      "train": "cache/llama/somo_train/",
      "test": "cache/llama/somo_test/"
    },
    "mdl": {
      "batch_size": 64,
      "probe_type": "mlp",
      "probe_hidden_size": [
        1024
      ],
      "num_classes": 2,
      "init_strategy": "mup",
      "init_gamma": null,
      "optimizer": "adam",
      "train_epochs": 20,
      "lr": 0.00390625,
      "seed": 242,
      "early_stopping_gap": 3,
      "split_num": 5,
      "split_ratio": 2.0
    },
    "out_dir": "muP_results/llama/somo/hidden-1024/seed-242/strategy-mup/opt-adam/2026-04-28_20-08-49"
  },
  "train_meta": {
    "dataset": "compling/somo",
    "split": "train",
    "text_col": "text",
    "model": "meta-llama/Meta-Llama-3.1-8B",
    "max_len": 64,
    "hidden_size": 4096,
    "num_hidden_layers": 32,
    "num_states": 33,
    "memmap_file": "last_token_hidden_states.memmap",
    "dtype": "float32",
    "shape": [
      15000,
      33,
      4096
    ]
  },
  "test_meta": {
    "dataset": "compling/somo",
    "split": "test",
    "text_col": "text",
    "model": "meta-llama/Meta-Llama-3.1-8B",
    "max_len": 64,
    "hidden_size": 4096,
    "num_hidden_layers": 32,
    "num_states": 33,
    "memmap_file": "last_token_hidden_states.memmap",
    "dtype": "float32",
    "shape": [
      10000,
      33,
      4096
    ]
  },
  "splits": [
    484,
    968,
    1936,
    3872,
    7740
  ],
  "mdl_sum_ce": {
    "0": 10060.441109657288,
    "1": 10061.50082063675,
    "2": 10055.639785766602,
    "3": 9999.884537696838,
    "4": 9702.292963981628,
    "5": 9499.6903591156,
    "6": 9481.104645729065,
    "7": 9234.687385559082,
    "8": 8901.94760632515,
    "9": 8471.244326591492,
    "10": 8086.567800998688,
    "11": 8075.830389022827,
    "12": 8047.439590930939,
    "13": 8097.726457118988,
    "14": 8182.631290912628,
    "15": 8218.17286658287,
    "16": 8293.32050895691,
    "17": 8442.069640159607,
    "18": 8421.78282880783,
    "19": 8591.185703277588,
    "20": 8543.538045406342,
    "21": 8580.20885848999,
    "22": 8588.299821853638,
    "23": 8663.418021202087,
    "24": 8746.302556037903,
    "25": 8731.816464424133,
    "26": 8721.84095954895,
    "27": 8714.305181026459,
    "28": 8883.669017791748,
    "29": 8826.400017738342,
    "30": 8767.05438709259,
    "31": 8778.760967254639,
    "32": 8904.866916656494
  },
  "mdl_nll": {
    "0": 0.6930587702987936,
    "1": 0.6931317732596273,
    "2": 0.6927280094906725,
    "3": 0.6888870582596334,
    "4": 0.6683861231731626,
    "5": 0.6544289307740149,
    "6": 0.6531485702486267,
    "7": 0.6361730080985866,
    "8": 0.6132507306644496,
    "9": 0.5835797965411609,
    "10": 0.5570796225543323,
    "11": 0.5563399275987068,
    "12": 0.5543840996783507,
    "13": 0.5578483368089686,
    "14": 0.5636973884618784,
    "15": 0.5661458298830856,
    "16": 0.5713227134855958,
    "17": 0.5815699669440346,
    "18": 0.5801724186282606,
    "19": 0.5918424981591064,
    "20": 0.5885600747731015,
    "21": 0.5910863087964997,
    "22": 0.5916436912271726,
    "23": 0.5968185465143351,
    "24": 0.6025284207796847,
    "25": 0.601530481153495,
    "26": 0.6008432735980264,
    "27": 0.6003241375741567,
    "28": 0.6119915278170122,
    "29": 0.6080462949668188,
    "30": 0.6039580040708591,
    "31": 0.6047644645394488,
    "32": 0.6134518404971406
  },
  "stopping_epochs_per_stage": {
    "0": [
      4,
      3,
      3,
      5
    ],
    "1": [
      4,
      2,
      1,
      1
    ],
    "2": [
      2,
      4,
      2,
      11
    ],
    "3": [
      3,
      2,
      7,
      18
    ],
    "4": [
      10,
      7,
      18,
      13
    ],
    "5": [
      11,
      10,
      6,
      9
    ],
    "6": [
      16,
      15,
      7,
      6
    ],
    "7": [
      10,
      11,
      13,
      8
    ],
    "8": [
      17,
      13,
      8,
      5
    ],
    "9": [
      16,
      12,
      10,
      10
    ],
    "10": [
      18,
      7,
      5,
      5
    ],
    "11": [
      13,
      7,
      5,
      8
    ],
    "12": [
      15,
      10,
      12,
      7
    ],
    "13": [
      9,
      8,
      8,
      10
    ],
    "14": [
      9,
      17,
      8,
      4
    ],
    "15": [
      8,
      10,
      8,
      8
    ],
    "16": [
      9,
      9,
      10,
      8
    ],
    "17": [
      10,
      9,
      7,
      4
    ],
    "18": [
      10,
      5,
      7,
      9
    ],
    "19": [
      13,
      10,
      4,
      4
    ],
    "20": [
      16,
      6,
      7,
      7
    ],
    "21": [
      5,
      6,
      7,
      7
    ],
    "22": [
      5,
      7,
      7,
      9
    ],
    "23": [
      1,
      8,
      10,
      6
    ],
    "24": [
      6,
      13,
      6,
      4
    ],
    "25": [
      2,
      8,
      10,
      5
    ],
    "26": [
      6,
      13,
      8,
      6
    ],
    "27": [
      5,
      4,
      6,
      6
    ],
    "28": [
      4,
      7,
      5,
      2
    ],
    "29": [
      4,
      7,
      7,
      9
    ],
    "30": [
      6,
      5,
      8,
      5
    ],
    "31": [
      4,
      9,
      4,
      5
    ],
    "32": [
      4,
      6,
      4,
      7
    ]
  },
  "test_acc": {
    "0": 0.5013,
    "1": 0.502,
    "2": 0.5313,
    "3": 0.5494,
    "4": 0.604,
    "5": 0.6341,
    "6": 0.6494,
    "7": 0.6595,
    "8": 0.6906,
    "9": 0.7005,
    "10": 0.7229,
    "11": 0.7229,
    "12": 0.7231,
    "13": 0.7271,
    "14": 0.7354,
    "15": 0.7237,
    "16": 0.7172,
    "17": 0.7118,
    "18": 0.723,
    "19": 0.7179,
    "20": 0.7203,
    "21": 0.7169,
    "22": 0.6932,
    "23": 0.711,
    "24": 0.704,
    "25": 0.6957,
    "26": 0.6842,
    "27": 0.7098,
    "28": 0.7009,
    "29": 0.6918,
    "30": 0.6964,
    "31": 0.6915,
    "32": 0.6847
  },
  "test_loss": {
    "0": 0.6932830080032348,
    "1": 0.6936819674491882,
    "2": 0.6955159624099732,
    "3": 0.6908070751190185,
    "4": 0.6672940643310546,
    "5": 0.6429325561523438,
    "6": 0.6346427186965943,
    "7": 0.6293084037780762,
    "8": 0.6061230928421021,
    "9": 0.5991199934005738,
    "10": 0.558316658115387,
    "11": 0.5737887749195099,
    "12": 0.5626341806888581,
    "13": 0.5725114975929261,
    "14": 0.5557013922691345,
    "15": 0.5896899890899658,
    "16": 0.5721285232543946,
    "17": 0.5856984735012054,
    "18": 0.5614043494224549,
    "19": 0.5693430044174195,
    "20": 0.575520841884613,
    "21": 0.5778389805316925,
    "22": 0.6096411450386048,
    "23": 0.5885651183128356,
    "24": 0.5809745348930359,
    "25": 0.6162323421478272,
    "26": 0.6321898431777954,
    "27": 0.5874105794906617,
    "28": 0.610611835193634,
    "29": 0.6301097610473633,
    "30": 0.603665768480301,
    "31": 0.6169802431106567,
    "32": 0.6148918653488159
  },
  "drift_final_total_l2": {
    "0": 38.08447265625,
    "1": 220.37548828125,
    "2": 446.329345703125,
    "3": 454.5638427734375,
    "4": 461.3709411621094,
    "5": 436.0282287597656,
    "6": 518.2274780273438,
    "7": 477.89874267578125,
    "8": 479.412109375,
    "9": 554.0355834960938,
    "10": 521.1385498046875,
    "11": 586.8108520507812,
    "12": 533.5813598632812,
    "13": 610.4644775390625,
    "14": 454.2755126953125,
    "15": 550.6102905273438,
    "16": 472.2579345703125,
    "17": 499.458251953125,
    "18": 440.7239685058594,
    "19": 396.9525146484375,
    "20": 420.2843017578125,
    "21": 421.8465881347656,
    "22": 435.30548095703125,
    "23": 416.10321044921875,
    "24": 267.28778076171875,
    "25": 361.9895935058594,
    "26": 403.38812255859375,
    "27": 273.9591979980469,
    "28": 310.538330078125,
    "29": 378.096435546875,
    "30": 265.9866027832031,
    "31": 302.3930358886719,
    "32": 154.3355712890625
  },
  "probe_type": "mlp",
  "probe_hidden_size": [
    1024
  ],
  "init_strategy": "mup",
  "init_gamma": null,
  "effective_lr": {
    "hidden": 0.00390625,