{
  "config": {
    "model_short": "llama",
    "task_name": "somo",
    "dataset": {
      "train": "cache/llama/somo_train/",
      "test": "cache/llama/somo_test/"
    },
    "mdl": {
      "batch_size": 64,
      "probe_type": "mlp",
      "probe_hidden_size": [
        64
      ],
      "num_classes": 2,
      "init_strategy": "gamma_second_zero",
      "init_gamma": 0.9,
      "optimizer": "adamw",
      "train_epochs": 10,
      "lr": 0.001,
      "seed": 442,
      "early_stopping_gap": 3,
      "split_num": 5,
      "split_ratio": 2.0
    },
    "out_dir": "init_results/llama/somo/hidden-64/seed-442/strategy-gamma_second_zero/gamma-0.9/opt-adamw/2026-04-25_03-37-46"
  },
  "train_meta": {
    "dataset": "compling/somo",
    "split": "train",
    "text_col": "text",
    "model": "meta-llama/Meta-Llama-3.1-8B",
    "max_len": 64,
    "hidden_size": 4096,
    "num_hidden_layers": 32,
    "num_states": 33,
    "memmap_file": "last_token_hidden_states.memmap",
    "dtype": "float32",
    "shape": [
      15000,
      33,
      4096
    ]
  },
  "test_meta": {
    "dataset": "compling/somo",
    "split": "test",
    "text_col": "text",
    "model": "meta-llama/Meta-Llama-3.1-8B",
    "max_len": 64,
    "hidden_size": 4096,
    "num_hidden_layers": 32,
    "num_states": 33,
    "memmap_file": "last_token_hidden_states.memmap",
    "dtype": "float32",
    "shape": [
      10000,
      33,
      4096
    ]
  },
  "splits": [
    484,
    968,
    1936,
    3872,
    7740
  ],
  "mdl_sum_ce": {
    "0": 10060.75298500061,
    "1": 10061.291107654572,
    "2": 10056.467357635498,
    "3": 10008.0419049263,
    "4": 9762.094164848328,
    "5": 9596.02204465866,
    "6": 9468.77111005783,
    "7": 9287.82626247406,
    "8": 8944.57912826538,
    "9": 8627.41583442688,
    "10": 8234.975807189941,
    "11": 8134.0315017700195,
    "12": 8051.208546876907,
    "13": 8127.810386896133,
    "14": 8120.30256986618,
    "15": 8321.430860042572,
    "16": 8320.575038909912,
    "17": 8408.852942943573,
    "18": 8460.211904525757,
    "19": 8593.090455055237,
    "20": 8730.068784713745,
    "21": 8594.071634292603,
    "22": 8625.787738800049,
    "23": 8696.912983894348,
    "24": 8772.957369804382,
    "25": 8802.32370376587,
    "26": 8725.977109909058,
    "27": 8784.566944122314,
    "28": 8866.222599029541,
    "29": 8792.242559432983,
    "30": 8788.34290599823,
    "31": 8714.989478588104,
    "32": 8910.678065776825
  },
  "mdl_nll": {
    "0": 0.6930802552356441,
    "1": 0.6931173262368815,
    "2": 0.692785020503961,
    "3": 0.6894490152195026,
    "4": 0.6725057980744232,
    "5": 0.6610651725446859,
    "6": 0.6522989191277094,
    "7": 0.6398337188257137,
    "8": 0.6161875949480147,
    "9": 0.5943383738238412,
    "10": 0.5673033760808722,
    "11": 0.5603493732274745,
    "12": 0.554643741173664,
    "13": 0.5599208037266556,
    "14": 0.5594035939560609,
    "15": 0.5732592215515687,
    "16": 0.5732002644605891,
    "17": 0.5792816852399816,
    "18": 0.5828197784875832,
    "19": 0.5919737155590546,
    "20": 0.601410084369919,
    "21": 0.5920413085073438,
    "22": 0.5942262151281379,
    "23": 0.5991259977882577,
    "24": 0.6043646576057028,
    "25": 0.6063876897055572,
    "26": 0.6011282109333879,
    "27": 0.605164435390074,
    "28": 0.6107896527300594,
    "29": 0.6056932047005362,
    "30": 0.6054245595204072,
    "31": 0.6003712784918782,
    "32": 0.6138521676616716
  },
  "stopping_epochs_per_stage": {
    "0": [
      1,
      1,
      6,
      1
    ],
    "1": [
      1,
      1,
      2,
      1
    ],
    "2": [
      1,
      2,
      5,
      5
    ],
    "3": [
      1,
      1,
      8,
      10
    ],
    "4": [
      2,
      10,
      9,
      5
    ],
    "5": [
      1,
      10,
      10,
      10
    ],
    "6": [
      1,
      10,
      9,
      8
    ],
    "7": [
      8,
      9,
      9,
      7
    ],
    "8": [
      1,
      9,
      10,
      7
    ],
    "9": [
      9,
      9,
      9,
      8
    ],
    "10": [
      10,
      7,
      9,
      2
    ],
    "11": [
      9,
      9,
      4,
      5
    ],
    "12": [
      10,
      5,
      9,
      5
    ],
    "13": [
      10,
      9,
      6,
      5
    ],
    "14": [
      10,
      6,
      6,
      4
    ],
    "15": [
      9,
      4,
      10,
      5
    ],
    "16": [
      10,
      10,
      7,
      5
    ],
    "17": [
      9,
      7,
      9,
      9
    ],
    "18": [
      6,
      9,
      8,
      7
    ],
    "19": [
      1,
      8,
      6,
      8
    ],
    "20": [
      5,
      6,
      6,
      8
    ],
    "21": [
      10,
      6,
      9,
      8
    ],
    "22": [
      1,
      5,
      9,
      7
    ],
    "23": [
      8,
      7,
      4,
      5
    ],
    "24": [
      10,
      9,
      4,
      4
    ],
    "25": [
      1,
      6,
      9,
      5
    ],
    "26": [
      2,
      5,
      8,
      6
    ],
    "27": [
      5,
      5,
      8,
      7
    ],
    "28": [
      4,
      8,
      8,
      5
    ],
    "29": [
      8,
      6,
      6,
      3
    ],
    "30": [
      8,
      8,
      8,
      4
    ],
    "31": [
      8,
      4,
      10,
      5
    ],
    "32": [
      6,
      6,
      4,
      6
    ]
  },
  "test_acc": {
    "0": 0.5013,
    "1": 0.4957,
    "2": 0.5091,
    "3": 0.5496,
    "4": 0.6048,
    "5": 0.63,
    "6": 0.6469,
    "7": 0.6671,
    "8": 0.6929,
    "9": 0.7085,
    "10": 0.732,
    "11": 0.7276,
    "12": 0.7307,
    "13": 0.7309,
    "14": 0.725,
    "15": 0.7296,
    "16": 0.7309,
    "17": 0.7169,
    "18": 0.6987,
    "19": 0.723,
    "20": 0.7176,
    "21": 0.6917,
    "22": 0.7173,
    "23": 0.6804,
    "24": 0.679,
    "25": 0.7073,
    "26": 0.7075,
    "27": 0.7092,
    "28": 0.6992,
    "29": 0.704,
    "30": 0.6888,
    "31": 0.6974,
    "32": 0.6797
  },
  "test_loss": {
    "0": 0.6932747680664062,
    "1": 0.6937289131164551,
    "2": 0.6957647563934326,
    "3": 0.6849916439056396,
    "4": 0.6565246217727662,
    "5": 0.6479162641525269,
    "6": 0.6269937947273254,
    "7": 0.6123310237884522,
    "8": 0.5852085520744323,
    "9": 0.5741608525276184,
    "10": 0.5363882576942444,
    "11": 0.550325175333023,
    "12": 0.5420121454238892,
    "13": 0.5382646886825562,
    "14": 0.5727414484024048,
    "15": 0.538889830160141,
    "16": 0.5520934807777405,
    "17": 0.5591157587051392,
    "18": 0.5887892154693604,
    "19": 0.5533900396347046,
    "20": 0.5573185212135315,
    "21": 0.589808910369873,
    "22": 0.562529007768631,
    "23": 0.6295524348258972,
    "24": 0.6009078818321228,
    "25": 0.5700392175674438,
    "26": 0.5829709677696228,
    "27": 0.5706573231220246,
    "28": 0.5904597204208374,
    "29": 0.5747080769538879,
    "30": 0.5943292609691619,
    "31": 0.584003631401062,
    "32": 0.6043025532722474
  },
  "drift_final_total_l2": {
    "0": 3.1670241355895996,
    "1": 10.360995292663574,
    "2": 12.024589538574219,
    "3": 14.67768669128418,
    "4": 12.024983406066895,
    "5": 14.318740844726562,
    "6": 15.426087379455566,
    "7": 17.664386749267578,
    "8": 17.814342498779297,
    "9": 21.12372589111328,
    "10": 16.770841598510742,
    "11": 19.21231460571289,
    "12": 20.888357162475586,
    "13": 24.320585250854492,
    "14": 18.395864486694336,
    "15": 14.291085243225098,
    "16": 11.714591979980469,
    "17": 17.054210662841797,
    "18": 22.235204696655273,
    "19": 12.92070198059082,
    "20": 10.825572967529297,
    "21": 19.53619384765625,
    "22": 15.890235900878906,
    "23": 16.67361831665039,
    "24": 10.889132499694824,
    "25": 10.293463706970215,
    "26": 13.373539924621582,
    "27": 12.085230827331543,
    "28": 15.946287155151367,
    "29": 6.262004852294922,
    "30": 10.241226196289062,
    "31": 16.2383975982666,
    "32": 12.40915298461914
  },
  "probe_type": "mlp",
  "probe_hidden_size": [
    64
  ],
  "init_strategy": "gamma_second_zero",
  "init_gamma": 0.9,