{
  "config": {
    "model_short": "llama",
    "task_name": "somo",
    "dataset": {
      "train": "cache/llama/somo_train/",
      "test": "cache/llama/somo_test/"
    },
    "mdl": {
      "batch_size": 64,
      "probe_type": "mlp",
      "probe_hidden_size": [
        16
      ],
      "num_classes": 2,
      "init_strategy": "gamma",
      "init_gamma": 0.6,
      "optimizer": "adamw",
      "train_epochs": 10,
      "lr": 0.001,
      "seed": 342,
      "early_stopping_gap": 3,
      "split_num": 5,
      "split_ratio": 2.0
    },
    "out_dir": "init_results/llama/somo/hidden-16/seed-342/strategy-gamma/gamma-0.6/opt-adamw/2026-04-22_03-06-01"
  },
  "train_meta": {
    "dataset": "compling/somo",
    "split": "train",
    "text_col": "text",
    "model": "meta-llama/Meta-Llama-3.1-8B",
    "max_len": 64,
    "hidden_size": 4096,
    "num_hidden_layers": 32,
    "num_states": 33,
    "memmap_file": "last_token_hidden_states.memmap",
    "dtype": "float32",
    "shape": [
      15000,
      33,
      4096
    ]
  },
  "test_meta": {
    "dataset": "compling/somo",
    "split": "test",
    "text_col": "text",
    "model": "meta-llama/Meta-Llama-3.1-8B",
    "max_len": 64,
    "hidden_size": 4096,
    "num_hidden_layers": 32,
    "num_states": 33,
    "memmap_file": "last_token_hidden_states.memmap",
    "dtype": "float32",
    "shape": [
      10000,
      33,
      4096
    ]
  },
  "splits": [
    484,
    968,
    1936,
    3872,
    7740
  ],
  "mdl_sum_ce": {
    "0": 10061.085017204285,
    "1": 10061.160513877869,
    "2": 10052.569962024689,
    "3": 10030.334557056427,
    "4": 9825.28198814392,
    "5": 9656.877549648285,
    "6": 9560.88714647293,
    "7": 9297.973772525787,
    "8": 9139.706614494324,
    "9": 8595.98428106308,
    "10": 8130.083950042725,
    "11": 8197.436398506165,
    "12": 8091.956576347351,
    "13": 8115.9587342739105,
    "14": 8116.687887430191,
    "15": 8359.673839092255,
    "16": 8280.882551193237,
    "17": 8477.214218139648,
    "18": 8479.662693977356,
    "19": 8507.56348323822,
    "20": 8547.91385602951,
    "21": 8600.632961273193,
    "22": 8816.041552066803,
    "23": 8777.550863265991,
    "24": 8691.669306278229,
    "25": 8769.801414966583,
    "26": 9135.232993602753,
    "27": 9632.175085544586,
    "28": 8755.071060657501,
    "29": 8799.477809906006,
    "30": 9648.629668235779,
    "31": 8957.6082406044,
    "32": 9083.142564296722
  },
  "mdl_nll": {
    "0": 0.6931031287685508,
    "1": 0.6931083296967394,
    "2": 0.6925165308641974,
    "3": 0.6909847449060641,
    "4": 0.6768587757056986,
    "5": 0.6652574779311301,
    "6": 0.6586447469325524,
    "7": 0.6405327757320052,
    "8": 0.6296298301525437,
    "9": 0.5921730697894103,
    "10": 0.560077428357862,
    "11": 0.5647173049398019,
    "12": 0.5574508526003962,
    "13": 0.5591043492886408,
    "14": 0.5591545802859046,
    "15": 0.5758937613042335,
    "16": 0.5704658687788121,
    "17": 0.5839910593923704,
    "18": 0.5841597336716283,
    "19": 0.5860818051280119,
    "20": 0.5888615221844523,
    "21": 0.5924933150505093,
    "22": 0.6073327054330947,
    "23": 0.6046811010792223,
    "24": 0.5987647634526198,
    "25": 0.6041472454509909,
    "26": 0.6293216446405865,
    "27": 0.663555737499627,
    "28": 0.6031324786895496,
    "29": 0.6061916374969692,
    "30": 0.6646892854943358,
    "31": 0.6170851639986498,
    "32": 0.6257331609463159
  },
  "stopping_epochs_per_stage": {
    "0": [
      1,
      4,
      1,
      1
    ],
    "1": [
      1,
      1,
      2,
      4
    ],
    "2": [
      3,
      1,
      1,
      10
    ],
    "3": [
      1,
      1,
      1,
      10
    ],
    "4": [
      5,
      2,
      9,
      10
    ],
    "5": [
      6,
      1,
      10,
      9
    ],
    "6": [
      10,
      9,
      9,
      5
    ],
    "7": [
      10,
      1,
      9,
      10
    ],
    "8": [
      10,
      1,
      10,
      9
    ],
    "9": [
      7,
      10,
      10,
      7
    ],
    "10": [
      10,
      10,
      3,
      10
    ],
    "11": [
      8,
      9,
      5,
      9
    ],
    "12": [
      10,
      10,
      9,
      9
    ],
    "13": [
      9,
      10,
      10,
      8
    ],
    "14": [
      8,
      10,
      6,
      7
    ],
    "15": [
      9,
      8,
      8,
      10
    ],
    "16": [
      10,
      9,
      10,
      7
    ],
    "17": [
      9,
      9,
      9,
      7
    ],
    "18": [
      10,
      10,
      8,
      10
    ],
    "19": [
      7,
      10,
      5,
      6
    ],
    "20": [
      9,
      9,
      9,
      10
    ],
    "21": [
      4,
      10,
      9,
      9
    ],
    "22": [
      10,
      10,
      10,
      10
    ],
    "23": [
      4,
      9,
      9,
      5
    ],
    "24": [
      9,
      9,
      8,
      9
    ],
    "25": [
      9,
      10,
      6,
      8
    ],
    "26": [
      9,
      9,
      1,
      3
    ],
    "27": [
      8,
      8,
      9,
      4
    ],
    "28": [
      9,
      9,
      7,
      4
    ],
    "29": [
      2,
      5,
      4,
      9
    ],
    "30": [
      10,
      9,
      6,
      5
    ],
    "31": [
      10,
      9,
      6,
      1
    ],
    "32": [
      10,
      1,
      4,
      9
    ]
  },
  "test_acc": {
    "0": 0.5013,
    "1": 0.5096,
    "2": 0.523,
    "3": 0.5484,
    "4": 0.6016,
    "5": 0.644,
    "6": 0.6123,
    "7": 0.6592,
    "8": 0.6767,
    "9": 0.7056,
    "10": 0.7108,
    "11": 0.7335,
    "12": 0.7284,
    "13": 0.7313,
    "14": 0.7303,
    "15": 0.7282,
    "16": 0.7232,
    "17": 0.7271,
    "18": 0.7117,
    "19": 0.7202,
    "20": 0.7252,
    "21": 0.6914,
    "22": 0.7146,
    "23": 0.7101,
    "24": 0.7023,
    "25": 0.7056,
    "26": 0.7038,
    "27": 0.668,
    "28": 0.6823,
    "29": 0.6976,
    "30": 0.7032,
    "31": 0.672,
    "32": 0.6887
  },
  "test_loss": {
    "0": 0.6932300642967224,
    "1": 0.693164662361145,
    "2": 0.6919603409767151,
    "3": 0.6868559975624084,
    "4": 0.6590795677185058,
    "5": 0.6337241138458252,
    "6": 0.6611010967254639,
    "7": 0.6196982953071595,
    "8": 0.60376899061203,
    "9": 0.5793592915534973,
    "10": 0.5861052661895751,
    "11": 0.5398304369449616,
    "12": 0.5438428562164307,
    "13": 0.5340510280609131,
    "14": 0.5510036105155944,
    "15": 0.5469735053539276,
    "16": 0.5528445166110992,
    "17": 0.5526302074432373,
    "18": 0.5668434301376343,
    "19": 0.5595025752067566,
    "20": 0.5512117025375366,
    "21": 0.5844386185646057,
    "22": 0.5644605391025543,
    "23": 0.5645674120903015,
    "24": 0.5719043879508973,
    "25": 0.5760524698257447,
    "26": 0.581698015499115,
    "27": 0.6234138786315918,
    "28": 0.6003085287570953,
    "29": 0.5842460240364075,
    "30": 0.5779361830711365,
    "31": 0.6159740407466888,
    "32": 0.5863891162872314
  },
  "drift_final_total_l2": {
    "0": 1.24602472782135,
    "1": 6.551485061645508,
    "2": 8.293996810913086,
    "3": 10.961756706237793,
    "4": 12.663804054260254,
    "5": 12.88869571685791,
    "6": 6.624350070953369,
    "7": 9.761945724487305,
    "8": 13.208268165588379,
    "9": 11.865777969360352,
    "10": 14.361546516418457,
    "11": 13.13585376739502,
    "12": 12.842680931091309,
    "13": 12.331184387207031,
    "14": 13.592737197875977,
    "15": 9.51298999786377,
    "16": 6.165579319000244,
    "17": 6.326113224029541,
    "18": 7.303465843200684,
    "19": 8.38238525390625,
    "20": 9.955190658569336,
    "21": 7.0041046142578125,
    "22": 7.774957656860352,
    "23": 9.366141319274902,
    "24": 7.65708065032959,
    "25": 6.869961738586426,
    "26": 7.837576389312744,
    "27": 7.26557731628418,
    "28": 4.773946285247803,
    "29": 5.963412284851074,
    "30": 6.732283115386963,
    "31": 6.328908443450928,
    "32": 5.203799724578857
  },
  "probe_type": "mlp",
  "probe_hidden_size": [
    16
  ],
  "init_strategy": "gamma",
  "init_gamma": 0.6,
  "effective_lr": 0.001,