{
  "config": {
    "model_short": "llama",
    "task_name": "somo",
    "dataset": {
      "train": "cache/llama/somo_train/",
      "test": "cache/llama/somo_test/"
    },
    "mdl": {
      "batch_size": 64,
      "probe_type": "mlp",
      "probe_hidden_size": [
        45
      ],
      "num_classes": 2,
      "init_strategy": "gamma_second_zero",
      "init_gamma": 1.2,
      "optimizer": "adamw",
      "train_epochs": 10,
      "lr": 0.001,
      "seed": 42,
      "early_stopping_gap": 3,
      "split_num": 5,
      "split_ratio": 2.0
    },
    "out_dir": "init_results/llama/somo/hidden-45/seed-42/strategy-gamma_second_zero/gamma-1.2/opt-adamw/2026-04-25_03-18-14"
  },
  "train_meta": {
    "dataset": "compling/somo",
    "split": "train",
    "text_col": "text",
    "model": "meta-llama/Meta-Llama-3.1-8B",
    "max_len": 64,
    "hidden_size": 4096,
    "num_hidden_layers": 32,
    "num_states": 33,
    "memmap_file": "last_token_hidden_states.memmap",
    "dtype": "float32",
    "shape": [
      15000,
      33,
      4096
    ]
  },
  "test_meta": {
    "dataset": "compling/somo",
    "split": "test",
    "text_col": "text",
    "model": "meta-llama/Meta-Llama-3.1-8B",
    "max_len": 64,
    "hidden_size": 4096,
    "num_hidden_layers": 32,
    "num_states": 33,
    "memmap_file": "last_token_hidden_states.memmap",
    "dtype": "float32",
    "shape": [
      10000,
      33,
      4096
    ]
  },
  "splits": [
    484,
    968,
    1936,
    3872,
    7740
  ],
  "mdl_sum_ce": {
    "0": 10061.626978874207,
    "1": 10060.837799549103,
    "2": 10061.188737869263,
    "3": 10054.82696390152,
    "4": 9792.11243724823,
    "5": 9639.358713150024,
    "6": 9465.01828622818,
    "7": 9225.017526626587,
    "8": 9057.475162029266,
    "9": 8494.194659233093,
    "10": 8044.149862289429,
    "11": 8107.1056089401245,
    "12": 8108.027631759644,
    "13": 8107.615217208862,
    "14": 8154.4222412109375,
    "15": 8243.709399223328,
    "16": 8334.937496185303,
    "17": 8470.169854164124,
    "18": 8428.692715168,
    "19": 8585.101382732391,
    "20": 8627.672125816345,
    "21": 8576.598484992981,
    "22": 8594.63648891449,
    "23": 8633.974378585815,
    "24": 8730.969990730286,
    "25": 8719.662598609924,
    "26": 8707.912287712097,
    "27": 8819.389305114746,
    "28": 8736.642810344696,
    "29": 8816.746775627136,
    "30": 8752.79321050644,
    "31": 8752.49062538147,
    "32": 8869.3421459198
  },
  "mdl_nll": {
    "0": 0.693140464237683,
    "1": 0.6930860980675877,
    "2": 0.6931102740334295,
    "3": 0.69267201459779,
    "4": 0.6745737418881393,
    "5": 0.6640506140224597,
    "6": 0.6520403889658432,
    "7": 0.6355068563396656,
    "8": 0.6239649464059842,
    "9": 0.5851608335101331,
    "10": 0.5541574719130221,
    "11": 0.558494461899981,
    "12": 0.5585579795921496,
    "13": 0.5585295685594421,
    "14": 0.5617540810974744,
    "15": 0.567905028880086,
    "16": 0.5741896869788717,
    "17": 0.5835057766715434,
    "18": 0.5806484372532378,
    "19": 0.5914233523513635,
    "20": 0.5943560296098337,
    "21": 0.5908375919670006,
    "22": 0.5920802210605187,
    "23": 0.5947901886598109,
    "24": 0.601472168002913,
    "25": 0.6006932073994161,
    "26": 0.5998837343422497,
    "27": 0.6075633304708422,
    "28": 0.6018629657167743,
    "29": 0.6073812879324287,
    "30": 0.6029755587287434,
    "31": 0.6029547137904016,
    "32": 0.6110045567594241
  },
  "stopping_epochs_per_stage": {
    "0": [
      3,
      1,
      2,
      3
    ],
    "1": [
      2,
      1,
      4,
      5
    ],
    "2": [
      7,
      2,
      1,
      1
    ],
    "3": [
      8,
      8,
      1,
      1
    ],
    "4": [
      3,
      9,
      6,
      7
    ],
    "5": [
      10,
      10,
      1,
      9
    ],
    "6": [
      9,
      9,
      8,
      8
    ],
    "7": [
      7,
      10,
      9,
      10
    ],
    "8": [
      10,
      1,
      10,
      10
    ],
    "9": [
      9,
      10,
      6,
      8
    ],
    "10": [
      10,
      8,
      8,
      7
    ],
    "11": [
      10,
      6,
      6,
      7
    ],
    "12": [
      10,
      10,
      10,
      9
    ],
    "13": [
      10,
      8,
      4,
      4
    ],
    "14": [
      10,
      9,
      5,
      6
    ],
    "15": [
      9,
      7,
      4,
      9
    ],
    "16": [
      10,
      5,
      4,
      7
    ],
    "17": [
      8,
      7,
      7,
      8
    ],
    "18": [
      9,
      6,
      5,
      10
    ],
    "19": [
      9,
      10,
      7,
      7
    ],
    "20": [
      9,
      7,
      10,
      10
    ],
    "21": [
      8,
      9,
      9,
      5
    ],
    "22": [
      7,
      9,
      6,
      5
    ],
    "23": [
      7,
      9,
      9,
      8
    ],
    "24": [
      8,
      6,
      9,
      4
    ],
    "25": [
      7,
      9,
      6,
      6
    ],
    "26": [
      3,
      6,
      5,
      7
    ],
    "27": [
      4,
      7,
      6,
      4
    ],
    "28": [
      3,
      10,
      10,
      8
    ],
    "29": [
      2,
      7,
      5,
      6
    ],
    "30": [
      2,
      8,
      5,
      5
    ],
    "31": [
      6,
      9,
      5,
      7
    ],
    "32": [
      2,
      6,
      8,
      8
    ]
  },
  "test_acc": {
    "0": 0.5013,
    "1": 0.5013,
    "2": 0.5133,
    "3": 0.5526,
    "4": 0.5989,
    "5": 0.6398,
    "6": 0.6289,
    "7": 0.6621,
    "8": 0.6884,
    "9": 0.6832,
    "10": 0.7296,
    "11": 0.7301,
    "12": 0.7355,
    "13": 0.7347,
    "14": 0.7309,
    "15": 0.704,
    "16": 0.7229,
    "17": 0.7246,
    "18": 0.7123,
    "19": 0.7231,
    "20": 0.7143,
    "21": 0.7086,
    "22": 0.7169,
    "23": 0.6802,
    "24": 0.7104,
    "25": 0.6806,
    "26": 0.6776,
    "27": 0.7028,
    "28": 0.7066,
    "29": 0.7004,
    "30": 0.6948,
    "31": 0.6455,
    "32": 0.6865
  },
  "test_loss": {
    "0": 0.6932275236129761,
    "1": 0.693241997718811,
    "2": 0.6926498823165893,
    "3": 0.6845378080368042,
    "4": 0.671494033241272,
    "5": 0.6361177833557129,
    "6": 0.6424341201782227,
    "7": 0.6194246431350708,
    "8": 0.5913787695884705,
    "9": 0.6043002316474915,
    "10": 0.5457646583557129,
    "11": 0.5453125401496888,
    "12": 0.5367383998870849,
    "13": 0.534017591714859,
    "14": 0.5424824293613434,
    "15": 0.5855146523475647,
    "16": 0.5533266745567321,
    "17": 0.5559692636489868,
    "18": 0.5616638498306274,
    "19": 0.5496926448822022,
    "20": 0.561232410144806,
    "21": 0.5702086374759674,
    "22": 0.5579929782390595,
    "23": 0.602070055103302,
    "24": 0.5707922477722168,
    "25": 0.6002850185394287,
    "26": 0.5998973874568939,
    "27": 0.5784560669898987,
    "28": 0.57272827501297,
    "29": 0.5839210756778717,
    "30": 0.5940221769332886,
    "31": 0.6643063057899475,
    "32": 0.6127953351974488
  },
  "drift_final_total_l2": {
    "0": 1.9575753211975098,
    "1": 2.566556930541992,
    "2": 8.279765129089355,
    "3": 11.484659194946289,
    "4": 16.093576431274414,
    "5": 17.31708335876465,
    "6": 8.882832527160645,
    "7": 17.557836532592773,
    "8": 16.330753326416016,
    "9": 16.46902847290039,
    "10": 20.110597610473633,
    "11": 20.8339900970459,
    "12": 18.672109603881836,
    "13": 19.444351196289062,
    "14": 18.0154972076416,
    "15": 15.45379638671875,
    "16": 19.697023391723633,
    "17": 16.423463821411133,
    "18": 9.925416946411133,
    "19": 14.56714916229248,
    "20": 13.00084114074707,
    "21": 14.902366638183594,
    "22": 11.948177337646484,
    "23": 11.605691909790039,
    "24": 17.81667137145996,
    "25": 12.61007308959961,
    "26": 11.09392261505127,
    "27": 9.449262619018555,
    "28": 8.838101387023926,
    "29": 10.372138023376465,
    "30": 14.184186935424805,
    "31": 5.583498477935791,
    "32": 9.843276023864746
  },
  "probe_type": "mlp",
  "probe_hidden_size": [
    45
  ],
  "init_strategy": "gamma_second_zero",
  "init_gamma": 1.2,