{
  "config": {
    "model_short": "llama",
    "task_name": "somo",
    "dataset": {
      "train": "cache/llama/somo_train/",
      "test": "cache/llama/somo_test/"
    },
    "mdl": {
      "batch_size": 64,
      "probe_type": "mlp",
      "probe_hidden_size": [
        128
      ],
      "num_classes": 2,
      "init_strategy": "mf",
      "init_gamma": null,
      "optimizer": "sgd",
      "train_epochs": 10,
      "lr": 0.001,
      "seed": 242,
      "early_stopping_gap": 3,
      "split_num": 5,
      "split_ratio": 2.0
    },
    "out_dir": "init_results/llama/somo/hidden-128/seed-242/strategy-mf/gamma-na/opt-sgd/2026-04-21_06-23-57"
  },
  "train_meta": {
    "dataset": "compling/somo",
    "split": "train",
    "text_col": "text",
    "model": "meta-llama/Meta-Llama-3.1-8B",
    "max_len": 64,
    "hidden_size": 4096,
    "num_hidden_layers": 32,
    "num_states": 33,
    "memmap_file": "last_token_hidden_states.memmap",
    "dtype": "float32",
    "shape": [
      15000,
      33,
      4096
    ]
  },
  "test_meta": {
    "dataset": "compling/somo",
    "split": "test",
    "text_col": "text",
    "model": "meta-llama/Meta-Llama-3.1-8B",
    "max_len": 64,
    "hidden_size": 4096,
    "num_hidden_layers": 32,
    "num_states": 33,
    "memmap_file": "last_token_hidden_states.memmap",
    "dtype": "float32",
    "shape": [
      10000,
      33,
      4096
    ]
  },
  "splits": [
    484,
    968,
    1936,
    3872,
    7740
  ],
  "mdl_sum_ce": {
    "0": 10061.504923820496,
    "1": 10061.59225654602,
    "2": 10061.310030460358,
    "3": 10060.983423233032,
    "4": 10060.368362426758,
    "5": 10056.357563018799,
    "6": 10052.455471038818,
    "7": 10050.30653142929,
    "8": 10032.44294309616,
    "9": 10014.523519992828,
    "10": 9965.27894449234,
    "11": 9981.354725837708,
    "12": 9923.822128772736,
    "13": 9891.32757806778,
    "14": 9892.537292957306,
    "15": 9886.395726680756,
    "16": 9890.92861700058,
    "17": 9836.796914100647,
    "18": 9890.240944385529,
    "19": 9856.093742370605,
    "20": 9814.184080123901,
    "21": 9732.351136684418,
    "22": 9760.339537620544,
    "23": 9721.046011924744,
    "24": 9756.311012268066,
    "25": 9730.89135837555,
    "26": 9719.391811847687,
    "27": 9689.099145412445,
    "28": 9595.4590549469,
    "29": 9550.852446556091,
    "30": 9535.15091085434,
    "31": 9337.35887336731,
    "32": 9182.370115280151
  },
  "mdl_nll": {
    "0": 0.693132055925909,
    "1": 0.6931380722338124,
    "2": 0.6931186298195341,
    "3": 0.6930961300105423,
    "4": 0.6930537587783658,
    "5": 0.6927774568075777,
    "6": 0.6925086436372843,
    "7": 0.6923606042593891,
    "8": 0.6911299905687628,
    "9": 0.6898955304486655,
    "10": 0.6865030962036608,
    "11": 0.6876105487625866,
    "12": 0.6836471568457382,
    "13": 0.6814086234546555,
    "14": 0.6814919601100377,
    "15": 0.6810688706724136,
    "16": 0.681381139225722,
    "17": 0.6776520332116731,
    "18": 0.6813337658022547,
    "19": 0.6789813820867047,
    "20": 0.6760942463573919,
    "21": 0.6704568156988439,
    "22": 0.6723849226798391,
    "23": 0.6696780112926939,
    "24": 0.6721073995775741,
    "25": 0.6703562522992249,
    "26": 0.6695640542744342,
    "27": 0.6674772075924804,
    "28": 0.6610263884642394,
    "29": 0.6579534614601882,
    "30": 0.6568717904969923,
    "31": 0.6432459956852652,
    "32": 0.6325688974428322
  },
  "stopping_epochs_per_stage": {
    "0": [
      3,
      1,
      1,
      10
    ],
    "1": [
      9,
      1,
      1,
      10
    ],
    "2": [
      5,
      1,
      1,
      10
    ],
    "3": [
      10,
      1,
      1,
      10
    ],
    "4": [
      10,
      1,
      1,
      10
    ],
    "5": [
      9,
      1,
      10,
      10
    ],
    "6": [
      10,
      1,
      10,
      10
    ],
    "7": [
      10,
      1,
      10,
      10
    ],
    "8": [
      10,
      10,
      10,
      10
    ],
    "9": [
      10,
      10,
      10,
      10
    ],
    "10": [
      10,
      10,
      10,
      10
    ],
    "11": [
      10,
      10,
      10,
      10
    ],
    "12": [
      10,
      10,
      10,
      10
    ],
    "13": [
      10,
      10,
      10,
      10
    ],
    "14": [
      10,
      10,
      10,
      10
    ],
    "15": [
      10,
      10,
      10,
      10
    ],
    "16": [
      10,
      10,
      10,
      10
    ],
    "17": [
      9,
      9,
      10,
      10
    ],
    "18": [
      10,
      10,
      10,
      10
    ],
    "19": [
      10,
      10,
      10,
      10
    ],
    "20": [
      10,
      10,
      10,
      10
    ],
    "21": [
      10,
      10,
      10,
      10
    ],
    "22": [
      10,
      10,
      10,
      10
    ],
    "23": [
      10,
      10,
      10,
      10
    ],
    "24": [
      9,
      10,
      10,
      10
    ],
    "25": [
      10,
      9,
      10,
      10
    ],
    "26": [
      8,
      10,
      10,
      9
    ],
    "27": [
      9,
      8,
      10,
      10
    ],
    "28": [
      9,
      10,
      10,
      10
    ],
    "29": [
      9,
      10,
      10,
      10
    ],
    "30": [
      10,
      10,
      10,
      10
    ],
    "31": [
      10,
      9,
      9,
      10
    ],
    "32": [
      10,
      5,
      7,
      9
    ]
  },
  "test_acc": {
    "0": 0.5013,
    "1": 0.5013,
    "2": 0.5013,
    "3": 0.5013,
    "4": 0.5125,
    "5": 0.5162,
    "6": 0.5569,
    "7": 0.5673,
    "8": 0.5493,
    "9": 0.6343,
    "10": 0.6653,
    "11": 0.6576,
    "12": 0.6627,
    "13": 0.6768,
    "14": 0.6707,
    "15": 0.6733,
    "16": 0.6653,
    "17": 0.6481,
    "18": 0.6587,
    "19": 0.6579,
    "20": 0.6545,
    "21": 0.6584,
    "22": 0.6454,
    "23": 0.6422,
    "24": 0.6413,
    "25": 0.6635,
    "26": 0.6594,
    "27": 0.6642,
    "28": 0.6699,
    "29": 0.6716,
    "30": 0.6801,
    "31": 0.6663,
    "32": 0.5983
  },
  "test_loss": {
    "0": 0.6931552594184875,
    "1": 0.6931506330490113,
    "2": 0.6931722643852234,
    "3": 0.6931368215560914,
    "4": 0.692624336051941,
    "5": 0.6920970352172852,
    "6": 0.6906752044677734,
    "7": 0.6905262493133545,
    "8": 0.6871547776222229,
    "9": 0.6840099864959717,
    "10": 0.6759430666923523,
    "11": 0.6721813717842102,
    "12": 0.6707180361747742,
    "13": 0.6590832756042481,
    "14": 0.663282876777649,
    "15": 0.6531059312820434,
    "16": 0.6549330461502075,
    "17": 0.6575809924125672,
    "18": 0.6589963414192199,
    "19": 0.6526694117546081,
    "20": 0.6563739717483521,
    "21": 0.6472689777374268,
    "22": 0.6524218641281128,
    "23": 0.6480122074127197,
    "24": 0.6483046064376831,
    "25": 0.6353525531768799,
    "26": 0.63662794713974,
    "27": 0.633543175125122,
    "28": 0.6226359707832336,
    "29": 0.6163774083137512,
    "30": 0.6060085828781128,
    "31": 0.6094259386062622,
    "32": 0.6864133552551269
  },
  "drift_final_total_l2": {
    "0": 0.09635768830776215,
    "1": 0.11282157897949219,
    "2": 0.1505075991153717,
    "3": 0.2136913537979126,
    "4": 0.4312898814678192,
    "5": 0.6014529466629028,
    "6": 0.8724396228790283,
    "7": 0.8839796781539917,
    "8": 1.3620803356170654,
    "9": 1.634053349494934,
    "10": 2.258573055267334,
    "11": 2.4609434604644775,
    "12": 2.55437970161438,
    "13": 3.135693073272705,
    "14": 2.895526170730591,
    "15": 3.4433860778808594,
    "16": 3.38124942779541,
    "17": 3.2991583347320557,
    "18": 3.1440744400024414,
    "19": 3.4801506996154785,
    "20": 3.285947799682617,
    "21": 3.6890017986297607,
    "22": 3.5673372745513916,
    "23": 3.7328274250030518,
    "24": 3.7087433338165283,
    "25": 4.181886672973633,
    "26": 4.091848850250244,
    "27": 4.247037410736084,
    "28": 4.608725070953369,
    "29": 4.708595275878906,
    "30": 5.020567893981934,
    "31": 5.047966957092285,
    "32": 4.661304473876953
  },
  "probe_type": "mlp",
  "probe_hidden_size": [
    128
  ],