{
  "config": {
    "model_short": "llama",
    "task_name": "somo",
    "dataset": {
      "train": "cache/llama/somo_train/",
      "test": "cache/llama/somo_test/"
    },
    "mdl": {
      "batch_size": 64,
      "probe_type": "mlp",
      "probe_hidden_size": [
        4
      ],
      "num_classes": 2,
      "init_strategy": "gamma_second_zero",
      "init_gamma": 1.1,
      "optimizer": "adamw",
      "train_epochs": 10,
      "lr": 0.001,
      "seed": 42,
      "early_stopping_gap": 3,
      "split_num": 5,
      "split_ratio": 2.0
    },
    "out_dir": "init_results/llama/somo/hidden-4/seed-42/strategy-gamma_second_zero/gamma-1.1/opt-adamw/2026-04-25_03-01-09"
  },
  "train_meta": {
    "dataset": "compling/somo",
    "split": "train",
    "text_col": "text",
    "model": "meta-llama/Meta-Llama-3.1-8B",
    "max_len": 64,
    "hidden_size": 4096,
    "num_hidden_layers": 32,
    "num_states": 33,
    "memmap_file": "last_token_hidden_states.memmap",
    "dtype": "float32",
    "shape": [
      15000,
      33,
      4096
    ]
  },
  "test_meta": {
    "dataset": "compling/somo",
    "split": "test",
    "text_col": "text",
    "model": "meta-llama/Meta-Llama-3.1-8B",
    "max_len": 64,
    "hidden_size": 4096,
    "num_hidden_layers": 32,
    "num_states": 33,
    "memmap_file": "last_token_hidden_states.memmap",
    "dtype": "float32",
    "shape": [
      10000,
      33,
      4096
    ]
  },
  "splits": [
    484,
    968,
    1936,
    3872,
    7740
  ],
  "mdl_sum_ce": {
    "0": 10061.590647697449,
    "1": 10061.055527210236,
    "2": 10061.58161497116,
    "3": 10061.487471580505,
    "4": 10015.178991317749,
    "5": 9712.553750038147,
    "6": 9722.445521354675,
    "7": 9407.70133113861,
    "8": 9114.604223251343,
    "9": 9118.42371225357,
    "10": 9323.31753396988,
    "11": 8432.781911373138,
    "12": 8793.655486106873,
    "13": 8173.35897064209,
    "14": 8505.011731624603,
    "15": 8583.53479385376,
    "16": 8551.74042224884,
    "17": 9048.765459060669,
    "18": 9064.675798416138,
    "19": 8582.817410469055,
    "20": 9110.355681419373,
    "21": 10056.400325775146,
    "22": 9091.751983165741,
    "23": 9731.051023483276,
    "24": 9965.31181526184,
    "25": 8901.104581832886,
    "26": 9741.490787506104,
    "27": 8869.787976264954,
    "28": 8910.010875701904,
    "29": 8861.25314617157,
    "30": 8818.579701423645,
    "31": 8758.661828994751,
    "32": 9120.363772392273
  },
  "mdl_nll": {
    "0": 0.6931379614010367,
    "1": 0.6931010972175693,
    "2": 0.6931373391410279,
    "3": 0.6931308536498005,
    "4": 0.6899406855413164,
    "5": 0.6690929836069266,
    "6": 0.6697744227993025,
    "7": 0.6480918525171266,
    "8": 0.6279005389398831,
    "9": 0.6281636616322382,
    "10": 0.6422786948174345,
    "11": 0.5809301399402823,
    "12": 0.6057905405143891,
    "13": 0.5630586229431035,
    "14": 0.5859060162320614,
    "15": 0.5913154308248664,
    "16": 0.5891251324227639,
    "17": 0.6233649393125289,
    "18": 0.6244609946552864,
    "19": 0.5912660106412961,
    "20": 0.6276078590120814,
    "21": 0.6927804027125342,
    "22": 0.626326259518169,
    "23": 0.6703672515488617,
    "24": 0.6865053606545771,
    "25": 0.6131926551276444,
    "26": 0.6710864416854576,
    "27": 0.6110352697895394,
    "28": 0.613806205270178,
    "29": 0.6104473096012379,
    "30": 0.6075075572763602,
    "31": 0.6033798449293711,
    "32": 0.6282973114075691
  },
  "stopping_epochs_per_stage": {
    "0": [
      3,
      1,
      2,
      1
    ],
    "1": [
      2,
      1,
      3,
      1
    ],
    "2": [
      1,
      1,
      1,
      1
    ],
    "3": [
      1,
      2,
      1,
      1
    ],
    "4": [
      3,
      1,
      10,
      1
    ],
    "5": [
      7,
      10,
      10,
      10
    ],
    "6": [
      3,
      10,
      1,
      9
    ],
    "7": [
      10,
      9,
      10,
      10
    ],
    "8": [
      10,
      9,
      10,
      9
    ],
    "9": [
      10,
      10,
      6,
      10
    ],
    "10": [
      10,
      9,
      10,
      1
    ],
    "11": [
      10,
      1,
      10,
      9
    ],
    "12": [
      10,
      10,
      1,
      10
    ],
    "13": [
      10,
      10,
      10,
      7
    ],
    "14": [
      10,
      1,
      9,
      10
    ],
    "15": [
      6,
      10,
      10,
      7
    ],
    "16": [
      10,
      10,
      8,
      10
    ],
    "17": [
      1,
      9,
      6,
      9
    ],
    "18": [
      10,
      1,
      7,
      6
    ],
    "19": [
      10,
      10,
      9,
      8
    ],
    "20": [
      10,
      10,
      3,
      10
    ],
    "21": [
      10,
      1,
      4,
      1
    ],
    "22": [
      10,
      10,
      4,
      9
    ],
    "23": [
      2,
      8,
      10,
      1
    ],
    "24": [
      9,
      9,
      9,
      1
    ],
    "25": [
      10,
      1,
      10,
      9
    ],
    "26": [
      1,
      10,
      10,
      1
    ],
    "27": [
      6,
      10,
      10,
      10
    ],
    "28": [
      10,
      10,
      8,
      10
    ],
    "29": [
      4,
      10,
      9,
      8
    ],
    "30": [
      9,
      10,
      10,
      10
    ],
    "31": [
      3,
      10,
      9,
      7
    ],
    "32": [
      7,
      10,
      8,
      8
    ]
  },
  "test_acc": {
    "0": 0.5013,
    "1": 0.5013,
    "2": 0.5257,
    "3": 0.5013,
    "4": 0.5982,
    "5": 0.6378,
    "6": 0.6457,
    "7": 0.666,
    "8": 0.6885,
    "9": 0.7099,
    "10": 0.5013,
    "11": 0.732,
    "12": 0.7341,
    "13": 0.7346,
    "14": 0.7308,
    "15": 0.7325,
    "16": 0.7264,
    "17": 0.7206,
    "18": 0.7194,
    "19": 0.7189,
    "20": 0.7064,
    "21": 0.7111,
    "22": 0.7069,
    "23": 0.7057,
    "24": 0.7088,
    "25": 0.7053,
    "26": 0.5013,
    "27": 0.7008,
    "28": 0.7046,
    "29": 0.7055,
    "30": 0.7056,
    "31": 0.699,
    "32": 0.5017
  },
  "test_loss": {
    "0": 0.6931451766967773,
    "1": 0.6932328205108642,
    "2": 0.6915823169708252,
    "3": 0.6931698333740235,
    "4": 0.661653617477417,
    "5": 0.6379291052818299,
    "6": 0.6295233848571777,
    "7": 0.615100740814209,
    "8": 0.592916350364685,
    "9": 0.5725480026245117,
    "10": 0.6932585155487061,
    "11": 0.5395229892730713,
    "12": 0.5375485297679901,
    "13": 0.5376521849632263,
    "14": 0.5427568470001221,
    "15": 0.5391599067687989,
    "16": 0.5477670469760895,
    "17": 0.5542452904701233,
    "18": 0.5504602321624756,
    "19": 0.5582632548332215,
    "20": 0.5746811344146728,
    "21": 0.5634462815761566,
    "22": 0.57170041847229,
    "23": 0.5702086984157563,
    "24": 0.5703750013351441,
    "25": 0.5782016759872437,
    "26": 0.6932363206863403,
    "27": 0.5863802911758423,
    "28": 0.5783264886856079,
    "29": 0.5779891860961914,
    "30": 0.5814365102767944,
    "31": 0.5725343006134033,
    "32": 0.6933995630264282
  },
  "drift_final_total_l2": {
    "0": 0.7600216269493103,
    "1": 0.638114333152771,
    "2": 9.096122741699219,
    "3": 1.050822138786316,
    "4": 10.310315132141113,
    "5": 11.816039085388184,
    "6": 9.591913223266602,
    "7": 8.203967094421387,
    "8": 8.169452667236328,
    "9": 9.465306282043457,
    "10": 0.6976922750473022,
    "11": 7.951066493988037,
    "12": 9.854700088500977,
    "13": 7.814838886260986,
    "14": 9.51688003540039,
    "15": 8.317537307739258,
    "16": 8.316658973693848,
    "17": 9.172614097595215,
    "18": 7.590373992919922,
    "19": 7.357829570770264,
    "20": 7.7949137687683105,
    "21": 5.848870754241943,
    "22": 6.430717468261719,
    "23": 7.748035907745361,
    "24": 7.889328479766846,
    "25": 6.668844223022461,
    "26": 0.710911214351654,
    "27": 6.060306549072266,
    "28": 5.513487339019775,
    "29": 5.33279275894165,
    "30": 5.3420209884643555,
    "31": 7.09605598449707,
    "32": 4.111987113952637
  },
  "probe_type": "mlp",
  "probe_hidden_size": [
    4
  ],