{
  "config": {
    "model_short": "llama",
    "task_name": "somo",
    "dataset": {
      "train": "cache/llama/somo_train/",
      "test": "cache/llama/somo_test/"
    },
    "mdl": {
      "batch_size": 64,
      "probe_type": "mlp",
      "probe_hidden_size": [
        1024
      ],
      "num_classes": 2,
      "init_strategy": "gamma",
      "init_gamma": 0.8,
      "optimizer": "adamw",
      "train_epochs": 10,
      "lr": 0.001,
      "seed": 42,
      "early_stopping_gap": 3,
      "split_num": 5,
      "split_ratio": 2.0
    },
    "out_dir": "init_results/llama/somo/hidden-1024/seed-42/strategy-gamma/gamma-0.8/opt-adamw/2026-04-22_03-03-37"
  },
  "train_meta": {
    "dataset": "compling/somo",
    "split": "train",
    "text_col": "text",
    "model": "meta-llama/Meta-Llama-3.1-8B",
    "max_len": 64,
    "hidden_size": 4096,
    "num_hidden_layers": 32,
    "num_states": 33,
    "memmap_file": "last_token_hidden_states.memmap",
    "dtype": "float32",
    "shape": [
      15000,
      33,
      4096
    ]
  },
  "test_meta": {
    "dataset": "compling/somo",
    "split": "test",
    "text_col": "text",
    "model": "meta-llama/Meta-Llama-3.1-8B",
    "max_len": 64,
    "hidden_size": 4096,
    "num_hidden_layers": 32,
    "num_states": 33,
    "memmap_file": "last_token_hidden_states.memmap",
    "dtype": "float32",
    "shape": [
      10000,
      33,
      4096
    ]
  },
  "splits": [
    484,
    968,
    1936,
    3872,
    7740
  ],
  "mdl_sum_ce": {
    "0": 10061.811612129211,
    "1": 10060.102306842804,
    "2": 10061.563229084015,
    "3": 10049.369337558746,
    "4": 9776.347128868103,
    "5": 9517.425420284271,
    "6": 9402.966951847076,
    "7": 9271.77914571762,
    "8": 8974.806070327759,
    "9": 8574.95533657074,
    "10": 8087.64271068573,
    "11": 8144.30744600296,
    "12": 8224.743712425232,
    "13": 8189.133805274963,
    "14": 8184.264645576477,
    "15": 8335.850926399231,
    "16": 8357.861274719238,
    "17": 8444.136880397797,
    "18": 8516.18966627121,
    "19": 8537.476737499237,
    "20": 8626.106976032257,
    "21": 8657.189041614532,
    "22": 8697.165114402771,
    "23": 8653.254500865936,
    "24": 8728.317282676697,
    "25": 8746.679156780243,
    "26": 8815.924917697906,
    "27": 8803.850251674652,
    "28": 8726.602553844452,
    "29": 8872.494170665741,
    "30": 8910.14730644226,
    "31": 8697.833696842194,
    "32": 8997.930338859558
  },
  "mdl_nll": {
    "0": 0.6931531835305326,
    "1": 0.6930354303418851,
    "2": 0.6931360725464325,
    "3": 0.692296041441082,
    "4": 0.6734876776569374,
    "5": 0.6556506902923858,
    "6": 0.6477657034890518,
    "7": 0.6387282409560224,
    "8": 0.6182699139107026,
    "9": 0.5907243962917291,
    "10": 0.5571536725465507,
    "11": 0.5610572779004519,
    "12": 0.5665984921758909,
    "13": 0.5641453434331057,
    "14": 0.5638099094500191,
    "15": 0.5742526127307268,
    "16": 0.575768894648611,
    "17": 0.5817123780929868,
    "18": 0.5866760585747596,
    "19": 0.5881425142945189,
    "20": 0.5942482072218419,
    "21": 0.5963894352173141,
    "22": 0.5991433669332303,
    "23": 0.5961183866675349,
    "24": 0.6012894242681659,
    "25": 0.6025543646169911,
    "26": 0.607324670549594,
    "27": 0.6064928528296123,
    "28": 0.6011712974541508,
    "29": 0.6112216981720682,
    "30": 0.613815603915835,
    "31": 0.59918942524402,
    "32": 0.6198629332363983
  },
  "stopping_epochs_per_stage": {
    "0": [
      1,
      2,
      1,
      1
    ],
    "1": [
      1,
      9,
      2,
      1
    ],
    "2": [
      2,
      4,
      1,
      1
    ],
    "3": [
      3,
      4,
      7,
      2
    ],
    "4": [
      6,
      6,
      3,
      9
    ],
    "5": [
      7,
      7,
      5,
      7
    ],
    "6": [
      6,
      7,
      5,
      7
    ],
    "7": [
      3,
      6,
      5,
      10
    ],
    "8": [
      5,
      4,
      4,
      4
    ],
    "9": [
      7,
      5,
      2,
      4
    ],
    "10": [
      8,
      4,
      3,
      4
    ],
    "11": [
      2,
      4,
      2,
      3
    ],
    "12": [
      5,
      2,
      2,
      2
    ],
    "13": [
      6,
      3,
      3,
      4
    ],
    "14": [
      5,
      5,
      3,
      6
    ],
    "15": [
      4,
      3,
      3,
      5
    ],
    "16": [
      7,
      4,
      3,
      5
    ],
    "17": [
      6,
      4,
      3,
      5
    ],
    "18": [
      3,
      6,
      2,
      7
    ],
    "19": [
      2,
      5,
      7,
      6
    ],
    "20": [
      6,
      6,
      5,
      4
    ],
    "21": [
      2,
      6,
      5,
      7
    ],
    "22": [
      2,
      5,
      8,
      6
    ],
    "23": [
      3,
      5,
      5,
      6
    ],
    "24": [
      4,
      6,
      6,
      5
    ],
    "25": [
      1,
      7,
      5,
      5
    ],
    "26": [
      5,
      5,
      4,
      5
    ],
    "27": [
      3,
      5,
      5,
      5
    ],
    "28": [
      2,
      7,
      5,
      4
    ],
    "29": [
      1,
      3,
      5,
      3
    ],
    "30": [
      1,
      5,
      4,
      3
    ],
    "31": [
      1,
      7,
      5,
      6
    ],
    "32": [
      8,
      2,
      6,
      7
    ]
  },
  "test_acc": {
    "0": 0.4982,
    "1": 0.5036,
    "2": 0.5269,
    "3": 0.546,
    "4": 0.6091,
    "5": 0.6336,
    "6": 0.6365,
    "7": 0.6637,
    "8": 0.6947,
    "9": 0.6966,
    "10": 0.7274,
    "11": 0.7302,
    "12": 0.7261,
    "13": 0.728,
    "14": 0.7245,
    "15": 0.7286,
    "16": 0.7213,
    "17": 0.7215,
    "18": 0.7167,
    "19": 0.7251,
    "20": 0.7243,
    "21": 0.7013,
    "22": 0.7123,
    "23": 0.7085,
    "24": 0.7078,
    "25": 0.701,
    "26": 0.7049,
    "27": 0.7017,
    "28": 0.6786,
    "29": 0.676,
    "30": 0.7029,
    "31": 0.6996,
    "32": 0.6574
  },
  "test_loss": {
    "0": 0.6931925242424011,
    "1": 0.6934514378547668,
    "2": 0.691867169380188,
    "3": 0.6902283145904541,
    "4": 0.6598468962669373,
    "5": 0.6469102842330933,
    "6": 0.6396566366195678,
    "7": 0.6204058855056763,
    "8": 0.5937797740936279,
    "9": 0.5986170045852661,
    "10": 0.5642106201171875,
    "11": 0.5586670863628388,
    "12": 0.5658654366016388,
    "13": 0.575451177740097,
    "14": 0.5870593655586243,
    "15": 0.5430737102985382,
    "16": 0.5641241086959838,
    "17": 0.5654437394142151,
    "18": 0.5687308838367462,
    "19": 0.5572488586902619,
    "20": 0.5587333639144898,
    "21": 0.5899000338554382,
    "22": 0.569320755147934,
    "23": 0.5691134981632233,
    "24": 0.5749370533466339,
    "25": 0.5885768547058106,
    "26": 0.5952206414222717,
    "27": 0.5821735307693482,
    "28": 0.6558149472236633,
    "29": 0.6508730792999268,
    "30": 0.5988309570789337,
    "31": 0.5772580655097962,
    "32": 0.6265575061798095
  },
  "drift_final_total_l2": {
    "0": 11.720252990722656,
    "1": 17.433008193969727,
    "2": 21.451812744140625,
    "3": 25.724401473999023,
    "4": 28.94717788696289,
    "5": 42.62958526611328,
    "6": 50.28785705566406,
    "7": 33.05752944946289,
    "8": 39.9853630065918,
    "9": 51.93995666503906,
    "10": 45.09881591796875,
    "11": 53.26516342163086,
    "12": 53.28550338745117,
    "13": 62.42396926879883,
    "14": 55.63495635986328,
    "15": 25.950326919555664,
    "16": 40.30916976928711,
    "17": 49.107017517089844,
    "18": 44.84660720825195,
    "19": 37.33086395263672,
    "20": 30.076486587524414,
    "21": 33.23947525024414,
    "22": 27.82910919189453,
    "23": 31.177268981933594,
    "24": 28.42378807067871,
    "25": 27.920907974243164,
    "26": 33.30141830444336,
    "27": 23.635038375854492,
    "28": 25.870147705078125,
    "29": 25.921213150024414,
    "30": 25.44137954711914,
    "31": 25.359600067138672,
    "32": 23.235553741455078
  },
  "probe_type": "mlp",
  "probe_hidden_size": [
    1024
  ],
  "init_strategy": "gamma",
  "init_gamma": 0.8,
  "effective_lr": 0.001,