{
  "config": {
    "model_short": "llama",
    "task_name": "somo",
    "dataset": {
      "train": "cache/llama/somo_train/",
      "test": "cache/llama/somo_test/"
    },
    "mdl": {
      "batch_size": 64,
      "probe_type": "mlp",
      "probe_hidden_size": [
        32
      ],
      "num_classes": 2,
      "init_strategy": "mup",
      "init_gamma": null,
      "optimizer": "adam",
      "train_epochs": 20,
      "lr": 0.0078125,
      "seed": 242,
      "early_stopping_gap": 3,
      "split_num": 5,
      "split_ratio": 2.0
    },
    "out_dir": "muP_results/llama/somo/hidden-32/seed-242/strategy-mup/opt-adam/2026-04-28_19-39-55"
  },
  "train_meta": {
    "dataset": "compling/somo",
    "split": "train",
    "text_col": "text",
    "model": "meta-llama/Meta-Llama-3.1-8B",
    "max_len": 64,
    "hidden_size": 4096,
    "num_hidden_layers": 32,
    "num_states": 33,
    "memmap_file": "last_token_hidden_states.memmap",
    "dtype": "float32",
    "shape": [
      15000,
      33,
      4096
    ]
  },
  "test_meta": {
    "dataset": "compling/somo",
    "split": "test",
    "text_col": "text",
    "model": "meta-llama/Meta-Llama-3.1-8B",
    "max_len": 64,
    "hidden_size": 4096,
    "num_hidden_layers": 32,
    "num_states": 33,
    "memmap_file": "last_token_hidden_states.memmap",
    "dtype": "float32",
    "shape": [
      10000,
      33,
      4096
    ]
  },
  "splits": [
    484,
    968,
    1936,
    3872,
    7740
  ],
  "mdl_sum_ce": {
    "0": 10060.30490064621,
    "1": 10061.88203907013,
    "2": 10052.90420627594,
    "3": 10056.867020606995,
    "4": 9715.360713005066,
    "5": 9484.887327194214,
    "6": 9453.995950222015,
    "7": 9355.167188882828,
    "8": 8927.083714485168,
    "9": 8531.094958782196,
    "10": 8135.524159669876,
    "11": 8153.352067947388,
    "12": 8102.5764055252075,
    "13": 8159.364139556885,
    "14": 8229.021188497543,
    "15": 8253.759172439575,
    "16": 8369.179749965668,
    "17": 8432.862278699875,
    "18": 8616.227905750275,
    "19": 8609.859913825989,
    "20": 8566.704953670502,
    "21": 8653.116436004639,
    "22": 8803.89774799347,
    "23": 8705.960947036743,
    "24": 8743.29610157013,
    "25": 8863.536562204361,
    "26": 8786.280992507935,
    "27": 8821.827442646027,
    "28": 8756.66341495514,
    "29": 8845.291999340057,
    "30": 8790.150022983551,
    "31": 9067.113409519196,
    "32": 9007.8076004982
  },
  "mdl_nll": {
    "0": 0.693049386927956,
    "1": 0.6931580352073663,
    "2": 0.6925395567839584,
    "3": 0.6928125530867315,
    "4": 0.6692863538857169,
    "5": 0.6534091572881107,
    "6": 0.6512810657358787,
    "7": 0.644472801659054,
    "8": 0.6149823446187083,
    "9": 0.5877028767416779,
    "10": 0.5604522016857175,
    "11": 0.561680357395108,
    "12": 0.5581824473357129,
    "13": 0.5620945260097054,
    "14": 0.5668931653690785,
    "15": 0.5685973527445285,
    "16": 0.576548618763135,
    "17": 0.5809356764053372,
    "18": 0.5935676429974012,
    "19": 0.5931289552098367,
    "20": 0.5901560315286926,
    "21": 0.5961088754481013,
    "22": 0.6064961248273264,
    "23": 0.5997493074563752,
    "24": 0.602321307630899,
    "25": 0.6106046129928604,
    "26": 0.6052825153284607,
    "27": 0.6077312925493267,
    "28": 0.6032421751829112,
    "29": 0.6093477541567964,
    "30": 0.6055490509082082,
    "31": 0.6246289204683932,
    "32": 0.6205433728643014
  },
  "stopping_epochs_per_stage": {
    "0": [
      1,
      4,
      6,
      2
    ],
    "1": [
      4,
      2,
      1,
      5
    ],
    "2": [
      1,
      5,
      2,
      7
    ],
    "3": [
      2,
      2,
      3,
      3
    ],
    "4": [
      6,
      1,
      10,
      8
    ],
    "5": [
      6,
      8,
      9,
      12
    ],
    "6": [
      2,
      4,
      14,
      7
    ],
    "7": [
      10,
      11,
      13,
      3
    ],
    "8": [
      12,
      9,
      6,
      4
    ],
    "9": [
      13,
      5,
      5,
      6
    ],
    "10": [
      8,
      7,
      4,
      7
    ],
    "11": [
      5,
      7,
      10,
      5
    ],
    "12": [
      10,
      5,
      10,
      7
    ],
    "13": [
      8,
      7,
      8,
      3
    ],
    "14": [
      3,
      4,
      3,
      6
    ],
    "15": [
      11,
      6,
      10,
      9
    ],
    "16": [
      5,
      6,
      5,
      7
    ],
    "17": [
      9,
      8,
      6,
      4
    ],
    "18": [
      11,
      2,
      11,
      2
    ],
    "19": [
      8,
      8,
      3,
      4
    ],
    "20": [
      18,
      8,
      5,
      6
    ],
    "21": [
      6,
      3,
      9,
      6
    ],
    "22": [
      10,
      3,
      2,
      15
    ],
    "23": [
      4,
      6,
      5,
      5
    ],
    "24": [
      8,
      5,
      11,
      4
    ],
    "25": [
      4,
      6,
      1,
      8
    ],
    "26": [
      4,
      5,
      3,
      8
    ],
    "27": [
      8,
      9,
      2,
      5
    ],
    "28": [
      3,
      8,
      7,
      6
    ],
    "29": [
      3,
      8,
      7,
      4
    ],
    "30": [
      8,
      5,
      8,
      5
    ],
    "31": [
      2,
      13,
      2,
      4
    ],
    "32": [
      2,
      5,
      2,
      3
    ]
  },
  "test_acc": {
    "0": 0.5013,
    "1": 0.5013,
    "2": 0.5292,
    "3": 0.5013,
    "4": 0.6014,
    "5": 0.6162,
    "6": 0.6441,
    "7": 0.6582,
    "8": 0.685,
    "9": 0.6828,
    "10": 0.708,
    "11": 0.7209,
    "12": 0.7226,
    "13": 0.7018,
    "14": 0.7271,
    "15": 0.7177,
    "16": 0.716,
    "17": 0.5013,
    "18": 0.7181,
    "19": 0.6994,
    "20": 0.7237,
    "21": 0.4987,
    "22": 0.7048,
    "23": 0.7045,
    "24": 0.6953,
    "25": 0.7039,
    "26": 0.6978,
    "27": 0.7004,
    "28": 0.5013,
    "29": 0.6908,
    "30": 0.6883,
    "31": 0.6866,
    "32": 0.6749
  },
  "test_loss": {
    "0": 0.6949840914726257,
    "1": 0.693146263885498,
    "2": 0.6940238792419433,
    "3": 0.6936415515899658,
    "4": 0.6663672659873963,
    "5": 0.6710746842384339,
    "6": 0.6639382122039795,
    "7": 0.6492730154037476,
    "8": 0.62537093334198,
    "9": 0.6572758110046387,
    "10": 0.6287063913822174,
    "11": 0.6086757991790771,
    "12": 0.6146799382209778,
    "13": 0.6175021995067597,
    "14": 0.5859140164375305,
    "15": 0.6279795071601868,
    "16": 0.6145278287887573,
    "17": 0.694404566001892,
    "18": 0.5919215139865875,
    "19": 0.6055549437522888,
    "20": 0.5676626700401306,
    "21": 0.6931686422348022,
    "22": 0.6222647022247314,
    "23": 0.5956258597373962,
    "24": 0.6022391708374023,
    "25": 0.6234843593597412,
    "26": 0.5934575523376465,
    "27": 0.6041832559585572,
    "28": 0.6944950176239013,
    "29": 0.6567273711204529,
    "30": 0.6538098150253296,
    "31": 0.6439907637596131,
    "32": 0.6265661218643188
  },
  "drift_final_total_l2": {
    "0": 13.198772430419922,
    "1": 17.18541145324707,
    "2": 90.41075134277344,
    "3": 17.549951553344727,
    "4": 115.9871597290039,
    "5": 120.05464935302734,
    "6": 167.63092041015625,
    "7": 133.78060913085938,
    "8": 155.57838439941406,
    "9": 162.51702880859375,
    "10": 149.8496856689453,
    "11": 172.6029815673828,
    "12": 153.3668212890625,
    "13": 146.6126251220703,
    "14": 127.12122344970703,
    "15": 143.70632934570312,
    "16": 122.26600646972656,
    "17": 22.185869216918945,
    "18": 108.04134368896484,
    "19": 77.53179931640625,
    "20": 64.59444427490234,
    "21": 16.482406616210938,
    "22": 133.66876220703125,
    "23": 101.35646057128906,
    "24": 84.22441101074219,
    "25": 97.24463653564453,
    "26": 41.46799087524414,
    "27": 65.98695373535156,
    "28": 16.859336853027344,
    "29": 89.27058410644531,
    "30": 82.17021942138672,
    "31": 65.2791748046875,
    "32": 69.99632263183594
  },
  "probe_type": "mlp",
  "probe_hidden_size": [
    32
  ],
  "init_strategy": "mup",
  "init_gamma": null,
  "effective_lr": {
    "hidden": 0.0078125,