{
  "config": {
    "model_short": "llama",
    "task_name": "somo",
    "dataset": {
      "train": "cache/llama/somo_train/",
      "test": "cache/llama/somo_test/"
    },
    "mdl": {
      "batch_size": 64,
      "probe_type": "mlp",
      "probe_hidden_size": [
        4
      ],
      "num_classes": 2,
      "init_strategy": "gamma_second_zero",
      "init_gamma": 0.6,
      "optimizer": "adamw",
      "train_epochs": 10,
      "lr": 0.001,
      "seed": 242,
      "early_stopping_gap": 3,
      "split_num": 5,
      "split_ratio": 2.0
    },
    "out_dir": "init_results/llama/somo/hidden-4/seed-242/strategy-gamma_second_zero/gamma-0.6/2026-04-21_00-35-51"
  },
  "train_meta": {
    "dataset": "compling/somo",
    "split": "train",
    "text_col": "text",
    "model": "meta-llama/Meta-Llama-3.1-8B",
    "max_len": 64,
    "hidden_size": 4096,
    "num_hidden_layers": 32,
    "num_states": 33,
    "memmap_file": "last_token_hidden_states.memmap",
    "dtype": "float32",
    "shape": [
      15000,
      33,
      4096
    ]
  },
  "test_meta": {
    "dataset": "compling/somo",
    "split": "test",
    "text_col": "text",
    "model": "meta-llama/Meta-Llama-3.1-8B",
    "max_len": 64,
    "hidden_size": 4096,
    "num_hidden_layers": 32,
    "num_states": 33,
    "memmap_file": "last_token_hidden_states.memmap",
    "dtype": "float32",
    "shape": [
      10000,
      33,
      4096
    ]
  },
  "splits": [
    484,
    968,
    1936,
    3872,
    7740
  ],
  "mdl_sum_ce": {
    "0": 10060.978645324707,
    "1": 10061.243398189545,
    "2": 10053.3454246521,
    "3": 10061.005062580109,
    "4": 9860.431295394897,
    "5": 9977.763061523438,
    "6": 9676.106765270233,
    "7": 9428.332335472107,
    "8": 9126.292526245117,
    "9": 8883.396127700806,
    "10": 9014.260050296783,
    "11": 8210.739043235779,
    "12": 8255.10622882843,
    "13": 8501.090328216553,
    "14": 8312.208180904388,
    "15": 8454.908002376556,
    "16": 8915.329577922821,
    "17": 9097.872019290924,
    "18": 9542.71428823471,
    "19": 8775.133494853973,
    "20": 9588.294418334961,
    "21": 8664.10257768631,
    "22": 9135.754874229431,
    "23": 9273.991744995117,
    "24": 9191.20087814331,
    "25": 9542.438422679901,
    "26": 9196.618189811707,
    "27": 9082.724603176117,
    "28": 8894.401915073395,
    "29": 8915.779420375824,
    "30": 9730.322099685669,
    "31": 9214.45309638977,
    "32": 9732.324493408203
  },
  "mdl_nll": {
    "0": 0.6930958008628209,
    "1": 0.6931140395556313,
    "2": 0.6925699520978299,
    "3": 0.6930976207343695,
    "4": 0.6792801939511502,
    "5": 0.687363120799355,
    "6": 0.6665821690045628,
    "7": 0.6495131121157417,
    "8": 0.6287057403034664,
    "9": 0.6119727285547538,
    "10": 0.6209878789127021,
    "11": 0.5656337175003981,
    "12": 0.5686901507872989,
    "13": 0.5856358727071199,
    "14": 0.5726238757856427,
    "15": 0.5824543953138989,
    "16": 0.6141726080134211,
    "17": 0.6267478657544037,
    "18": 0.657392827792416,
    "19": 0.6045145697750051,
    "20": 0.6605328202214771,
    "21": 0.5968657052691038,
    "22": 0.6293575967366651,
    "23": 0.6388806658166931,
    "24": 0.633177244292044,
    "25": 0.6573738235519359,
    "26": 0.6335504401909415,
    "27": 0.6257043678131797,
    "28": 0.6127309117576051,
    "29": 0.6142035974356451,
    "30": 0.6703170363520026,
    "31": 0.6347790780097665,
    "32": 0.670454980256834
  },
  "stopping_epochs_per_stage": {
    "0": [
      10,
      1,
      1,
      6
    ],
    "1": [
      10,
      1,
      1,
      9
    ],
    "2": [
      10,
      1,
      3,
      10
    ],
    "3": [
      6,
      1,
      1,
      6
    ],
    "4": [
      10,
      1,
      1,
      9
    ],
    "5": [
      10,
      1,
      10,
      7
    ],
    "6": [
      10,
      9,
      2,
      10
    ],
    "7": [
      10,
      10,
      10,
      9
    ],
    "8": [
      10,
      10,
      10,
      10
    ],
    "9": [
      9,
      10,
      10,
      10
    ],
    "10": [
      10,
      1,
      4,
      8
    ],
    "11": [
      10,
      9,
      9,
      8
    ],
    "12": [
      10,
      10,
      9,
      10
    ],
    "13": [
      10,
      10,
      9,
      10
    ],
    "14": [
      10,
      10,
      10,
      10
    ],
    "15": [
      10,
      10,
      9,
      10
    ],
    "16": [
      10,
      10,
      6,
      10
    ],
    "17": [
      9,
      9,
      1,
      7
    ],
    "18": [
      10,
      9,
      10,
      4
    ],
    "19": [
      10,
      10,
      10,
      10
    ],
    "20": [
      10,
      10,
      9,
      3
    ],
    "21": [
      10,
      10,
      10,
      10
    ],
    "22": [
      10,
      10,
      1,
      9
    ],
    "23": [
      10,
      10,
      8,
      9
    ],
    "24": [
      10,
      9,
      1,
      10
    ],
    "25": [
      10,
      10,
      10,
      6
    ],
    "26": [
      9,
      9,
      3,
      8
    ],
    "27": [
      10,
      1,
      10,
      7
    ],
    "28": [
      10,
      9,
      9,
      9
    ],
    "29": [
      9,
      1,
      8,
      10
    ],
    "30": [
      1,
      1,
      9,
      4
    ],
    "31": [
      1,
      9,
      1,
      10
    ],
    "32": [
      5,
      1,
      9,
      6
    ]
  },
  "test_acc": {
    "0": 0.5013,
    "1": 0.5013,
    "2": 0.5013,
    "3": 0.549,
    "4": 0.5013,
    "5": 0.6367,
    "6": 0.6459,
    "7": 0.6399,
    "8": 0.6885,
    "9": 0.7044,
    "10": 0.7304,
    "11": 0.7292,
    "12": 0.5013,
    "13": 0.7338,
    "14": 0.7292,
    "15": 0.7298,
    "16": 0.5013,
    "17": 0.7217,
    "18": 0.7206,
    "19": 0.7088,
    "20": 0.7219,
    "21": 0.7177,
    "22": 0.5013,
    "23": 0.7061,
    "24": 0.7101,
    "25": 0.6987,
    "26": 0.7071,
    "27": 0.6974,
    "28": 0.7033,
    "29": 0.6846,
    "30": 0.6975,
    "31": 0.6949,
    "32": 0.6987
  },
  "test_loss": {
    "0": 0.6932309699058533,
    "1": 0.6931525554656982,
    "2": 0.6932579870223999,
    "3": 0.6859726308822632,
    "4": 0.6931497591972351,
    "5": 0.6378934907913208,
    "6": 0.632202875328064,
    "7": 0.6315074348449707,
    "8": 0.5933474539756775,
    "9": 0.5743960546493531,
    "10": 0.5454734579563141,
    "11": 0.5415278110027313,
    "12": 0.6932536911964416,
    "13": 0.5348170202255249,
    "14": 0.5359417490959167,
    "15": 0.5379806332111359,
    "16": 0.6931598794937134,
    "17": 0.558530391740799,
    "18": 0.5597935029983521,
    "19": 0.5754581739425659,
    "20": 0.5558251537322998,
    "21": 0.5592463381767273,
    "22": 0.6932102466583252,
    "23": 0.5713774770736695,
    "24": 0.5723427286148072,
    "25": 0.5854539873123169,
    "26": 0.5763066707611084,
    "27": 0.5942573599815368,
    "28": 0.5738781065940857,
    "29": 0.6122465238571168,
    "30": 0.5863031630516052,
    "31": 0.583338609790802,
    "32": 0.5787915640830994
  },
  "drift_final_total_l2": {
    "0": 0.7628864645957947,
    "1": 0.7794691920280457,
    "2": 0.7531693577766418,
    "3": 8.503405570983887,
    "4": 0.6865135431289673,
    "5": 8.762677192687988,
    "6": 10.553861618041992,
    "7": 8.547089576721191,
    "8": 8.413084983825684,
    "9": 9.089908599853516,
    "10": 9.443914413452148,
    "11": 9.07727336883545,
    "12": 0.7047271728515625,
    "13": 10.010939598083496,
    "14": 10.81723403930664,
    "15": 9.553751945495605,
    "16": 0.7015012502670288,
    "17": 6.38370943069458,
    "18": 6.754569053649902,
    "19": 6.4545440673828125,
    "20": 7.894699573516846,
    "21": 7.906695365905762,
    "22": 0.6869909763336182,
    "23": 7.090288162231445,
    "24": 5.572752952575684,
    "25": 6.298628330230713,
    "26": 5.6484694480896,
    "27": 6.096738815307617,
    "28": 6.541391372680664,
    "29": 8.483625411987305,
    "30": 5.078110694885254,
    "31": 7.580142021179199,
    "32": 6.193628311157227
  },
  "probe_type": "mlp",
  "probe_hidden_size": [
    4
  ],