{
  "config": {
    "model_short": "llama",
    "task_name": "somo",
    "dataset": {
      "train": "cache/llama/somo_train/",
      "test": "cache/llama/somo_test/"
    },
    "mdl": {
      "batch_size": 64,
      "probe_type": "mlp",
      "probe_hidden_size": [
        4
      ],
      "num_classes": 2,
      "init_strategy": "mup",
      "init_gamma": null,
      "optimizer": "adam",
      "train_epochs": 20,
      "lr": 6.103515625e-05,
      "seed": 442,
      "early_stopping_gap": 3,
      "split_num": 5,
      "split_ratio": 2.0
    },
    "out_dir": "muP_results/llama/somo/hidden-4/seed-442/strategy-mup/opt-adam/2026-04-28_20-02-38"
  },
  "train_meta": {
    "dataset": "compling/somo",
    "split": "train",
    "text_col": "text",
    "model": "meta-llama/Meta-Llama-3.1-8B",
    "max_len": 64,
    "hidden_size": 4096,
    "num_hidden_layers": 32,
    "num_states": 33,
    "memmap_file": "last_token_hidden_states.memmap",
    "dtype": "float32",
    "shape": [
      15000,
      33,
      4096
    ]
  },
  "test_meta": {
    "dataset": "compling/somo",
    "split": "test",
    "text_col": "text",
    "model": "meta-llama/Meta-Llama-3.1-8B",
    "max_len": 64,
    "hidden_size": 4096,
    "num_hidden_layers": 32,
    "num_states": 33,
    "memmap_file": "last_token_hidden_states.memmap",
    "dtype": "float32",
    "shape": [
      10000,
      33,
      4096
    ]
  },
  "splits": [
    484,
    968,
    1936,
    3872,
    7740
  ],
  "mdl_sum_ce": {
    "0": 10060.738792419434,
    "1": 10061.499168395996,
    "2": 10058.161668777466,
    "3": 10050.337314605713,
    "4": 9968.567217350006,
    "5": 9874.635603904724,
    "6": 9841.943515777588,
    "7": 9830.09734249115,
    "8": 9695.790516376495,
    "9": 9598.40036201477,
    "10": 8827.347338199615,
    "11": 9374.062193870544,
    "12": 9035.874480247498,
    "13": 9268.24234008789,
    "14": 9106.478536605835,
    "15": 9242.541755199432,
    "16": 9103.317461967468,
    "17": 9122.286723136902,
    "18": 9124.695652008057,
    "19": 9413.558000564575,
    "20": 9109.521903038025,
    "21": 9116.165892601013,
    "22": 9227.844759941101,
    "23": 9253.984549045563,
    "24": 9348.279732704163,
    "25": 9154.961905479431,
    "26": 9166.150620937347,
    "27": 9038.357012748718,
    "28": 9096.607571601868,
    "29": 9001.384239196777,
    "30": 9204.717374324799,
    "31": 9061.124447345734,
    "32": 9430.22036409378
  },
  "mdl_nll": {
    "0": 0.6930792775158056,
    "1": 0.6931316594375858,
    "2": 0.6929017407534765,
    "3": 0.6923627248970593,
    "4": 0.6867296236807665,
    "5": 0.6802587216798515,
    "6": 0.6780065800342786,
    "7": 0.6771905030649731,
    "8": 0.6679381728008057,
    "9": 0.6612290136411387,
    "10": 0.6081115554009104,
    "11": 0.6457744691285853,
    "12": 0.6224768862115939,
    "13": 0.6384845921802074,
    "14": 0.6273407644396414,
    "15": 0.636714091705665,
    "16": 0.6271229995844219,
    "17": 0.6284297825252757,
    "18": 0.6285957324337322,
    "19": 0.648495315552809,
    "20": 0.6275504204352456,
    "21": 0.6280081215624836,
    "22": 0.6357016230325917,
    "23": 0.6375023800665172,
    "24": 0.6439983282380933,
    "25": 0.630680759539779,
    "26": 0.6314515445671912,
    "27": 0.6226479066374151,
    "28": 0.6266607585837605,
    "29": 0.620100870707962,
    "30": 0.6341083889724992,
    "31": 0.6242163438513181,
    "32": 0.6496431774658157
  },
  "stopping_epochs_per_stage": {
    "0": [
      1,
      7,
      9,
      3
    ],
    "1": [
      1,
      5,
      1,
      1
    ],
    "2": [
      1,
      8,
      4,
      20
    ],
    "3": [
      1,
      1,
      18,
      20
    ],
    "4": [
      1,
      20,
      20,
      20
    ],
    "5": [
      1,
      19,
      19,
      20
    ],
    "6": [
      20,
      20,
      20,
      19
    ],
    "7": [
      2,
      20,
      20,
      20
    ],
    "8": [
      1,
      20,
      20,
      20
    ],
    "9": [
      2,
      20,
      20,
      20
    ],
    "10": [
      1,
      20,
      20,
      20
    ],
    "11": [
      20,
      20,
      20,
      20
    ],
    "12": [
      20,
      20,
      20,
      20
    ],
    "13": [
      1,
      20,
      20,
      20
    ],
    "14": [
      20,
      20,
      20,
      20
    ],
    "15": [
      20,
      20,
      20,
      20
    ],
    "16": [
      20,
      20,
      20,
      20
    ],
    "17": [
      1,
      20,
      20,
      20
    ],
    "18": [
      3,
      20,
      20,
      20
    ],
    "19": [
      1,
      20,
      20,
      20
    ],
    "20": [
      2,
      20,
      20,
      20
    ],
    "21": [
      20,
      20,
      20,
      20
    ],
    "22": [
      3,
      20,
      19,
      20
    ],
    "23": [
      5,
      20,
      20,
      20
    ],
    "24": [
      1,
      20,
      20,
      20
    ],
    "25": [
      1,
      20,
      20,
      20
    ],
    "26": [
      4,
      20,
      19,
      20
    ],
    "27": [
      16,
      20,
      20,
      19
    ],
    "28": [
      1,
      20,
      20,
      20
    ],
    "29": [
      19,
      20,
      19,
      19
    ],
    "30": [
      20,
      20,
      20,
      20
    ],
    "31": [
      19,
      19,
      20,
      20
    ],
    "32": [
      4,
      19,
      20,
      20
    ]
  },
  "test_acc": {
    "0": 0.4982,
    "1": 0.4965,
    "2": 0.517,
    "3": 0.5403,
    "4": 0.5945,
    "5": 0.6161,
    "6": 0.6122,
    "7": 0.6429,
    "8": 0.6712,
    "9": 0.6883,
    "10": 0.709,
    "11": 0.7084,
    "12": 0.7073,
    "13": 0.7152,
    "14": 0.7075,
    "15": 0.7081,
    "16": 0.7087,
    "17": 0.7074,
    "18": 0.704,
    "19": 0.6947,
    "20": 0.7072,
    "21": 0.7017,
    "22": 0.6931,
    "23": 0.7016,
    "24": 0.6866,
    "25": 0.6974,
    "26": 0.6893,
    "27": 0.6859,
    "28": 0.6898,
    "29": 0.6885,
    "30": 0.6842,
    "31": 0.6818,
    "32": 0.6821
  },
  "test_loss": {
    "0": 0.6933068078994751,
    "1": 0.6932833087921143,
    "2": 0.6926436762809753,
    "3": 0.6908414872169495,
    "4": 0.672880650138855,
    "5": 0.6602073736190796,
    "6": 0.6665338470458985,
    "7": 0.6441534814834595,
    "8": 0.623931130027771,
    "9": 0.6259777576446534,
    "10": 0.5819934244155884,
    "11": 0.5763479207992553,
    "12": 0.5753738662719726,
    "13": 0.5660973538398743,
    "14": 0.5752726278305054,
    "15": 0.5734598692893982,
    "16": 0.5719353771209716,
    "17": 0.5713177248001099,
    "18": 0.5816263529777527,
    "19": 0.5895922193527222,
    "20": 0.5766750867843627,
    "21": 0.5795884943008422,
    "22": 0.5941878782272338,
    "23": 0.5811291173934936,
    "24": 0.599085677242279,
    "25": 0.5817661251068115,
    "26": 0.589811651802063,
    "27": 0.626006583404541,
    "28": 0.5889372227668762,
    "29": 0.5899599627494811,
    "30": 0.5943327116966247,
    "31": 0.595908940410614,
    "32": 0.5950542174339294
  },
  "drift_final_total_l2": {
    "0": 0.4011186957359314,
    "1": 1.1412651538848877,
    "2": 1.6367573738098145,
    "3": 1.6537580490112305,
    "4": 2.5953173637390137,
    "5": 3.236367702484131,
    "6": 3.4171743392944336,
    "7": 3.1498966217041016,
    "8": 3.7839291095733643,
    "9": 2.681509256362915,
    "10": 5.910254955291748,
    "11": 5.326128959655762,
    "12": 5.010021686553955,
    "13": 4.400146484375,
    "14": 4.715997695922852,
    "15": 4.1756463050842285,
    "16": 3.3613948822021484,
    "17": 2.902696371078491,
    "18": 3.3130149841308594,
    "19": 3.309288263320923,
    "20": 2.5414559841156006,
    "21": 2.7206132411956787,
    "22": 3.6738908290863037,
    "23": 1.972882866859436,
    "24": 2.800187110900879,
    "25": 2.115867853164673,
    "26": 2.222201108932495,
    "27": 2.351019859313965,
    "28": 2.751862049102783,
    "29": 1.8887128829956055,
    "30": 2.4326488971710205,
    "31": 2.165748357772827,
    "32": 1.6870976686477661
  },
  "probe_type": "mlp",
  "probe_hidden_size": [
    4
  ],