{
  "config": {
    "model_short": "llama",
    "task_name": "somo",
    "dataset": {
      "train": "cache/llama/somo_train/",
      "test": "cache/llama/somo_test/"
    },
    "mdl": {
      "batch_size": 64,
      "probe_type": "mlp",
      "probe_hidden_size": [
        362
      ],
      "num_classes": 2,
      "init_strategy": "gamma_second_zero",
      "init_gamma": 1.0,
      "optimizer": "adamw",
      "train_epochs": 10,
      "lr": 0.001,
      "seed": 142,
      "early_stopping_gap": 3,
      "split_num": 5,
      "split_ratio": 2.0
    },
    "out_dir": "init_results/llama/somo/hidden-362/seed-142/strategy-gamma_second_zero/gamma-1.0/opt-adamw/2026-04-25_03-01-32"
  },
  "train_meta": {
    "dataset": "compling/somo",
    "split": "train",
    "text_col": "text",
    "model": "meta-llama/Meta-Llama-3.1-8B",
    "max_len": 64,
    "hidden_size": 4096,
    "num_hidden_layers": 32,
    "num_states": 33,
    "memmap_file": "last_token_hidden_states.memmap",
    "dtype": "float32",
    "shape": [
      15000,
      33,
      4096
    ]
  },
  "test_meta": {
    "dataset": "compling/somo",
    "split": "test",
    "text_col": "text",
    "model": "meta-llama/Meta-Llama-3.1-8B",
    "max_len": 64,
    "hidden_size": 4096,
    "num_hidden_layers": 32,
    "num_states": 33,
    "memmap_file": "last_token_hidden_states.memmap",
    "dtype": "float32",
    "shape": [
      10000,
      33,
      4096
    ]
  },
  "splits": [
    484,
    968,
    1936,
    3872,
    7740
  ],
  "mdl_sum_ce": {
    "0": 10061.259711742401,
    "1": 10061.55435705185,
    "2": 10059.828301906586,
    "3": 10016.680906295776,
    "4": 9734.530493736267,
    "5": 9469.195392608643,
    "6": 9477.646527290344,
    "7": 9229.678987503052,
    "8": 8888.610496520996,
    "9": 8507.89661693573,
    "10": 8092.250776290894,
    "11": 8091.661863327026,
    "12": 8127.833884716034,
    "13": 8154.214283466339,
    "14": 8185.059112548828,
    "15": 8344.403227806091,
    "16": 8366.856085777283,
    "17": 8439.825169086456,
    "18": 8473.468661308289,
    "19": 8553.573278427124,
    "20": 8620.079732894897,
    "21": 8651.532933235168,
    "22": 8660.442610740662,
    "23": 8735.574439048767,
    "24": 8804.702495098114,
    "25": 8785.281623363495,
    "26": 8871.896444320679,
    "27": 8832.027569770813,
    "28": 9052.760976791382,
    "29": 8857.882305145264,
    "30": 9037.544351100922,
    "31": 8864.725350856781,
    "32": 8961.91714811325
  },
  "mdl_nll": {
    "0": 0.693115163388151,
    "1": 0.6931354613565617,
    "2": 0.6930165542784917,
    "3": 0.6900441517150576,
    "4": 0.6706069505191696,
    "5": 0.6523281477410198,
    "6": 0.6529103421941543,
    "7": 0.6358279820544952,
    "8": 0.6123319438220581,
    "9": 0.5861047545422795,
    "10": 0.5574711198877716,
    "11": 0.557430549967417,
    "12": 0.5599224224797488,
    "13": 0.56173975499217,
    "14": 0.563864639883496,
    "15": 0.5748417765090997,
    "16": 0.5763885426961479,
    "17": 0.5814153464512577,
    "18": 0.5837330298503919,
    "19": 0.5892513969707305,
    "20": 0.5938329934482569,
    "21": 0.5959997887321004,
    "22": 0.5966135719716631,
    "23": 0.6017893661510586,
    "24": 0.6065515634539896,
    "25": 0.6052136692865455,
    "26": 0.6111805211022788,
    "27": 0.6084339742195379,
    "28": 0.6236401885361933,
    "29": 0.6102150940441763,
    "30": 0.6225919227818215,
    "31": 0.6106865080502054,
    "32": 0.6173820024878238
  },
  "stopping_epochs_per_stage": {
    "0": [
      1,
      5,
      10,
      1
    ],
    "1": [
      1,
      4,
      2,
      1
    ],
    "2": [
      1,
      3,
      1,
      1
    ],
    "3": [
      4,
      3,
      9,
      7
    ],
    "4": [
      6,
      1,
      7,
      10
    ],
    "5": [
      10,
      4,
      10,
      10
    ],
    "6": [
      9,
      1,
      9,
      10
    ],
    "7": [
      10,
      9,
      6,
      7
    ],
    "8": [
      5,
      10,
      5,
      4
    ],
    "9": [
      6,
      10,
      8,
      3
    ],
    "10": [
      7,
      4,
      5,
      5
    ],
    "11": [
      6,
      7,
      3,
      4
    ],
    "12": [
      6,
      6,
      4,
      4
    ],
    "13": [
      7,
      4,
      4,
      7
    ],
    "14": [
      7,
      9,
      3,
      5
    ],
    "15": [
      7,
      4,
      6,
      3
    ],
    "16": [
      5,
      6,
      6,
      7
    ],
    "17": [
      5,
      5,
      6,
      5
    ],
    "18": [
      5,
      6,
      6,
      6
    ],
    "19": [
      9,
      4,
      6,
      5
    ],
    "20": [
      7,
      7,
      3,
      6
    ],
    "21": [
      5,
      10,
      5,
      6
    ],
    "22": [
      3,
      6,
      7,
      4
    ],
    "23": [
      7,
      6,
      3,
      6
    ],
    "24": [
      4,
      7,
      3,
      4
    ],
    "25": [
      7,
      9,
      4,
      6
    ],
    "26": [
      1,
      3,
      6,
      6
    ],
    "27": [
      2,
      6,
      3,
      7
    ],
    "28": [
      5,
      4,
      3,
      2
    ],
    "29": [
      4,
      6,
      5,
      3
    ],
    "30": [
      5,
      4,
      3,
      2
    ],
    "31": [
      5,
      5,
      6,
      4
    ],
    "32": [
      3,
      7,
      6,
      4
    ]
  },
  "test_acc": {
    "0": 0.5013,
    "1": 0.5013,
    "2": 0.5212,
    "3": 0.5535,
    "4": 0.61,
    "5": 0.6372,
    "6": 0.6502,
    "7": 0.6622,
    "8": 0.6669,
    "9": 0.7074,
    "10": 0.7269,
    "11": 0.7074,
    "12": 0.7294,
    "13": 0.7317,
    "14": 0.7249,
    "15": 0.7295,
    "16": 0.7219,
    "17": 0.7223,
    "18": 0.7242,
    "19": 0.7185,
    "20": 0.7202,
    "21": 0.6955,
    "22": 0.7129,
    "23": 0.7076,
    "24": 0.6792,
    "25": 0.7066,
    "26": 0.6542,
    "27": 0.7004,
    "28": 0.6973,
    "29": 0.6957,
    "30": 0.6981,
    "31": 0.6974,
    "32": 0.678
  },
  "test_loss": {
    "0": 0.693206584072113,
    "1": 0.695412645149231,
    "2": 0.6944660774230957,
    "3": 0.68538651638031,
    "4": 0.6607195611953736,
    "5": 0.6368793173789978,
    "6": 0.6309612561225891,
    "7": 0.6177342903137207,
    "8": 0.6090519081115723,
    "9": 0.5825925473213196,
    "10": 0.5558651530742645,
    "11": 0.5929058735370636,
    "12": 0.5526603091239929,
    "13": 0.5510554779052734,
    "14": 0.5581169848442078,
    "15": 0.5457933587551117,
    "16": 0.554934578704834,
    "17": 0.5529905514240265,
    "18": 0.5583806767463684,
    "19": 0.5668628967285156,
    "20": 0.5600464561939239,
    "21": 0.59451302318573,
    "22": 0.5668049301147461,
    "23": 0.5762074342250824,
    "24": 0.6183026762008667,
    "25": 0.5756003579139709,
    "26": 0.6619825573921203,
    "27": 0.5874417248725892,
    "28": 0.5982754577636719,
    "29": 0.5891673698425293,
    "30": 0.5991731235504151,
    "31": 0.5890034119606018,
    "32": 0.6129223873138427
  },
  "drift_final_total_l2": {
    "0": 5.8030500411987305,
    "1": 10.236767768859863,
    "2": 21.009002685546875,
    "3": 18.05660057067871,
    "4": 21.458656311035156,
    "5": 21.187986373901367,
    "6": 24.340782165527344,
    "7": 17.988630294799805,
    "8": 25.948198318481445,
    "9": 30.094331741333008,
    "10": 30.108675003051758,
    "11": 35.91820526123047,
    "12": 34.406253814697266,
    "13": 41.00803756713867,
    "14": 35.82514190673828,
    "15": 18.29324722290039,
    "16": 41.401851654052734,
    "17": 12.060212135314941,
    "18": 37.53849792480469,
    "19": 23.29734992980957,
    "20": 19.491615295410156,
    "21": 18.722061157226562,
    "22": 24.026758193969727,
    "23": 29.089397430419922,
    "24": 25.21908187866211,
    "25": 17.083786010742188,
    "26": 25.008146286010742,
    "27": 29.554391860961914,
    "28": 26.01470375061035,
    "29": 12.149848937988281,
    "30": 22.46509552001953,
    "31": 17.74860191345215,
    "32": 21.14643096923828
  },
  "probe_type": "mlp",
  "probe_hidden_size": [
    362
  ],
  "init_strategy": "gamma_second_zero",