{
  "config": {
    "model_short": "llama",
    "task_name": "somo",
    "dataset": {
      "train": "cache/llama/somo_train/",
      "test": "cache/llama/somo_test/"
    },
    "mdl": {
      "batch_size": 64,
      "probe_type": "mlp",
      "probe_hidden_size": [
        512
      ],
      "num_classes": 2,
      "init_strategy": "mup",
      "init_gamma": null,
      "optimizer": "adam",
      "train_epochs": 20,
      "lr": 0.00048828125,
      "seed": 42,
      "early_stopping_gap": 3,
      "split_num": 5,
      "split_ratio": 2.0
    },
    "out_dir": "muP_results/llama/somo/hidden-512/seed-42/strategy-mup/opt-adam/2026-04-28_19-51-23"
  },
  "train_meta": {
    "dataset": "compling/somo",
    "split": "train",
    "text_col": "text",
    "model": "meta-llama/Meta-Llama-3.1-8B",
    "max_len": 64,
    "hidden_size": 4096,
    "num_hidden_layers": 32,
    "num_states": 33,
    "memmap_file": "last_token_hidden_states.memmap",
    "dtype": "float32",
    "shape": [
      15000,
      33,
      4096
    ]
  },
  "test_meta": {
    "dataset": "compling/somo",
    "split": "test",
    "text_col": "text",
    "model": "meta-llama/Meta-Llama-3.1-8B",
    "max_len": 64,
    "hidden_size": 4096,
    "num_hidden_layers": 32,
    "num_states": 33,
    "memmap_file": "last_token_hidden_states.memmap",
    "dtype": "float32",
    "shape": [
      10000,
      33,
      4096
    ]
  },
  "splits": [
    484,
    968,
    1936,
    3872,
    7740
  ],
  "mdl_sum_ce": {
    "0": 10061.538264274597,
    "1": 10063.019919395447,
    "2": 10059.791538238525,
    "3": 10041.251708507538,
    "4": 9819.524011611938,
    "5": 9548.10728263855,
    "6": 9512.94160270691,
    "7": 9355.72117137909,
    "8": 8988.036071300507,
    "9": 8586.864580631256,
    "10": 8142.496833324432,
    "11": 8115.953502655029,
    "12": 8145.391918182373,
    "13": 8086.943477630615,
    "14": 8144.764232635498,
    "15": 8214.885933876038,
    "16": 8299.790887355804,
    "17": 8401.358671188354,
    "18": 8450.381313323975,
    "19": 8498.115426063538,
    "20": 8516.398942947388,
    "21": 8616.5807929039,
    "22": 8653.420547485352,
    "23": 8585.99461221695,
    "24": 8650.844342708588,
    "25": 8671.565445899963,
    "26": 8652.05430650711,
    "27": 8635.929908275604,
    "28": 8676.279923915863,
    "29": 8755.316933631897,
    "30": 8753.91265630722,
    "31": 8662.16445684433,
    "32": 8822.615216255188
  },
  "mdl_nll": {
    "0": 0.6931343527331633,
    "1": 0.6932364232154482,
    "2": 0.6930140216477353,
    "3": 0.6917368220244928,
    "4": 0.6764621115742586,
    "5": 0.6577643484870866,
    "6": 0.6553418023358301,
    "7": 0.6445109652369172,
    "8": 0.61918132207912,
    "9": 0.5915448181752037,
    "10": 0.5609325456960893,
    "11": 0.5591039888850254,
    "12": 0.5611319866480003,
    "13": 0.5571055027301333,
    "14": 0.5610887457037406,
    "15": 0.5659193947283024,
    "16": 0.5717684546263299,
    "17": 0.5787654085966075,
    "18": 0.5821425539627979,
    "19": 0.5854309331815609,
    "20": 0.5866904755406026,
    "21": 0.5935919532174084,
    "22": 0.596129825536329,
    "23": 0.5914848864850475,
    "24": 0.5959523520741656,
    "25": 0.5973798185381622,
    "26": 0.5960357058767644,
    "27": 0.5949249041248005,
    "28": 0.5977045965772846,
    "29": 0.6031494167561241,
    "30": 0.6030526767916244,
    "31": 0.5967321890909568,
    "32": 0.6077855618803519
  },
  "stopping_epochs_per_stage": {
    "0": [
      1,
      2,
      2,
      1
    ],
    "1": [
      2,
      1,
      3,
      1
    ],
    "2": [
      3,
      19,
      3,
      6
    ],
    "3": [
      3,
      19,
      1,
      14
    ],
    "4": [
      18,
      20,
      20,
      20
    ],
    "5": [
      20,
      20,
      20,
      20
    ],
    "6": [
      16,
      20,
      19,
      20
    ],
    "7": [
      20,
      19,
      18,
      19
    ],
    "8": [
      20,
      20,
      15,
      19
    ],
    "9": [
      20,
      20,
      20,
      20
    ],
    "10": [
      20,
      19,
      19,
      20
    ],
    "11": [
      20,
      20,
      20,
      20
    ],
    "12": [
      20,
      20,
      16,
      20
    ],
    "13": [
      20,
      19,
      20,
      19
    ],
    "14": [
      20,
      20,
      18,
      20
    ],
    "15": [
      19,
      20,
      20,
      20
    ],
    "16": [
      20,
      19,
      19,
      17
    ],
    "17": [
      19,
      20,
      20,
      13
    ],
    "18": [
      19,
      20,
      20,
      16
    ],
    "19": [
      20,
      20,
      19,
      15
    ],
    "20": [
      19,
      18,
      19,
      18
    ],
    "21": [
      20,
      20,
      16,
      12
    ],
    "22": [
      19,
      20,
      20,
      9
    ],
    "23": [
      20,
      19,
      18,
      18
    ],
    "24": [
      19,
      18,
      18,
      15
    ],
    "25": [
      12,
      20,
      18,
      14
    ],
    "26": [
      9,
      20,
      20,
      15
    ],
    "27": [
      10,
      20,
      15,
      19
    ],
    "28": [
      14,
      19,
      12,
      19
    ],
    "29": [
      7,
      17,
      6,
      18
    ],
    "30": [
      4,
      18,
      7,
      14
    ],
    "31": [
      7,
      20,
      16,
      10
    ],
    "32": [
      3,
      9,
      9,
      7
    ]
  },
  "test_acc": {
    "0": 0.4997,
    "1": 0.4999,
    "2": 0.5265,
    "3": 0.5397,
    "4": 0.6047,
    "5": 0.6316,
    "6": 0.6341,
    "7": 0.6502,
    "8": 0.6962,
    "9": 0.706,
    "10": 0.7256,
    "11": 0.7289,
    "12": 0.7283,
    "13": 0.7335,
    "14": 0.73,
    "15": 0.7298,
    "16": 0.7289,
    "17": 0.7277,
    "18": 0.7243,
    "19": 0.7258,
    "20": 0.7215,
    "21": 0.7216,
    "22": 0.7123,
    "23": 0.7127,
    "24": 0.7114,
    "25": 0.7107,
    "26": 0.7076,
    "27": 0.7002,
    "28": 0.684,
    "29": 0.7048,
    "30": 0.7075,
    "31": 0.7061,
    "32": 0.6977
  },
  "test_loss": {
    "0": 0.6931435310363769,
    "1": 0.6931801705360413,
    "2": 0.6912420440673828,
    "3": 0.6873472092628479,
    "4": 0.6579975849151611,
    "5": 0.6394166403770447,
    "6": 0.6358502742767334,
    "7": 0.6255281094551086,
    "8": 0.5874719045639039,
    "9": 0.5712983969688415,
    "10": 0.5493114916801453,
    "11": 0.5417095380783081,
    "12": 0.5368583614349365,
    "13": 0.5320391108512879,
    "14": 0.5398586142539978,
    "15": 0.5368410866737365,
    "16": 0.5389928968429566,
    "17": 0.5436863170146942,
    "18": 0.5471469187259674,
    "19": 0.5500850251674652,
    "20": 0.5557505639076233,
    "21": 0.5546409185409545,
    "22": 0.5658854104042054,
    "23": 0.5636118543148041,
    "24": 0.5660511072158814,
    "25": 0.566519953918457,
    "26": 0.570116297340393,
    "27": 0.5830534299850464,
    "28": 0.5980764474868775,
    "29": 0.5715750248908996,
    "30": 0.5721019096374512,
    "31": 0.5681789815425873,
    "32": 0.5854549591064453
  },
  "drift_final_total_l2": {
    "0": 5.032522678375244,
    "1": 44.153995513916016,
    "2": 85.85560607910156,
    "3": 77.1230697631836,
    "4": 120.17731475830078,
    "5": 125.4692153930664,
    "6": 118.49300384521484,
    "7": 124.86537170410156,
    "8": 125.34233856201172,
    "9": 129.2437744140625,
    "10": 127.14667510986328,
    "11": 127.12950134277344,
    "12": 128.3301239013672,
    "13": 122.95113372802734,
    "14": 115.94105529785156,
    "15": 112.58031463623047,
    "16": 111.1561279296875,
    "17": 101.94490814208984,
    "18": 98.29496002197266,
    "19": 96.27030944824219,
    "20": 88.08828735351562,
    "21": 87.44338989257812,
    "22": 87.5546646118164,
    "23": 81.63687133789062,
    "24": 87.62696075439453,
    "25": 79.889892578125,
    "26": 81.83744049072266,
    "27": 77.76136779785156,
    "28": 76.23310089111328,
    "29": 69.45513916015625,
    "30": 71.46198272705078,
    "31": 61.13899230957031,
    "32": 54.39436340332031
  },
  "probe_type": "mlp",
  "probe_hidden_size": [
    512
  ],