{
  "config": {
    "model_short": "llama",
    "task_name": "somo",
    "dataset": {
      "train": "cache/llama/somo_train/",
      "test": "cache/llama/somo_test/"
    },
    "mdl": {
      "batch_size": 64,
      "probe_type": "mlp",
      "probe_hidden_size": [
        512
      ],
      "num_classes": 2,
      "init_strategy": "mup",
      "init_gamma": null,
      "optimizer": "adam",
      "train_epochs": 20,
      "lr": 0.0009765625,
      "seed": 442,
      "early_stopping_gap": 3,
      "split_num": 5,
      "split_ratio": 2.0
    },
    "out_dir": "muP_results/llama/somo/hidden-512/seed-442/strategy-mup/opt-adam/2026-04-28_20-22-56"
  },
  "train_meta": {
    "dataset": "compling/somo",
    "split": "train",
    "text_col": "text",
    "model": "meta-llama/Meta-Llama-3.1-8B",
    "max_len": 64,
    "hidden_size": 4096,
    "num_hidden_layers": 32,
    "num_states": 33,
    "memmap_file": "last_token_hidden_states.memmap",
    "dtype": "float32",
    "shape": [
      15000,
      33,
      4096
    ]
  },
  "test_meta": {
    "dataset": "compling/somo",
    "split": "test",
    "text_col": "text",
    "model": "meta-llama/Meta-Llama-3.1-8B",
    "max_len": 64,
    "hidden_size": 4096,
    "num_hidden_layers": 32,
    "num_states": 33,
    "memmap_file": "last_token_hidden_states.memmap",
    "dtype": "float32",
    "shape": [
      10000,
      33,
      4096
    ]
  },
  "splits": [
    484,
    968,
    1936,
    3872,
    7740
  ],
  "mdl_sum_ce": {
    "0": 10060.829075813293,
    "1": 10060.019050598145,
    "2": 10060.757720947266,
    "3": 10029.745217323303,
    "4": 9729.147566318512,
    "5": 9483.691415786743,
    "6": 9464.273776054382,
    "7": 9235.180496692657,
    "8": 8886.273813724518,
    "9": 8484.102107048035,
    "10": 8095.711186885834,
    "11": 8027.61918926239,
    "12": 8059.038402557373,
    "13": 8109.654846191406,
    "14": 8128.193733215332,
    "15": 8176.846267700195,
    "16": 8251.439987659454,
    "17": 8419.808908462524,
    "18": 8426.679916381836,
    "19": 8498.703326702118,
    "20": 8502.122549057007,
    "21": 8529.984768867493,
    "22": 8559.883046627045,
    "23": 8611.322611808777,
    "24": 8657.953602313995,
    "25": 8679.117730140686,
    "26": 8724.643037319183,
    "27": 8696.527245998383,
    "28": 8687.856676578522,
    "29": 8700.875432014465,
    "30": 8729.468761920929,
    "31": 8676.5166721344,
    "32": 8854.701372146606
  },
  "mdl_nll": {
    "0": 0.6930854970937789,
    "1": 0.6930296948607154,
    "2": 0.6930805814926472,
    "3": 0.6909441455857883,
    "4": 0.6702361233341494,
    "5": 0.6533267715477228,
    "6": 0.6519891000313022,
    "7": 0.6362069782786345,
    "8": 0.6121709709096527,
    "9": 0.5844655626238657,
    "10": 0.5577095058477427,
    "11": 0.5530186820930277,
    "12": 0.5551831360262726,
    "13": 0.5586700775827643,
    "14": 0.5599472122633874,
    "15": 0.5632988610981121,
    "16": 0.5684375852617425,
    "17": 0.580036436240185,
    "18": 0.5805097765487625,
    "19": 0.5854714333633314,
    "20": 0.5857069818859884,
    "21": 0.5876263963121723,
    "22": 0.5896860737549631,
    "23": 0.5932297197443357,
    "24": 0.5964421054225679,
    "25": 0.5979000916327284,
    "26": 0.6010363073380535,
    "27": 0.5990994244969953,
    "28": 0.5985021132941941,
    "29": 0.599398968862942,
    "30": 0.6013687490989893,
    "31": 0.597720906043979,
    "32": 0.609995961156421
  },
  "stopping_epochs_per_stage": {
    "0": [
      1,
      15,
      1,
      1
    ],
    "1": [
      1,
      2,
      13,
      1
    ],
    "2": [
      1,
      3,
      2,
      7
    ],
    "3": [
      2,
      3,
      20,
      8
    ],
    "4": [
      1,
      16,
      20,
      16
    ],
    "5": [
      12,
      19,
      20,
      19
    ],
    "6": [
      10,
      19,
      15,
      19
    ],
    "7": [
      17,
      20,
      20,
      19
    ],
    "8": [
      19,
      19,
      20,
      15
    ],
    "9": [
      19,
      20,
      19,
      19
    ],
    "10": [
      19,
      20,
      17,
      9
    ],
    "11": [
      19,
      20,
      13,
      18
    ],
    "12": [
      20,
      20,
      19,
      13
    ],
    "13": [
      20,
      20,
      10,
      12
    ],
    "14": [
      20,
      19,
      13,
      18
    ],
    "15": [
      19,
      20,
      16,
      14
    ],
    "16": [
      19,
      19,
      20,
      20
    ],
    "17": [
      20,
      17,
      14,
      6
    ],
    "18": [
      20,
      20,
      14,
      11
    ],
    "19": [
      20,
      20,
      15,
      13
    ],
    "20": [
      19,
      17,
      20,
      15
    ],
    "21": [
      18,
      19,
      14,
      12
    ],
    "22": [
      18,
      20,
      19,
      10
    ],
    "23": [
      20,
      17,
      15,
      12
    ],
    "24": [
      18,
      16,
      10,
      10
    ],
    "25": [
      18,
      20,
      19,
      6
    ],
    "26": [
      9,
      19,
      8,
      13
    ],
    "27": [
      12,
      13,
      14,
      6
    ],
    "28": [
      11,
      18,
      12,
      7
    ],
    "29": [
      9,
      10,
      17,
      15
    ],
    "30": [
      7,
      10,
      13,
      12
    ],
    "31": [
      13,
      13,
      8,
      12
    ],
    "32": [
      12,
      8,
      11,
      7
    ]
  },
  "test_acc": {
    "0": 0.4982,
    "1": 0.5033,
    "2": 0.5123,
    "3": 0.5493,
    "4": 0.6061,
    "5": 0.6381,
    "6": 0.6507,
    "7": 0.6677,
    "8": 0.695,
    "9": 0.7113,
    "10": 0.7314,
    "11": 0.7349,
    "12": 0.733,
    "13": 0.7369,
    "14": 0.7297,
    "15": 0.7296,
    "16": 0.7338,
    "17": 0.7268,
    "18": 0.725,
    "19": 0.7144,
    "20": 0.7187,
    "21": 0.715,
    "22": 0.7085,
    "23": 0.7108,
    "24": 0.713,
    "25": 0.7125,
    "26": 0.7033,
    "27": 0.707,
    "28": 0.7006,
    "29": 0.6744,
    "30": 0.7,
    "31": 0.7041,
    "32": 0.6934
  },
  "test_loss": {
    "0": 0.6934228428840638,
    "1": 0.6932102474212647,
    "2": 0.6925709842681885,
    "3": 0.6849653246879578,
    "4": 0.6566568960189819,
    "5": 0.633745624923706,
    "6": 0.6253642393112182,
    "7": 0.6111187835693359,
    "8": 0.5856715166091919,
    "9": 0.5705097263336182,
    "10": 0.5390448155403137,
    "11": 0.5364061451911927,
    "12": 0.5337439556121826,
    "13": 0.5317205694675445,
    "14": 0.5435871611595153,
    "15": 0.5388839616298675,
    "16": 0.5405921442985535,
    "17": 0.5465566394805909,
    "18": 0.547392807674408,
    "19": 0.5627624496936798,
    "20": 0.5559103763103486,
    "21": 0.5595211029052735,
    "22": 0.5660055792808533,
    "23": 0.5654726366043091,
    "24": 0.5659299535751343,
    "25": 0.5703089946746827,
    "26": 0.5820529662609101,
    "27": 0.5889514442443847,
    "28": 0.5820335544586182,
    "29": 0.6188076360702515,
    "30": 0.5810554994106293,
    "31": 0.5779374959945679,
    "32": 0.59344776096344
  },
  "drift_final_total_l2": {
    "0": 18.446016311645508,
    "1": 65.60836791992188,
    "2": 70.43868255615234,
    "3": 107.23391723632812,
    "4": 151.4458465576172,
    "5": 167.23187255859375,
    "6": 156.10157775878906,
    "7": 171.86634826660156,
    "8": 172.1317901611328,
    "9": 172.82864379882812,
    "10": 178.67373657226562,
    "11": 179.73565673828125,
    "12": 183.47137451171875,
    "13": 166.0929718017578,
    "14": 160.57229614257812,
    "15": 157.88507080078125,
    "16": 150.7978515625,
    "17": 142.55982971191406,
    "18": 127.43486785888672,
    "19": 131.4161376953125,
    "20": 122.63577270507812,
    "21": 126.51753997802734,
    "22": 127.91932678222656,
    "23": 122.5368423461914,
    "24": 98.4004898071289,
    "25": 110.7764663696289,
    "26": 114.99555206298828,
    "27": 123.9100341796875,
    "28": 92.13500213623047,
    "29": 112.37445068359375,
    "30": 96.15798950195312,
    "31": 85.15702819824219,
    "32": 76.69654083251953
  },
  "probe_type": "mlp",
  "probe_hidden_size": [
    512
  ],