{
  "config": {
    "model_short": "llama",
    "task_name": "somo",
    "dataset": {
      "train": "cache/llama/somo_train/",
      "test": "cache/llama/somo_test/"
    },
    "mdl": {
      "batch_size": 64,
      "probe_type": "mlp",
      "probe_hidden_size": [
        91
      ],
      "num_classes": 2,
      "init_strategy": "gamma_second_zero",
      "init_gamma": 2.0,
      "optimizer": "adamw",
      "train_epochs": 10,
      "lr": 0.001,
      "seed": 42,
      "early_stopping_gap": 3,
      "split_num": 5,
      "split_ratio": 2.0
    },
    "out_dir": "init_results/llama/somo/hidden-91/seed-42/strategy-gamma_second_zero/gamma-2.0/opt-adamw/2026-04-25_02-51-09"
  },
  "train_meta": {
    "dataset": "compling/somo",
    "split": "train",
    "text_col": "text",
    "model": "meta-llama/Meta-Llama-3.1-8B",
    "max_len": 64,
    "hidden_size": 4096,
    "num_hidden_layers": 32,
    "num_states": 33,
    "memmap_file": "last_token_hidden_states.memmap",
    "dtype": "float32",
    "shape": [
      15000,
      33,
      4096
    ]
  },
  "test_meta": {
    "dataset": "compling/somo",
    "split": "test",
    "text_col": "text",
    "model": "meta-llama/Meta-Llama-3.1-8B",
    "max_len": 64,
    "hidden_size": 4096,
    "num_hidden_layers": 32,
    "num_states": 33,
    "memmap_file": "last_token_hidden_states.memmap",
    "dtype": "float32",
    "shape": [
      10000,
      33,
      4096
    ]
  },
  "splits": [
    484,
    968,
    1936,
    3872,
    7740
  ],
  "mdl_sum_ce": {
    "0": 10061.331198692322,
    "1": 10062.052881717682,
    "2": 10063.161703586578,
    "3": 10045.754909992218,
    "4": 9775.605450630188,
    "5": 9586.246938705444,
    "6": 9486.348734855652,
    "7": 9276.946280002594,
    "8": 8912.716094017029,
    "9": 8491.18677330017,
    "10": 8066.149597167969,
    "11": 8126.535487174988,
    "12": 8089.065294265747,
    "13": 8073.655109405518,
    "14": 8275.375880241394,
    "15": 8347.455061912537,
    "16": 8277.149384498596,
    "17": 8413.506090641022,
    "18": 8447.66281414032,
    "19": 8485.47404384613,
    "20": 8613.791053771973,
    "21": 8637.10474395752,
    "22": 8601.914283752441,
    "23": 8708.802570343018,
    "24": 8696.300979614258,
    "25": 8727.634719848633,
    "26": 8879.07611656189,
    "27": 8807.25334739685,
    "28": 8700.104693889618,
    "29": 8822.813164710999,
    "30": 8786.129066467285,
    "31": 8785.400085926056,
    "32": 8867.606900215149
  },
  "mdl_nll": {
    "0": 0.6931200880884762,
    "1": 0.6931698044721467,
    "2": 0.693246190657659,
    "3": 0.6920470453287557,
    "4": 0.6734365838130468,
    "5": 0.6603917703710006,
    "6": 0.6535098329330155,
    "7": 0.6390842022597544,
    "8": 0.6139925664106523,
    "9": 0.5849536217484274,
    "10": 0.5556730226762172,
    "11": 0.5598329765207349,
    "12": 0.5572516736198503,
    "13": 0.5561900736708127,
    "14": 0.5700865169634468,
    "15": 0.57505201583856,
    "16": 0.5702086927871726,
    "17": 0.579602238264055,
    "18": 0.5819552779099145,
    "19": 0.5845600746656193,
    "20": 0.5933997694800202,
    "21": 0.5950058379689667,
    "22": 0.5925815847170324,
    "23": 0.5999450654686564,
    "24": 0.5990838371186454,
    "25": 0.6012424028553757,
    "26": 0.6116751251420426,
    "27": 0.6067272903965866,
    "28": 0.5993458730979345,
    "29": 0.6077991984507439,
    "30": 0.6052720492192949,
    "31": 0.6052218301133959,
    "32": 0.6108850165483019
  },
  "stopping_epochs_per_stage": {
    "0": [
      6,
      1,
      5,
      1
    ],
    "1": [
      1,
      2,
      3,
      1
    ],
    "2": [
      4,
      1,
      6,
      6
    ],
    "3": [
      7,
      1,
      4,
      6
    ],
    "4": [
      10,
      10,
      8,
      10
    ],
    "5": [
      1,
      10,
      9,
      8
    ],
    "6": [
      10,
      10,
      10,
      8
    ],
    "7": [
      10,
      8,
      10,
      7
    ],
    "8": [
      10,
      10,
      8,
      9
    ],
    "9": [
      10,
      10,
      8,
      8
    ],
    "10": [
      9,
      10,
      5,
      7
    ],
    "11": [
      10,
      9,
      5,
      5
    ],
    "12": [
      9,
      7,
      6,
      5
    ],
    "13": [
      9,
      9,
      8,
      6
    ],
    "14": [
      3,
      6,
      4,
      9
    ],
    "15": [
      10,
      6,
      3,
      4
    ],
    "16": [
      9,
      7,
      5,
      6
    ],
    "17": [
      9,
      9,
      4,
      5
    ],
    "18": [
      10,
      7,
      7,
      6
    ],
    "19": [
      10,
      7,
      7,
      8
    ],
    "20": [
      9,
      9,
      8,
      10
    ],
    "21": [
      10,
      10,
      10,
      10
    ],
    "22": [
      8,
      9,
      8,
      9
    ],
    "23": [
      5,
      9,
      10,
      10
    ],
    "24": [
      3,
      7,
      9,
      6
    ],
    "25": [
      4,
      6,
      8,
      6
    ],
    "26": [
      2,
      1,
      9,
      10
    ],
    "27": [
      3,
      10,
      5,
      3
    ],
    "28": [
      2,
      5,
      7,
      7
    ],
    "29": [
      1,
      7,
      6,
      5
    ],
    "30": [
      5,
      7,
      9,
      5
    ],
    "31": [
      4,
      6,
      8,
      6
    ],
    "32": [
      3,
      7,
      8,
      8
    ]
  },
  "test_acc": {
    "0": 0.5013,
    "1": 0.5005,
    "2": 0.5282,
    "3": 0.554,
    "4": 0.6034,
    "5": 0.6367,
    "6": 0.6532,
    "7": 0.6619,
    "8": 0.6932,
    "9": 0.7113,
    "10": 0.7223,
    "11": 0.7308,
    "12": 0.7278,
    "13": 0.7318,
    "14": 0.7309,
    "15": 0.7255,
    "16": 0.7031,
    "17": 0.7057,
    "18": 0.7008,
    "19": 0.7179,
    "20": 0.7234,
    "21": 0.668,
    "22": 0.6828,
    "23": 0.7112,
    "24": 0.6887,
    "25": 0.7087,
    "26": 0.6903,
    "27": 0.7076,
    "28": 0.7029,
    "29": 0.6986,
    "30": 0.6951,
    "31": 0.5013,
    "32": 0.6697
  },
  "test_loss": {
    "0": 0.693281130695343,
    "1": 0.6935097141265869,
    "2": 0.6915787982940674,
    "3": 0.6838356532096863,
    "4": 0.6585356366157532,
    "5": 0.638111010169983,
    "6": 0.6248135985374451,
    "7": 0.615812152671814,
    "8": 0.5897546984672546,
    "9": 0.5710395184516907,
    "10": 0.5541820747375489,
    "11": 0.5413248398780822,
    "12": 0.5460897436618805,
    "13": 0.5367377662658691,
    "14": 0.548307170677185,
    "15": 0.558562990951538,
    "16": 0.5763955535888672,
    "17": 0.5975656633377076,
    "18": 0.5841715161323547,
    "19": 0.5708078800678253,
    "20": 0.5550657415390015,
    "21": 0.6070685542106629,
    "22": 0.6053105475425721,
    "23": 0.5640478837966919,
    "24": 0.5991249326705933,
    "25": 0.5741457282066346,
    "26": 0.5983650647163391,
    "27": 0.5703523558616638,
    "28": 0.5831492419242859,
    "29": 0.5861975825309753,
    "30": 0.6000924427509308,
    "31": 0.6932156094551086,
    "32": 0.6258183321952819
  },
  "drift_final_total_l2": {
    "0": 2.3409531116485596,
    "1": 10.816218376159668,
    "2": 10.103264808654785,
    "3": 11.66591739654541,
    "4": 11.00582504272461,
    "5": 11.38791275024414,
    "6": 22.755956649780273,
    "7": 15.461128234863281,
    "8": 17.772729873657227,
    "9": 12.82274341583252,
    "10": 28.117631912231445,
    "11": 16.769424438476562,
    "12": 27.09127426147461,
    "13": 9.556418418884277,
    "14": 16.86903190612793,
    "15": 24.33382797241211,
    "16": 24.051916122436523,
    "17": 26.07407569885254,
    "18": 18.207351684570312,
    "19": 17.8268985748291,
    "20": 12.532835006713867,
    "21": 17.64554786682129,
    "22": 15.570436477661133,
    "23": 10.149545669555664,
    "24": 16.720914840698242,
    "25": 11.137849807739258,
    "26": 18.47742462158203,
    "27": 8.678303718566895,
    "28": 9.524053573608398,
    "29": 11.985516548156738,
    "30": 15.471724510192871,
    "31": 2.8795695304870605,
    "32": 10.54924201965332
  },
  "probe_type": "mlp",
  "probe_hidden_size": [
    91
  ],
  "init_strategy": "gamma_second_zero",